filing_date,annual,EntityPublicFloat_USD,AccountsPayableCurrent_USD,AccountsReceivableNetCurrent_USD,AccrualForTaxesOtherThanIncomeTaxesCurrent_USD,AccruedEmployeeBenefitsCurrentAndNoncurrent_USD,AccruedIncomeTaxesCurrent_USD,AccruedInsuranceCurrent_USD,AccruedProfessionalFeesCurrent_USD,AccruedRoyaltiesCurrent_USD,AccumulatedDepreciationDepletionAndAmortizationPropertyPlantAndEquipment_USD,AccumulatedOtherComprehensiveIncomeLossNetOfTax_USD,AdditionalPaidInCapitalCommonStock_USD,AdjustmentsToAdditionalPaidInCapitalEquityComponentOfConvertibleDebt_USD,AdjustmentsToAdditionalPaidInCapitalOther_USD,AdjustmentsToAdditionalPaidInCapitalSharebasedCompensationRequisiteServicePeriodRecognitionValue_USD,AdvertisingExpense_USD,AllowanceForDoubtfulAccountsReceivableCurrent_USD,AmortizationOfFinancingCostsAndDiscounts_USD,AmortizationOfIntangibleAssets_USD,AntidilutiveSecuritiesExcludedFromComputationOfEarningsPerShareAmount_shares,AssetImpairmentCharges_USD,Assets_USD,AssetsCurrent_USD,BillingsInExcessOfCostCurrent_USD,BusinessCombinationAcquisitionRelatedCosts_USD,BusinessCombinationConsiderationTransferredEquityInterestsIssuedAndIssuable_USD,CapitalExpendituresIncurredButNotYetPaid_USD,CapitalLeaseObligationsCurrent_USD,CapitalLeaseObligationsIncurred_USD,CapitalLeaseObligationsNoncurrent_USD,CapitalLeasesFutureMinimumPaymentsDue_USD,CapitalLeasesFutureMinimumPaymentsDueCurrent_USD,CapitalLeasesFutureMinimumPaymentsDueInFiveYears_USD,CapitalLeasesFutureMinimumPaymentsDueInFourYears_USD,CapitalLeasesFutureMinimumPaymentsDueInThreeYears_USD,CapitalLeasesFutureMinimumPaymentsDueInTwoYears_USD,CapitalLeasesFutureMinimumPaymentsDueThereafter_USD,CashAndCashEquivalentsAtCarryingValue_USD,CashCashEquivalentsRestrictedCashAndRestrictedCashEquivalents_USD,CashCashEquivalentsRestrictedCashAndRestrictedCashEquivalentsPeriodIncreaseDecreaseIncludingExchangeRateEffect_USD,CommonStockDividendsPerShareDeclared_USD/shares,CommonStockParOrStatedValuePerShare_USD/shares,ComprehensiveIncomeNetOfTax_USD,ComprehensiveIncomeNetOfTaxAttributableToNoncontrollingInterest_USD,ComprehensiveIncomeNetOfTaxIncludingPortionAttributableToNoncontrollingInterest_USD,ContractWithCustomerAssetNetCurrent_USD,ContractWithCustomerLiabilityCurrent_USD,ContractWithCustomerLiabilityNoncurrent_USD,ContractWithCustomerLiabilityRevenueRecognized_USD,ContractWithCustomerRefundLiabilityCurrent_USD,ConvertibleDebtFairValueDisclosures_USD,ConvertibleLongTermNotesPayable_USD,ConvertibleNotesPayableCurrent_USD,CostOfGoodsAndServicesSold_USD,CostOfRevenue_USD,CostOfServicesLicensesAndServices_USD,CumulativeEffectOfNewAccountingPrincipleInPeriodOfAdoption_USD,CumulativeEffectOnRetainedEarningsBeforeTax1_USD,CumulativeEffectOnRetainedEarningsNetOfTax1_USD,CurrentFederalTaxExpenseBenefit_USD,CurrentForeignTaxExpenseBenefit_USD,CurrentIncomeTaxExpenseBenefit_USD,CurrentStateAndLocalTaxExpenseBenefit_USD,DebtInstrumentCarryingAmount_USD,DebtInstrumentUnamortizedDiscount_USD,DeferredCompensationLiabilityClassifiedNoncurrent_USD,DeferredFederalIncomeTaxExpenseBenefit_USD,DeferredFinanceCostsNet_USD,DeferredForeignIncomeTaxExpenseBenefit_USD,DeferredIncomeTaxAssetsNet_USD,DeferredIncomeTaxExpenseBenefit_USD,DeferredIncomeTaxesAndTaxCredits_USD,DeferredIncomeTaxLiabilities_USD,DeferredIncomeTaxLiabilitiesNet_USD,DeferredOfferingCosts_USD,DeferredRevenueCurrent_USD,DeferredRevenueNoncurrent_USD,DeferredStateAndLocalIncomeTaxExpenseBenefit_USD,DeferredTaxAssetsDeferredIncome_USD,DeferredTaxAssetsGross_USD,DeferredTaxAssetsInProcessResearchAndDevelopment_USD,DeferredTaxAssetsLiabilitiesNet_USD,DeferredTaxAssetsNet_USD,DeferredTaxAssetsNetNoncurrent_USD,DeferredTaxAssetsOperatingLossCarryforwards_USD,DeferredTaxAssetsTaxCreditCarryforwards_USD,DeferredTaxAssetsTaxCreditCarryforwardsForeign_USD,DeferredTaxAssetsTaxDeferredExpenseCompensationAndBenefitsEmployeeBenefits_USD,DeferredTaxAssetsTaxDeferredExpenseCompensationAndBenefitsShareBasedCompensationCost_USD,DeferredTaxAssetsTaxDeferredExpenseOther_USD,DeferredTaxAssetsTaxDeferredExpenseReservesAndAccrualsAccruedLiabilities_USD,DeferredTaxAssetsValuationAllowance_USD,DeferredTaxLiabilities_USD,DeferredTaxLiabilitiesInvestmentInNoncontrolledAffiliates_USD,DeferredTaxLiabilitiesNoncurrent_USD,DeferredTaxLiabilitiesOther_USD,DeferredTaxLiabilitiesPrepaidExpenses_USD,DeferredTaxLiabilitiesPropertyPlantAndEquipment_USD,DefinedBenefitPensionPlanLiabilitiesCurrent_USD,DefinedBenefitPensionPlanLiabilitiesNoncurrent_USD,DefinedBenefitPlanAccumulatedBenefitObligation_USD,DefinedBenefitPlanBenefitObligation_USD,DefinedBenefitPlanBenefitObligationBenefitsPaid_USD,DefinedBenefitPlanContributionsByEmployer_USD,DefinedBenefitPlanExpectedFutureBenefitPaymentsFiveFiscalYearsThereafter_USD,DefinedBenefitPlanExpectedFutureBenefitPaymentsNextTwelveMonths_USD,DefinedBenefitPlanExpectedFutureBenefitPaymentsYearFive_USD,DefinedBenefitPlanExpectedFutureBenefitPaymentsYearFour_USD,DefinedBenefitPlanExpectedFutureBenefitPaymentsYearThree_USD,DefinedBenefitPlanExpectedFutureBenefitPaymentsYearTwo_USD,DefinedBenefitPlanFairValueOfPlanAssets_USD,DefinedBenefitPlanFundedStatusOfPlan_USD,DefinedBenefitPlanNetPeriodicBenefitCost_USD,DefinedContributionPlanEmployerDiscretionaryContributionAmount_USD,DefinedContributionPlanMaximumAnnualContributionsPerEmployeePercent_pure,Depreciation_USD,DepreciationDepletionAndAmortization_USD,DerivativeNumberOfInstrumentsHeld_Instrument,DividendsCash_USD,DueToRelatedPartiesCurrent_USD,EarningsPerShareBasic_USD/shares,EarningsPerShareBasicAndDiluted_USD/shares,EarningsPerShareDiluted_USD/shares,EffectiveIncomeTaxRateContinuingOperations_pure,EffectiveIncomeTaxRateReconciliationAtFederalStatutoryIncomeTaxRate_pure,EffectiveIncomeTaxRateReconciliationTaxCutsAndJobsActOf2017Amount_USD,EffectOfExchangeRateOnCashCashEquivalentsRestrictedCashAndRestrictedCashEquivalents_USD,EmployeeRelatedLiabilitiesCurrent_USD,EmployeeServiceShareBasedCompensationNonvestedAwardsTotalCompensationCostNotYetRecognized_USD,FinanceLeaseInterestExpense_USD,FinanceLeaseInterestPaymentOnLiability_USD,FinanceLeaseLiability_USD,FinanceLeaseLiabilityCurrent_USD,FinanceLeaseLiabilityNoncurrent_USD,FinanceLeasePrincipalPayments_USD,FinanceLeaseRightOfUseAsset_USD,FinanceLeaseRightOfUseAssetAmortization_USD,FinanceLeaseWeightedAverageDiscountRatePercent_pure,FiniteLivedIntangibleAssetsAccumulatedAmortization_USD,FiniteLivedIntangibleAssetsAmortizationExpenseNextRollingTwelveMonths_USD,FiniteLivedIntangibleAssetsAmortizationExpenseRollingAfterYearFive_USD,FiniteLivedIntangibleAssetsAmortizationExpenseRollingYearFive_USD,FiniteLivedIntangibleAssetsAmortizationExpenseRollingYearFour_USD,FiniteLivedIntangibleAssetsAmortizationExpenseRollingYearThree_USD,FiniteLivedIntangibleAssetsAmortizationExpenseRollingYearTwo_USD,FiniteLivedIntangibleAssetsGross_USD,FiniteLivedIntangibleAssetsNet_USD,ForeignCurrencyTransactionGainLossBeforeTax_USD,GainLossOnDispositionOfAssets_USD,GainLossOnDispositionOfAssets1_USD,GainLossRelatedToLitigationSettlement_USD,GeneralAndAdministrativeExpense_USD,Goodwill_USD,GoodwillAcquiredDuringPeriod_USD,GoodwillForeignCurrencyTranslationGainLoss_USD,GoodwillPurchaseAccountingAdjustments_USD,GrossProfit_USD,ImpairmentOfIntangibleAssetsIndefinitelivedExcludingGoodwill_USD,IncomeLossFromContinuingOperationsBeforeIncomeTaxesDomestic_USD,IncomeLossFromContinuingOperationsBeforeIncomeTaxesExtraordinaryItemsNoncontrollingInterest_USD,IncomeLossFromContinuingOperationsBeforeIncomeTaxesForeign_USD,IncomeTaxExpenseBenefit_USD,IncomeTaxExpenseBenefitContinuingOperationsAdjustmentOfDeferredTaxAssetLiability_USD,IncomeTaxesPaid_USD,IncomeTaxesReceivable_USD,IncomeTaxReconciliationChangeInDeferredTaxAssetsValuationAllowance_USD,IncomeTaxReconciliationChangeInEnactedTaxRate_USD,IncomeTaxReconciliationDeductionsQualifiedProductionActivities_USD,IncomeTaxReconciliationEquityInEarningsLossesOfUnconsolidatedSubsidiary_USD,IncomeTaxReconciliationForeignIncomeTaxRateDifferential_USD,IncomeTaxReconciliationIncomeTaxExpenseBenefitAtFederalStatutoryIncomeTaxRate_USD,IncomeTaxReconciliationNondeductibleExpenseMealsAndEntertainment_USD,IncomeTaxReconciliationNondeductibleExpenseShareBasedCompensationCost_USD,IncomeTaxReconciliationOtherAdjustments_USD,IncomeTaxReconciliationRepatriationOfForeignEarnings_USD,IncomeTaxReconciliationStateAndLocalIncomeTaxes_USD,IncomeTaxReconciliationTaxContingenciesOther_USD,IncomeTaxReconciliationTaxCredits_USD,IncomeTaxReconciliationTaxCreditsForeign_USD,IncomeTaxReconciliationTaxCreditsResearch_USD,IncreaseDecreaseInAccountsPayable_USD,IncreaseDecreaseInAccountsReceivable_USD,IncreaseDecreaseInContractWithCustomerLiability_USD,IncreaseDecreaseInDeferredRevenue_USD,IncreaseDecreaseInEmployeeRelatedLiabilities_USD,IncreaseDecreaseInOtherNoncurrentAssets_USD,IncreaseDecreaseInOtherOperatingLiabilities_USD,IncreaseDecreaseInPrepaidDeferredExpenseAndOtherAssets_USD,IncrementalCommonSharesAttributableToShareBasedPaymentArrangements_shares,IntangibleAssetsGrossExcludingGoodwill_USD,IntangibleAssetsNetExcludingGoodwill_USD,InterestAndOtherIncome_USD,InterestExpense_USD,InterestIncomeOther_USD,InterestPaid_USD,InterestPaidNet_USD,InventoryFinishedGoods_USD,InventoryNet_USD,InventoryRawMaterials_USD,InventoryWriteDown_USD,LeaseAndRentalExpense_USD,LesseeOperatingLeaseLiabilityPaymentsDue_USD,LesseeOperatingLeaseLiabilityPaymentsDueAfterYearFive_USD,LesseeOperatingLeaseLiabilityPaymentsDueNextTwelveMonths_USD,LesseeOperatingLeaseLiabilityPaymentsDueYearFive_USD,LesseeOperatingLeaseLiabilityPaymentsDueYearFour_USD,LesseeOperatingLeaseLiabilityPaymentsDueYearThree_USD,LesseeOperatingLeaseLiabilityPaymentsDueYearTwo_USD,LesseeOperatingLeaseLiabilityPaymentsRemainderOfFiscalYear_USD,LesseeOperatingLeaseLiabilityUndiscountedExcessAmount_USD,Liabilities_USD,LiabilitiesAndStockholdersEquity_USD,LiabilitiesAssumed1_USD,LiabilitiesCurrent_USD,LicenseAndServicesRevenue_USD,LicenseCosts_USD,LicensesRevenue_USD,LitigationSettlementAmountAwardedToOtherParty_USD,LongTermDebt_USD,LongTermDebtAndCapitalLeaseObligations_USD,LongTermDebtAndCapitalLeaseObligationsCurrent_USD,LongTermDebtMaturitiesRepaymentsOfPrincipalInNextTwelveMonths_USD,LongTermDebtMaturitiesRepaymentsOfPrincipalInYearFive_USD,LongTermDebtMaturitiesRepaymentsOfPrincipalInYearFour_USD,LongTermDebtMaturitiesRepaymentsOfPrincipalInYearThree_USD,LongTermDebtMaturitiesRepaymentsOfPrincipalInYearTwo_USD,MinorityInterest_USD,MinorityInterestDecreaseFromRedemptions_USD,NetCashProvidedByUsedInFinancingActivities_USD,NetCashProvidedByUsedInFinancingActivitiesContinuingOperations_USD,NetCashProvidedByUsedInInvestingActivities_USD,NetCashProvidedByUsedInInvestingActivitiesContinuingOperations_USD,NetCashProvidedByUsedInOperatingActivities_USD,NetCashProvidedByUsedInOperatingActivitiesContinuingOperations_USD,NetIncomeLoss_USD,NotesIssued1_USD,NumberOfReportableSegments_Segment,OperatingExpenses_USD,OperatingIncomeLoss_USD,OperatingLeaseCost_USD,OperatingLeaseLiability_USD,OperatingLeaseLiabilityCurrent_USD,OperatingLeaseLiabilityNoncurrent_USD,OperatingLeasePayments_USD,OperatingLeaseRightOfUseAsset_USD,OperatingLeasesFutureMinimumPaymentsDue_USD,OperatingLeasesFutureMinimumPaymentsDueCurrent_USD,OperatingLeasesFutureMinimumPaymentsDueInFiveYears_USD,OperatingLeasesFutureMinimumPaymentsDueInFourYears_USD,OperatingLeasesFutureMinimumPaymentsDueInThreeYears_USD,OperatingLeasesFutureMinimumPaymentsDueInTwoYears_USD,OperatingLeasesFutureMinimumPaymentsDueThereafter_USD,OperatingLeasesRentExpenseNet_USD,OperatingLeaseWeightedAverageDiscountRatePercent_pure,OtherAssetsNoncurrent_USD,OtherComprehensiveIncomeLossBeforeReclassificationsBeforeTax_USD,OtherComprehensiveIncomeLossForeignCurrencyTransactionAndTranslationAdjustmentNetOfTax_USD,OtherComprehensiveIncomeLossForeignCurrencyTranslationAdjustmentTax_USD,OtherComprehensiveIncomeLossNetOfTax_USD,OtherComprehensiveIncomeLossNetOfTaxPortionAttributableToNoncontrollingInterest_USD,OtherComprehensiveIncomeLossPensionAndOtherPostretirementBenefitPlansAdjustmentNetOfTax_USD,OtherComprehensiveIncomeLossPensionAndOtherPostretirementBenefitPlansTax_USD,OtherComprehensiveIncomeLossTax_USD,OtherCostOfOperatingRevenue_USD,OtherEmployeeRelatedLiabilitiesCurrentAndNoncurrent_USD,OtherLiabilitiesCurrent_USD,OtherLiabilitiesNoncurrent_USD,OtherLongTermDebtCurrent_USD,OtherNoncashIncomeExpense_USD,OtherNonoperatingGainsLosses_USD,OtherNonoperatingIncomeExpense_USD,OtherOperatingIncomeExpenseNet_USD,OtherSalesRevenueNet_USD,OtherSundryLiabilitiesCurrent_USD,OtherSundryLiabilitiesNoncurrent_USD,OtherTaxExpenseBenefit_USD,PaymentsForProceedsFromOtherInvestingActivities_USD,PaymentsForRepurchaseOfCommonStock_USD,PaymentsOfCapitalDistribution_USD,PaymentsOfDebtIssuanceCosts_USD,PaymentsOfStockIssuanceCosts_USD,PaymentsToAcquireBusinessesGross_USD,PaymentsToAcquireBusinessesNetOfCashAcquired_USD,PaymentsToAcquireIntangibleAssets_USD,PaymentsToAcquirePropertyPlantAndEquipment_USD,PensionAndOtherPostretirementAndPostemploymentBenefitPlansLiabilitiesNoncurrent_USD,PreferredStockParOrStatedValuePerShare_USD/shares,PreferredStockSharesAuthorized_shares,PreferredStockSharesIssued_shares,PreferredStockSharesOutstanding_shares,PrepaidExpenseAndOtherAssetsCurrent_USD,ProceedsFromConvertibleDebt_USD,ProceedsFromIssuanceInitialPublicOffering_USD,ProceedsFromIssuanceOfCommonStock_USD,ProceedsFromIssuanceOfDebt_USD,ProceedsFromIssuanceOfPrivatePlacement_USD,ProceedsFromLongTermLinesOfCredit_USD,ProceedsFromPaymentsForOtherFinancingActivities_USD,ProceedsFromSaleOfProductiveAssets_USD,ProceedsFromStockOptionsExercised_USD,ProfitLoss_USD,PropertyPlantAndEquipmentAdditions_USD,PropertyPlantAndEquipmentGross_USD,PropertyPlantAndEquipmentNet_USD,ProvisionForDoubtfulAccounts_USD,PurchaseObligation_USD,PurchaseObligationDueInFifthYear_USD,PurchaseObligationDueInFourthYear_USD,PurchaseObligationDueInNextTwelveMonths_USD,PurchaseObligationDueInSecondYear_USD,PurchaseObligationDueInThirdYear_USD,ReclassificationFromAccumulatedOtherComprehensiveIncomeCurrentPeriodBeforeTax_USD,ReclassificationsOfTemporaryToPermanentEquity_USD,RepaymentsOfLongTermCapitalLeaseObligations_USD,RepaymentsOfLongTermDebt_USD,RepaymentsOfLongTermLinesOfCredit_USD,ResearchAndDevelopmentExpense_USD,RestrictedCashAndCashEquivalentsNoncurrent_USD,RestructuringCharges_USD,RetainedEarningsAccumulatedDeficit_USD,RevenueFromContractWithCustomerExcludingAssessedTax_USD,RevenueRemainingPerformanceObligation_USD,RevenueRemainingPerformanceObligationPercentage_pure,Revenues_USD,RightOfUseAssetObtainedInExchangeForFinanceLeaseLiability_USD,RightOfUseAssetObtainedInExchangeForOperatingLeaseLiability_USD,SalesAndExciseTaxPayableCurrentAndNoncurrent_USD,SelfInsuranceReserveCurrent_USD,SellingAndMarketingExpense_USD,SeveranceCosts1_USD,ShareBasedCompensation_USD,ShareBasedCompensationArrangementByShareBasedPaymentAwardFairValueAssumptionsExpectedDividendRate_pure,ShareBasedCompensationArrangementByShareBasedPaymentAwardFairValueAssumptionsExpectedVolatilityRate_pure,ShareBasedCompensationArrangementByShareBasedPaymentAwardFairValueAssumptionsExpectedVolatilityRateMaximum_pure,ShareBasedCompensationArrangementByShareBasedPaymentAwardFairValueAssumptionsExpectedVolatilityRateMinimum_pure,ShareBasedCompensationArrangementByShareBasedPaymentAwardFairValueAssumptionsRiskFreeInterestRate_pure,ShareBasedCompensationArrangementByShareBasedPaymentAwardFairValueAssumptionsRiskFreeInterestRateMaximum_pure,ShareBasedCompensationArrangementByShareBasedPaymentAwardFairValueAssumptionsRiskFreeInterestRateMinimum_pure,ShareBasedCompensationArrangementByShareBasedPaymentAwardOptionsGrantsInPeriodGross_shares,ShareBasedCompensationArrangementByShareBasedPaymentAwardOptionsGrantsInPeriodWeightedAverageGrantDateFairValue_USD/shares,StockholdersEquity_USD,StockholdersEquityIncludingPortionAttributableToNoncontrollingInterest_USD,StockholdersEquityNoteStockSplitConversionRatio1_pure,StockIssued1_USD,StockIssuedDuringPeriodSharesEmployeeBenefitPlan_shares,StockIssuedDuringPeriodValueAcquisitions_USD,StockIssuedDuringPeriodValueConversionOfConvertibleSecurities_USD,StockIssuedDuringPeriodValueEmployeeBenefitPlan_USD,StockIssuedDuringPeriodValueNewIssues_USD,StockIssuedDuringPeriodValueStockOptionsExercised_USD,StockRepurchasedDuringPeriodValue_USD,TaxAdjustmentsSettlementsAndUnusualProvisions_USD,TechnologyServicesCosts_USD,TechnologyServicesRevenue_USD,TemporaryEquityCarryingAmountAttributableToParent_USD,TemporaryEquitySharesIssued_shares,TemporaryEquitySharesOutstanding_shares,UnrecognizedTaxBenefits_USD,UnrecognizedTaxBenefitsDecreasesResultingFromCurrentPeriodTaxPositions_USD,UnrecognizedTaxBenefitsDecreasesResultingFromPriorPeriodTaxPositions_USD,UnrecognizedTaxBenefitsIncomeTaxPenaltiesAndInterestAccrued_USD,UnrecognizedTaxBenefitsIncreasesResultingFromCurrentPeriodTaxPositions_USD,UnrecognizedTaxBenefitsIncreasesResultingFromPriorPeriodTaxPositions_USD,UnrecognizedTaxBenefitsReductionsResultingFromLapseOfApplicableStatuteOfLimitations_USD,UnrecognizedTaxBenefitsThatWouldImpactEffectiveTaxRate_USD,WeightedAverageNumberDilutedSharesOutstandingAdjustment_shares,WeightedAverageNumberOfDilutedSharesOutstanding_shares,WeightedAverageNumberOfShareOutstandingBasicAndDiluted_shares,WeightedAverageNumberOfSharesOutstandingBasic_shares,AccruedEmployeeBenefitsCurrent_USD,DeferredTaxLiabilitiesLeasingArrangements_USD,OperatingLeaseExpense_USD,OtherNonoperatingIncome_USD,ProceedsFromStockPlans_USD,RestructuringAndRelatedCostExpectedCostRemaining1_USD,SignificantChangeInUnrecognizedTaxBenefitsIsReasonablyPossibleAmountOfUnrecordedBenefit_USD,BusinessCombinationConsiderationTransferred1_USD,InterestOnConvertibleDebtNetOfTax_USD,NetIncomeLossAttributableToParentDiluted_USD,NonoperatingIncomeExpense_USD,NumberOfBusinessesAcquired_Business,StockIssuedDuringPeriodValueEmployeeStockPurchasePlan_USD,PreferredStockValue_USD,RepaymentsOfConvertibleDebt_USD,StockRepurchaseProgramAuthorizedAmount1_USD,DepositLiabilitiesAccruedInterest_USD,EffectiveIncomeTaxRateReconciliationFdiiAmount_USD
2017-12-01,False,,3987000,63530000,638000.0,,6759000,,3168000,1930000,36178000,-5756000,49347000,,-8000.0,498000,,,,1189000,10100000,,301494000,99354000,380000.0,,,144000,,,,,,,,,,,16667000,16951000,-188000,,,-29585000,,,,,,,,,,,,26302000.0,15623000.0,,,,,,,,92182000.0,,59076000.0,,96000.0,,,-4793000.0,,,,3500000.0,117969000.0,12495000.0,,,,,,,69135000.0,,,,,,,,,,,1106000.0,,,,,,,,,,,,,,,,,,,,,1600000,2811000,,,242000.0,-0.59,,-0.59,-0.37,,,1301000,23946000,,,,,,,,,,,14327000,,,,,,,27525000,13198000,-105000.0,,,,29175000,68891000,29448000.0,2818000.0,,58636000,,41500000.0,-21614000,,8012000,,4154000,6868000,,,,,,,,24900000.0,,,,,,,,-1583000,-12016000,,7694000.0,-211000,11024000,6122000,-431000,,29706000,15379000,,634000,53000.0,1722000.0,,1784000.0,1797000.0,13000.0,,,,,,,,,,,,361698000,301494000,,191786000,71782000.0,9166000.0,63208000.0,400000.0,,81939000.0,10147000.0,,,,,,10000.0,29000.0,,3134000.0,,-22078000.0,,17455000.0,-29626000,577000.0,2,79564000,-20928000,,,,,,,,,,,,,,,,18843000,,-11000,0,41000,,-52000,41000,,1448000.0,,35737000,16402000,,-149000,53000.0,-52000,735000,1679000.0,5050000,8122000,,100000,918000.0,724000.0,,2595000.0,15582000.0,,,6367000,7174000,,,,,10492000,,,476000.0,2030000.0,,86270000.0,,,,,,66070000,29892000,517000.0,,,,,,,,,31000.0,8392000.0,71676000,27590000,284000,,-106152000,,,,84938000.0,,,,818000.0,22345000,,25265000,0.0,0.34,,,0.0202,,,,1.86,-62556000.0,-62556000.0,,8712000.0,,,,,9188000.0,,,,6457000.0,8574000.0,2352000,,,,,,,,,,,9565000.0,50606000,,50606000,,,,,,,,,,,,,,,,,,
2018-03-21,True,636500000.0,4880000,86635000,1343000.0,368000.0,3724000,,2500000,2037000,37054000,-5072000,232156000,,,1044000,3500000.0,798000.0,,5448000,10200000,0.0,287871000,143888000,832000.0,,,582000,106000.0,124000.0,101000.0,207000.0,106000.0,0.0,5000.0,36000.0,60000.0,0.0,39213000,39578000,22439000,0.0,0.0001,-97215000,-1000.0,-97215000.0,,,,,,,,,,106591000.0,63248000.0,,,,0.0,10290000.0,10425000.0,135000.0,410000.0,,22236000.0,54130000.0,140000.0,-1306000.0,,52571000.0,,12503000.0,,,130122000.0,9640000.0,-253000.0,19569000.0,73565000.0,8798000.0,6731000.0,19234000.0,8351000.0,7601000.0,22191000.0,2349000.0,3931000.0,8922000.0,1905000.0,648000.0,54331000.0,,272000.0,1620000.0,739000.0,6925000.0,4567000.0,,,5500000.0,8038000.0,200000.0,1100000.0,2217000.0,393000.0,261000.0,211000.0,342000.0,282000.0,900000.0,8000000.0,1200000.0,,0.8,6300000,11747000,,725000.0,119000.0,-1.03,,-1.03,,0.35,,1641000,26560000,1500000.0,,,,,,,,,,16985000,6692000.0,,639000.0,2931000.0,5015000.0,5653000.0,38708000,21723000,-1254000.0,,,,87979000,62706000,22420000.0,3661000.0,,63250000,,-49761000.0,-36411000,13350000.0,62996000,15400000.0,5893000,6054000,47429000.0,15366000.0,840000.0,264000.0,373000.0,-12744000.0,358000.0,10871000.0,-163000.0,5077000.0,-155000.0,446000.0,,4154000.0,2999000.0,-1087000,10397000,,15937000.0,2060000,11288000,6207000,-1559000,9004000.0,41446000,24461000,,2160000,2260000.0,2092000.0,,1980000.0,1980000.0,52000.0,270000.0,,,,,,,,,,,224928000,287871000,,197463000,280214000.0,36360000.0,244817000.0,400000.0,203000.0,178000.0,232000.0,126000.0,0.0,0.0,0.0,77000.0,10000.0,29000.0,,29558000.0,,-24851000.0,,16091000.0,-60347000,807000.0,2,259999000,-3181000,,,,,,,27854000.0,8946000.0,1933000.0,2892000.0,4797000.0,6919000.0,2367000.0,9900000.0,,17019000,2138000.0,2351000,0,2192000,-1000.0,159000,0,-135000.0,5212000.0,7670000.0,21744000,17647000,,-28000,260000.0,-994000,6620000,6609000.0,5999000,8357000,,-373000,1045000.0,725000.0,,4644000.0,15582000.0,,2120000.0,7522000,7670000,0.0001,45000000.0,0.0,0.0,10006000,,119268000.0,1792000.0,1541000.0,,126832000.0,-130000.0,,,,4000000.0,68500000,31446000,610000.0,,,,,,,-54000.0,,,59869000.0,154187000,93234000,365000,,-166499000,,,,89867000.0,,,,,79958000,,8000000,0.0,0.34,,,0.0202,,,,1.43,60591000.0,60591000.0,4.0,8712000.0,0.0,8712000.0,0.0,66510000.0,456000.0,1792000.0,3291000.0,,26888000.0,35397000.0,2352000,,,6157000.0,,81000.0,100000.0,634000.0,,,6200000.0,,52466000,,52466000,,,,,,,,,,,,,,,,,,
2018-05-14,False,,5650000,83350000,,,3976000,,2434000,2798000,38113000,-4879000,232576000,,,216000,,,,1940000,0,,310822000,167643000,758000.0,,,736000,,565000.0,,,,,,,,,63196000,63554000,23976000,,,4113000,,,,,,,,,,,,29042000.0,17631000.0,,,,,,,,,,,,,,,-432000.0,,,,,152663000.0,9961000.0,,,,,,,8824000.0,,,,,,,,,,,1623000.0,,,,,,,,,,,,,,,,,,,,,1600000,3543000,,,60000.0,0.06,,0.05,0.24,0.21,,495000,25360000,,,,,,,,,,,18442000,,,,,,,38436000,19994000,797000.0,,,,16990000,63771000,,951000.0,114000.0,62689000,,1100000.0,5154000,,1234000,,2143000,6898000,,,,,,,,1900000.0,,,,,1800000.0,,,510000,-4492000,,20505000.0,-1560000,-119000,-3967000,715000,8752000.0,41255000,22813000,,16000,,10000.0,,1051000.0,1051000.0,,,,,,,,,,,,,243345000,310822000,,218679000,77616000.0,10922000.0,68143000.0,400000.0,,526000.0,294000.0,,,,,,,,,5000.0,,-3213000.0,,26689000.0,3920000,,2,58419000,4270000,,,,,,,,,,,,,,,,17270000,176000.0,205000,0,193000,,12000,10000,-10000.0,1211000.0,,21486000,14179000,,7000,103000.0,900000,2191000,2035000.0,4255000,4603000,,-23000,60000.0,,,186000.0,1199000.0,,353000.0,1684000,7953000,0.0001,45000000.0,0.0,0.0,13148000,,,302000.0,,,17271000.0,-16000.0,,,,,68614000,30501000,65000.0,,,,,,,-7000.0,,,51000.0,32061000,22703000,358000,,-162579000,,,,91731000.0,,,,803000.0,18977000,,216000,,,,,,,,,,,65125000.0,,,,,,,,301000.0,,,6709000.0,9473000.0,2352000,,,,,,,,,,,,72390000,,63638000,,,,,,,,,,,,,,,,,,
2018-08-09,False,,5957000,73793000,,,1941000,,2849000,3395000,38993000,-6808000,369579000,,,650000,,,,1986000,0,,437770000,295359000,540000.0,,,935000,,1010000.0,,,,,,,,,199230000,199586000,160008000,,,-416000,,,,,,,,,,,,29456000.0,18495000.0,,,,,,,,,,,,,,,-283000.0,,,,,147261000.0,9256000.0,,,,,,,8113000.0,,,,,,,,,,,1818000.0,,,,,,,,,,,,,,,,,,,,,2000000,7525000,,,202000.0,0.02,,0.02,0.34,0.21,,-877000,26393000,,,,,,,,,,,19380000,,,,,,,41616000,22236000,-217000.0,,,,17412000,63263000,1708000.0,-1247000.0,96000.0,66110000,,-2100000.0,2308000,,795000,,3660000,7260000,,,,,,,,7500000.0,,,,,900000.0,,,335000,-11743000,,19423000.0,73000,278000,-4496000,2927000,7811000.0,44226000,24846000,,45000,,,41000.0,1786000.0,1786000.0,,,,,,,,,,,,,233706000,437770000,278000.0,210286000,81520000.0,11983000.0,72813000.0,400000.0,,690000.0,390000.0,,,,,,,,136430000.0,,-12858000.0,,37313000.0,,1513000,,2,63933000,2177000,,,,,,,,,,,,,,,,16077000,-1769000.0,-2047000,0,-1929000,,-118000,-17000,7000.0,1001000.0,,20443000,13474000,,154000,393000.0,176000,392000,1629000.0,4696000,3980000,,-38000,119000.0,,,468000.0,7028000.0,,2738000.0,3130000,7676000,0.0001,45000000.0,0.0,0.0,13290000,,,135572000.0,,,44227000.0,-147000.0,,1668000.0,5433000.0,,69105000,30112000,269000.0,,,,,,,-40000.0,,,76000.0,53564000,24744000,356000,,-161066000,,,,95566000.0,,,,812000.0,20183000,,434000,,,,,,,,,,,201712000.0,,415000.0,,,,,,1669000.0,,,6512000.0,8707000.0,2352000,,,,,,,,,,,,73391000,,65580000,,,,,,,,,,,,,,,,,,
2018-11-08,False,,5592000,69046000,,,2159000,,3561000,2122000,39848000,-7203000,370402000,,,1213000,,,,1739000,0,,428013000,289683000,379000.0,,8712000.0,228000,,995000.0,,,,,,,,,197413000,197752000,158174000,,,6912000,,,,,,,,,,,,27204000.0,,,,,,,,,,,,,,,,-300000.0,,,,,136991000.0,9722000.0,,,,,,,7837000.0,,,,,,,,,,,1710000.0,,,,,,,,,,,,,,,,,,,,,1600000,10895000,,,119000.0,0.1,,0.1,0.26,0.21,,-1354000,28750000,,,,,,,,,,,20922000,,,,,,,41286000,20364000,152000.0,,4544000.0,,17234000,62905000,1768000.0,-1569000.0,,66667000,600000.0,7400000.0,9907000,,2600000,,5900000,9841000,,,,,,,,15600000.0,,,,,4500000.0,,,796000,-15674000,,11275000.0,2650000,-36000,-4626000,6334000,6708000.0,43251000,22329000,,31000,,,70000.0,,1234000.0,,,,,,,,,,,,,216214000,428013000,,192786000,,,,400000.0,,670000.0,400000.0,,,,,,,,136514000.0,,-17408000.0,,40422000.0,,7307000,,2,57699000,8968000,,,,,,,,,,,,,,,,15580000,-2168000.0,-431000,0,-395000,,-36000,-9000,16000.0,1204000.0,,20222000,13036000,,116000,818000.0,970000,4850000,,5996000,3387000,,29000,119000.0,,,541000.0,15950000.0,,2738000.0,5333000,7939000,0.0001,45000000.0,0.0,0.0,12149000,,,135572000.0,,,86270000.0,-226000.0,6613000.0,1929000.0,12740000.0,,69527000,29679000,455000.0,,,,,,,-53000.0,,,101000.0,71676000,24301000,339000,,-153759000,,,,93871000.0,,,,798000.0,19275000,,563000,,,,,,,,,,,209447000.0,,,,,,,,1929000.0,,,,,2352000,,,,,,,,,,,,76709000,,70001000,,,,,,,,,,,,,,,,,,
2019-03-01,True,1200000000.0,8357000,96803000,853000.0,513000.0,4458000,,3165000,2613000,40427000,-11052000,379832000,,,1814000,4400000.0,1150000.0,,7739000,0,0.0,483216000,154034000,,,8681000.0,330000,256000.0,895000.0,557000.0,813000.0,256000.0,38000.0,137000.0,173000.0,209000.0,0.0,35345000,35685000,-3893000,0.0,0.0001,7735000,,,3730000.0,59765000.0,6754000.0,53000000.0,1504000.0,,,,115973000.0,,,70779000.0,84600000.0,70800000.0,2000.0,12552000.0,12546000.0,-8000.0,31838000.0,,,1714000.0,90000.0,-934000.0,,763000.0,,23116000.0,,,,,-17000.0,3063000.0,92854000.0,8266000.0,6731000.0,16753000.0,1373000.0,37549000.0,30516000.0,6182000.0,4825000.0,6858000.0,1777000.0,648000.0,76101000.0,6363000.0,329000.0,7736000.0,1155000.0,7687000.0,,,,6000000.0,9624000.0,400000.0,1300000.0,2484000.0,537000.0,519000.0,337000.0,283000.0,356000.0,900000.0,9600000.0,1200000.0,,0.8,7000000,14734000,,,119000.0,0.2,,0.18,,0.21,,-1443000,31740000,,,,,,,,,,,22882000,13880000.0,,6627000.0,7378000.0,10590000.0,12959000.0,83061000,60179000,626000.0,4400000.0,4503000.0,,79751000,210532000,152630000.0,-4804000.0,,280406000,608000.0,4228000.0,27024000,22796000.0,13309000,15400000.0,6735000,4431000,16725000.0,657000.0,840000.0,264000.0,2096000.0,5675000.0,181000.0,-14964000.0,672000.0,5077000.0,-3446000.0,903000.0,,4564000.0,2819000.0,1647000,1394000,9555000.0,,5678000,1660000,-6667000,-204000,7410000.0,92718000,69836000,,200000,,,223000.0,,1964000.0,,,,,,,,,,,,,194082000,483216000,,127758000,,,,400000.0,31025000.0,31417000.0,331000.0,75000.0,0.0,30950000.0,0.0,0.0,,-29000.0,167530000.0,,-206210000.0,,36230000.0,,13715000,807000.0,2,255762000,24644000,,,,,,,33179000.0,10661000.0,1819000.0,3573000.0,5673000.0,8306000.0,3147000.0,11000000.0,,17288000,-5121000.0,-5211000,0,-5980000,,769000,318000,-318000.0,,,26347000,28153000,,183000,1954000.0,2580000,9597000,,6927000,11306000,,73000,119000.0,725000.0,,556000.0,,203438000.0,2727000.0,6659000,9111000,0.0001,45000000.0,0.0,0.0,15491000,,119268000.0,2077000.0,1541000.0,,37041000.0,-268000.0,6614000.0,,13715000.0,4000000.0,70580000,30153000,394000.0,,,,,,,1177000.0,,,126000.0,6091000,97592000,340000,,-82005000,396379000.0,,,396379000.0,,,,,80277000,,3339000,0.0,0.34,,,0.0202,,,,,286782000.0,286782000.0,4.0,,,8681000.0,,,456000.0,2077000.0,3291000.0,,,,2352000,,,17097000.0,,100000.0,,234000.0,10866000.0,60000.0,17100000.0,,74878000,,67468000,,,,,,,,,,,,,,,,,,
2019-05-09,False,,6569000,88358000,,,11138000,,2595000,3381000,41687000,-10487000,381159000,,,869000,,,,3528000,0,,518866000,155631000,,,,295000,,,,,,,,,,,39771000,40132000,4447000,,,13584000,,,,66030000.0,6511000.0,30400000.0,578000.0,,,,32885000.0,,,70779000.0,84600000.0,70800000.0,,,,,16222000.0,,,,83000.0,,,-654000.0,,,,,,,,,,,,,1978000.0,,,,,,,,,,,7636000.0,,,,,,,,,,,,,,,,,,,,,1700000,5194000,,,,0.18,,0.17,0.24,,,-176000,28643000,,5000.0,13000.0,1327000.0,402000.0,925000.0,94000.0,1529000.0,121000.0,0.035,26275000,,,,,,,85192000,58917000,-417000.0,,,,20329000,210714000,,182000.0,,94974000,,13600000.0,17107000,,4088000,,2327000,8137000,,,,,,,,,,,,,,,,-1792000,-7678000,6241000.0,,-2815000,1516000,4093000,5755000,5934000.0,94744000,68469000,,270000,,,225000.0,,3389000.0,,,3100000.0,36768000.0,3559000.0,,2816000.0,4679000.0,6754000.0,9783000.0,9177000.0,5560000.0,214821000,518866000,,143069000,,,,,,15686000.0,453000.0,,,,,,,,-15767000.0,,-4925000.0,,25315000.0,,13019000,,2,77207000,17767000,3424000.0,31208000.0,9464000.0,21744000.0,2709000.0,29892000.0,,,,,,,,,0.054,18658000,362000.0,337000,0,565000,,-228000,0,,,,31910000,27811000,,-4000,27000.0,-390000,617000,,7373000,10848000,,-2000,,,,186000.0,,1199000.0,344000.0,4583000,9327000,0.0001,45000000.0,0.0,0.0,15976000,,,,,,52289000.0,-119000.0,,458000.0,13019000.0,,75211000,33524000,120000.0,,,,,,,-203000.0,,,,68395000,27516000,361000,,-68986000,127859000.0,,,127859000.0,488000.0,5062000.0,,,26451000,,1212000,,,,,,,,,,301693000.0,301693000.0,,,,,,,,458000.0,,1100000.0,,,2352000,,,,,,,,,,,,76720000,,70786000,,,,,,,,,,,,,,,,,,
2019-08-08,False,,6462000,85758000,685000.0,,7732000,,3403000,3527000,43296000,-9104000,433902000,50009000.0,,1922000,,,459000.0,3600000,5600000,,729720000,364363000,,,,417000,,,,,,,,,,,251828000,252180000,216495000,,,-1499000,,,,67587000.0,6219000.0,45000000.0,520000.0,249600000.0,,,31023000.0,,,77744000.0,84600000.0,77700000.0,,,,,231323000.0,51443000.0,,,6251000.0,,,-703000.0,,,,,,,,,,,,,5901000.0,,,,,,,,,,,5725000.0,,,,,,,,,,,,,,,,,,,,,1600000,5274000,,,,-0.04,,-0.04,0.05,,,187000,29155000,,5000.0,25000.0,1298000.0,447000.0,851000.0,209000.0,1496000.0,126000.0,0.034,30119000,,,,,,,85354000,55235000,237000.0,,,,19851000,212087000,,,,75750000,,-8300000.0,-3287000,,-167000,,4054000,8515000,,,,,,,,,,,,,,,,-2187000,-10406000,7740000.0,,-2455000,2300000,1887000,4952000,5936000.0,94993000,64874000,,590000,,,362000.0,,2800000.0,,,2900000.0,33429000.0,3335000.0,,2971000.0,4811000.0,7089000.0,9508000.0,5715000.0,3295000.0,367527000,729720000,,141067000,,,,,,173157000.0,472000.0,,,,,,,,192144000.0,,-7704000.0,,31868000.0,,-3120000,,2,78952000,-3202000,3359000.0,30134000.0,9412000.0,20722000.0,5665000.0,28878000.0,,,,,,,,,0.053,19567000,1939000.0,1605000,0,1621000,,-16000,0,,,,27979000,26362000,,17000,268000.0,505000,549000,,6043000,10855000,,-16000,,,1018000.0,468000.0,,709000.0,344000.0,6667000,9782000,0.0001,45000000.0,0.0,0.0,18262000,223101000.0,,,,,96991000.0,-259000.0,,1270000.0,9899000.0,,77346000,34050000,134000.0,,,,,,,-247000.0,,,,127941000,29829000,352000,,-64964000,106773000.0,,,,566000.0,6545000.0,,,26221000,,2080000,0.0,0.42,,,0.018,,,,38.11,359841000.0,,,,,,,,,812000.0,,1100000.0,,,2352000,,,,,,,,,,,,71373000,,71373000,,,,,,,,,,,,,,,,,,
2019-11-07,False,,8286000,84062000,1024000.0,,8400000,,4232000,1888000,44416000,-11960000,436197000,50009000.0,,2126000,,,3044000.0,3545000,5300000,,716700000,360948000,,600000.0,,1827000,,,,,,,,,,,246937000,247299000,211614000,,,-18795000,,,,69377000.0,7666000.0,53700000.0,436000.0,232000000.0,,,31741000.0,,,77744000.0,84600000.0,77700000.0,,,,,231178000.0,49147000.0,,,5970000.0,,,-741000.0,,,,,,,,,,,,,5870000.0,,,,,,,,,,,5598000.0,,,,,,,,,,,,,,,,,,,,,1900000,5368000,,,,-0.22,,-0.22,-0.26,,,-1065000,28839000,,6000.0,36000.0,1178000.0,437000.0,741000.0,323000.0,1373000.0,145000.0,0.035,33053000,,,,,,,84528000,51475000,-514000.0,,4544000.0,,20706000,210500000,,,,68665000,608000.0,-17500000.0,-12645000,,3294000,,7163000,11551000,,,,,,,,,,,,,,,,-420000,-10185000,12075000.0,,-2111000,1443000,2110000,8718000,6708000.0,94009000,60956000,,2726000,,,385000.0,,3400000.0,,,3000000.0,30703000.0,3291000.0,,2964000.0,4954000.0,7202000.0,9483000.0,2809000.0,2981000.0,371007000,716700000,,143256000,,,,,,175624000.0,437000.0,,,,,,,,191960000.0,,-9286000.0,,30005000.0,,-15939000,,2,79172000,-10507000,3287000.0,27722000.0,8891000.0,18831000.0,8489000.0,26507000.0,,,,,,,,,0.055,18199000,-959000.0,-2988000,0,-2856000,,-132000,0,,,,27426000,25630000,,16000,1102000.0,588000,536000,,6344000,10266000,,-16000,,,1233000.0,541000.0,,709000.0,473000.0,8120000,9766000,0.0001,45000000.0,0.0,0.0,18398000,223101000.0,,,,,96991000.0,-399000.0,6613000.0,1441000.0,-6040000.0,,78136000,33720000,472000.0,,,,,,,-289000.0,,,,127941000,29667000,362000,,-80903000,100406000.0,,,,588000.0,7304000.0,,,25790000,400000.0,2292000,0.0,0.42,,,0.018,,,,38.11,343341000.0,,,,,,,,,169000.0,,1100000.0,,,2352000,,,,,,,,,,,,71770000,,71770000,,,,,,,,,,,,,,,,,,
2020-03-02,True,1600000000.0,8585000,104984000,1253000.0,,6008000,,2581000,2314000,46306000,-9528000,446633000,50009000.0,,7645000,4500000.0,1415000.0,5663000.0,14442000,5700000,0.0,743145000,352457000,,600000.0,7637000.0,259000,,,,,,,,,,,223117000,223497000,187812000,0.0,0.0001,-5780000,,,4523000.0,75431000.0,8136000.0,57800000.0,879000.0,236100000.0,,,132599000.0,,,77744000.0,84600000.0,77700000.0,0.0,11434000.0,11880000.0,446000.0,231174000.0,46820000.0,,193000.0,5686000.0,-1143000.0,,-950000.0,-950000.0,33640000.0,,,,,-17000.0,11408000.0,117512000.0,7162000.0,16000.0,33156000.0,5791000.0,38745000.0,38981000.0,12471000.0,5189000.0,6480000.0,1968000.0,,84356000.0,484000.0,,6275000.0,1432000.0,,,596000.0,10379000.0,6800000.0,10975000.0,400000.0,,2991000.0,617000.0,431000.0,519000.0,347000.0,292000.0,900000.0,,1800000.0,1600000.0,0.8,7100000,21522000,0.0,,,-0.02,,-0.02,,0.21,8609000.0,342000,30676000,,21000.0,46000.0,1174000.0,430000.0,744000.0,438000.0,1298000.0,525000.0,0.035,37475000,15004000.0,4234000.0,6490000.0,8276000.0,9466000.0,12664000.0,93609000,56134000,-745000.0,,-6000.0,,82178000,233683000,21922000.0,,,86927000,0.0,-14732000.0,3388000,18120000.0,10930000,,7686000,7264000,18138000.0,1079000.0,,,1247000.0,711000.0,246000.0,-4574000.0,-1068000.0,,-6836000.0,-1859000.0,,7059000.0,2600000.0,-426000,7901000,17426000.0,,-1232000,2591000,513000,2396000,7410000.0,104550000,67075000,,6371000,,,664000.0,,2400000.0,,,11800000.0,32858000.0,3055000.0,10444000.0,1730000.0,3684000.0,5768000.0,8177000.0,,3543000.0,386086000,743145000,,152866000,,,,,,178238000.0,430000.0,,,,,,,-29000.0,191916000.0,,-35839000.0,,31393000.0,,-1502000,,2,318109000,4149000,13287000.0,29315000.0,9141000.0,20174000.0,11355000.0,28134000.0,,,,,,,,,0.056,19708000,1957000.0,1895000,0,1762000,,133000,-16000,16000.0,,,28603000,26672000,,206000,2297000.0,1552000,2072000,,7301000,10018000,-200000.0,-14000,119000.0,,1233000.0,556000.0,,25720000.0,473000.0,9660000,10379000,0.0001,45000000.0,0.0,0.0,17092000,223101000.0,119268000.0,1510000.0,,,96992000.0,-513000.0,6614000.0,,-7542000.0,,82603000,36297000,671000.0,,,,,,,179000.0,,,,127941000,117510000,380000,,-82405000,123877000.0,,,458915000.0,632000.0,11251000.0,,,106051000,400000.0,8528000,0.0,0.42,,,0.018,,,,38.11,354707000.0,354707000.0,4.0,,,7637000.0,,,,2077000.0,,,,,2352000,,,15540000.0,203000.0,1834000.0,,234000.0,642000.0,162000.0,8200000.0,,71544000,,71544000,,,,,,,,,,,,,,,,,,
2020-05-07,False,,5625000,87665000,639000.0,,12563000,,2864000,3811000,47104000,-16969000,449870000,,,3043000,,2500000.0,2653000.0,3840000,0,,734654000,357471000,,,,382000,,,,,,,,,,,247145000,247481000,23984000,,,-1411000,,,,72567000.0,7472000.0,36100000.0,744000.0,202700000.0,,,34497000.0,,,-388000.0,,,,,,,231066000.0,44462000.0,,,5397000.0,,,-6001000.0,,,,,,,,,,,,,5620000.0,,,,,,,,,,,6229000.0,,,,,,,,,,,,,,,,,,,,,1800000,5660000,,,,0.08,,0.08,0.44,,,-2113000,27623000,,,,,,,,,,,39677000,,,,,,,90741000,51064000,736000.0,,,,22346000,229795000,,,,96966000,,,10682000,,4652000,,1831000,5884000,,,,,,,,,,,,,,,,-3001000,-14463000,-2129000.0,,-2581000,321000,8580000,-1184000,4381000.0,101035000,61358000,,2813000,,,15000.0,,1800000.0,,,,,,,,,,,,,376157000,734654000,,150640000,,,,,,180777000.0,430000.0,,,,,,,,76000.0,,-2015000.0,,28036000.0,,6030000,,2,84861000,12105000,,,8635000.0,17796000.0,,25321000.0,,,,,,,,,,19640000,-7472000.0,-7578000,0,-7441000,,-137000,13000,13000.0,,,35760000,19472000,,-7000,654000.0,1390000,891000,,7573000,2874000,,-62000,,,,,,,433000.0,1644000,10369000,0.0001,45000000.0,0.0,0.0,16777000,,,,,,52289000.0,-118000.0,,194000.0,6030000.0,,82553000,35449000,,,,,,,,-44000.0,,,,68395000,31467000,336000,,-76763000,131463000.0,120200000.0,0.77,,,,,,28099000,,3171000,,,,,,,,,,356145000.0,,,,,,,,,194000.0,,2000000.0,,,2352000,,,,,,,,,,,,77004000,,72623000,,,,,,,,,,,,,,,,,,
2020-08-06,False,,4780000,79185000,511000.0,,5735000,,3538000,1971000,48955000,-14378000,456307000,50009000.0,,4586000,,2400000.0,5342000.0,3692000,4500000,,736846000,351954000,,,,343000,,,,,,,,,,,250540000,250926000,27429000,,,-7632000,,,,73061000.0,7287000.0,53700000.0,583000.0,242500000.0,,,25081000.0,,,-388000.0,,,,,,,231040000.0,42070000.0,,,5105000.0,,5661000.0,-5961000.0,,,6397000.0,,,,,,,,,,,,,,,,,,,,,,,,,,,,,,,,,,,,,,,,,,2000000,5633000,,,,-0.14,,-0.14,-0.37,0.21,,-1148000,30997000,,,,,,,,,,,43707000,,,,,,,91422000,47715000,-704000.0,,,,20248000,233486000,2292000.0,,,73480000,,,-7455000,,2768000,,9491000,5760000,,,,,,,,,,,,,,,,-3841000,-23264000,-2315000.0,,497000,960000,131000,-1817000,5936000.0,101884000,58177000,,2843000,,,306000.0,,2800000.0,,,,,,,,,,,,,381112000,736846000,,146074000,,,,,,183409000.0,456000.0,,,,,,,,267000.0,,-5091000.0,,33401000.0,,-10223000,,2,77772000,-4292000,,,9369000.0,24352000.0,,32598000.0,,,,,,,,,,20514000,-4937000.0,2560000,0,2591000,,-31000,-13000,,,,27411000,19990000,,-3000,384000.0,-320000,944000,,6960000,2906000,,-142000,,,1018000.0,,,2270000.0,433000.0,2530000,10687000,0.0001,45000000.0,0.0,0.0,16469000,223101000.0,,,,,96991000.0,-210000.0,,477000.0,-4193000.0,,83411000,34456000,,,,,,,,-87000.0,1568000.0,,,127941000,28970000,386000,,-86986000,98561000.0,117900000.0,0.82,,,,,,25806000,600000.0,4534000,0.0,,0.42,0.35,,0.018,0.0046,,,354950000.0,,,,,,,,,283000.0,,3700000.0,,,784000,133336.0,66664.0,,,,,,,,,,72999000,,72999000,,,,,,,,,,,,,,,,,,
2020-11-05,False,,5413000,88514000,898000.0,,4852000,,3997000,2063000,51303000,-9864000,464803000,50009000.0,,6240000,,2800000.0,8067000.0,3858000,3700000,,779703000,359803000,,600000.0,1638000.0,208000,,,,,,,,,,,245364000,245679000,22182000,,,-3991000,,,,74045000.0,8513000.0,66900000.0,541000.0,255300000.0,,,29036000.0,,,,,,,,,,260877000.0,39647000.0,,,4855000.0,,5631000.0,-5441000.0,,,6885000.0,,,,,,,,,,,,,,,,,,,,,,,,,,,,,,,,,,,,,,,,,,1700000,5623000,,,,,-0.12,,-0.53,,,676000,33932000,,,,,,,,,,,48095000,,,,,,,94206000,46111000,691000.0,,,1000000.0,20905000,270651000,36998000.0,,,77420000,,,-5575000,,2930000,,12142000,7091000,,,,,,,,,,,,,,,,-3321000,-16213000,-2452000.0,,1274000,-867000,-5847000,1055000,,104836000,56741000,91000.0,2934000,,,320000.0,,2700000.0,,,,,,,,,,,,,419464000,779703000,,149488000,,,,,,215945000.0,430000.0,,,,,,,,30693000.0,,-36566000.0,,27379000.0,,-8505000,,2,80843000,-3423000,,,10062000.0,24395000.0,,33302000.0,,,,,,,,,,19174000,-468000.0,4572000,0,4514000,,58000,0,,,,25606000,21123000,,-13000,,782000,1596000,,5820000,2808000,,-152000,,,1233000.0,,,32279000.0,433000.0,4006000,11430000,0.0001,45000000.0,0.0,0.0,18834000,223101000.0,,,,,30000000.0,-401000.0,,1094000.0,-12698000.0,,85704000,34401000,930000.0,,,,,,,-132000.0,1568000.0,,,127941000,30678000,315000,,-95491000,106456000.0,120300000.0,0.8,,,,,,26998000,600000.0,6234000,0.0,,0.42,0.35,,0.018,0.0046,,,359455000.0,,,,,1638000.0,,,,618000.0,,5300000.0,,,784000,133336.0,66664.0,,,,,,,,,,73311000,73311000.0,73311000,,,,,,,,,,,,,,,,,,
2021-02-26,True,1600000000.0,8594000,117878000,1366000.0,,7250000,,3156000,2009000,53269000,-2797000,474669000,50009000.0,,21254000,4000000.0,2559000.0,10829000.0,16376000,3100000,0.0,829902000,386935000,,600000.0,3504000.0,1671000,,,,,,,,,,,241221000,241547000,18050000,0.0,,-3769000,,,6716000.0,85691000.0,9388000.0,74500000.0,1108000.0,316300000.0,,,121305000.0,,,,,,0.0,23197000.0,22882000.0,-315000.0,260775000.0,37190000.0,,-881000.0,4548000.0,-9849000.0,7125000.0,-10350000.0,-10350000.0,37458000.0,8028000.0,,,,380000.0,12135000.0,133386000.0,6472000.0,,36555000.0,,66160000.0,26299000.0,2878000.0,5980000.0,3766000.0,2618000.0,,96831000.0,903000.0,,,1612000.0,584000.0,,657000.0,14497000.0,8700000.0,15154000.0,500000.0,,4772000.0,677000.0,577000.0,662000.0,624000.0,480000.0,,,2700000.0,1600000.0,0.8,7400000,23806000,,,,-0.14,,-0.14,,0.21,1205000.0,3010000,34772000,,32000.0,32000.0,775000.0,422000.0,353000.0,456000.0,868000.0,634000.0,0.031,54408000,17763000.0,4518000.0,4745000.0,8204000.0,15406000.0,14348000.0,119392000,64984000,,,4503000.0,1000000.0,86432000,264481000,25932000.0,,,348616000,0.0,-22127000.0,2032000,24159000.0,12532000,,12666000,6736000,5215000.0,1079000.0,,,1161000.0,427000.0,77000.0,-5001000.0,640000.0,,-4892000.0,720000.0,,1308000.0,-2576000.0,-1839000,11032000,8280000.0,,1985000,4527000,5771000,2131000,7410000.0,130522000,76114000,,11598000,,,731000.0,,,,,12100000.0,38179000.0,3203000.0,11704000.0,2786000.0,4178000.0,6900000.0,9408000.0,,3525000.0,450532000,829902000,,200754000,,,,,,188653000.0,30384000.0,,,,,,,,31250000.0,,-49092000.0,,32882000.0,,-10500000,,2,336903000,11713000,13412000.0,34654000.0,10331000.0,24323000.0,11875000.0,33526000.0,,,,,,,,,0.047,25389000,7281000.0,7782000,0,6731000,,1051000,308000,-308000.0,,,30982000,27414000,,-118000,,1917000,3426000,,5872000,4889000,,-162000,,,1233000.0,,,41028000.0,2133000.0,6093000,14497000,0.0001,45000000.0,0.0,0.0,21100000,223101000.0,,,,,30000000.0,-460000.0,6614000.0,1710000.0,-10500000.0,,89601000,36332000,1259000.0,26696000.0,3307000.0,3560000.0,6436000.0,6884000.0,6509000.0,858000.0,1568000.0,,,127941000,126081000,326000,,-93293000,469921000.0,131400000.0,0.84,,118000.0,11713000.0,,,111440000,600000.0,21355000,0.0,0.42,0.35,0.34,0.018,0.006,0.0046,0.0,38.11,378586000.0,,,,,3504000.0,,,,1710000.0,,,,,784000,133336.0,66664.0,8924000.0,203000.0,8816000.0,,310000.0,1890000.0,162000.0,3500000.0,,73241000,,73241000,,,,,,,,,,,,,,,,,,
2021-05-06,False,,6671000,107112000,841000.0,,8739000,,3308000,3681000,54300000,-6629000,484584000,,,9644000,,,2800000.0,4877000,0,,817913000,378756000,,,,619000,,,,,,,,,,,243364000,243500000,1953000,,,10528000,,,,81737000.0,8992000.0,42600000.0,977000.0,331900000.0,188300000.0,191094000.0,33422000.0,,,,,,,,,,230652000.0,34699000.0,,,4207000.0,,8476000.0,,-687000.0,,8215000.0,,,,,,,,,,,,,,,,,,,,,,,,,,,,,,,,,,,,,,,,,,1800000,6686000,,,,0.19,,0.18,0.0,,,-1331000,36785000,,,,,,,,,,,59020000,,,,,,,118854000,59834000,-929000.0,,,,23926000,262090000,,,,116741000,,,14401000,,41000,,2381000,5985000,,,,,,,,,,,,,,,,-767000,-8768000,-2810000.0,,2626000,3628000,183000,805000,4644000.0,129932000,70912000,94000.0,2973000,,,47000.0,,,,,,,,,,,,,,,418100000,817913000,,359390000,,,,,,258000.0,191488000.0,,,,,,,,-29836000.0,,-3451000.0,,36571000.0,,14360000,,2,98532000,18209000,,,10471000.0,24319000.0,,33568000.0,,,,,,,,,,24968000,-3890000.0,-3975000,0,-3832000,,-143000,0,,,,32238000,25141000,,18000,,-835000,617000,,5088000,2378000,,68000,,,,,,,344000.0,3039000,14548000,0.0001,45000000.0,0.0,0.0,22295000,,,,,,,-107000.0,,271000.0,14360000.0,,93443000,39143000,89000.0,,,,,,,-58000.0,,,,30000000,38276000,136000,3346000.0,-78933000,150163000.0,121200000.0,,,,,6765000.0,,32070000,,9648000,,,,,,,,,,399029000.0,,,,,,,,,271000.0,,-3600000.0,,,784000,,,,,,,,,,,,79295000,,74651000,,,,,,,,,,,,,,,,,,
2021-08-05,False,,6515000,91570000,714000.0,,6384000,,3617000,2175000,56036000,-3905000,495824000,,,10626000,,,5631000.0,4615000,5040000,,820216000,382647000,,,,631000,,,,,,,,,,,260098000,260321000,18774000,,,-10924000,,,,81343000.0,7236000.0,60300000.0,720000.0,358000000.0,188300000.0,193926000.0,31946000.0,,,,,,,,,,230000000.0,32175000.0,,,3899000.0,,8265000.0,,-1000.0,,8068000.0,,,,,,,,,,,,,,,,,,,,,,,,,,,,,,,,,,,,,,,,,,1900000,6494000,,,,-0.18,,-0.18,-0.11,,,-847000,35846000,,,,,,,,,,,63978000,,,,,,,119438000,55460000,-787000.0,,,,21861000,262963000,,,,87966000,,,-12287000,,1361000,,3744000,7949000,,,,,,,,,,,,,,,,-967000,-24852000,-5333000.0,,1548000,5067000,2999000,3367000,4892000.0,130615000,66637000,79000.0,2988000,,,339000.0,,,,,,,,,,,,,,,420087000,820216000,,356210000,,,,,,,,,,,,,,,-29321000.0,,-5780000.0,,54722000.0,,-13648000,,2,96557000,-8591000,,,10770000.0,23785000.0,,33395000.0,,,,,,,,,,26699000,-1236000.0,2640000,0,2724000,,-84000,0,,,,27810000,32856000,29962000.0,-34000,,-708000,585000,,5844000,9963000,,45000,,,,,,2270000.0,344000.0,5391000,14825000,0.0001,45000000.0,0.0,0.0,23030000,,,,,,,-206000.0,,885000.0,712000.0,,95646000,39610000,205000.0,,,,,,,-128000.0,1568000.0,,,30000000,38757000,223000,1732000.0,-92581000,119912000.0,128500000.0,,,,,5192000.0,,31909000,,10648000,,,,,,,,,,399345000.0,,,,,,,,,614000.0,,-2400000.0,,,784000,,,,,,,,,,,,75263000,,75263000,,,,,,,,,,,,,,,,,,
2021-11-04,False,,4900000,88701000,,,4367000,1034000.0,3577000,2263000,56986000,-8138000,711082000,,,10933000,,,8513000.0,4432000,5314000,,1014483000,579505000,,,,480000,,,,,,,,,,,455858000,456014000,214467000,,,-12342000,,,,75138000.0,9290000.0,71800000.0,,356700000.0,188300000.0,196796000.0,31501000.0,,,,,,,,,,230000000.0,29616000.0,,,3588000.0,,8221000.0,,-510000.0,,8138000.0,,,,,,,,,,,,,,,,,,,,,,,,,,,,,,,,,,,,,,,,,,1700000,6175000,,,,-0.11,,-0.11,-0.59,,,-1951000,35999000,,,,,,,,,,,67690000,,,,,,,118251000,50561000,-226000.0,,,1000000.0,22196000,268888000,8550000.0,,,89806000,,,-5087000,,3022000,,8077000,8929000,,,,,,,,,,,,,,,,-2432000,-26770000,-8638000.0,,481000,5018000,483000,7612000,,129230000,61540000,102000.0,3037000,,,344000.0,,,,,,,,,,,,,,,411437000,1014483000,,347896000,,,,,,,,,,,,,,,173735000.0,,-12911000.0,,55594000.0,,-8109000,,2,91732000,-1926000,,,10342000.0,21610000.0,,30916000.0,,,,,,,,,,26702000,-5531000.0,-4350000,0,-4233000,,-117000,0,,,,24721000,32641000,29962000.0,-40000,,-124000,1324000,,6788000,9277000,,284000,,,,,,5472000.0,344000.0,6811000,15226000,0.0001,45000000.0,0.0,0.0,26017000,,,,,200000000.0,30000000.0,-434000.0,,2059000.0,-7397000.0,,95697000,38711000,330000.0,,,,,,,-190000.0,1568000.0,,,30000000,35839000,156000,-124000.0,-100690000,121307000.0,121100000.0,,,,,3625000.0,,30589000,600000.0,10933000,,,,,,,,,,602262000.0,,,,,3280000.0,,,,1174000.0,,-1200000.0,,,784000,,,,,,,,,,,,75750000,,75750000,,,,,,,,,,,,,,,,,,
2022-02-28,True,3200000000.0,6647000,137561000,1653000.0,,5887000,,3516000,2537000,58103000,-8950000,724226000,50009000.0,,43734000,4300000.0,2539000.0,11428000.0,18357000,4980000,0.0,1163275000,588221000,,600000.0,3690000.0,1056000,,,,,,,,,,,413743000,414012000,172465000,0.0,,-14947000,,,3844000.0,93160000.0,12872000.0,78000000.0,1459000.0,392100000.0,188300000.0,199705000.0,129666000.0,,,,,,0.0,9781000.0,10008000.0,227000.0,,,,26000.0,,-1550000.0,8495000.0,-1502000.0,-1502000.0,40572000.0,15389000.0,,,,22000.0,12217000.0,153659000.0,4408000.0,,33678000.0,,87144000.0,26035000.0,4442000.0,6460000.0,5011000.0,3866000.0,,119981000.0,6894000.0,,,2624000.0,,,650000.0,15086000.0,10000000.0,15736000.0,400000.0,,4982000.0,689000.0,894000.0,737000.0,768000.0,810000.0,,,3000000.0,1600000.0,0.8,7300000,25644000,,,,,-0.12,,,0.21,1827000.0,-2623000,42307000,,18000.0,18000.0,341000.0,195000.0,146000.0,407000.0,381000.0,440000.0,0.029,71658000,23164000.0,2251000.0,9910000.0,12479000.0,18881000.0,21472000.0,159815000,88157000,-1103000.0,,,1000000.0,91500000,370178000,108772000.0,,,402513000,0.0,-27850000.0,-288000,27562000.0,8506000,,9168000,9388000,20212000.0,,,,2950000.0,-60000.0,,-12791000.0,753000.0,,-4826000.0,6058000.0,,288000.0,784000.0,-3857000,15645000,10111000.0,,7761000,6682000,6365000,9026000,,170715000,99057000,,12065000,,,633000.0,,,,,,32844000.0,1542000.0,11255000.0,2486000.0,3418000.0,5412000.0,8731000.0,,3361000.0,549294000,1163275000,,473978000,,,,,,,,,,,,,,,175947000.0,,-62482000.0,,61623000.0,,-8794000,,2,390174000,12339000,13754000.0,29483000.0,9933000.0,19550000.0,12058000.0,28494000.0,,,,,,,,,0.043,28352000,-7056000.0,-7254000,0,-6153000,,-1101000,-296000,296000.0,,,122226000,42894000,29962000.0,-757000,,-562000,3482000,,7756000,12419000,,306000,,,1233000.0,,,53983000.0,344000.0,7849000,15086000,0.0001,45000000.0,0.0,0.0,27529000,223101000.0,,,,200000000.0,30000000.0,-537000.0,,2262000.0,-8794000.0,,98581000,40478000,514000.0,112980000.0,1654000.0,3664000.0,96139000.0,7476000.0,4047000.0,-1199000.0,1568000.0,,,30000000,151049000,269000,5053000.0,-102087000,532179000.0,146400000.0,0.8,,9000.0,6577000.0,6047000.0,,132750000,600000.0,44549000,0.0,0.35,0.35,0.34,0.018,0.012,0.011,,38.11,613197000.0,,,,,3690000.0,,,,2262000.0,,,,,784000,133336.0,66664.0,16376000.0,1042000.0,1934000.0,1000000.0,,8983000.0,25000.0,11000000.0,,76179000,76179000.0,76179000,4222000.0,8283000.0,12200000.0,541000.0,4222000.0,0.0,200000.0,,,,,,,,,,,
2022-05-05,False,,6061000,112444000,1081000.0,,8374000,,3668000,4030000,58010000,-13008000,698045000,,,19403000,,,418000.0,5903000,0,,1133690000,555674000,,,,772000,,,,,,,,,,,405578000,405833000,-8179000,,,7470000,,,,96529000.0,21874000.0,44400000.0,1449000.0,333300000.0,,226187000.0,31603000.0,,,,,,,,,,,,,,,,8228000.0,,-67000.0,,15304000.0,,,,,,,,,,,,,,,,,,,,,,,,,,,,,,,,,,,,,,,,,,1800000,7686000,,,,0.15,,0.13,0.36,,,-970000,35038000,,,,,,,,,,,77813000,,,,,,,160206000,82393000,-1913000.0,,,,23569000,379320000,13227000.0,,,128178000,,,18058000,,6530000,,3187000,12185000,,,,,,,,,,,,,,,,-302000,-21735000,12673000.0,,-6896000,-2139000,-61759000,138000,7799000.0,171158000,93345000,,585000,,,1000.0,,,,,,,,,,,,,,,514481000,1133690000,,430741000,,,,,,,,,,,,,,,2509000.0,,-15504000.0,,5786000.0,,11528000,,2,107467000,20711000,,,9948000.0,18847000.0,,27910000.0,,,,,,,,,,29025000,,-4163000,0,-4058000,,-105000,0,,,,56978000,43019000,,-107000,,-155000,781000,,5242000,12386000,,343000,,,,,,12971000.0,,2190000,15329000,0.0001,45000000.0,0.0,0.0,25467000,,,,,,,-90000.0,,237000.0,11528000.0,,98198000,40188000,48000.0,,,,,,,,,,,30000000,43094000,255000,0.0,-66620000,159781000.0,148700000.0,0.76,,,,5576000.0,,35682000,,18614000,,,,,,,,,,618425000.0,,,,,,,,,238000.0,,1800000.0,,,784000,,,,,,,,,,,,87261000,,79462000,2362000.0,,,,,,,13200000.0,144000.0,11672000.0,-2068000.0,2.0,4187000.0,,,,,
2022-08-04,False,,4962000,103483000,1133000.0,,8524000,,4621000,2316000,57676000,-28780000,687338000,,,21200000,,,829000.0,6208000,7333000,,1128508000,554314000,,,,1530000,,,,,,,,,,,416137000,416306000,2294000,,,-49546000,,,,92141000.0,20785000.0,65000000.0,990000.0,,304676000.0,0.0,29523000.0,,,,,,,,,,,,,,,,7943000.0,,-64000.0,,14485000.0,,,,,,,,,,,,,,,,,,,,,,,,,,,,,,,,,,,,,,,,,,1900000,8133000,,,,-0.43,,-0.43,-0.13,,,-6226000,31084000,,,,,,,,,,,82361000,,,,,,,162087000,79726000,-5741000.0,,,,24367000,385989000,32568000.0,,,103133000,,,-29875000,,3899000,,4891000,11412000,,,,,,,,,,,,,,,,-2070000,-29270000,10080000.0,,-9742000,-4397000,-61648000,-2056000,0.0,172688000,90327000,,700000,,,289000.0,,,,,,,,,,,,,,,570336000,1128508000,,187064000,,,,,,,,,,,,,,,31918000.0,,-41439000.0,,18041000.0,,-33774000,,2,110401000,-7268000,,,9433000.0,16340000.0,,24977000.0,,,,,,,,,,25588000,,-15949000,0,-15772000,,-177000,7000,,,,49444000,41471000,,-115000,,455000,5767000,,4761000,12153000,,322000,4387000.0,,1157000.0,,,37660000.0,,3457000,14833000,0.0001,45000000.0,0.0,0.0,23282000,224265000.0,,,,,,-131000.0,,1689000.0,-22246000.0,,97046000,39370000,114000.0,,,,,,,,784000.0,,,0,46477000,169000,0.0,-100394000,132656000.0,147600000.0,0.73,,,,4197000.0,,39116000,,21200000,,,,,,,,,,558172000.0,,,,,,,,,1452000.0,,3400000.0,,,0,133336.0,,,,,,,,,,,78948000,,78948000,4431000.0,,,,,,,,194000.0,-33580000.0,-21907000.0,,4187000.0,0.0,192792000.0,50000000.0,,
2022-11-04,False,,6235000,119921000,1571000.0,,10207000,,5762000,2216000,57549000,-46573000,715736000,,,22710000,,,1330000.0,6571000,8893000,,1124928000,465731000,,,,707000,,,,,,,,,,,311853000,312383000,-101629000,,,-51041000,,,,94523000.0,22017000.0,77800000.0,808000.0,,305158000.0,0.0,27909000.0,,,,,,,,,,,,,,,,7605000.0,,4000.0,,14439000.0,,,,,,,,,,,,,,,,,,,,,,,,,,,,,,,,,,,,,,,,,,1700000,8273000,,,,-0.42,,-0.42,-0.16,,,-12142000,37036000,,,,,,,,,,,86664000,,,,,,,162571000,75907000,-3815000.0,,,,24677000,455211000,117540000.0,,,91442000,,,-28669000,,4579000,,6818000,10465000,,,,,,,,,,,,,,,,-270000,-13859000,18311000.0,,-3639000,-3134000,-48698000,-1906000,0.0,172744000,86080000,,1566000,,,296000.0,,,,,,,,,,,,,,,589399000,1124928000,,198476000,,,,,,,,,,,,,,,35152000.0,,-151173000.0,,26534000.0,,-33248000,,2,116438000,-24996000,,,9996000.0,23466000.0,,32627000.0,,,,,,,,,,38736000,,-17817000,0,-17793000,,-24000,0,,,,50686000,40282000,,-153000,,1708000,2835000,,5814000,11371000,,10322000,4387000.0,,1523000.0,,,134130000.0,,6721000,14472000,0.0001,45000000.0,0.0,0.0,23492000,224265000.0,,,,0.0,,-170000.0,,2840000.0,-55494000.0,,96487000,38938000,183000.0,,,,,,,,784000.0,,,0,48781000,530000,0.0,-133642000,119351000.0,127000000.0,0.79,,,,4455000.0,,39244000,,22710000,,,,,,,,,,535529000.0,,,,,3280000.0,,,,1152000.0,,4300000.0,,,0,133336.0,,,,,,,,,,,79207000,,79207000,1960000.0,,,,,,,,1057000.0,-32191000.0,-2107000.0,,4536000.0,0.0,192422000.0,50000000.0,1253000.0,
2023-02-24,True,2700000000.0,10434000,170279000,2465000.0,,11524000,,3637000,2593000,57035000,-30002000,721307000,,,85196000,5000000.0,2590000.0,1792000.0,27510000,5919000,0.0,1204738000,526826000,,,224000.0,659000,,,,,,,,,,,316146000,316958000,-97054000,0.0,,-64481000,,,6290000.0,113081000.0,31379000.0,89400000.0,1874000.0,,305604000.0,0.0,122889000.0,,,,,,0.0,18759000.0,19380000.0,621000.0,,,,23000.0,,-4206000.0,9727000.0,-4164000.0,-4164000.0,37442000.0,16775000.0,,,,19000.0,18571000.0,179835000.0,43860000.0,,30394000.0,,64091000.0,24319000.0,3227000.0,5941000.0,8312000.0,5931000.0,,149441000.0,7048000.0,,,3209000.0,,,957000.0,12273000.0,10100000.0,13103000.0,700000.0,,5627000.0,1018000.0,1219000.0,1274000.0,792000.0,731000.0,,,2500000.0,1600000.0,0.8,8000000,35504000,,,,-0.55,,-0.55,,0.21,15827000.0,-5094000,42456000,,6000.0,6000.0,92000.0,77000.0,15000.0,242000.0,68000.0,266000.0,0.027,97111000,30099000.0,1074000.0,3565000.0,14574000.0,20627000.0,27244000.0,194294000,97183000,-4405000.0,,,1000000.0,97606000,449048000,96092000.0,,,449332000,0.0,-62702000.0,-28213000,34489000.0,15216000,,8941000,11259000,7830000.0,,,,2249000.0,-5925000.0,,8649000.0,1250000.0,,-5976000.0,472000.0,,12315000.0,326000.0,3771000,34175000,40946000.0,,280000,-2852000,-59463000,-1014000,,204720000,107609000,4100000.0,4377000,,,2425000.0,,,,,,41057000.0,6617000.0,12177000.0,2739000.0,4696000.0,5996000.0,8832000.0,,6596000.0,635002000,1204738000,,232738000,,,,,,,,,,,,,,,22981000.0,,-154511000.0,,39570000.0,,-43429000,,2,456269000,-6937000,13403000.0,34461000.0,10396000.0,24065000.0,12949000.0,33601000.0,,,,,,,,,0.038,40410000,-23997000.0,-24084000,0,-21052000,,-3032000,-308000,-308000.0,,,56371000,41216000,,-387000,,4127000,9955000,,7378000,12168000,,10322000,19659000.0,,1523000.0,,,134541000.0,,9648000,12273000,0.0001,45000000.0,0.0,0.0,29142000,224265000.0,,,,0.0,0.0,-233000.0,,3577000.0,-43429000.0,,94552000,37517000,203000.0,38321000.0,300000.0,1929000.0,23570000.0,7370000.0,5152000.0,3253000.0,784000.0,,,0,185863000,812000,0.0,-121577000,572221000.0,171100000.0,0.73,,0.0,12455000.0,8402000.0,,155245000,600000.0,84787000,0.0,0.35,0.35,0.34,,0.042,0.017,,,569736000.0,,,,,224000.0,,,,3577000.0,,,,,0,133336.0,,28977000.0,50000.0,1334000.0,1000000.0,,13910000.0,25000.0,10300000.0,,79472000,,79472000,,8578000.0,11700000.0,,,,200000.0,,,,-16899000.0,,8723000.0,0.0,192422000.0,,,5245000.0
