filing_date,annual,EntityCommonStockSharesOutstanding_shares,EntityPublicFloat_USD,AccountsPayableCurrent_USD,AccountsReceivableNetCurrent_USD,AccrualForEnvironmentalLossContingenciesGross_USD,AccruedLiabilitiesCurrent_USD,AccumulatedDepreciationDepletionAndAmortizationPropertyPlantAndEquipment_USD,AccumulatedOtherComprehensiveIncomeLossNetOfTax_USD,AdditionalPaidInCapitalCommonStock_USD,AdjustmentsToAdditionalPaidInCapitalShareBasedCompensationStockOptionsRequisiteServicePeriodRecognition_USD,AllocatedShareBasedCompensationExpense_USD,AllowanceForDoubtfulAccountsReceivable_USD,AllowanceForDoubtfulAccountsReceivableCurrent_USD,AllowanceForDoubtfulAccountsReceivableWriteOffs_USD,AmortizationOfIntangibleAssets_USD,AntidilutiveSecuritiesExcludedFromComputationOfEarningsPerShareAmount_shares,Assets_USD,AssetsCurrent_USD,AssetsOfDisposalGroupIncludingDiscontinuedOperationCurrent_USD,BuildingsAndImprovementsGross_USD,BusinessAcquisitionsProFormaRevenue_USD,BusinessCombinationProFormaInformationRevenueOfAcquireeSinceAcquisitionDateActual_USD,BusinessCombinationRecognizedIdentifiableAssetsAcquiredAndLiabilitiesAssumedPropertyPlantAndEquipment_USD,CapitalExpendituresIncurredButNotYetPaid_USD,CapitalLeaseObligationsIncurred_USD,CapitalLeasesFutureMinimumPaymentsDueCurrent_USD,CapitalLeasesFutureMinimumPaymentsDueInFiveYears_USD,CapitalLeasesFutureMinimumPaymentsDueInFourYears_USD,CapitalLeasesFutureMinimumPaymentsDueInThreeYears_USD,CapitalLeasesFutureMinimumPaymentsDueInTwoYears_USD,CapitalLeasesFutureMinimumPaymentsDueThereafter_USD,CashAcquiredInExcessOfPaymentsToAcquireBusiness_USD,CashAndCashEquivalentsAtCarryingValue_USD,CashAndCashEquivalentsPeriodIncreaseDecrease_USD,CashCashEquivalentsRestrictedCashAndRestrictedCashEquivalents_USD,CashCashEquivalentsRestrictedCashAndRestrictedCashEquivalentsPeriodIncreaseDecreaseIncludingExchangeRateEffect_USD,CashProvidedByUsedInInvestingActivitiesDiscontinuedOperations_USD,CashProvidedByUsedInOperatingActivitiesDiscontinuedOperations_USD,CommitmentsAndContingencies_USD,CommonStockParOrStatedValuePerShare_USD/shares,CommonStockSharesAuthorized_shares,CommonStockSharesIssued_shares,CommonStockSharesOutstanding_shares,CommonStockValue_USD,ComprehensiveIncomeNetOfTax_USD,ComprehensiveIncomeNetOfTaxAttributableToNoncontrollingInterest_USD,ComprehensiveIncomeNetOfTaxIncludingPortionAttributableToNoncontrollingInterest_USD,ConstructionInProgressGross_USD,ContractWithCustomerAssetNet_USD,ContractWithCustomerLiability_USD,ContractWithCustomerLiabilityCurrent_USD,ContractWithCustomerLiabilityIncreaseDecreaseForContractAcquiredInBusinessCombination_USD,CostOfGoodsAndServicesSoldDepreciation_USD,CostOfGoodsSoldDepreciation_USD,CostOfRevenue_USD,CumulativeEffectOfNewAccountingPrincipleInPeriodOfAdoption_USD,CurrentFederalTaxExpenseBenefit_USD,CurrentForeignTaxExpenseBenefit_USD,CurrentStateAndLocalTaxExpenseBenefit_USD,CustomerAdvancesAndProgressPaymentsForLongTermContractsOrPrograms_USD,DeferredFederalIncomeTaxExpenseBenefit_USD,DeferredFinanceCostsNet_USD,DeferredForeignIncomeTaxExpenseBenefit_USD,DeferredIncomeTaxAssetsNet_USD,DeferredIncomeTaxExpenseBenefit_USD,DeferredIncomeTaxLiabilities_USD,DeferredIncomeTaxLiabilitiesNet_USD,DeferredStateAndLocalIncomeTaxExpenseBenefit_USD,DeferredTaxAssetsGross_USD,DeferredTaxAssetsInventory_USD,DeferredTaxAssetsNetNoncurrent_USD,DeferredTaxAssetsOperatingLossCarryforwards_USD,DeferredTaxAssetsOther_USD,DeferredTaxAssetsOtherComprehensiveLoss_USD,DeferredTaxAssetsTaxCreditCarryforwardsAlternativeMinimumTax_USD,DeferredTaxAssetsTaxCreditCarryforwardsForeign_USD,DeferredTaxAssetsTaxDeferredExpenseCompensationAndBenefitsPensions_USD,DeferredTaxAssetsTaxDeferredExpenseCompensationAndBenefitsPostretirementBenefits_USD,DeferredTaxAssetsTaxDeferredExpenseReservesAndAccruals_USD,DeferredTaxAssetsTaxDeferredExpenseReservesAndAccrualsAllowanceForDoubtfulAccounts_USD,DeferredTaxAssetsValuationAllowance_USD,DeferredTaxLiabilities_USD,DeferredTaxLiabilitiesDeferredExpenseCapitalizedInventoryCosts_USD,DeferredTaxLiabilitiesGoodwillAndIntangibleAssetsIntangibleAssets_USD,DeferredTaxLiabilitiesNoncurrent_USD,DeferredTaxLiabilitiesOther_USD,DeferredTaxLiabilitiesOtherComprehensiveIncome_USD,DeferredTaxLiabilitiesPropertyPlantAndEquipment_USD,DeferredTaxLiabilitiesUndistributedForeignEarnings_USD,DefinedBenefitPlanAssetsForPlanBenefitsNoncurrent_USD,DefinedBenefitPlanFairValueOfPlanAssets_USD,DefinedContributionPlanCostRecognized_USD,DepreciationDepletionAndAmortization_USD,DepreciationNonproduction_USD,DerivativeAmountOfHedgedItem_EUR,DerivativeNumberOfInstrumentsHeld_Contract,DisposalGroupIncludingDiscontinuedOperationAssetsNoncurrent_USD,EarningsPerShareBasic_USD/shares,EarningsPerShareBasicAndDiluted_USD/shares,EarningsPerShareDiluted_USD/shares,EffectiveIncomeTaxRateContinuingOperations_pure,EffectiveIncomeTaxRateReconciliationAtFederalStatutoryIncomeTaxRate_pure,EffectiveIncomeTaxRateReconciliationChangeInDeferredTaxAssetsValuationAllowance_pure,EffectiveIncomeTaxRateReconciliationChangeInEnactedTaxRate_pure,EffectiveIncomeTaxRateReconciliationDispositionOfBusiness_pure,EffectiveIncomeTaxRateReconciliationEquityInEarningsLossesOfUnconsolidatedSubsidiary_pure,EffectiveIncomeTaxRateReconciliationForeignIncomeTaxRateDifferential_pure,EffectiveIncomeTaxRateReconciliationNondeductibleExpenseImpairmentLosses_pure,EffectiveIncomeTaxRateReconciliationNondeductibleExpenseShareBasedCompensationCost_pure,EffectiveIncomeTaxRateReconciliationOtherReconcilingItemsPercent_pure,EffectiveIncomeTaxRateReconciliationRepatriationOfForeignEarnings_pure,EffectiveIncomeTaxRateReconciliationStateAndLocalIncomeTaxes_pure,EffectiveIncomeTaxRateReconciliationTaxCredits_pure,EffectiveIncomeTaxRateReconciliationTaxCutsAndJobsActOf2017Percent_pure,EffectiveIncomeTaxRateReconciliationTaxCutsAndJobsActOf2017TransitionTaxOnAccumulatedForeignEarningsAmount_USD,EffectOfExchangeRateOnCashAndCashEquivalents_USD,EffectOfExchangeRateOnCashCashEquivalentsRestrictedCashAndRestrictedCashEquivalents_USD,EmployeeRelatedLiabilitiesCurrent_USD,EmployeeServiceShareBasedCompensationNonvestedAwardsTotalCompensationCostNotYetRecognized_USD,EnvironmentalRemediationExpense_USD,FIFOInventoryAmount_USD,FinanceLeaseInterestExpense_USD,FinanceLeaseInterestPaymentOnLiability_USD,FinanceLeaseLiability_USD,FinanceLeaseLiabilityCurrent_USD,FinanceLeaseLiabilityNoncurrent_USD,FinanceLeaseLiabilityPaymentsDue_USD,FinanceLeaseLiabilityPaymentsDueAfterYearFive_USD,FinanceLeaseLiabilityPaymentsDueNextTwelveMonths_USD,FinanceLeaseLiabilityPaymentsDueYearFive_USD,FinanceLeaseLiabilityPaymentsDueYearFour_USD,FinanceLeaseLiabilityPaymentsDueYearThree_USD,FinanceLeaseLiabilityPaymentsDueYearTwo_USD,FinanceLeaseLiabilityPaymentsRemainderOfFiscalYear_USD,FinanceLeaseLiabilityUndiscountedExcessAmount_USD,FinanceLeasePrincipalPayments_USD,FinanceLeaseRightOfUseAsset_USD,FinanceLeaseRightOfUseAssetAmortization_USD,FinanceLeaseWeightedAverageDiscountRatePercent_pure,FiniteLivedIntangibleAssetsAccumulatedAmortization_USD,FiniteLivedIntangibleAssetsAmortizationExpenseNextTwelveMonths_USD,FiniteLivedIntangibleAssetsAmortizationExpenseRemainderOfFiscalYear_USD,FiniteLivedIntangibleAssetsAmortizationExpenseYearFive_USD,FiniteLivedIntangibleAssetsAmortizationExpenseYearFour_USD,FiniteLivedIntangibleAssetsAmortizationExpenseYearThree_USD,FiniteLivedIntangibleAssetsAmortizationExpenseYearTwo_USD,ForeignCurrencyTransactionGainLossBeforeTax_USD,FurnitureAndFixturesGross_USD,GainLossOnDispositionOfAssets_USD,GainLossOnDispositionOfAssets1_USD,GainLossOnForeignCurrencyDerivativeInstrumentsNotDesignatedAsHedgingInstruments_USD,GainsLossesOnExtinguishmentOfDebt_USD,Goodwill_USD,GoodwillAcquiredDuringPeriod_USD,GoodwillAndIntangibleAssetImpairment_USD,GoodwillForeignCurrencyTranslationGainLoss_USD,GoodwillImpairedAccumulatedImpairmentLoss_USD,GoodwillImpairmentLoss_USD,GoodwillPurchaseAccountingAdjustments_USD,GoodwillTranslationAndPurchaseAccountingAdjustments_USD,GrossProfit_USD,ImpairmentOfIntangibleAssetsExcludingGoodwill_USD,ImpairmentOfIntangibleAssetsIndefinitelivedExcludingGoodwill_USD,IncomeLossFromContinuingOperations_USD,IncomeLossFromContinuingOperationsBeforeIncomeTaxesDomestic_USD,IncomeLossFromContinuingOperationsBeforeIncomeTaxesExtraordinaryItemsNoncontrollingInterest_USD,IncomeLossFromContinuingOperationsBeforeIncomeTaxesForeign_USD,IncomeLossFromContinuingOperationsIncludingPortionAttributableToNoncontrollingInterest_USD,IncomeLossFromContinuingOperationsPerBasicShare_USD/shares,IncomeLossFromContinuingOperationsPerDilutedShare_USD/shares,IncomeLossFromDiscontinuedOperationsNetOfTax_USD,IncomeLossFromDiscontinuedOperationsNetOfTaxAttributableToReportingEntity_USD,IncomeLossFromDiscontinuedOperationsNetOfTaxPerBasicShare_USD/shares,IncomeLossFromDiscontinuedOperationsNetOfTaxPerDilutedShare_USD/shares,IncomeLossFromEquityMethodInvestments_USD,IncomeTaxExpenseBenefit_USD,IncomeTaxesPaidNet_USD,IncomeTaxReconciliationChangeInEnactedTaxRate_USD,IncomeTaxReconciliationRepatriationOfForeignEarnings_USD,IncreaseDecreaseInAccountsPayable_USD,IncreaseDecreaseInAccruedLiabilities_USD,IncreaseDecreaseInInventories_USD,IncreaseDecreaseInOtherOperatingCapitalNet_USD,IncreaseDecreaseInReceivables_USD,IncrementalCommonSharesAttributableToShareBasedPaymentArrangements_shares,IntangibleAssetsGrossExcludingGoodwill_USD,IntangibleAssetsNetExcludingGoodwill_USD,InterestExpense_USD,InterestPaidNet_USD,InterestPayableCurrent_USD,InventoryFinishedGoods_USD,InventoryGross_USD,InventoryLIFOReserve_USD,InventoryLIFOReserveEffectOnIncomeNet_USD,InventoryNet_USD,InventoryRawMaterials_USD,InventoryWorkInProcess_USD,LandAndLandImprovements_USD,LesseeOperatingLeaseLiabilityPaymentsDue_USD,LesseeOperatingLeaseLiabilityPaymentsDueAfterYearFive_USD,LesseeOperatingLeaseLiabilityPaymentsDueNextTwelveMonths_USD,LesseeOperatingLeaseLiabilityPaymentsDueYearFive_USD,LesseeOperatingLeaseLiabilityPaymentsDueYearFour_USD,LesseeOperatingLeaseLiabilityPaymentsDueYearThree_USD,LesseeOperatingLeaseLiabilityPaymentsDueYearTwo_USD,LesseeOperatingLeaseLiabilityPaymentsRemainderOfFiscalYear_USD,LesseeOperatingLeaseLiabilityUndiscountedExcessAmount_USD,LIFOInventoryAmount_USD,Liabilities_USD,LiabilitiesAndStockholdersEquity_USD,LiabilitiesCurrent_USD,LiabilitiesOfDisposalGroupIncludingDiscontinuedOperationCurrent_USD,LiabilitiesOfDisposalGroupIncludingDiscontinuedOperationNoncurrent_USD,LongTermDebtAndCapitalLeaseObligations_USD,LongTermDebtAndCapitalLeaseObligationsCurrent_USD,LongTermDebtAndCapitalLeaseObligationsIncludingCurrentMaturities_USD,LongTermDebtMaturitiesRepaymentsOfPrincipalAfterYearFive_USD,LongTermDebtMaturitiesRepaymentsOfPrincipalInNextTwelveMonths_USD,LongTermDebtMaturitiesRepaymentsOfPrincipalInYearFive_USD,LongTermDebtMaturitiesRepaymentsOfPrincipalInYearFour_USD,LongTermDebtMaturitiesRepaymentsOfPrincipalInYearThree_USD,LongTermDebtMaturitiesRepaymentsOfPrincipalInYearTwo_USD,MachineryAndEquipmentGross_USD,MinorityInterest_USD,MinorityInterestDecreaseFromDistributionsToNoncontrollingInterestHolders_USD,MinorityInterestDecreaseFromRedemptions_USD,NetCashProvidedByUsedInDiscontinuedOperations_USD,NetCashProvidedByUsedInFinancingActivities_USD,NetCashProvidedByUsedInInvestingActivities_USD,NetCashProvidedByUsedInInvestingActivitiesContinuingOperations_USD,NetCashProvidedByUsedInOperatingActivities_USD,NetCashProvidedByUsedInOperatingActivitiesContinuingOperations_USD,NetIncomeLoss_USD,NetIncomeLossAttributableToNoncontrollingInterest_USD,NoncontrollingInterestIncreaseFromSubsidiaryEquityIssuance_USD,NumberOfBusinessesAcquired_Business,NumberOfBusinessesAcquired_business,NumberOfBusinessesAcquired_Entity,NumberOfCountriesInWhichEntityOperates_country,NumberOfReportableSegments_Segment,NumberOfReportableSegments_segment,OciBeforeReclassificationsNetOfTaxAttributableToParent_USD,OperatingIncomeLoss_USD,OperatingLeaseCost_USD,OperatingLeaseLiability_USD,OperatingLeaseLiabilityCurrent_USD,OperatingLeaseLiabilityNoncurrent_USD,OperatingLeasePayments_USD,OperatingLeaseRightOfUseAsset_USD,OperatingLeasesFutureMinimumPaymentsDue_USD,OperatingLeasesFutureMinimumPaymentsDueCurrent_USD,OperatingLeasesFutureMinimumPaymentsDueInFiveYears_USD,OperatingLeasesFutureMinimumPaymentsDueInFourYears_USD,OperatingLeasesFutureMinimumPaymentsDueInThreeYears_USD,OperatingLeasesFutureMinimumPaymentsDueInTwoYears_USD,OperatingLeasesFutureMinimumPaymentsDueThereafter_USD,OperatingLeaseWeightedAverageDiscountRatePercent_pure,OtherAccruedLiabilitiesCurrent_USD,OtherAssetsCurrent_USD,OtherAssetsNoncurrent_USD,OtherComprehensiveIncomeDefinedBenefitPlansAdjustmentBeforeTaxPortionAttributableToParent_USD,OtherComprehensiveIncomeDefinedBenefitPlansAdjustmentNetOfTaxPortionAttributableToParent_USD,OtherComprehensiveIncomeDefinedBenefitPlansTaxPortionAttributableToParent_USD,OtherComprehensiveIncomeDerivativesQualifyingAsHedgesBeforeTaxPortionAttributableToParent_USD,OtherComprehensiveIncomeDerivativesQualifyingAsHedgesNetOfTaxPortionAttributableToParent_USD,OtherComprehensiveIncomeDerivativesQualifyingAsHedgesTaxPortionAttributableToParent_USD,OtherComprehensiveIncomeForeignCurrencyTransactionAndTranslationAdjustmentBeforeTaxPortionAttributableToParent_USD,OtherComprehensiveIncomeForeignCurrencyTransactionAndTranslationAdjustmentNetOfTaxPortionAttributableToNoncontrollingInterest_USD,OtherComprehensiveIncomeForeignCurrencyTransactionAndTranslationAdjustmentNetOfTaxPortionAttributableToParent_USD,OtherComprehensiveIncomeForeignCurrencyTranslationAdjustmentTaxPortionAttributableToParent_USD,OtherComprehensiveIncomeLossBeforeTaxPortionAttributableToParent_USD,OtherComprehensiveIncomeLossCashFlowHedgeGainLossAfterReclassificationAndTaxParent_USD,OtherComprehensiveIncomeLossCashFlowHedgeGainLossAfterReclassificationBeforeTaxParent_USD,OtherComprehensiveIncomeLossCashFlowHedgeGainLossAfterReclassificationTaxParent_USD,OtherComprehensiveIncomeLossForeignCurrencyTransactionAndTranslationAdjustmentNetOfTax_USD,OtherComprehensiveIncomeLossNetOfTax_USD,OtherComprehensiveIncomeLossNetOfTaxPortionAttributableToNoncontrollingInterest_USD,OtherComprehensiveIncomeLossNetOfTaxPortionAttributableToParent_USD,OtherComprehensiveIncomeLossTaxPortionAttributableToParent1_USD,OtherCostAndExpenseOperating_USD,OtherExpenses_USD,OtherLiabilitiesNoncurrent_USD,OtherNoncashIncomeExpense_USD,OtherNonoperatingIncomeExpense_USD,OtherOperatingIncomeExpenseNet_USD,OtherRestructuringCosts_USD,PaymentForContingentConsiderationLiabilityFinancingActivities_USD,PaymentsForProceedsFromProductiveAssets_USD,PaymentsForRepurchaseOfCommonStock_USD,PaymentsForRestructuring_USD,PaymentsOfDebtExtinguishmentCosts_USD,PaymentsOfDebtIssuanceCosts_USD,PaymentsOfStockIssuanceCosts_USD,PaymentsToAcquireBusinessesGross_USD,PaymentsToAcquireBusinessesNetOfCashAcquired_USD,PaymentsToAcquireProductiveAssets_USD,PaymentsToMinorityShareholders_USD,PensionAndOtherPostretirementDefinedBenefitPlansCurrentLiabilities_USD,PensionAndOtherPostretirementDefinedBenefitPlansLiabilitiesCurrentAndNoncurrent_USD,PensionAndOtherPostretirementDefinedBenefitPlansLiabilitiesNoncurrent_USD,PercentageOfFIFOInventory_pure,PercentageOfLIFOInventory_pure,ProceedsFromDerivativeInstrumentInvestingActivities_USD,ProceedsFromDivestitureOfBusinessesNetOfCashDivested_USD,ProceedsFromIssuanceInitialPublicOffering_USD,ProceedsFromIssuanceOfCommonStock_USD,ProceedsFromIssuanceOfLongTermDebt_USD,ProceedsFromMinorityShareholders_USD,ProceedsFromPaymentsForOtherFinancingActivities_USD,ProceedsFromSaleOfPropertyPlantAndEquipment_USD,ProceedsFromShortTermDebt_USD,ProceedsFromStockOptionsExercised_USD,ProfitLoss_USD,PropertyPlantAndEquipmentGross_USD,PropertyPlantAndEquipmentNet_USD,PropertyPlantAndEquipmentOther_USD,ProvisionForDoubtfulAccounts_USD,ReclassificationFromAociCurrentPeriodNetOfTaxAttributableToParent_USD,RepaymentsOfLongTermDebt_USD,RepaymentsOfShortTermDebt_USD,ResearchAndDevelopmentExpense_USD,RestrictedCashAndCashEquivalents_USD,RestructuringAndRelatedCostExpectedCost1_USD,RestructuringCharges_USD,RestructuringCosts_USD,RestructuringReserve_USD,RestructuringReserveCurrent_USD,RestructuringReserveNoncurrent_USD,RestructuringReserveSettledWithoutCash2_USD,RestructuringReserveTranslationAndOtherAdjustment_USD,RetainedEarningsAccumulatedDeficit_USD,RevenueFromContractWithCustomerExcludingAssessedTax_USD,RevenueRemainingPerformanceObligation_USD,Revenues_USD,RightOfUseAssetObtainedInExchangeForOperatingLeaseLiability_USD,SaleOfStockConsiderationReceivedOnTransaction_USD,SellingGeneralAndAdministrativeExpense_USD,SeveranceCosts1_USD,ShareBasedCompensation_USD,ShareBasedCompensationArrangementByShareBasedPaymentAwardFairValueAssumptionsExpectedDividendRate_pure,ShareBasedCompensationArrangementByShareBasedPaymentAwardFairValueAssumptionsRiskFreeInterestRate_pure,ShareBasedCompensationArrangementByShareBasedPaymentAwardOptionsGrantsInPeriodWeightedAverageGrantDateFairValue_USD/shares,ShortTermBorrowings_USD,ShortTermLeaseCost_USD,StandardProductWarrantyAccrual_USD,StandardProductWarrantyAccrualAdditionsFromBusinessAcquisition_USD,StandardProductWarrantyAccrualCurrent_USD,StandardProductWarrantyAccrualForeignCurrencyTranslationGainLoss_USD,StandardProductWarrantyAccrualPayments_USD,StandardProductWarrantyAccrualWarrantiesIssued_USD,StockholdersEquity_USD,StockholdersEquityIncludingPortionAttributableToNoncontrollingInterest_USD,StockIssuedDuringPeriodValueAcquisitions_USD,StockIssuedDuringPeriodValueShareBasedCompensation_USD,StockRepurchaseProgramAuthorizedAmount1_USD,TaxCutsAndJobsActOf2017ChangeInTaxRateDeferredTaxLiabilityIncomeTaxBenefit_USD,TaxCutsAndJobsActOf2017ChangeInTaxRateIncomeTaxExpenseBenefit_USD,TaxCutsAndJobsActOf2017IncompleteAccountingChangeInTaxRateDeferredTaxLiabilityProvisionalIncomeTaxBenefit_USD,TaxCutsAndJobsActOf2017IncompleteAccountingChangeInTaxRateProvisionalIncomeTaxExpenseBenefit_USD,TaxesPayableCurrent_USD,TreasuryStockShares_shares,TreasuryStockValue_USD,TreasuryStockValueAcquiredCostMethod_USD,UndistributedEarningsOfForeignSubsidiaries_USD,UnrecognizedTaxBenefits_USD,UnrecognizedTaxBenefitsDecreasesResultingFromForeignCurrencyTranslation_USD,UnrecognizedTaxBenefitsDecreasesResultingFromPriorPeriodTaxPositions_USD,UnrecognizedTaxBenefitsDecreasesResultingFromSettlementsWithTaxingAuthorities_USD,UnrecognizedTaxBenefitsIncomeTaxPenaltiesAndInterestAccrued_USD,UnrecognizedTaxBenefitsIncreasesResultingFromCurrentPeriodTaxPositions_USD,UnrecognizedTaxBenefitsIncreasesResultingFromForeignCurrencyTranslation_USD,UnrecognizedTaxBenefitsIncreasesResultingFromPriorPeriodTaxPositions_USD,UnrecognizedTaxBenefitsReductionsResultingFromLapseOfApplicableStatuteOfLimitations_USD,UnrecognizedTaxBenefitsThatWouldImpactEffectiveTaxRate_USD,WeightedAverageNumberOfDilutedSharesOutstanding_shares,WeightedAverageNumberOfSharesOutstandingBasic_shares,WriteOffOfDeferredDebtIssuanceCost_USD,AllowanceForDoubtfulAccountsReceivablePeriodIncreaseDecrease_USD,CashProvidedByUsedInFinancingActivitiesDiscontinuedOperations_USD,DeferredTaxLiabilitiesInvestments_USD,DividendsCommonStock_USD,EffectiveIncomeTaxRateReconciliationPriorYearIncomeTaxes_pure,EffectiveIncomeTaxRateReconciliationTaxExemptIncome_pure,InventoryLIFOReservePeriodCharge_USD,LongTermDebt_EUR,LongTermDebt_USD,NetCashProvidedByUsedInFinancingActivitiesContinuingOperations_USD,PaymentsOfDividendsCommonStock_USD,PropertyPlantAndEquipmentAndFinanceLeaseRightOfUseAssetAccumulatedDepreciationAndAmortization_USD,PropertyPlantAndEquipmentAndFinanceLeaseRightOfUseAssetAfterAccumulatedDepreciationAndAmortization_USD,PropertyPlantAndEquipmentAndFinanceLeaseRightOfUseAssetBeforeAccumulatedDepreciationAndAmortization_USD,DebtCurrent_USD,ContractWithCustomerLiabilityNoncurrent_USD,PaymentsForHedgeFinancingActivities_USD,PaymentsForProceedsFromOtherInvestingActivities_USD,ShareBasedCompensationArrangementByShareBasedPaymentAwardFairValueAssumptionsExpectedVolatilityRateMinimum_pure,ShareBasedCompensationArrangementByShareBasedPaymentAwardFairValueAssumptionsRiskFreeInterestRateMinimum_pure,TreasuryStockCommonShares_shares,TreasuryStockCommonValue_USD,BusinessAcquisitionPurchasePriceAllocationGoodwillExpectedTaxDeductibleAmount_USD,BusinessCombinationContingentConsiderationLiabilityCurrent_USD,BusinessCombinationContingentConsiderationLiabilityNoncurrent_USD,IncomeLossFromContinuingOperationsBeforeIncomeTaxesMinorityInterestAndIncomeLossFromEquityMethodInvestments_USD
2017-08-04,False,195954248.0,,246400000,475200000,7900000,248400000,172900000.0,-281700000,2260200000,,,,19700000,,30500000,,4422900000,1266500000,,,,,,3600000.0,,,,,,,,,245700000,-10100000.0,,,,,,0.01,1000000000,198074360,,2000000,-110700000.0,0.0,-110700000,,,,,,,21300000.0,363200000,,,,,59100000.0,,32200000,,,-60100000.0,,,,,,900000.0,,,,,,,,,,,,,,420200000.0,,,,,,,,,4100000.0,,,,-0.83,-0.83,-0.83,0.231,,,,,,,,,,,,,,,9700000.0,,67200000,,-100000.0,,,,,,,,,,,,,,,,,,,,504000000,115500000.0,,115500000.0,115500000.0,115500000.0,115500000.0,-4000000,,-2500000.0,500000.0,-4000000,-50400000.0,1200100000,7900000.0,,,,0.0,,37500000,215900000,0.0,,,,-190200000.0,,,,,,,,,,-43900000,31500000,,,21800000,-37600000,21400000,10800000,16000000,,1963800000,1459800000,39500000,92000000,300000.0,78900000,469900000,-15900000,,485800000,331600000,59400000,,,,,,,,,,,,3213900000,4422900000,500700000,,,1976600000,5900000,1982500000,,,,,,,,0.0,,,,800000.0,-40600000.0,,20000000.0,,-146300000,0.0,,,,,,3.0,,53100000.0,-101600000,,,,,,,,,,,,,,,55200000,59800000,139400000,2300000.0,1500000,800000.0,-1400000.0,-1500000.0,100000.0,,0.0,,,19000000.0,,,,,,0.0,35600000,-16600000.0,161400000.0,900000.0,186900000,,1300000,,2100000.0,,,2600000,12600000.0,29700000.0,300000.0,52200000.0,,18800000.0,26800000,4700000.0,,,129500000,,,,,897300000.0,,0.0,,200000.0,5000000.0,,,-146300000.0,,356200000,,,-7600000.0,859400000,,,,,400000,,11200000.0,10300000,900000.0,,800000.0,-749500000,,,579100000.0,,897700000.0,125600000,0.0,156200000,,,,0,,21700000.0,,21700000,700000,6700000,5200000,1209000000.0,1209000000,,,,,,,,34600000,2120112.0,22000000.0,,,,,,,,,,,,,176900000,176900000,,,,,,,,,,,,,,,,,,,,,,,,,,,
2017-10-27,False,196010861.0,,263600000,531600000,7500000,274900000,188500000.0,-251700000,2264900000,,,,19400000,,29500000,,4552600000,1403400000,,,,,,3000000.0,0.0,,,,,,,,303000000,47200000.0,,,,,,0.01,1000000000,198130973,,2000000,58100000.0,0.0,58100000,,,,,,,33200000.0,395700000,,,,,55500000.0,,5100000,,,-68100000.0,,,,,,900000.0,,,,,,,,,,,,,,409200000.0,,,,,,,,,6100000.0,,,,0.14,,0.13,0.136,,,,,,,,,,,,,,,14600000.0,,83000000,,0.0,,,,,,,,,,,,,,,,,,,,540500000,116900000.0,,116900000.0,116900000.0,116900000.0,116900000.0,-1700000,,-2000000.0,600000.0,-1700000,-34100000.0,1216900000,7900000.0,,,,0.0,,54300000,253900000,0.0,,,,32400000.0,,,,,,,,,,4400000,47400000,,,39800000,-19800000,36400000,26300000,65900000,6800000.0,1990200000,1449700000,30100000,118100000,500000.0,75400000,491700000,-15900000,,507600000,347100000,69200000,,,,,,,,,,,,3280800000,4552600000,559600000,,,2006900000,21100000,2028000000,,,,,,,,0.0,,,,-8200000.0,-43100000.0,,83900000.0,,28000000,0.0,,,,,,3.0,,79800000.0,95900000,,,,,,,,,,,,,,,60100000,61200000,129700000,1100000.0,600000,500000.0,5500000.0,4000000.0,1500000.0,,0.0,,,22400000.0,,,,,,0.0,30100000,-7700000.0,17400000.0,3100000.0,175300000,,700000,,3000000.0,,,2600000,17300000.0,29700000.0,2900000.0,52200000.0,,18800000.0,36400000,5200000.0,,,129800000,,,6200000.0,0.0,893300000.0,,2010700000.0,,400000.0,5900000.0,,,28000000.0,,352000000,,,-10900000.0,2872200000,,,,,2800000,,9500000.0,9100000,400000.0,,1000000.0,-721400000,,,649600000.0,,897700000.0,111100000,1900000.0,9800000,,,,0,,23600000.0,,23600000,200000,5000000,6700000,1271800000.0,1271800000,,,,,,,,43100000,2120112.0,22000000.0,,,,,,,,,,,,,208100000,201300000,,,,,,,,,,,,,,,,,,,,,,,,,,,
2018-02-16,True,196315518.0,1026400000.0,269700000,536300000,7500000,271200000,203800000.0,-199800000,2275400000,,,18700000.0,18700000,4800000.0,118900000,,4621200000,1463600000,,137400000.0,40100000.0,,,6500000.0,7800000.0,,,,,,,,393300000,137500000.0,,,,,,0.01,1000000000,198377237,196217971.0,2000000,161000000.0,100000.0,161100000,23000000.0,,,,,,46600000.0,1477500000,,64000000.0,49800000.0,3000000.0,42700000.0,-217500000.0,4900000,-30500000.0,,-249000000.0,358300000.0,,0.0,169700000.0,,1000000.0,41800000.0,19400000.0,,900000.0,29800000.0,15600000.0,700000.0,62400000.0,,47900000.0,236500000.0,9300000.0,322200000.0,237500000.0,-3500000.0,,21000000.0,9300000.0,4600000.0,301800000.0,13700000.0,173800000.0,8300000.0,,,,0.1,,0.1,1.163,0.35,0.011,0.795,,-0.046,0.062,0.0,-0.092,-0.003,0.038,0.031,,,,15200000.0,,97300000,,900000.0,366900000.0,,,,,,,,,,,,,,,,,,,576600000,118100000.0,,118100000.0,118100000.0,118100000.0,118100000.0,-9300000,37300000.0,-800000.0,-800000.0,-9300000,-84500000.0,1227600000,7900000.0,1600000.0,-25100000.0,,0.0,-15300000.0,65000000,897900000,1600000.0,,,-145800000.0,-112700000.0,33100000.0,,,,,,,,,-131200000,55500000,158600000.0,114000000.0,39900000,-24800000,22700000,-56700000,65700000,,2007800000,1431200000,140700000,142500000,800000.0,60600000,481100000,-13400000,2600000.0,494500000,362600000,57900000,34700000.0,,,,,,,,,,127600000.0,3144400000,4621200000,561800000,,,2019300000,20900000,2040200000,1939100000.0,20900000.0,21400000.0,21300000.0,21300000.0,21100000.0,261800000.0,0.0,,,,-17400000.0,-60800000.0,,200500000.0,,18400000,100000.0,,4.0,,,,3.0,,128000000.0,108700000,,,,,,,30800000.0,22900000.0,5400000.0,8800000.0,14000000.0,18600000.0,12300000.0,,67100000,39500000,134600000,,-24200000,,,12400000.0,,,0.0,,,124600000.0,,,,,,0.0,142600000,-18000000.0,222100000.0,12400000.0,226000000,,3800000,,2900000.0,0.0,,3600000,20600000.0,29700000.0,4100000.0,52200000.0,,18800000.0,56800000,5200000.0,2000000.0,,99800000,0.74,0.26,6200000.0,0.0,893600000.0,,2010700000.0,,200000.0,8600000.0,0.0,,18500000.0,567000000.0,363200000,16900000.0,3500000.0,-14600000.0,2879300000,0.0,26000000.0,4400000.0,,5300000,,6700000.0,6500000,200000.0,,1100000.0,-577800000,,,2375400000.0,,897700000.0,446600000,2400000.0,175000000,,,,0,,22300000.0,,22300000,1500000,25000000,24100000,1476800000.0,1476800000,,,,,,,,34500000,2159266.0,23000000.0,,200000000.0,12600000.0,,0.0,6200000.0,800000.0,600000.0,500000.0,11200000.0,300000.0,12600000.0,188400000,182200000,,,,,,,,,,,,,,,,,,,,,,,,,,,
2018-04-27,False,198104494.0,,284600000,541600000,7300000,305400000,219600000.0,-153300000,2282300000,,3400000.0,,19500000,,30900000,,4775400000,1513400000,,,15200000.0,,,6000000.0,,,,,,,,,353800000,-39500000.0,,,,,,0.01,1000000000,199434219,,2000000,88600000.0,0.0,88600000,,4800000.0,82300000.0,,24800000.0,,11400000.0,387700000,,,,,82300000.0,,4600000,,,2800000.0,,,,,,1100000.0,,,,,,,,,,,,,,248300000.0,,,,,,,,,2700000.0,,,,0.21,,0.2,0.356,0.21,,,,,,,,,,,,,,10500000.0,,86400000,28100000.0,0.0,,,,,,,,,,,,,,,,,,,,615700000,125100000.0,,125100000.0,125100000.0,125100000.0,125100000.0,-2600000,,,1200000.0,-2600000,,1308300000,63600000.0,,,,0.0,,17100000,231900000,,,,,65800000.0,,,,,,,,,,23400000,13800000,,,8400000,2000000,42900000,12300000,-10000000,,2064900000,1449200000,26000000,25700000,900000.0,86000000,553800000,-13400000,,567200000,388100000,79700000,,,,,,,,,,,,3207700000,4775400000,611100000,,,2034000000,21100000,2055100000,,,,,,,,,,,,-8200000.0,-102000000.0,,60200000.0,,42400000,0.0,,,,,,3.0,,42200000.0,89800000,,,,,,,,,,,,,,,59200000,50800000,138100000,1200000.0,-400000,1600000.0,15100000.0,11400000.0,3700000.0,,0.0,,,43600000.0,,,,,,0.0,46200000,-2600000.0,4300000.0,1700000.0,214100000,,2000000,,1400000.0,,,6200000,7200000.0,,,,,94900000.0,10100000,0.0,,,100200000,,,,,,,,,0.0,3000000.0,,3300000.0,42400000.0,,365300000,,,-4000000.0,5300000,,,,,0,,15500000.0,4100000,200000.0,,100000.0,-535700000,619600000.0,,,,,106900000,300000.0,3400000,,,,0,,24300000.0,,24300000,1300000,5400000,6100000,,1567700000,,,,,,,,48200000,2208106.0,27600000.0,,,,,,,,,,,,,209900000,201600000,,,,,,,,,,,,,,,,,,,,,,,,,,,
2018-08-03,False,199119721.0,,310900000,495500000,7100000,252600000,227000000.0,-213400000,2278300000,,1800000.0,,19400000,,31500000,,4604600000,1445600000,,,22600000.0,,,3100000.0,,,,,,,,,337800000,-55500000.0,,,,,,0.01,1000000000,200741094,,2000000,200000.0,0.0,200000,,8100000.0,80700000.0,,25600000.0,22800000.0,,418900000,,,,,,,4200000,,,9200000.0,,,,,,1100000.0,,,,,,,,,,,,,,259700000.0,,,,,,,,,5000000.0,,,,0.3,,0.29,0.222,0.21,,,,,,,,,,,,,,-4100000.0,,74400000,25900000.0,0.0,,,,,,,,,,,,,,,,,,,,629500000,123700000.0,,123700000.0,123700000.0,123700000.0,123700000.0,2400000,,,0.0,2400000,-200000.0,1276200000,72300000.0,,,,0.0,,-23700000,249300000,,,,,77500000.0,,,,,,,,,,17200000,62400000,,,45300000,-42700000,46800000,11000000,-43200000,,2021800000,1392300000,26100000,51700000,500000.0,81200000,542200000,-13400000,,555600000,380500000,80500000,,,,,,,,,,,,3035500000,4604600000,571400000,,,1903500000,7900000,1911400000,,,,,,,,,,,,-114500000.0,-131400000.0,,194500000.0,,60300000,0.0,,,,,,3.0,,-20700000.0,101400000,,,,,,,,,,,,,,,55700000,56700000,135500000,-3300000.0,-2700000,-600000.0,6200000.0,4700000.0,1500000.0,,0.0,,,-48600000.0,,,,,,0.0,-60100000,11500000.0,600000.0,900000.0,207400000,,2400000,,2100000.0,,,9200000,12600000.0,0.0,0.0,,,113600000.0,20900000,0.0,,,93500000,,,,,0.0,,,,0.0,3100000.0,,5200000.0,60300000.0,,353900000,,,-6800000.0,110500000,,,,,0,,11200000.0,2300000,200000.0,,800000.0,-475400000,668200000.0,88100000.0,,,,115800000,0.0,5200000,0.0,0.02,,0,,23900000.0,,23900000,-700000,5200000,5500000,,1569100000,,,,,,,,15100000,1645910.0,22400000.0,,,,,,,,,,,,,209600000,201800000,,,,,,,,,,,,,,,,,,,,,,,,,,,
2018-10-29,False,198762737.0,,320000000,525000000,7000000,258900000,238700000.0,-226400000,2280800000,,900000.0,,19100000,,31000000,,4516400000,1407500000,,,25300000.0,,,4100000.0,,,,,,,,,269000000,-124300000.0,,,,,,0.01,1000000000,200876956,,2000000,59200000.0,0.0,59200000,,13900000.0,90500000.0,,29600000.0,33900000.0,,426900000,,,,,,,3700000,,,27500000.0,,,,,,1100000.0,,,,,,,,,,,,,,279300000.0,,,,,,,,,7300000.0,,2.0,,0.36,,0.35,0.238,0.21,,,,,,,,,,,,,,-7200000.0,,67700000,22800000.0,0.0,,,,,,,,,,,,,,,,,,,,656400000,124200000.0,,124200000.0,124200000.0,124200000.0,124200000.0,800000,,,-100000.0,800000,-900000.0,1268400000,72300000.0,,,,0.0,,-31500000,262400000,,,,,94800000.0,,,,,,,,,,22600000,80800000,,,57200000,-34100000,44700000,33000000,-10500000,,2013200000,1356800000,24400000,75200000,700000.0,84000000,536700000,-13400000,,550100000,368100000,84600000,,,,,,,,,,,,2893000000,4516400000,586800000,,,1747400000,7900000,1755300000,,,,,,,,,,,,-272800000.0,-142600000.0,,298300000.0,,72200000,0.0,,,,,,3.0,,-37000000.0,117700000,,,,,,,,,,,,,,,53600000,63400000,135700000,-1000000.0,-900000,-100000.0,5800000.0,4400000.0,1400000.0,,0.0,,,-10400000.0,,,,,,0.0,-13000000,2600000.0,6000000.0,,189000000,,2400000,300000.0,,,,16700000,,0.0,0.0,,,113600000.0,32100000,0.0,,,90500000,,,0.0,,0.0,,0.0,,0.0,3100000.0,,6300000.0,72200000.0,,346900000,,,-10100000.0,262400000,,,,,5400000,,,6400000,,,,-403200000,689300000.0,168000000.0,,,,107700000,,6100000,0.0,0.02,,0,,24500000.0,,24500000,-100000,6200000,6900000,,1623400000,,,250000000.0,,,,,15500000,1937480.0,29800000.0,,,,,,,,,,,,,209100000,201900000,,,,,,,,,,,,,,,,,,,,,,,,,,,
2019-02-27,True,198884808.0,3155600000.0,340000000,525400000,6900000,248500000,250000000.0,-247000000,2282700000,,2800000.0,17400000.0,17400000,2200000.0,125800000,,4487100000,1331200000,,140800000.0,108000000.0,,,10000000.0,0.0,,,,,,,,221200000,-172100000.0,,,,,,0.01,1000000000,201051291,198169855.0,2000000,221900000.0,0.0,221900000,34200000.0,19600000.0,69600000.0,,29000000.0,44800000.0,,1677300000,300000.0,25600000.0,47800000.0,1500000.0,,14400000.0,3300000,-8500000.0,,4000000.0,344700000.0,,-700000.0,153000000.0,,1300000.0,22700000.0,8400000.0,,100000.0,53300000.0,16900000.0,700000.0,51000000.0,,72500000.0,264200000.0,9300000.0,304800000.0,265500000.0,5800000.0,,19200000.0,5600000.0,1400000.0,269900000.0,15900000.0,180400000.0,9800000.0,,,,1.34,,1.29,0.229,0.21,0.012,0.043,0.003,,0.022,0.0,0.03,-0.01,0.005,0.003,,,,-8600000.0,,62900000,,0.0,390800000.0,,,,,,,,,,,,,,,,,,,686100000,119500000.0,,119500000.0,119500000.0,119500000.0,119500000.0,1900000,40100000.0,1100000.0,1100000.0,1900000,-1100000.0,1289500000,97900000.0,,,,0.0,,-36000000,1012500000,0.0,0.0,,169000000.0,349500000.0,180500000.0,,,,,,,,,80100000,103100000,,114000000.0,69600000,-38900000,13000000,41300000,-13200000,,2054500000,1368400000,99600000,98500000,300000.0,83400000,510700000,-13200000,200000.0,523900000,369200000,58100000,35000000.0,,,,,,,,,,133100000.0,2811100000,4487100000,596400000,,,1664200000,7900000,1672100000,1634300000.0,6900000.0,8000000.0,7800000.0,7700000.0,7400000.0,275900000.0,,,,,-373000000.0,-235000000.0,,444500000.0,,269400000,0.0,,7.0,,4.0,,3.0,,-60400000.0,443000000,,,,,,,31700000.0,25800000.0,5400000.0,7700000.0,13900000.0,19500000.0,9400000.0,,57400000,60700000,140100000,,4600000,,,18100000.0,,,0.0,,,-36700000.0,,,,,,0.0,-47500000,10800000.0,9100000.0,1400000.0,190200000,,7200000,,,1400000.0,,40700000,,0.0,0.0,,,186300000.0,52200000,0.0,2100000.0,,94800000,0.75,0.25,0.0,0.0,,0.0,0.0,,-100000.0,3500000.0,,6800000.0,269400000.0,606600000.0,356600000,18900000.0,1800000.0,-12900000.0,337600000,,24000000.0,3400000.0,,12700000,,,10100000,,,,-308700000,2689800000.0,,,,,434600000,,2800000,0.0,0.02,,0,,23900000.0,,23900000,-600000,24600000,25600000,,1676000000,,,250000000.0,,,,,24300000,2881436.0,53000000.0,,200000000.0,11500000.0,600000.0,0.0,0.0,900000.0,0.0,500000.0,0.0,500000.0,11500000.0,209100000,201600000,,,,,,,,,,,,,,,,,,,,,,,,,,,
2019-04-30,False,201978589.0,,342400000,509900000,6400000,265900000,256400000.0,-253200000,2289300000,,7500000.0,,17900000,,31400000,2500000.0,4566800000,1398300000,,,25800000.0,,,4500000.0,,800000.0,1400000.0,1200000.0,1100000.0,1000000.0,20700000.0,,263700000,42500000.0,,,,,,0.01,1000000000,203299647,,2000000,,,49100000,,24800000.0,64300000.0,,,11800000.0,,389800000,,,,,,,3000000,,,-5100000.0,,,,,,1200000.0,,,,,,,,,,,,,,263800000.0,,,,,,,,,2300000.0,,9.0,,0.23,,0.23,0.203,,,,,,,,,,,,,,,5700000.0,,62700000,,,,400000.0,400000.0,26100000.0,900000.0,25200000.0,41100000.0,28800000.0,,2700000.0,2600000.0,2600000.0,2500000.0,1900000.0,15000000.0,200000.0,25000000.0,400000.0,0.063,714700000,122900000.0,,122900000.0,122900000.0,122900000.0,122900000.0,-3100000,,,-100000.0,-3100000,,1283300000,,,,,0.0,,-6200000,230500000,,,,,59100000.0,,,,,,,,,,12000000,13500000,,,8800000,15500000,33500000,25600000,-5400000,,2050000000,1335300000,22400000,21100000,700000.0,82900000,541900000,-13200000,,555100000,400500000,58500000,,64600000.0,9100000.0,,5100000.0,7700000.0,11400000.0,16300000.0,15000000.0,3200000.0,,2829100000,4566800000,616200000,,,1622300000,7900000,1630200000,,,,,,,,,,,,-17300000.0,-14700000.0,,68800000.0,,47100000,,,,,,,3.0,,-1200000.0,80200000,5400000.0,61400000.0,18300000.0,43100000.0,5400000.0,61300000.0,,25800000.0,5400000.0,7700000.0,13900000.0,19500000.0,9400000.0,0.024,60800000,69600000,199200000,-100000.0,-200000,100000.0,1300000.0,1900000.0,-600000.0,,,,,5900000.0,,,,,,,2000000,3900000.0,11200000.0,,234900000,,1300000,-1200000.0,,,100000.0,8500000,,,,,,500000.0,14100000,,,,91900000,,,,,,,,,,,,18100000.0,,,349500000,,,-3200000.0,26900000,,,,,2000000,,,8700000,,,,-253400000,620300000.0,,,,,107700000,,7500000,,,,0,200000.0,21800000.0,,21800000,100000,8800000,6800000,,1737700000,,,,,,,,28600000,2435272.0,47000000.0,,,,,,,,,,,,,207700000,201600000,,,,,,,,,,,,,,,,,,,,,,,,,,,
2019-08-02,False,204099619.0,,331800000,498600000,6800000,251500000,269100000.0,-258900000,2287900000,,6000000.0,,18200000,,30900000,1800000.0,4594300000,1463900000,,,29200000.0,,,3800000.0,,800000.0,1400000.0,1200000.0,1100000.0,1000000.0,20700000.0,,317500000,,317500000.0,96300000.0,,,,0.01,1000000000,205676965,,2100000,,,39200000,,26000000.0,60600000.0,,,22800000.0,,394700000,,,,,,,9000000,,,6500000.0,,,,,,1100000.0,,,,,,,,,,,,,,272900000.0,,,,,,,,,4800000.0,,8.0,,0.22,,0.21,0.156,,,,,,,,,,,,,,,,6800000.0,64400000,,,,400000.0,800000.0,25900000.0,1000000.0,24900000.0,40500000.0,28800000.0,,2700000.0,2600000.0,2600000.0,2500000.0,1300000.0,14600000.0,400000.0,24600000.0,300000.0,0.063,746100000,123200000.0,,123200000.0,123200000.0,123200000.0,123200000.0,-600000,,,400000.0,-600000,-200000.0,1284900000,,,,,0.0,,-4600000,234400000,,,,,53200000.0,,,,,,,,,,8300000,31500000,,,-800000,-900000,35000000,56100000,-17200000,,2049900000,1303800000,22400000,42500000,700000.0,81100000,544400000,-13200000,,557600000,403400000,59900000,,60600000.0,9200000.0,,5300000.0,8000000.0,11700000.0,16600000.0,9800000.0,3000000.0,,2809000000,4594300000,591300000,,,1623500000,8000000,1631500000,,,,,,,,,,,,-16100000.0,-24500000.0,,130100000.0,,44900000,,,,,,,3.0,,-10400000.0,74600000,5600000.0,57600000.0,17500000.0,40100000.0,10900000.0,57300000.0,,25800000.0,5400000.0,7700000.0,13900000.0,19500000.0,9400000.0,0.024,57600000,90200000,195500000,-1300000.0,-1200000,-100000.0,-700000.0,-500000.0,-200000.0,,,,,-8000000.0,,,,,,,-5700000,-2300000.0,25300000.0,,230200000,,1200000,-100000.0,,2000000.0,,17100000,,,300000.0,,,500000.0,24700000,,,,91100000,,,,,,,,,,700000.0,,32100000.0,,,345100000,,,-6700000.0,28800000,,,,,800000,,,5800000,,,,-208400000,629100000.0,,,,,103600000,,13600000,,,,0,300000.0,23400000.0,,23400000,-100000,6300000,7800000,,1785300000,,,,,,,,21500000,1752448.0,37400000.0,,,,,,,,,,,,,208900000,203400000,,,,,,,,,,,,,,,,,,,,,,,,,,,
2019-10-30,False,204632831.0,,336600000,458400000,6700000,251500000,275900000.0,-302500000,2294300000,,-200000.0,,17000000,,30400000,1800000.0,4553800000,1494100000,,,21500000.0,,,4100000.0,,800000.0,1400000.0,1200000.0,1100000.0,1000000.0,20700000.0,,406400000,,406400000.0,185200000.0,,,,0.01,1000000000,206245423,,2100000,,,-2300000,,27500000.0,64900000.0,,,33300000.0,,375200000,,,,,,,8600000,,,1300000.0,,,,,,1100000.0,,,,,,,,,,,,,,274000000.0,,,,,,,,,7000000.0,,8.0,,0.2,,0.2,0.179,,,,,,,,,,,,,,,,-900000.0,52800000,,,,400000.0,1200000.0,25700000.0,1000000.0,24700000.0,39900000.0,28800000.0,,2700000.0,2600000.0,2600000.0,2600000.0,600000.0,14200000.0,600000.0,24300000.0,400000.0,0.063,761600000,122600000.0,,122600000.0,122600000.0,122600000.0,122600000.0,600000,,,-200000.0,600000,0.0,1266000000,8300000.0,,,,0.0,,-31800000,221500000,,,,,50300000.0,,,,,,,,,,9000000,53800000,,,9700000,-10900000,26200000,60200000,-47700000,,2027900000,1266300000,23200000,64000000,700000.0,77800000,526100000,-13200000,,539300000,390500000,57800000,,57900000.0,9500000.0,,5800000.0,8500000.0,12400000.0,16900000.0,4800000.0,2700000.0,,2763300000,4553800000,595800000,,,1593800000,7700000,1601500000,,,,,,,,,,,,-13100000.0,-45100000.0,,244300000.0,,41300000,,,,,,,3.0,,-57900000.0,72900000,5100000.0,55200000.0,16600000.0,38600000.0,16000000.0,54700000.0,,25800000.0,5400000.0,7700000.0,13900000.0,19500000.0,9400000.0,0.023,71000000,90000000,192300000,-2300000.0,-1900000,-400000.0,4300000.0,3300000.0,1000000.0,,,,,-35400000.0,,,,,,,-43600000,8200000.0,22900000.0,,214100000,,600000,100000.0,,2000000.0,,17300000,,,300000.0,,,12000000.0,33800000,,,,85600000,,,,,,,,,,700000.0,,37300000.0,,,334000000,,,-10600000.0,30800000,,,,,8100000,,,7000000,,,,-167100000,596700000.0,,,6300000.0,,95300000,,13400000,,,,0,400000.0,22700000.0,,22700000,500000,8600000,8400000,,1790500000,,,,,,,,15800000,1701983.0,36300000.0,,,,,,,,,,,,,209000000,204200000,,,,,,,,,,,,,,,,,,,,,,,,,,,
2020-02-26,True,205211761.0,4560200000.0,322900000,459100000,6600000,244100000,298400000.0,-256000000,2302000000,,19200000.0,18400000.0,18400000,2400000.0,124300000,1800000.0,4628400000,1543900000,,135000000.0,137600000.0,,,4800000.0,0.0,800000.0,1400000.0,1200000.0,1100000.0,1000000.0,20700000.0,,505500000,,505500000.0,284300000.0,,,,0.01,1000000000,206767529,205065744.0,2100000,158300000.0,0.0,158300000,32200000.0,29000000.0,51700000.0,,,44300000.0,,1540200000,,6300000.0,45200000.0,900000.0,,-13200000.0,8100000,-7900000.0,3000000.0,-21300000.0,319400000.0,251000000.0,500000.0,139200000.0,,,28400000.0,5200000.0,0.0,,52200000.0,19300000.0,,34100000.0,,67900000.0,248100000.0,9300000.0,280900000.0,,1800000.0,4100000.0,15500000.0,7800000.0,2300000.0,310200000.0,19500000.0,178100000.0,9500000.0,,,,0.78,,0.76,0.167,0.21,0.025,0.0,0.0,,0.013,,0.091,-0.01,0.0,0.014,,-0.003,50500000.0,,6800000.0,60700000,,100000.0,371300000.0,1600000.0,1600000.0,17900000.0,700000.0,17200000.0,28100000.0,18700000.0,,2000000.0,1900000.0,1900000.0,1800000.0,1800000.0,10200000.0,900000.0,16900000.0,1400000.0,0.063,732600000,112500000.0,,112500000.0,112500000.0,112500000.0,112500000.0,-8100000,40900000.0,-800000.0,-800000.0,-8100000,-200000.0,1287700000,8300000.0,,,,0.0,,-10100000,911700000,0.0,0.0,,0.0,190900000.0,190900000.0,,,,,,,,,31800000,61600000,,,-9200000,-26100000,-18700000,42500000,-54700000,,1987600000,1255000000,88900000,85600000,700000.0,71400000,489500000,-13000000,200000.0,502500000,370500000,47600000,33700000.0,61200000.0,7800000.0,,5200000.0,6900000.0,9700000.0,13600000.0,18000000.0,3100000.0,131200000.0,2758500000,4628400000,574600000,,,1603800000,7600000,1611400000,13500000.0,7600000.0,1575000000.0,7900000.0,7800000.0,7700000.0,294900000.0,,,,,-11500000.0,-54300000.0,,343300000.0,,159100000,0.0,,7.0,,2.0,,3.0,,-14400000.0,275300000,20400000.0,58100000.0,17100000.0,41000000.0,20300000.0,53800000.0,,25800000.0,5400000.0,7700000.0,13900000.0,19500000.0,9400000.0,0.023,63700000,76800000,212200000,,6500000,,,7200000.0,,,,,,3000000.0,,,,,,0.0,-800000,3800000.0,75700000.0,,229400000,,4700000,-1800000.0,,2300000.0,,18600000,,0.0,500000.0,,,12000000.0,43200000,0.0,2200000.0,,99700000,0.74,0.26,0.0,,,0.0,0.0,,0.0,900000.0,,42700000.0,159100000.0,625000000.0,326600000,19600000.0,3600000.0,-13600000.0,32800000,,25000000.0,3400000.0,,17100000,3300000.0,,5000000,,,,-141400000,2451900000.0,,,8000000.0,,436400000,,19200000,0.0,0.02,,0,1700000.0,22700000.0,,22700000,100000,31900000,30800000,,1869900000,,,250000000.0,72500000.0,96500000.0,69000000.0,95300000.0,22500000,1701785.0,36800000.0,,,12500000.0,600000.0,0.0,0.0,1300000.0,0.0,400000.0,600000.0,0.0,12500000.0,208900000,203500000,,,,,,,,,,,,,,,,,,,,,,,,,,,
2020-05-15,False,416592698.0,,764600000,1027500000,8800000,589700000,310100000.0,-344100000,9241500000,,3500000.0,,49100000,,55200000,2500000.0,15358300000,2929400000,,,,,,4400000.0,,,,,,,,,555700000,,555700000.0,50200000.0,,,,0.01,1000000000,418217918,,4200000,-124900000.0,-4000000.0,-128900000,,54200000.0,166200000.0,162100000.0,,15000000.0,,555400000,,,,,,,41400000,,34700000.0,-1100000.0,,1111100000.0,,,,,,,,,,,,,,,,,,,,,,,,,,,2100000.0,615000000.0,,,-0.13,,-0.13,0.615,,,,,,,,,,,,,,,,-9400000.0,131600000,,,,,,,,,,,,,,,,,,,,,,776300000,275000000.0,350000000.0,315000000.0,275000000.0,275000000.0,275000000.0,-2600000,,,0.0,-2600000,-2000000.0,5503400000,4278200000.0,,,,0.0,,-62500000,244500000,,,,,-95700000.0,,,,,,,,,,-58900000,12400000,,,105600000,-79100000,23600000,-27100000,4100000,,6456000000,5679700000,27100000,25900000,,303400000,1075100000,-13000000,,1088100000,651800000,119900000,,,,,,,,,,,,6602800000,15358300000,1390000000,,,3427100000,35700000,3462800000,,,,,,,,69300000.0,,,,-41900000.0,33100000.0,,68400000.0,,-36800000,0.0,,,,,,4.0,,-92600000.0,-66800000,,,47100000.0,,,,,,,,,,,,148800000,258100000,382100000,-3500000.0,-2900000,-600000.0,1600000.0,1200000.0,400000.0,,-4000000.0,,,-84400000.0,,,,-92200000.0,,-4000000.0,-88100000,3700000.0,100700000.0,,405300000,,200000,-1500000.0,,700000.0,,800000,,,37500000.0,1000000.0,,-41300000.0,8300000,,,,269300000,,,,,,,1586000000.0,,,,,2700000.0,-36800000.0,,829000000,,,-4500000.0,1590600000,,,,,41600000,,,28400000,,,,-179200000,799900000.0,,,1000000.0,,155400000,,3500000,,,,0,,53000000.0,31300000.0,53000000,500000,8600000,8100000,8686200000.0,8755500000,,,,,,,,18700000,1659263.0,36200000.0,,,,,,,,,,,,,277300000,277300000,,,,,,,,,,,,,,,,,,,,,,,,,,,
2020-06-05,False,,,322900000,459100000,6600000,244100000,298400000.0,-256000000,2302000000,,19200000.0,18400000.0,18400000,2400000.0,124300000,1800000.0,4628400000,1543900000,,135000000.0,137600000.0,,,4800000.0,0.0,800000.0,1400000.0,1200000.0,1100000.0,1000000.0,20700000.0,,505500000,,505500000.0,284300000.0,,,,0.01,1000000000,206767529,205065744.0,2100000,158300000.0,0.0,158300000,32200000.0,29000000.0,51700000.0,,,44300000.0,,1540200000,,6300000.0,45200000.0,900000.0,,-13200000.0,8100000,-7900000.0,3000000.0,-21300000.0,319400000.0,251000000.0,500000.0,139200000.0,,,28400000.0,5200000.0,0.0,,52200000.0,19300000.0,,34100000.0,,67900000.0,248100000.0,9300000.0,280900000.0,,1800000.0,4100000.0,15500000.0,7800000.0,2300000.0,310200000.0,19500000.0,178100000.0,9500000.0,,,,0.78,,0.76,0.167,0.21,0.025,0.0,0.0,,0.013,,0.091,-0.01,0.0,0.014,,-0.003,50500000.0,,6800000.0,60700000,,100000.0,371300000.0,1600000.0,1600000.0,17900000.0,700000.0,17200000.0,28100000.0,18700000.0,,2000000.0,1900000.0,1900000.0,1800000.0,1800000.0,10200000.0,900000.0,16900000.0,1400000.0,0.063,732600000,112500000.0,,112500000.0,112500000.0,112500000.0,112500000.0,-8100000,40900000.0,-800000.0,-800000.0,-8100000,-200000.0,1287700000,8300000.0,,,563900000.0,0.0,,-10100000,911700000,0.0,0.0,,0.0,190900000.0,190900000.0,,,,,,,,,31800000,61600000,,,-9200000,-26100000,-18700000,42500000,-54700000,,1987600000,1255000000,88900000,85600000,700000.0,71400000,489500000,-13000000,200000.0,502500000,370500000,47600000,33700000.0,61200000.0,7800000.0,,5200000.0,6900000.0,9700000.0,13600000.0,18000000.0,3100000.0,131200000.0,2758500000,4628400000,574600000,,,1603800000,7600000,1611400000,13500000.0,7600000.0,1575000000.0,7900000.0,7800000.0,7700000.0,294900000.0,,,,,-11500000.0,-54300000.0,,343300000.0,,159100000,0.0,,7.0,,2.0,,3.0,,-14400000.0,275300000,20400000.0,58100000.0,17100000.0,41000000.0,20300000.0,53800000.0,,25800000.0,5400000.0,7700000.0,13900000.0,19500000.0,9400000.0,0.023,63700000,76800000,212200000,,6500000,,,7200000.0,,,,,,3000000.0,,,,,,0.0,-800000,3800000.0,75700000.0,,229400000,,4700000,-1800000.0,,2300000.0,,18600000,,0.0,500000.0,,,12000000.0,43200000,0.0,2200000.0,,99700000,0.74,0.26,0.0,,,0.0,0.0,,0.0,900000.0,,42700000.0,159100000.0,625000000.0,326600000,19600000.0,3600000.0,-13600000.0,32800000,,25000000.0,3400000.0,,17100000,3300000.0,,5000000,,,,-141400000,2451900000.0,,,8000000.0,,436400000,,19200000,0.0,0.02,,0,1700000.0,22700000.0,,22700000,100000,31900000,30800000,,1869900000,,,250000000.0,72500000.0,96500000.0,69000000.0,95300000.0,22500000,1701785.0,36800000.0,,,12500000.0,600000.0,0.0,0.0,1300000.0,0.0,400000.0,600000.0,0.0,12500000.0,208900000,203500000,,,,,,,,,,,,,,,,,,,,,,,,,,,
2020-08-04,False,417059081.0,,683500000,922200000,9200000,754900000,335200000.0,-293200000,9256500000,,12700000.0,,65600000,,114600000,3800000.0,15433300000,3326800000,,,,,,3100000.0,,,,,,,,,1173600000,,1173600000.0,668100000.0,,,,0.01,1000000000,418592336,,4200000,-126700000.0,700000.0,-126000000,,53200000.0,163400000.0,159900000.0,,41700000.0,,904400000,,,,,,,45000000,,13700000.0,25100000.0,,913300000.0,,,,,,,,,,,,,,,,,,,,,,,,,,,5300000.0,615000000.0,,,-0.43,,-0.43,-1.187,,,,,,,,,,,,,,,,-1900000.0,160900000,,,,,,,,,,,,,,,,,,,,,,964200000,330000000.0,370000000.0,360000000.0,330000000.0,330000000.0,330000000.0,-5200000,,,,-5200000,0.0,6055100000,4784100000.0,,,,0.0,,-16700000,360000000,,,,,-80700000.0,,,,,,,,,,95800000,30500000,,,26500000,98700000,7800000,26000000,-111500000,,5812900000,4848700000,30800000,54200000,,272500000,1013400000,-13000000,45900000.0,1026400000,654200000,86700000,,,,,,,,,,,,6791500000,15433300000,1478200000,,,3816700000,39800000,3856500000,,,,,,,,66900000.0,,,,336900000.0,17300000.0,,315800000.0,,-177600000,1100000.0,,,,,,4.0,,-48200000.0,-52200000,,,39400000.0,,,,,,,,,,,,144400000,204600000,357000000,-400000.0,-500000,100000.0,7300000.0,5500000.0,1800000.0,,-400000.0,,,49600000.0,,,,44900000.0,,-400000.0,50900000,-1300000.0,49900000.0,,312200000,-14500000.0,2300000,-1100000.0,,700000.0,,1300000,,,46600000.0,1000000.0,,-41300000.0,25400000,,,,271100000,,,,,,,1980100000.0,,-800000.0,,,6800000.0,-176500000.0,,832000000,,,-11000000.0,1599600000,,,,,30600000,,,29400000,,,,-356800000,1264400000.0,,,16900000.0,,247700000,,16200000,,,,0,,53900000.0,0.0,53900000,-400000,2200000,2700000,8574900000.0,8641800000,,,,,,,,167000000,1633875.0,35800000.0,,,,,,,,,,,,,417000000,417000000,,,,,,,,,,,,,,,,,,,,,,,,,,,
2020-11-03,False,417655630.0,,624700000,934600000,8900000,761000000,361900000.0,-147400000,9277000000,,12800000.0,,66500000,,114200000,5600000.0,15610500000,3459800000,,,,4000000.0,518700000.0,3500000.0,,,,,,,,9400000.0,1313300000,,1313300000.0,807800000.0,,,0.0,0.01,1000000000,419174020,,4200000,175300000.0,4200000.0,179500000,,53000000.0,168800000.0,165300000.0,,64900000.0,,853200000,,,,,,,43800000,,9600000.0,,,905200000.0,,,,,,,,,,,,,,,,,,,,,,,,,,,10700000.0,615000000.0,,,0.07,,0.07,0.378,,,,,,,,,,,,,,,,9900000.0,194500000,195100000.0,,,,,17500000.0,,,,,,,,,,,,,,,,1097500000,,89400000.0,,,,,-6200000,,,,-6200000,0.0,6205700000,4876000000.0,,,,0.0,,42000000,482000000,19900000.0,,,,48100000.0,,,,,,,,,,18200000,73900000,,,-46700000,59800000,-94800000,13300000,-108500000,,5881400000,4783900000,28800000,79900000,,271100000,994400000,-13000000,45900000.0,1007400000,625800000,97500000,,,,,,,,,,,,6780600000,15610500000,1425800000,,,3837200000,40100000,3877300000,,,,,,,,58200000.0,,,,317900000.0,-22500000.0,,502500000.0,,29500000,400000.0,,,,,,4.0,,93000000.0,74300000,,,51200000.0,,,,,,,,,,,,125900000,204500000,343600000,1600000.0,1000000,600000.0,,,,135300000.0,3800000.0,142600000.0,-7300000.0,139200000.0,4200000.0,5500000.0,1300000.0,142600000.0,,3800000.0,145800000,-6600000.0,28000000.0,,337000000,-14500000.0,2600000,-600000.0,4400000.0,700000.0,,1400000,59400000.0,,47400000.0,1000000.0,,12000000.0,33500000,,,,275400000,,,,,,,1980100000.0,,-300000.0,1600000.0,,12700000.0,29900000.0,,807900000,,,-15600000.0,1609200000,,,,350000000.0,12200000,,22900000.0,22900000,,7500000.0,-400000.0,-327300000,1335200000.0,,,21000000.0,,245600000,72500000.0,29000000,,,,0,,,0.0,53200000,-800000,11900000,10400000,8771700000.0,8829900000,,,,,,,,148000000,1590299.0,34800000.0,,,,,,,,,,,,,422000000,417600000,,,,,,,,,,,,,,,,,,,,,,,,,,,
2021-02-26,True,418764695.0,10500000000.0,671100000,966600000,13700000,787100000,373300000.0,14200000,9310300000,57500000.0,51300000.0,67600000.0,67600000,6200000.0,395800000,4400000.0,16058600000,3862100000,,341400000.0,105800000.0,,516500000.0,4000000.0,,,,,,,,,1750900000,,1750900000.0,1245400000.0,,,,0.01,1000000000,420123978,418627809.0,4200000,236900000.0,-500000.0,236400000,38500000.0,60500000.0,176500000.0,172800000.0,,105100000.0,,3296800000,,27700000.0,79500000.0,10200000.0,,-53400000.0,41400000,-45500000.0,16100000.0,-104400000.0,1090900000.0,875700000.0,-5500000.0,372600000.0,12300000.0,,102700000.0,13500000.0,18000000.0,,74600000.0,62600000.0,,76900000.0,12000000.0,141300000.0,859600000.0,25100000.0,972600000.0,,0.0,0.0,60700000.0,32500000.0,2300000.0,679800000.0,40400000.0,,,,,,-0.09,,-0.09,-0.67,0.21,-0.113,0.0,-0.304,,-0.308,,-0.194,-0.202,-0.409,-0.235,-0.161,-0.003,50500000.0,,40300000.0,230500000,,,646800000.0,1100000.0,1100000.0,17200000.0,700000.0,16500000.0,26300000.0,16700000.0,1800000.0,2000000.0,2000000.0,1900000.0,1900000.0,,9100000.0,700000.0,15700000.0,1200000.0,0.064,1080600000,340000000.0,,240000000.0,320000000.0,320000000.0,340000000.0,-20900000,57300000.0,,0.0,-20900000,-2000000.0,6303600000,4904600000.0,,,,0.0,,111300000,1613400000,19900000.0,,,-129100000.0,-19400000.0,109700000.0,,,,,,,,,13000000,106300000,,,-13300000,137200000,-170800000,10900000,-100300000,,5813200000,4732600000,111100000,98700000,,258400000,934800000,-8800000,50100000.0,943600000,587800000,88600000,66800000.0,166800000.0,13700000.0,60100000.0,8300000.0,16100000.0,29400000.0,39200000.0,,7600000.0,296800000.0,6869100000,16058600000,1498600000,,,3859100000,40400000,3899500000,3747300000.0,40400000.0,40800000.0,40700000.0,40600000.0,40500000.0,666600000.0,69800000.0,,14900000.0,,328700000.0,-37900000.0,,914300000.0,,-33300000,900000.0,11900000.0,,4.0,,80.0,4.0,,254100000.0,85700000,49700000.0,159200000.0,57400000.0,101800000.0,60200000.0,157900000.0,,,,,,,,0.02,136100000,201000000,346900000,,8900000,,,,,,-1400000.0,,,255800000.0,10900000.0,,,268200000.0,268800000.0,-1400000.0,270200000,-14400000.0,217200000.0,,360700000,-14700000.0,8000000,-6100000.0,8200000.0,1100000.0,,2100000,77300000.0,,47800000.0,1000000.0,,-9000000.0,48700000,14900000.0,17900000.0,269100000.0,275000000,0.69,0.31,,,,,1980100000.0,11900000.0,0.0,1800000.0,,22700000.0,-32400000.0,1170600000.0,797300000,,24100000.0,-16100000.0,1619100000,,71000000.0,3100000.0,,92900000,9200000.0,17500000.0,17500000,,,1000000.0,-175700000,4910200000.0,,,171600000.0,,894800000,75500000.0,51300000,0.0,0.02,9.29,0,2200000.0,54100000.0,31300000.0,54100000,-1800000,30500000,28800000,9119700000.0,9189500000,7010300000.0,20100000.0,250000000.0,72500000.0,96500000.0,,,118700000,1496169.0,33300000.0,2100000.0,,27800000.0,600000.0,0.0,0.0,2300000.0,16800000.0,2000000.0,0.0,3500000.0,27800000.0,382800000,382800000,200000.0,,,,,,,,,,,,,,,,,,,,,,,,,,
2021-04-30,False,419452801.0,,674200000,978100000,13400000,754800000,310600000.0,-84400000,9337800000,23900000.0,24100000.0,,50600000,1500000.0,93700000,900000.0,15861900000,4153900000,504400000.0,,,,,3400000.0,,,,,,,,41300000.0,1639600000,,1639600000.0,-111300000.0,-300000.0,-300000.0,0.0,0.01,1000000000,420864854,,4200000,-189000000.0,-800000.0,-189800000,,55100000.0,192600000.0,188900000.0,,25300000.0,,854400000,,,,,,,39400000,,16500000.0,-4800000.0,,871400000.0,,,,,,,,,,,,,,,,,,,,,,,,,,,,615000000.0,,0.0,-0.22,,-0.21,0.136,,,,,,,,,,,,,,,,-17600000.0,197300000,175500000.0,,,,,17800000.0,,,,,,,,,,,,,,,,1023900000,,,,,,,18100000,,,,18100000,0.0,6154900000,87000000.0,,,,,,-40900000,515400000,,,111300000.0,,129100000.0,,111600000.0,0.27,0.26,-201700000.0,-201700000.0,-0.48,-0.47,,17500000,26700000,,,31400000,-8100000,56100000,21600000,53600000,,5523000000,4499100000,23100000,19900000,,244400000,823700000,-8800000,,832500000,509700000,69600000,,,,,,,,,,,,6836200000,15861900000,1536300000,66700000.0,0.0,3823200000,40600000,3863800000,,,,,,,,69000000.0,,,-600000.0,-7800000.0,,-207900000.0,,122600000.0,-90400000,300000.0,,,3.0,,,,3.0,-99600000.0,149700000,,,47600000.0,,,,,,,,,,,,136100000,199300000,323900000,-1500000.0,-1200000,-300000.0,,,,-107200000.0,-1100000.0,-99800000.0,-7400000.0,-105700000.0,0.0,0.0,0.0,-99800000.0,-99700000.0,-1100000.0,-98600000,-7100000.0,1300000.0,,339000000,400000.0,2500000,-1700000.0,0.0,0.0,,3000000,7600000.0,,0.0,0.0,202500000.0,,15000000,,,,266300000,,,,,,,0.0,,,9600000.0,,5100000.0,-90100000.0,,713600000,,400000.0,-1000000.0,9900000,,,,,2400000,,11900000.0,11900000,,,400000.0,-266100000,1369800000.0,,,,,270700000,2400000.0,23300000,,,,0,,,100000.0,51800000,400000,4800000,4400000,8956700000.0,9025700000,7010300000.0,4700000.0,,,,,,121200000,1495403.0,34800000.0,3000000.0,,,,,,,,,,,,425900000,419200000,,,,,,,,,,,,,,,,,,,,,,,,,,,
2021-07-30,False,420154805.0,,660800000,935800000,13400000,1053600000,326800000.0,-35500000,9376000000,30600000.0,29900000.0,,49300000,1700000.0,80300000,800000.0,16176700000,5712400000,73700000.0,,,,,,,,,,,,,41300000.0,3669900000,,3669900000.0,1919000000.0,1903800000.0,29500000.0,0.0,0.01,1000000000,421545797,,4200000,284300000.0,-500000.0,283800000,,52300000.0,190500000.0,189200000.0,,43300000.0,,766400000,,,,,,,37400000,,21200000.0,-81100000.0,,624500000.0,,,,,,,,,,,,,,,,,,,,,,,,,,,,615000000.0,,0.0,0.56,,0.55,0.083,,,,,,,,,,,,,,,,-6800000.0,191500000,132400000.0,,,,,17900000.0,,,,,,,,,,,,,,,,1074000000,,,,,,,-3400000,,,,-3400000,0.0,5637000000,76700000.0,,,,,,-22300000,512700000,,,137600000.0,,151500000.0,,138300000.0,0.33,0.32,96300000.0,96300000.0,0.23,0.23,-700000.0,12500000,150500000,,,80800000,2900000,80700000,78300000,73000000,,4799500000,3725500000,22700000,41600000,,210600000,788000000,-8800000,0.0,796800000,490400000,87000000,,,,,,,,,,,,6830300000,16176700000,1823000000,67900000.0,0.0,3823300000,40700000,3864000000,,,,,,,,68500000.0,,-2000000.0,1933300000.0,-10100000.0,,-232200000.0,,234800000.0,233900000,700000.0,,,5.0,,,,2.0,-50100000.0,140100000,,,40200000.0,,,,,,,,,,,,136700000,236200000,473400000,-1500000.0,-1300000,-200000.0,,,,51000000.0,-1200000.0,49100000.0,1900000.0,52500000.0,0.0,0.0,0.0,49100000.0,49200000.0,-1200000.0,50400000,2100000.0,25100000.0,,303800000,400000.0,34100000,400000.0,600000.0,0.0,,3200000,4200000.0,,0.0,0.0,215800000.0,,25900000,,,,255700000,,,,,,,0.0,,0.0,9500000.0,,12800000.0,234600000.0,,607200000,,1300000.0,-1900000.0,19700000,,,,,6800000,,14700000.0,14700000,,,-200000.0,-32200000,1279100000.0,,,,,267200000,6200000.0,43100000,,,,0,,,0.0,42000000,-300000,4100000,5400000,9277900000.0,9346400000,7009300000.0,7600000.0,,,,,,439300000,1479039.0,34600000.0,200000.0,,,,,,,,,,,,426800000,419900000,,,,,,,,,,,,,,,,,,,,,,,,,,,
2021-11-05,False,407584625.0,,632900000,927000000,13000000,932400000,343100000.0,-81300000,9386500000,22100000.0,21900000.0,,49900000,300000.0,80300000,700000.0,14922800000,4030900000,28000000.0,,,,,,,,,,,,,9400000.0,2033000000,,2033000000.0,282100000.0,1902500000.0,-600000.0,0.0,0.01,1000000000,423549003,,4200000,80200000.0,1000000.0,81200000,,59100000.0,217500000.0,216300000.0,,65500000.0,,810700000,,,,,,,31300000,,21300000.0,,,596000000.0,,,,,,,,,,,,,,,,,,,,,,,,,,,,615000000.0,,0.0,0.31,,0.3,0.02,,,,,,,,,,,,,,,,-17500000.0,240800000,109100000.0,,,,,26000000.0,,,,,,,,,,,,,,,,1153000000,,,,,,,-1100000,,,,-1100000,-9000000.0,6100600000,581800000.0,,,,,,-63800000,514300000,0.0,,130200000.0,,135900000.0,,131000000.0,0.32,0.31,-4200000.0,-4200000.0,-0.01,-0.01,-2200000.0,2700000,381400000,,,83700000,-129200000,126600000,135800000,43800000,,4848800000,3695800000,22500000,62500000,,261500000,854800000,-8800000,0.0,863600000,498600000,94700000,,,,,,,,,,,,6200000000,14922800000,1632600000,27200000.0,0.0,3422200000,40100000,3462300000,,,,,,,,69200000.0,300000.0,12900000.0,1901900000.0,-1142200000.0,,-841000000.0,,380900000.0,126000000,800000.0,,,,,,,2.0,,163900000,,,36700000.0,,,,,,,,,,,,146800000,179300000,455000000,-2400000.0,-1800000,-600000.0,,,,-52100000.0,200000.0,-47600000.0,-4500000.0,-49700000.0,0.0,0.0,0.0,-47600000.0,-45600000.0,200000.0,-45800000,-3900000.0,17500000.0,,301200000,-11500000.0,3500000,-1300000.0,900000.0,0.0,,736500000,3000000.0,,0.0,0.0,,809300000.0,41200000,0.0,,,248000000,,,,,,,0.0,,0.0,9500000.0,,20000000.0,126800000.0,,619200000,,600000.0,,425700000,,,,,1100000,,12600000.0,12600000,,,200000.0,93800000,1325000000.0,,,,,252600000,200000.0,65000000,,,,0,,,1900000.0,44500000,500000,3200000,4300000,8653600000.0,8722800000,7010300000.0,6700000.0,,,,,,234700000,16028078.0,749600000.0,733300000.0,,,,,,,,,,,,418500000,412300000,,,,,,,,,,,,,,,,,,,,,,,,,,,
2022-02-25,True,407967909.0,18900000000.0,670500000,948600000,12900000,741300000,,-41600000,9408600000,97900000.0,98100000.0,42300000.0,42300000,3800000.0,332900000,700000.0,15154500000,4114900000,15600000.0,300300000.0,23500000.0,,516500000.0,3500000.0,,,,,,,,9000000.0,2109600000,,2109600000.0,358700000.0,1943700000.0,-12300000.0,,0.01,1000000000,423785571,407785207.0,4300000,508200000.0,200000.0,508400000,39500000.0,60800000.0,243500000.0,242100000.0,,89200000.0,,3163900000,,-33100000.0,109100000.0,5800000.0,,-19500000.0,29500000,-83200000.0,28000000.0,-103600000.0,887800000.0,708600000.0,-900000.0,313800000.0,12000000.0,,95900000.0,30900000.0,10200000.0,,43800000.0,41700000.0,,69300000.0,10000000.0,106400000.0,680400000.0,16200000.0,742100000.0,,1600000.0,0.0,40900000.0,49600000.0,10400000.0,682400000.0,40600000.0,422100000.0,,,,0.0,1.36,,1.34,-0.042,0.21,0.054,,0.03,,0.01,,0.025,-0.024,0.014,0.011,0.008,,,,-14100000.0,232100000,,,,1100000.0,1100000.0,17100000.0,1100000.0,16000000.0,25200000.0,14600000.0,2200000.0,2000000.0,2000000.0,2200000.0,2200000.0,,8100000.0,1100000.0,15100000.0,1500000.0,0.063,1227100000,300000000.0,,160000000.0,200000000.0,300000000.0,300000000.0,12000000,58300000.0,,,12000000,-9000000.0,5981600000,479300000.0,,,,0.0,,-80300000,1988500000,0.0,,520900000.0,121300000.0,513000000.0,391700000.0,523400000.0,1.26,1.24,41600000.0,41600000.0,0.1,0.1,-11400000.0,-21800000,427900000,,,118200000,-220000000,134400000,45100000,62500000,,5139800000,3912700000,87700000,79800000,,283400000,878600000,24400000,33200000.0,854200000,506600000,88600000,60100000.0,99400000.0,9200000.0,36100000.0,5100000.0,7600000.0,14500000.0,26900000.0,,3500000.0,,6083300000,15154500000,1467700000,17100000.0,0.0,3401800000,38800000,3440600000,3285100000.0,38800000.0,37200000.0,37100000.0,37300000.0,37800000.0,548100000.0,69700000.0,300000.0,14900000.0,1931400000.0,,,-1029400000.0,,627800000.0,562500000,2500000.0,11900000.0,,,,,,2.0,,565700000,50600000.0,95900000.0,34900000.0,61000000.0,52000000.0,101800000.0,,,,,,,,0.018,135800000,186900000,468700000,,-48700000,,,,,,-2300000.0,,,,0.0,,,-103000000.0,-56600000.0,-2300000.0,-54300000,,61900000.0,,310100000,200000.0,44000000,-5200000.0,2700000.0,,,736800000,15900000.0,,0.0,,,974800000.0,64100000,0.0,10900000.0,183800000.0,195100000,,0.41,,,,,0.0,0.0,0.0,9500000.0,,23700000.0,565000000.0,,648600000,,6600000.0,,435700000,,74000000.0,2500000.0,,13400000,1100000.0,12300000.0,12300000,,,-1600000.0,378600000,5152400000.0,,,15800000.0,,1028000000,9600000.0,87200000,,,18.06,0,2000000.0,42500000.0,2100000.0,42500000,1100000,15700000,16100000,9001500000.0,9071200000,7010300000.0,20400000.0,,,,,,41600000,16000364.0,748400000.0,736800000.0,,21100000.0,1000000.0,,,1200000.0,5300000.0,2000000.0,800000.0,11800000.0,21100000.0,421200000,414800000,200000.0,-6600000.0,0.0,37400000.0,8200000.0,-0.013,0.033,33200000.0,590600000.0,2778100000.0,-1157000000.0,8200000.0,357700000.0,648600000.0,1006300000.0,,,,,,,,,,,,
2022-05-06,False,405929871.0,,701400000,1013900000,14100000,702100000,376000000.0,-71500000,9432100000,21000000.0,19800000.0,,43700000,500000.0,86200000,1600000.0,15104800000,4186000000,9500000.0,,,,,,,,,,,,,,1990200000,,1990200000.0,-119400000.0,0.0,-4100000.0,0.0,0.01,1000000000,424454853,,4300000,73800000.0,1400000.0,75200000,,66900000.0,266600000.0,265200000.0,,22300000.0,,810900000,,,,,,,27700000,,19400000.0,,,708000000.0,,,,,,,,,,,,,,,,,,,,,,,,,,,,615000000.0,,,0.25,,0.25,0.227,,,,,,,,,,,,,,,,-1100000.0,174200000,111800000.0,,,,,22600000.0,,,,,,,,,,,,,,,,1299900000,,,,,,,3800000,,,,3800000,,5981400000,25800000.0,,,,,,-26000000,526100000,,,105100000.0,,142600000.0,,105900000.0,0.26,0.25,-1400000.0,-1400000.0,0.0,0.0,-4300000.0,32400000,29100000,,,41000000,-37800000,99400000,24900000,67700000,,5116200000,3816300000,19000000,17100000,,310000000,979300000,24400000,,954900000,557700000,111600000,,,,,,,,,,,,6041500000,15104800000,1453600000,10000000.0,,3375600000,39300000,3414900000,,,,,,,,71100000.0,,,-4100000.0,-116100000.0,,-48200000.0,,50100000.0,103700000,800000.0,,,,,,,2.0,,157000000,,,35200000.0,,,,,,,,,,,,127900000,217500000,466500000,1500000.0,1100000,400000.0,,,,-21700000.0,600000.0,-28800000.0,7100000.0,-23200000.0,,,,-28800000.0,-29300000.0,600000.0,-29900000,6700000.0,1200000.0,,314900000,-2000000.0,4600000,-17400000.0,2000000.0,1800000.0,,101100000,4900000.0,,,,,30300000.0,17900000,,,,189400000,,,,,,,,,,0.0,,4600000.0,104500000.0,,635200000,,2000000.0,,9600000,,,,,12500000,2200000.0,16900000.0,16900000,,,800000.0,474100000,1337000000.0,,,,,265500000,8300000.0,19800000,,,,800000,,,0.0,42500000,-400000,3800000,4200000,8992200000.0,9063300000,,4500000.0,,,,,,40200000,18051035.0,846800000.0,101100000.0,,,,,,,,,,,,413100000,407600000,,,,,8200000.0,,,,,,,8200000.0,,,,40100000.0,,,,,,,,,,,
2022-08-05,False,403181056.0,,700900000,1018500000,14500000,723700000,384700000.0,-291000000,9456900000,22600000.0,22400000.0,,45200000,1000000.0,83600000,2000000.0,14221400000,3554900000,9100000.0,,,,,,,,,,,,,,1309200000,,1309200000.0,-800400000.0,0.0,-5100000.0,0.0,0.01,1000000000,424612748,,4300000,-81000000.0,-4000000.0,-85000000,,62100000.0,,270000000.0,,43200000.0,,870100000,,,,,,,25300000,,18300000.0,,,678300000.0,,,,,,,,,,,,,,,,,,,,,,,,,,,,,,,0.34,,0.34,0.232,,,,,,,,,,,,,,,,-51200000.0,174000000,85700000.0,,,,,,,,,,,,,,,,,,,,,1347300000,,,,,,,1800000,,,,1800000,-1100000.0,5872200000,26000000.0,,,,,,-135400000,569800000,,,137000000.0,,180500000.0,,137800000.0,0.34,0.33,1500000.0,1500000.0,0.0,0.0,-800000.0,41900000,70900000,,,55000000,3100000,191200000,27000000,108200000,,5024200000,3676900000,23200000,38700000,,314400000,1037900000,24400000,,1013500000,604600000,118900000,,,,,,,,,,,,5377400000,14221400000,1464800000,8600000.0,,2725700000,30800000,2756500000,,,,,,,,67100000.0,,,-5100000.0,-914800000.0,,-65500000.0,,236200000.0,138500000,800000.0,,,,,,,2.0,,197400000,,,38700000.0,,,,,,,,,,,,138700000,204600000,490800000,2600000.0,2000000,600000.0,,,,-183400000.0,-4800000.0,-212100000.0,28700000.0,-192300000.0,-5400000.0,-6300000.0,-900000.0,-212100000.0,-224300000.0,-4800000.0,-219500000,27200000.0,,,324100000,-1300000.0,7400000,-13200000.0,2100000.0,3600000.0,,253700000,3300000.0,,,,,30300000.0,39300000,,,,184500000,,,,,,,,,-500000.0,0.0,,8400000.0,139300000.0,,608300000,,4700000.0,,639500000,,,,,8900000,4800000.0,18000000.0,18000000,,,1900000.0,604600000,1439900000.0,,,,,275600000,4200000.0,42200000,,,,800000,,,0.0,43100000,-1100000,3500000,5200000,8776900000.0,8844000000,,3400000.0,,,,,,41200000,,,152600000.0,,,,,,,,,,,,409400000,404500000,,,,,8000000.0,,,,,,,16200000.0,,,,31600000.0,1200000.0,9700000.0,-4100000.0,0.371,0.019,21485457.0,997900000.0,,,,
2022-11-04,False,404925743.0,,698900000,1032300000,15200000,791300000,386900000.0,-474000000,9462700000,17900000.0,20100000.0,,47800000,300000.0,93800000,2300000.0,14225600000,3744800000,0.0,,,,,,,,,,,,,,1459500000,,1459500000.0,-650100000.0,4400000.0,-5000000.0,0.0,0.01,1000000000,426112396,,4300000,-37900000.0,-1000000.0,-38900000,,70500000.0,,299700000.0,,64400000.0,,940400000,,,,,,,23600000,,17200000.0,,,673200000.0,,,,,,,,,,,,,,,,,,,,,,,,,,,,,,,0.36,,0.36,0.175,,,,,,,,,,,,,,,,-105800000.0,207000000,123400000.0,,,,,,,,,,,,,,,,,,,,,1398700000,,,,,,,6700000,,,,6700000,0.0,5789000000,65200000.0,,,,,,-257800000,575300000,,,144600000.0,,173200000.0,,145500000.0,0.36,0.35,500000.0,500000.0,0.0,0.0,2600000.0,30300000,117100000,,,76400000,90200000,260200000,47500000,160100000,,4932300000,3533600000,26600000,64200000,,341700000,1069900000,57400000,33000000.0,1012500000,623700000,104500000,,,,,,,,,,,,5410600000,14225600000,1523000000,0.0,,2720100000,32300000,2752400000,,,,,,,,64100000.0,2000000.0,,-600000.0,-934800000.0,,-119500000.0,,510600000.0,145100000,900000.0,,,,,,,2.0,,190000000,,,38500000.0,,,,,,,,,,,,151700000,240500000,553300000,-7000000.0,-5300000,-1700000.0,,,,-207900000.0,-1900000.0,-207900000.0,0.0,-174800000.0,19600000.0,26100000.0,6500000.0,-207900000.0,-184900000.0,-1900000.0,-183000000,8200000.0,,,316200000,-3100000.0,9800000,-12800000.0,1400000.0,4100000.0,,257800000,3900000.0,,,,,62500000.0,61100000,,,,178100000,,,,,,,,,-2800000.0,0.0,,14700000.0,146000000.0,,587700000,,4600000.0,,647100000,,,,,6700000,6000000.0,17700000.0,17700000,,,1900000.0,741600000,1515700000.0,,,,,278700000,4100000.0,62300000,,,,500000,,,0.0,42800000,-1700000,3500000,4900000,8750900000.0,8815000000,,13300000.0,,,,,,33900000,,,257800000.0,,,,,,,,,,,,408500000,404000000,,,,,8100000.0,,,,,,,24300000.0,,,,32800000.0,1100000.0,13400000.0,-4100000.0,,,21190495.0,983700000.0,,,,
2023-02-21,True,404956695.0,16900000000.0,778700000,1122000000,13500000,858800000,,-251700000,9476800000,73700000.0,78900000.0,47200000.0,47200000,3200000.0,347600000,1800000.0,14765900000,3967300000,0.0,298200000.0,26300000.0,,516500000.0,,,,,,,,,9000000.0,1613000000,,1613000000.0,-496600000.0,4400000.0,-5100000.0,,0.01,1000000000,426327805,405117710.0,4300000,394600000.0,-3400000.0,391200000,59300000.0,70600000.0,243500000.0,305600000.0,,85200000.0,,3590700000,,66500000.0,147400000.0,21500000.0,,-37300000.0,21800000,-43000000.0,22300000.0,-85800000.0,790100000.0,610600000.0,-5500000.0,309100000.0,4900000.0,,107200000.0,31800000.0,100000.0,,53800000.0,25400000.0,,78500000.0,7400000.0,107300000.0,588300000.0,21800000.0,663600000.0,,0.0,,36000000.0,32400000.0,17800000.0,460000000.0,46600000.0,432800000.0,,,,,1.49,,1.47,0.202,0.21,-0.005,,0.021,,0.015,,0.006,0.003,,0.02,0.011,,,,-70000000.0,223300000,,,,1000000.0,1000000.0,16100000.0,1200000.0,14900000.0,23100000.0,12700000.0,2200000.0,2100000.0,2000000.0,2000000.0,2100000.0,,7000000.0,1200000.0,13700000.0,1500000.0,0.064,1526800000,340000000.0,,200000000.0,200000000.0,260000000.0,340000000.0,5900000,63100000.0,,,5900000,-1100000.0,6064200000,207900000.0,,,,0.0,,-125300000,2325600000,0.0,,589500000.0,267500000.0,,474700000.0,593300000.0,1.45,1.44,15200000.0,15200000.0,0.04,0.04,700000.0,149600000,181500000,,,120400000,101200000,225600000,-1800000,195200000,,5105400000,3578600000,103200000,95200000,,338700000,1085900000,60500000,36100000.0,1025400000,625000000,122200000,64600000.0,126800000.0,13700000.0,41900000.0,8300000.0,15000000.0,19900000.0,28000000.0,,6800000.0,,5508700000,14765900000,1674000000,0.0,,2716100000,32000000,2748100000,9800000.0,36500000.0,2638100000.0,30000000.0,30100000.0,32000000.0,556600000.0,61400000.0,4900000.0,14900000.0,-700000.0,-954000000.0,,-337300000.0,,865400000.0,604700000,3800000.0,,,,,,,2.0,,817300000,45800000.0,120000000.0,39600000.0,80400000.0,47000000.0,126900000.0,,,,,,,,0.029,165900000,206900000,509100000,,-26800000,,,,,,-7200000.0,,,,16000000.0,,,-252900000.0,-217300000.0,-7200000.0,-210100000,,,,360800000,-7000000.0,29200000,-64900000.0,6400000.0,4600000.0,,261100000,20600000.0,,0.0,,,246800000.0,94600000,0.0,9100000.0,137000000.0,147200000,,0.42,,,,,0.0,0.0,-6200000.0,0.0,,19300000.0,608500000.0,,624400000,,10100000.0,,655600000,,91000000.0,1300000.0,,29300000,6000000.0,14900000.0,14900000,,,-100000.0,950900000,5916300000.0,,,63200000.0,,1095800000,16900000.0,78900000,,,21.24,4500000,4300000.0,46200000.0,0.0,46200000,1900000,14800000,20400000,9195800000.0,9257200000,7010300000.0,17300000.0,,,,,,63300000,,,261100000.0,,10800000.0,1100000.0,3700000.0,9900000.0,1100000.0,4100000.0,2000000.0,400000.0,100000.0,10800000.0,410200000,405300000,,-6600000.0,,36300000.0,32400000.0,0.0,0.035,36100000.0,,,,32400000.0,417400000.0,624400000.0,1041800000.0,36500000.0,1100000.0,13400000.0,-4100000.0,,,21210095.0,984500000.0,10200000.0,15200000.0,28700000.0,742200000.0
