filing_date,annual,EntityCommonStockSharesOutstanding_shares,EntityPublicFloat_USD,AccountsPayableCurrent_USD,AccountsReceivableNet_USD,AccountsReceivableNetCurrent_USD,AccruedLiabilitiesCurrent_USD,AccumulatedDepreciationDepletionAndAmortizationPropertyPlantAndEquipment_USD,AccumulatedOtherComprehensiveIncomeLossNetOfTax_USD,AdditionalPaidInCapitalCommonStock_USD,AdjustmentsNoncashItemsToReconcileNetIncomeLossToCashProvidedByUsedInOperatingActivitiesOther_USD,AdjustmentsToAdditionalPaidInCapitalSharebasedCompensationRequisiteServicePeriodRecognitionValue_USD,AdjustmentsToAdditionalPaidInCapitalStockIssuedIssuanceCosts_USD,AllocatedShareBasedCompensationExpense_USD,AllowanceForDoubtfulAccountsReceivable_USD,AllowanceForDoubtfulAccountsReceivableCurrent_USD,AmortizationOfLeasedAsset_USD,AntidilutiveSecuritiesExcludedFromComputationOfEarningsPerShareAmount_shares,AssetImpairmentCharges_USD,Assets_USD,AssetsCurrent_USD,AvailableForSaleDebtSecuritiesAccumulatedGrossUnrealizedGainBeforeTax_USD,AvailableForSaleDebtSecuritiesAccumulatedGrossUnrealizedLossBeforeTax_USD,AvailableForSaleSecurities_USD,AvailableForSaleSecuritiesChangeInNetUnrealizedHoldingGainLoss_USD,AvailableForSaleSecuritiesChangeInNetUnrealizedHoldingGainLossNetOfTax_USD,AvailableForSaleSecuritiesCurrent_USD,AvailableForSaleSecuritiesDebtMaturitiesWithinOneYearFairValue_USD,AvailableForSaleSecuritiesDebtSecurities_USD,AvailableForSaleSecuritiesDebtSecuritiesCurrent_USD,AvailableForSaleSecuritiesDebtSecuritiesNoncurrent_USD,AvailableForSaleSecuritiesFairValueDisclosure_USD,AvailableForSaleSecuritiesGrossRealizedGainsLossesSaleProceeds_USD,AvailableForSaleSecuritiesIncomeTaxExpenseOnChangeInUnrealizedHoldingGainOrLoss_USD,AvailableForSaleSecuritiesNoncurrent_USD,CapitalLeasedAssetsGross_USD,CapitalLeaseObligations_USD,CapitalLeaseObligationsCurrent_USD,CapitalLeaseObligationsNoncurrent_USD,CapitalLeasesBalanceSheetAssetsByMajorClassNet_USD,CapitalLeasesFutureMinimumPaymentsDue_USD,CapitalLeasesFutureMinimumPaymentsDueCurrent_USD,CapitalLeasesFutureMinimumPaymentsDueInFourYears_USD,CapitalLeasesFutureMinimumPaymentsDueInThreeYears_USD,CapitalLeasesFutureMinimumPaymentsDueInTwoYears_USD,CapitalLeasesFutureMinimumPaymentsDueThereafter_USD,CapitalLeasesFutureMinimumPaymentsInterestIncludedInPayments_USD,CapitalLeasesFutureMinimumPaymentsPresentValueOfNetMinimumPayments_USD,CapitalLeasesFutureMinimumSubleaseRentals_USD,CapitalLeasesLesseeBalanceSheetAssetsByMajorClassAccumulatedDeprecation_USD,Cash_USD,CashAndCashEquivalentsAtCarryingValue_USD,CashAndCashEquivalentsFairValueDisclosure_USD,CashAndCashEquivalentsPeriodIncreaseDecrease_USD,CashCashEquivalentsAndShortTermInvestments_USD,CashCashEquivalentsRestrictedCashAndRestrictedCashEquivalents_USD,CashCashEquivalentsRestrictedCashAndRestrictedCashEquivalentsIncludingDisposalGroupAndDiscontinuedOperations_USD,CashCashEquivalentsRestrictedCashAndRestrictedCashEquivalentsPeriodIncreaseDecreaseIncludingExchangeRateEffect_USD,CommonStockCapitalSharesReservedForFutureIssuance_shares,CommonStockParOrStatedValuePerShare_USD/shares,CommonStockSharesAuthorized_shares,CommonStockSharesIssued_shares,CommonStockSharesOutstanding_shares,CommonStockValue_USD,ComprehensiveIncomeNetOfTax_USD,ConstructionInProgressGross_USD,ContractWithCustomerAssetNetCurrent_USD,ContractWithCustomerAssetNotPastDue_USD,ContractWithCustomerAssetReclassifiedToReceivable_USD,ContractWithCustomerLiability_USD,ContractWithCustomerLiabilityCurrent_USD,ContractWithCustomerLiabilityNoncurrent_USD,ContractWithCustomerLiabilityRevenueRecognized_USD,ContractWithCustomerPerformanceObligationSatisfiedInPreviousPeriod_USD,ConvertibleSubordinatedDebtCurrent_USD,ConvertibleSubordinatedDebtNoncurrent_USD,CostOfGoodsAndServicesSold_USD,CostOfGoodsSold_USD,CostsAndExpenses_USD,CumulativeEffectOfNewAccountingPrincipleInPeriodOfAdoption_USD,CumulativeEffectOnRetainedEarningsNetOfTax1_USD,CurrentFederalTaxExpenseBenefit_USD,CurrentForeignTaxExpenseBenefit_USD,CurrentIncomeTaxExpenseBenefit_USD,CurrentStateAndLocalTaxExpenseBenefit_USD,DebtAndCapitalLeaseObligations_USD,DebtConversionOriginalDebtAmount1_USD,DebtInstrumentConvertibleConversionPrice1_USD/shares,DebtInstrumentConvertibleConversionRatio_pure,DebtInstrumentInterestRateStatedPercentage_pure,DebtIssuanceCostsIncurredDuringNoncashOrPartialNoncashTransaction_USD,DeferredCompensationArrangementWithIndividualContributionsByEmployer_USD,DeferredCompensationArrangementWithIndividualEmployerContribution_USD,DeferredFederalIncomeTaxExpenseBenefit_USD,DeferredForeignIncomeTaxExpenseBenefit_USD,DeferredIncomeTaxExpenseBenefit_USD,DeferredRentCreditNoncurrent_USD,DeferredRevenue_USD,DeferredRevenueCurrent_USD,DeferredRevenueNoncurrent_USD,DeferredRevenueRevenueRecognized1_USD,DeferredStateAndLocalIncomeTaxExpenseBenefit_USD,DeferredTaxAssetsDeferredIncome_USD,DeferredTaxAssetsGross_USD,DeferredTaxAssetsLiabilitiesNet_USD,DeferredTaxAssetsNet_USD,DeferredTaxAssetsOperatingLossCarryforwards_USD,DeferredTaxAssetsOther_USD,DeferredTaxAssetsTaxCreditCarryforwardsResearch_USD,DeferredTaxAssetsTaxDeferredExpenseCompensationAndBenefitsShareBasedCompensationCost_USD,DeferredTaxAssetsTaxDeferredExpenseReservesAndAccruals_USD,DeferredTaxAssetsValuationAllowance_USD,DeferredTaxLiabilities_USD,DeferredTaxLiabilitiesLeasingArrangements_USD,DeferredTaxLiabilitiesOther_USD,DeferredTaxLiabilitiesPropertyPlantAndEquipment_USD,DeferredTaxLiabilitiesUndistributedForeignEarnings_USD,DefinedContributionPlanCostRecognized_USD,DefinedContributionPlanMaximumAnnualContributionsPerEmployeePercent_pure,Depreciation_USD,DepreciationAndAmortization_USD,DepreciationDepletionAndAmortization_USD,DerivativeLiabilitiesNoncurrent_USD,DirectOperatingCostRoyaltyExpense_USD,EarningsPerShareBasic_USD/shares,EarningsPerShareBasicAndDiluted_USD/shares,EarningsPerShareDiluted_USD/shares,EffectiveIncomeTaxRateContinuingOperations_pure,EffectiveIncomeTaxRateReconciliationAtFederalStatutoryIncomeTaxRate_pure,EffectiveIncomeTaxRateReconciliationShareBasedCompensationExcessTaxBenefitAmount_USD,EffectOfExchangeRateOnCashAndCashEquivalents_USD,EffectOfExchangeRateOnCashCashEquivalentsRestrictedCashAndRestrictedCashEquivalents_USD,EffectOfExchangeRateOnCashCashEquivalentsRestrictedCashAndRestrictedCashEquivalentsIncludingDisposalGroupAndDiscontinuedOperations_USD,EmployeeRelatedLiabilitiesCurrent_USD,EmployeeServiceShareBasedCompensationNonvestedAwardsTotalCompensationCostNotYetRecognized_USD,EmployeeServiceShareBasedCompensationNonvestedAwardsTotalCompensationCostNotYetRecognizedPeriodForRecognition_years,FairValueAssetsLevel1ToLevel2TransfersAmount_USD,FairValueAssetsLevel2ToLevel1TransfersAmount_USD,FairValueAssetsMeasuredOnRecurringBasisCashAndCashEquivalents_USD,GainsLossesOnExtinguishmentOfDebt_USD,GeneralAndAdministrativeExpense_USD,Goodwill_USD,GoodwillImpairmentLoss_USD,GrossProfit_USD,ImpairedAssetsToBeDisposedOfByMethodOtherThanSaleAmountOfImpairmentLoss_USD,ImpairmentOfLongLivedAssetsHeldForUse_USD,IncomeLossFromContinuingOperationsBeforeIncomeTaxesDomestic_USD,IncomeLossFromContinuingOperationsBeforeIncomeTaxesExtraordinaryItemsNoncontrollingInterest_USD,IncomeLossFromContinuingOperationsBeforeIncomeTaxesForeign_USD,IncomeLossFromContinuingOperationsBeforeIncomeTaxesMinorityInterestAndIncomeLossFromEquityMethodInvestments_USD,IncomeTaxExaminationPenaltiesAndInterestExpense_USD,IncomeTaxExpenseBenefit_USD,IncomeTaxesPaidNet_USD,IncomeTaxReconciliationChangeInDeferredTaxAssetsValuationAllowance_USD,IncomeTaxReconciliationForeignIncomeTaxRateDifferential_USD,IncomeTaxReconciliationIncomeTaxExpenseBenefitAtFederalStatutoryIncomeTaxRate_USD,IncomeTaxReconciliationNondeductibleExpenseOther_USD,IncomeTaxReconciliationNondeductibleExpenseShareBasedCompensationCost_USD,IncomeTaxReconciliationOtherAdjustments_USD,IncomeTaxReconciliationStateAndLocalIncomeTaxes_USD,IncomeTaxReconciliationTaxCredits_USD,IncomeTaxReconciliationTaxCreditsResearch_USD,IncomeTaxReconciliationTaxSettlementsForeign_USD,IncreaseDecreaseInAccountsPayable_USD,IncreaseDecreaseInAccountsReceivable_USD,IncreaseDecreaseInAccruedLiabilities_USD,IncreaseDecreaseInContractWithCustomerLiability_USD,IncreaseDecreaseInDeferredRevenue_USD,IncreaseDecreaseInEmployeeRelatedLiabilities_USD,IncreaseDecreaseInInterestPayableNet_USD,IncreaseDecreaseInInventories_USD,IncreaseDecreaseInOtherAccruedLiabilities_USD,IncreaseDecreaseInOtherOperatingAssets_USD,IncreaseDecreaseInOtherOperatingLiabilities_USD,IncreaseDecreaseInRestrictedCash_USD,IncrementalCommonSharesAttributableToShareBasedPaymentArrangements_shares,InterestExpense_USD,InterestPaid_USD,InterestPaidNet_USD,InterestPayableCurrent_USD,InterestReceivableCurrent_USD,InventoryFinishedGoods_USD,InventoryFinishedGoodsNetOfReserves_USD,InventoryNet_USD,InventoryRawMaterials_USD,InventoryRawMaterialsNetOfReserves_USD,InventoryValuationReserves_USD,InventoryWorkInProcess_USD,InventoryWorkInProcessNetOfReserves_USD,InvestmentIncomeInterest_USD,InvestmentsAndCash_USD,LeaseAndRentalExpense_USD,LeaseCost_USD,LesseeOperatingLeaseLiabilityPaymentsDue_USD,LesseeOperatingLeaseLiabilityPaymentsDueAfterYearFive_USD,LesseeOperatingLeaseLiabilityPaymentsDueNextTwelveMonths_USD,LesseeOperatingLeaseLiabilityPaymentsDueYearFive_USD,LesseeOperatingLeaseLiabilityPaymentsDueYearFour_USD,LesseeOperatingLeaseLiabilityPaymentsDueYearThree_USD,LesseeOperatingLeaseLiabilityPaymentsDueYearTwo_USD,LesseeOperatingLeaseLiabilityPaymentsRemainderOfFiscalYear_USD,LesseeOperatingLeaseLiabilityUndiscountedExcessAmount_USD,LettersOfCreditOutstandingAmount_USD,Liabilities_USD,LiabilitiesAndStockholdersEquity_USD,LiabilitiesCurrent_USD,LiabilitiesFairValueAdjustment_USD,LicensesRevenue_USD,LineOfCreditFacilityAmountOutstanding_USD,LongTermDebt_USD,LossContingencyAccrualAtCarryingValue_USD,NetCashProvidedByUsedInFinancingActivities_USD,NetCashProvidedByUsedInFinancingActivitiesContinuingOperations_USD,NetCashProvidedByUsedInInvestingActivities_USD,NetCashProvidedByUsedInInvestingActivitiesContinuingOperations_USD,NetCashProvidedByUsedInOperatingActivities_USD,NetCashProvidedByUsedInOperatingActivitiesContinuingOperations_USD,NetIncomeLoss_USD,NonoperatingIncomeExpense_USD,NumberOfOperatingSegments_Segment,NumberOfOperatingSegments_segment,OperatingIncomeLoss_USD,OperatingLeaseCost_USD,OperatingLeaseLiability_USD,OperatingLeaseLiabilityCurrent_USD,OperatingLeaseLiabilityNoncurrent_USD,OperatingLeasePayments_USD,OperatingLeaseRightOfUseAsset_USD,OperatingLeasesFutureMinimumPaymentsDue_USD,OperatingLeasesFutureMinimumPaymentsDueCurrent_USD,OperatingLeasesFutureMinimumPaymentsDueInFiveYears_USD,OperatingLeasesFutureMinimumPaymentsDueInFourYears_USD,OperatingLeasesFutureMinimumPaymentsDueInThreeYears_USD,OperatingLeasesFutureMinimumPaymentsDueInTwoYears_USD,OperatingLeasesFutureMinimumPaymentsDueThereafter_USD,OperatingLeasesFutureMinimumPaymentsRemainderOfFiscalYear_USD,OperatingLeaseWeightedAverageDiscountRatePercent_pure,OtherAccruedLiabilitiesCurrent_USD,OtherAssetsCurrent_USD,OtherAssetsNoncurrent_USD,OtherComprehensiveIncomeForeignCurrencyTransactionAndTranslationAdjustmentNetOfTaxPortionAttributableToNoncontrollingInterest_USD,OtherComprehensiveIncomeLossAvailableForSaleSecuritiesAdjustmentNetOfTax_USD,OtherComprehensiveIncomeLossForeignCurrencyTransactionAndTranslationAdjustmentNetOfTax_USD,OtherComprehensiveIncomeLossNetOfTax_USD,OtherComprehensiveIncomeLossNetOfTaxPeriodIncreaseDecrease_USD,OtherComprehensiveIncomeLossTax_USD,OtherDeferredCreditsNoncurrent_USD,OtherLiabilitiesCurrent_USD,OtherLiabilitiesNoncurrent_USD,OtherNoncashIncomeExpense_USD,OtherNonoperatingIncomeExpense_USD,PaymentsOfDebtExtinguishmentCosts_USD,PaymentsOfDebtIssuanceCosts_USD,PaymentsOfStockIssuanceCosts_USD,PaymentsToAcquireAvailableForSaleSecurities_USD,PaymentsToAcquireAvailableForSaleSecuritiesDebt_USD,PaymentsToAcquirePropertyPlantAndEquipment_USD,PreferredStockParOrStatedValuePerShare_USD/shares,PreferredStockSharesAuthorized_shares,PreferredStockSharesIssued_shares,PreferredStockSharesOutstanding_shares,PreferredStockValue_USD,ProceedsFromDerivativeInstrumentFinancingActivities_USD,ProceedsFromIssuanceOfCommonStock_USD,ProceedsFromIssuanceOfSecuredDebt_USD,ProceedsFromIssuanceOfSharesUnderIncentiveAndShareBasedCompensationPlans_USD,ProceedsFromMaturitiesPrepaymentsAndCallsOfAvailableForSaleSecurities_USD,ProceedsFromNotesPayable_USD,ProceedsFromSaleOfAvailableForSaleSecurities_USD,ProceedsFromSaleOfAvailableForSaleSecuritiesDebt_USD,ProceedsFromSaleOfPropertyPlantAndEquipment_USD,ProfitLoss_USD,PropertyPlantAndEquipmentNet_USD,PropertyPlantAndEquipmentUsefulLifeMaximum_years,PropertyPlantAndEquipmentUsefulLifeMinimum_years,PurchaseCommitmentRemainingMinimumAmountCommitted_USD,PurchaseObligation_USD,RepaymentsOfLongTermCapitalLeaseObligations_USD,RepaymentsOfLongTermDebtAndCapitalSecurities_USD,RepaymentsOfSeniorDebt_USD,RepaymentsOfSubordinatedDebt_USD,ResearchAndDevelopmentExpense_USD,ResearchAndDevelopmentInProcess_USD,RestrictedCashAndCashEquivalents_USD,RestrictedCashAndCashEquivalentsAtCarryingValue_USD,RestrictedCashAndInvestmentsNoncurrent_USD,RetainedEarningsAccumulatedDeficit_USD,RevenueFromContractWithCustomerExcludingAssessedTax_USD,Revenues_USD,RightOfUseAssetObtainedInExchangeForOperatingLeaseLiability_USD,RoyaltyRevenue_USD,SalesRevenueGoodsNet_USD,SeniorLongTermNotes_USD,SeniorNotes_USD,SeniorNotesCurrent_USD,ShareBasedCompensation_USD,ShareBasedCompensationArrangementByShareBasedPaymentAwardFairValueAssumptionsExpectedDividendRate_pure,ShareBasedCompensationArrangementByShareBasedPaymentAwardFairValueAssumptionsRiskFreeInterestRate_pure,ShareBasedCompensationArrangementByShareBasedPaymentAwardFairValueAssumptionsWeightedAverageVolatilityRate_pure,ShareBasedCompensationArrangementByShareBasedPaymentAwardNumberOfSharesAuthorized_shares,ShareBasedCompensationArrangementByShareBasedPaymentAwardOptionsExercisableNumber_shares,ShareBasedCompensationArrangementByShareBasedPaymentAwardOptionsExercisableWeightedAverageExercisePrice_USD/shares,ShareBasedCompensationArrangementByShareBasedPaymentAwardOptionsExercisesInPeriodTotalIntrinsicValue_USD,ShareBasedCompensationArrangementByShareBasedPaymentAwardOptionsForfeituresInPeriod_shares,ShareBasedCompensationArrangementByShareBasedPaymentAwardOptionsGrantsInPeriod_shares,ShareBasedCompensationArrangementByShareBasedPaymentAwardOptionsGrantsInPeriodGross_shares,ShareBasedCompensationArrangementByShareBasedPaymentAwardOptionsGrantsInPeriodWeightedAverageGrantDateFairValue_USD/shares,ShareBasedCompensationArrangementByShareBasedPaymentAwardOptionsOutstandingIntrinsicValue_USD,ShareBasedCompensationArrangementByShareBasedPaymentAwardOptionsOutstandingNumber_shares,ShareBasedCompensationArrangementByShareBasedPaymentAwardOptionsOutstandingWeightedAverageExercisePrice_USD/shares,ShareBasedCompensationArrangementsByShareBasedPaymentAwardOptionsExercisesInPeriodWeightedAverageExercisePrice_USD/shares,ShareBasedCompensationArrangementsByShareBasedPaymentAwardOptionsForfeituresInPeriodWeightedAverageExercisePrice_USD/shares,ShareBasedCompensationArrangementsByShareBasedPaymentAwardOptionsGrantsInPeriodWeightedAverageExercisePrice_USD/shares,SharebasedCompensationArrangementBySharebasedPaymentAwardOptionsExercisableIntrinsicValue1_USD,SharebasedCompensationSharesAuthorizedUnderStockOptionPlansExercisePriceRangeExercisableOptionsWeightedAverageExercisePrice1_USD/shares,SignificantPurchaseCommitmentRemainingMinimumAmountCommitted_USD,StockholdersEquity_USD,StockIssuedDuringPeriodSharesNewIssues_shares,StockIssuedDuringPeriodSharesShareBasedCompensation_shares,StockIssuedDuringPeriodSharesStockOptionsExercised_shares,StockIssuedDuringPeriodValueEmployeeStockPurchasePlan_USD,StockIssuedDuringPeriodValueNewIssues_USD,StockIssuedDuringPeriodValueOther_USD,StockIssuedDuringPeriodValueRestrictedStockAwardNetOfForfeitures_USD,StockIssuedDuringPeriodValueShareBasedCompensation_USD,UndistributedEarningsOfForeignSubsidiaries_USD,UnrecognizedTaxBenefits_USD,UnrecognizedTaxBenefitsDecreasesResultingFromCurrentPeriodTaxPositions_USD,UnrecognizedTaxBenefitsDecreasesResultingFromPriorPeriodTaxPositions_USD,UnrecognizedTaxBenefitsDecreasesResultingFromSettlementsWithTaxingAuthorities_USD,UnrecognizedTaxBenefitsIncomeTaxPenaltiesExpense_USD,UnrecognizedTaxBenefitsIncreasesResultingFromCurrentPeriodTaxPositions_USD,UnrecognizedTaxBenefitsIncreasesResultingFromPriorPeriodTaxPositions_USD,UnrecognizedTaxBenefitsInterestOnIncomeTaxesExpense_USD,UnrecognizedTaxBenefitsReductionsResultingFromLapseOfApplicableStatuteOfLimitations_USD,ValuationAllowanceDeferredTaxAssetChangeInAmount_USD,VariableLeaseCost_USD,WeightedAverageNumberOfDilutedSharesOutstanding_shares,WeightedAverageNumberOfShareOutstandingBasicAndDiluted_shares,WeightedAverageNumberOfSharesOutstandingBasic_shares,WriteOffOfDeferredDebtIssuanceCost_USD,AvailableForSaleDebtSecuritiesAmortizedCostBasis_USD,DeferredTaxAssetsDerivativeInstruments_USD,IncomeTaxReconciliationDispositionOfAssets_USD,DerivativeLiabilities_USD,RestructuringCharges_USD,BusinessExitCosts1_USD,LossOnContractTermination_USD,OperatingLeaseImpairmentLoss_USD,ProvisionForDoubtfulAccounts_USD,RestructuringCostsAndAssetImpairmentCharges_USD,SeveranceCosts1_USD,ImpairmentOfLeasehold_USD,AdjustmentForAmortization_USD,DeferredIncomeTaxLiabilities_USD,DeferredTaxAssetsCapitalLossCarryforwards_USD,DeferredTaxAssetsInProcessResearchAndDevelopment_USD,DeferredTaxLiabilitiesInvestmentInNoncontrolledAffiliates_USD,GainLossOnSaleOfPropertyPlantEquipment_USD
2011-04-29,False,114073353,1134446342.0,3481000,,2160000,9231000.0,,818000,1580990000,309000.0,,,,,,,,,704478000,539373000,,,,,,496157000.0,,,,,,,,,,,,16448000.0,,,,,,,,,,,,,22485000,,4730000.0,,,,,,0.0001,300000000,114023000.0,114023000,11000,,,,,,,,,,,,214955000.0,,3263000.0,45166000,,,,,,,,,,,,,,,,,,,,19974000.0,122818000.0,,,,,,,,,,,,,,,,,,,,,,3856000.0,,,,,,,,,-14000.0,,,7680000,,,,,,,11727000,76501000,,,,,,,,-35886000.0,,148000,,,,,,,,,,,,-2895000,-22942000,1961000.0,,-2555000.0,-1572000,,4446000,,1199000,-1544000.0,,,2585000.0,,,,,,,11712000,,,,,,432000.0,,,,,,,,,,,,,,423240000,704478000,58880000,,,,,,221499000.0,,-201885000.0,,-14870000.0,,-36034000,-2019000,,,-33867000,,,,,,,,,,,,,,,,,6859000,976000.0,,,,,,,3934000.0,4865000.0,6205000.0,,134000,,,,372723000.0,,3765000,0.0001,10000000,0.0,0.0,0.0,,221958000.0,,,113235000,,61368000.0,,,,87628000,,,,,,459000.0,,,30176000,,,,,-1300581000,,11299000.0,,,,,,,4802000.0,,,,,,,,,,,,,,,,,,,,,281238000,,,,,,,,,,,,,,,,,,,,,,,,,,,,,,,,,,,,,,,,,,
2011-08-05,False,114418913,1134446342.0,3243000,,8460000,8129000.0,,766000,1587461000,620000.0,,,4880000.0,,0.0,,21609000.0,,670854000,389095000,,,470221000.0,,,351280000.0,,,,,,,,118941000.0,,,,15863000.0,,,,,,,,,,,,,11626000,,-6129000.0,,,,,,0.0001,300000000,114305000.0,114305000,11000,,,,,,,,,,,,214955000.0,,8140000.0,51595000,,,,,,,,,,,,,,,,,,,,19867000.0,117931000.0,,,,,,,,,,,,,,,,,,,,,7649000.0,,,,,,,0.33,,,0.0,,,9435000,,,,,11626000.0,,11185000,76501000,,,,,,,,-36321000.0,,60000,,,,,,,,,,,,-3149000,-16642000,2371000.0,,-7549000.0,183000,,2531000,,2191000,-658000.0,,,2570000.0,,,,,4000.0,,9797000,8985000.0,,2900000.0,808000.0,,529000.0,,,,,,,,,,,,,,419578000,670854000,61274000,,,,,,222615000.0,,-179086000.0,,-49658000.0,,-36381000,-2057000,,,-34264000,,,,,,,,,,,,,,,,,7932000,936000.0,,,,,,,3715000.0,6768000.0,5840000.0,,-16000,,,600000.0,509681000.0,,6845000,0.0001,10000000,0.0,0.0,0.0,,223549000.0,,,156962000,,180478000.0,,,,85381000,,,,,,934000.0,,,32270000,,,,,-1336962000,,17331000.0,,,,,,,9682000.0,,,,,,,,,263910.0,,4.9,,,,,,,,,,251276000,19000000.0,281776.0,,,220400000.0,,,,,,,,,,,,,,,,,,,,,,,,,,,,,,,,,,,,,
2011-11-04,False,114426466,1134446342.0,2175000,,12914000,11777000.0,,-987000,1592803000,,,,4819000.0,,0.0,,24460000.0,,648093000,297620000,,,414957000.0,,,223479000.0,,,,,,,,191478000.0,,,,15250000.0,,,,,,,,,,,,,43008000,43008000.0,25253000.0,458000000.0,,,,,0.0001,300000000,114426000.0,114426000,11000,,,,,,,,,,,214955000.0,0.0,,5038000.0,48406000,,,,,,,239800000.0,,,,,,,,,,,,,19982000.0,113045000.0,,,,,,,,,,,,,,,,,,,,,11424000.0,,,,,,,0.33,,,493000.0,,,11760000,,,,,,,12350000,76501000,,,,,,,,-23976000.0,,92000,,,,,,,,,,,,-4200000,-12188000,6238000.0,,-12320000.0,2508000,,3388000,,1750000,-2681000.0,,,2543000.0,,,,,0.0,,10654000,9305000.0,,3200000.0,1349000.0,,622000.0,,,,,,,,,,,,,,417296000,648093000,279042000,,5000000.0,,,2700000.0,222641000.0,,-126353000.0,,-71528000.0,,-24068000,-2638000,,,-21338000,,,,,,,,,,,,,,,,,7565000,845000.0,,,,,,,3497000.0,4781000.0,6462000.0,-967000.0,-717000,,,600000.0,627529000.0,,8294000,0.0001,10000000,,,,,224072000.0,,,290810000,,218660000.0,,,,81649000,,,,,,1431000.0,,,31018000,,,,,-1361030000,,27068000.0,,,,,,,14501000.0,,,,,,,,,331480.0,,2.79,,,,,,,,,,230797000,19000000.0,121705.0,,,220400000.0,,,,,,,,,,,,,,,,,,,,,,,,,,,,,,,,,,,,,
2012-02-29,True,114530745,827788677.0,3019000,,4938000,6669000.0,62237000.0,-1103000,1597428000,,18885000.0,,18885000.0,,,15000000.0,21327000.0,,606550000,276706000,,,399624000.0,,,225856000.0,213386000.0,,,,,210100000.0,,173768000.0,2312000.0,,-2432000.0,14582000.0,1848000.0,24662000.0,5028000.0,5280000.0,5191000.0,5129000.0,4034000.0,7648000.0,17014000.0,,464000.0,,15312000,,-2443000.0,414900000.0,,,,35377000.0,0.0001,300000000,114485000.0,114485000,11000,-136049000.0,1750000.0,,,,,,,,,214955000.0,214955000.0,,21891000.0,50250000,,,0.0,921000.0,922000.0,1000.0,239900000.0,,21.52,46.4727,0.0325,,,3000.0,0.0,96000.0,96000.0,,,19643000.0,108188000.0,,0.0,48732000.0,503826000.0,62000.0,137000.0,342128000.0,3895000.0,51125000.0,32268000.0,8083000.0,503689000.0,75000.0,,,75000.0,,900000.0,,,14951000.0,,,1800000.0,,-0.33,,,0.35,,916000.0,,,12807000,29300000.0,1.7,,,,,11498000,76501000,,623000.0,12600000.0,0.0,-135880000.0,,2920000.0,-132960000.0,0.0,1018000,957000.0,48959000.0,-129000.0,-46536000.0,,,-384000.0,1000.0,893000.0,,,-3384000,-20164000,1013000.0,,-17516000.0,3555000,,5390000,,12267000,-943000.0,,,-2525000.0,10277000.0,,,,1683000.0,,12656000,9754000.0,,,1219000.0,,2244000.0,,2400000.0,,,,,,,,,,,,408739000,606550000,275532000,,,2400000.0,,,222335000.0,,-111952000.0,,-113742000.0,,-37495000,-9023000,,,-34468000,,,,,,,22000000.0,480000.0,3777000.0,3667000.0,1509000.0,200000.0,12367000.0,,,,17944000,999000.0,,,,,-2071000.0,,3278000.0,6486000.0,7159000.0,-1359000.0,-1044000,,,,695371000.0,,9722000,0.0001,10000000,,,,,224313000.0,,,383052000,,210089000.0,,,,78576000,7.0,3.0,,,,1978000.0,,,33302000,,,,,-1398525000,,15782000.0,,3095000.0,6073000.0,,,,18885000.0,,,,,,,,,,,,,,,,,,,9.29,10100000.0,197811000,,,,614000.0,219783000.0,617000.0,3916000.0,,,13576000.0,0.0,0.0,0.0,,,,,0.0,52900000.0,,,,,,,,,,,,,,,,,,,,,,,
2012-05-04,False,114611326,,1761000,,10803000,7759000.0,,-43000,1602141000,,,,4234000.0,0.0,,,23885000.0,,694789000,420654000,,,350356000.0,,,233624000.0,233624000.0,,,,,0.0,,116732000.0,,,,13890000.0,,,,,,,,,,,,,148485000,,133173000.0,498800000.0,,,,,0.0001,300000000,114591000.0,114591000,11000,-40037000.0,,,,,,,,,,214955000.0,,,8707000.0,55881000,,,,,,,240000000.0,,,,,,,,,,,,,20007000.0,111050000.0,,,,,,,,,,,,,,,,,,,,,3480000.0,,,,,-0.36,,0.33,,,-136000.0,,,8187000,,,,,,,10414000,76501000,,,,1675000.0,,,,-40973000.0,,124000,,,,,,,,,,,,-1290000,5865000,1094000.0,,3226000.0,-4620000,,1452000,,-4305000,-1191000.0,,,4333000.0,,,,,381000.0,,14108000,10833000.0,,,2894000.0,,632000.0,,,,,,,,,,,,,,532302000,694789000,270753000,,,,,,119502000.0,,48425000.0,,-34618000.0,,-41097000,-3041000,,,-37932000,,,,,,,,,,,,,,,,,13634000,5345000.0,,,,,,,,5358000.0,10824000.0,-295000.0,660000,,,,102023000.0,,1516000,0.0,0,,,,,479000.0,,,151964000,,61368000.0,,,,75557000,,,,,566000.0,,,,35085000,,,,,-1439622000,,17949000.0,,,,,,,4234000.0,,,,,,,,,,,,,,,,,,,,,162487000,,,,,,,,,,,,,,,,,,,,,,,,,,,,,,,,,,,,,,,,,,
2012-08-09,False,114909529,,3118000,,11361000,7636000.0,,-620000,1606800000,,,,3801000.0,0.0,,,24116000.0,,668443000,468291000,,,340965000.0,,,296720000.0,296720000.0,,,,,0.0,,44245000.0,,,,13174000.0,,,,,,,,,,,,,136154000,,120842000.0,,,,,,0.0001,300000000,114780000.0,114780000,11000,-34862000.0,,,,,,,,,,214955000.0,,,7203000.0,50672000,,,,,,,239000000.0,,,,,,,,,,,,,20691000.0,108215000.0,,,,,,,,,,,,,,,,,,,,,6952000.0,,,,,-0.3,,0.33,,,92000.0,,,10519000,,,,,,,10268000,76501000,,,,1675000.0,,,,-34192000.0,,93000,,,,,,,,,,,,80000,6423000,191000.0,,1075000.0,-2288000,,2059000,,-8176000,-269000.0,,,7931000.0,5179000.0,,,,1558000.0,,14715000,10181000.0,,,2976000.0,,630000.0,477100000.0,,,,,,,,,,,,,536159000,668443000,276861000,,,,,,119775000.0,,56184000.0,,-55209000.0,,-34285000,-7204000,,,-26988000,,,,,,,,,,,,,,,,,9341000,5693000.0,,,,,,,,7335000.0,10223000.0,-565000.0,97000,,,,120410000.0,,3172000,0.0001,10000000,,,,,1337000.0,,,179766000,82500000.0,180478000.0,,,,73713000,,,,,1151000.0,,,,33201000,,,,,-1473907000,,23684000.0,,,,,125000000.0,,8035000.0,,,,,,,,,,,,,,,,,,,,,132284000,,,,,,,,,,,,,,,,,,,,,,,,,,,,,,,,,,,,,,,,,,
2012-11-09,False,115168858,,2624000,,3911000,6450000.0,,155000,1612620000,,,,3980000.0,0.0,,,14301000.0,,541452000,346945000,,,318961000.0,,,308939000.0,308939000.0,,,,318961000.0,5400000.0,,,,,,12414000.0,,,,,,,,,,,,,10338000,,-4974000.0,,,,,,0.0001,300000000,115073000.0,115073000,11000,-42772000.0,,,,,,,,,,0.0,,,7228000.0,51312000,,,,,,,152000000.0,42548000.0,,,,,,,,,,,,22639000.0,101762000.0,,,,,,,,,,,,,,,,,,,,,10595000.0,,,,,-0.38,,0.32,,,22000.0,,,12687000,,,,,,,10068000,76501000,,,,0.0,,,,-43325000.0,,222000,,,,,,,,,,,,-401000,1027000,-465000.0,,-3430000.0,-120000,,-4098000,,10593000,1309000.0,-25000000.0,,11184000.0,9010000.0,,,,1085000.0,,16754000,12083000.0,,,3586000.0,,603000.0,,,,,,,,,,,,,,446120000,541452000,69470000,,,,,,26591000.0,,50793000.0,,-82380000.0,,-43547000,-10425000,,,-32900000,,,,,,,,,,,,,,,,,7003000,9728000.0,,,,,,,,11870000.0,10728000.0,641000.0,156000,,4400000.0,,126609000.0,,5744000,0.0001,10000000,0.0,0.0,,,3177000.0,78006000.0,,202768000,82500000.0,5378000.0,,,,73256000,,,,,1773000.0,,,172407000.0,34016000,,,,,-1517454000,,18412000.0,,,,125000000.0,,,12015000.0,,,,,,,,,,,,,,,,,,,,,95332000,,,,,,,,,,,,,,,,,,,,,,,,,,,,,,,,,,,,,,,,,,
2013-03-01,True,115289548,922720854.0,2863000,,5805000,8008000.0,72666000.0,-357000,1617744000,,16199000.0,,16199000.0,,,13800000.0,13970000.0,,497790000,314631000,,,251757000.0,1206000.0,,251757000.0,251757000.0,,,,252760000.0,5400000.0,470000.0,173768000.0,2312000.0,,2970000.0,11607000.0,1430000.0,19634000.0,5129000.0,4034000.0,5280000.0,5191000.0,,5057000.0,14577000.0,,882000.0,,25437000,,10125000.0,,,,,,0.0001,300000000,115259000.0,115259000,11000,-171109000.0,2765000.0,,,,,,,,,214955000.0,,,7290000.0,222392000,,,-137000.0,1029000.0,893000.0,1000.0,149000000.0,42548000.0,,,,,,3000.0,-422000.0,-16000.0,-487000.0,,,21896000.0,96551000.0,,-49000.0,39521000.0,534363000.0,95000.0,95000.0,351354000.0,2773000.0,52769000.0,23746000.0,8776000.0,534268000.0,75000.0,,,75000.0,,900000.0,,,14508000.0,,,2900000.0,,-0.46,,,0.35,,60000.0,,,8773000,25000000.0,,,,,,41614000,76501000,,,12600000.0,1675000.0,-174258000.0,,2809000.0,-171449000.0,0.0,406000,1021000.0,47349000.0,-227000.0,-60007000.0,6320000.0,,1100000.0,-48000.0,591000.0,,6510000.0,-122000,867000,1495000.0,,-9384000.0,-4034000,5278000.0,5613000,,-6031000,3275000.0,25000000.0,,15489000.0,9620000.0,,7083000.0,,4119000.0,,18269000,7489000.0,,,6661000.0,,2315000.0,,2800000.0,,,,,,,,,,,,450772000,497790000,78537000,,,2400000.0,,,26801000.0,,113020000.0,,-129756000.0,,-52926000,-30248000,,,-43381000,,,,,,,21520000.0,200000.0,3888000.0,3777000.0,3667000.0,1509000.0,8479000.0,,,,13363000,9443000.0,-10000.0,,,746000.0,,,2404000.0,12414000.0,8407000.0,-845000.0,983000,,4500000.0,,164662000.0,,10583000,0.0001,10000000,0.0,0.0,,,219783000.0,77940000.0,4117000.0,307887000,,5378000.0,,,,72215000,,,,,2437000.0,,,172407000.0,46373000,,,,25000000.0,-1570380000,,21146000.0,,4874000.0,10405000.0,125000000.0,,,16199000.0,,,,,,,,,,,,,,,,,,,9.03,14600000.0,47018000,,,,614000.0,219783000.0,617000.0,,4117000.0,3100000.0,14067000.0,,493000.0,,,,,,137000.0,43600000.0,,,,,,,,,,,,,,,,,,,,,,,
2013-05-09,False,115522958,,4218000,,3647000,6946000.0,,-395000,1623207000,,,,4245000.0,,,,15343000.0,,447901000,267036000,,,,,,207664000.0,,,,,213313000.0,,,,,,,10766000.0,,,,,,,,,,,,,28531000,,3094000.0,,,,,,0.0001,300000000,115461000.0,115461000,11000,-55101000.0,,,,,,,,,,,,,11661000.0,68408000,,,,,,,148900000.0,,,,0.12,,,,,,,,,23239000.0,97918000.0,,,,,,,,,,,,,,,,,,,,,3628000.0,,,,,-0.48,,0.32,,,-7000.0,,,8952000,,,,,,,11129000,76501000,,,,1675000.0,,,,-54851000.0,,212000,,,,,,,,,,,,1355000,-2158000,-1130000.0,,2710000.0,179000,-3916000.0,112000,,-3844000,-3830000.0,,,4645000.0,8250000.0,,3167000.0,,476000.0,,18381000,8126000.0,,,9779000.0,,314000.0,,,,,,,,,,,,,,450521000,447901000,83221000,,,,,,-2474000.0,,43686000.0,,-38111000.0,,-55063000,-9447000,,,-45404000,,,,,,,,,,,,,,,,,8813000,9252000.0,,,,,,,2185000.0,12667000.0,9015000.0,-139000.0,427000,,,,56336000.0,,316000,0.0001,10000000,0.0,0.0,,,,,1218000.0,100338000,,,,,,70112000,,,,,692000.0,,,,45618000,,,,25000000.0,-1625443000,,23004000.0,,325000.0,11810000.0,125000000.0,,,4245000.0,,,,,,,,,,,,,,,,,,,,,-2620000,,,,,,,,,,,,,,,,,,,,,,,,,,,,,,,,,,,,,,,,,,
2013-08-09,False,115757059,,5572000,,6041000,11356000.0,,-1336000,1628967000,,,,4356000.0,,,,13268000.0,,412809000,234423000,,,172456000.0,,,160453000.0,,,,,,,,,,,,9901000.0,,,,,,,,,,,,,41432000,,15995000.0,,,,,,0.0001,300000000,115683000.0,115683000,11000,-43689000.0,,,,,,,,,,,,,5011000.0,66467000,,,,,,,147700000.0,,,,0.12,,,,,,,,,22113000.0,93516000.0,,,,,,,,,,,,,,,,,,,,,7281000.0,,,,,-0.37,,,,,5000.0,,,11087000,,,0.0,0.0,,,9226000,76501000,,,,1675000.0,,,,-42543000.0,,205000,,,,,,,,,,,,2631000,236000,3280000.0,,-2818000.0,2314000,-166000.0,2210000,,-5508000,-1223000.0,,,4656000.0,9070000.0,,6917000.0,,2099000.0,,20479000,7013000.0,,,11367000.0,,209000.0,,,,,,,,,,,,,,453358000,412809000,90277000,,,,,,-1845000.0,,90283000.0,,-72448000.0,,-42748000,-9938000,1.0,,-32605000,,,,,,,,,,,,,,,,,6018000,9036000.0,,,,,,,1967000.0,16297000.0,8623000.0,-159000.0,-6000,,,,109400000.0,,794000,0.0001,10000000,0.0,0.0,,,,,2621000.0,200477000,,,,,,67849000,,,,,1466000.0,,,,52230000,,,,25000000.0,-1668191000,,33862000.0,,351000.0,10324000.0,125000000.0,,,8601000.0,,,,,,,,,,,,,,,,,,,,,-40549000,,,,,,,,,,,,,,,,,,,,,,115544000.0,,,,,,,,,,,,,,,,,,,,
2013-11-07,False,116115377,,3723000,,4557000,10771000.0,,-1689000,1636162000,,,,,,,,,,383035000,207942000,,,121938000.0,,,118139000.0,,,,,,5400000.0,,,,,,9007000.0,,,,,,,,,,,,,65411000,,39974000.0,,,,,,0.0001,300000000,115990000.0,115990000,11000,-16896000.0,,,,,,,,,,,,,12877000.0,67434000,,,,,,,147600000.0,42548000.0,,,0.12,,,,,,,,,21300000.0,82233000.0,,,,,,,,,,,,,,,,,,,,,10882000.0,,,,,-0.14,,0.34,,,20000.0,,,13910000,,,0.0,0.0,,,10643000,76501000,,,,1675000.0,,,,-16350000.0,,193000,,,,,,,,,,,,697000,-1248000,2741000.0,,-14914000.0,5137000,-3916000.0,-3193000,,-6817000,-4825000.0,25000000.0,,4587000.0,17097000.0,,3167000.0,,1525000.0,,15076000,4913000.0,,,8638000.0,,116000.0,,,,,,,,,,,,,,433285000,383035000,80913000,,,,,,52000.0,,132060000.0,,-92158000.0,,-16543000,-9825000,1.0,,-6525000,,,,,,,,,,,,,,,,,4759000,8510000.0,,,,,,,1748000.0,12803000.0,9217000.0,-332000.0,262000,,4400000.0,,140569000.0,,1382000,0.0001,10000000,0.0,0.0,,,,78006000.0,5253000.0,274011000,,5378000.0,,,,65082000,,,,,2201000.0,,,172407000.0,43914000,,,,25000000.0,-1684734000,,60909000.0,,354000.0,14672000.0,125000000.0,,,4564000.0,,,,,,,,,,,,,,,,,,,,,-50250000,,,,,,,,,,,,,,,,,,,,,,115812000.0,,,,,,,,,,,,,,,,,,,,
2014-02-27,True,126645285,1330867461.0,9115000,,2229000,6243000.0,84148000.0,-1181000,1643660000,,17708000.0,617000.0,,,,,12959000.0,,434527000,257882000,,,197959000.0,-268000.0,,197959000.0,,,,,,2900000.0,-470000.0,,2300000.0,,3536000.0,8049000.0,1000000.0,14483000.0,5169000.0,,4034000.0,5280000.0,,2898000.0,11585000.0,7400000.0,,,39067000,,13630000.0,,,,,,0.0001,300000000,116494000.0,116494000,11000,-162837000.0,6261000.0,,,,,,,,,,,,8960000.0,269051000,,,-137000.0,1838000.0,1839000.0,1000.0,160800000.0,42548000.0,,,0.12,,,3000.0,422000.0,-65000.0,406000.0,,,23664000.0,82384000.0,,49000.0,35588000.0,586190000.0,150000.0,150000.0,391385000.0,2539000.0,61707000.0,25962000.0,14685000.0,586040000.0,,,,,,1000000.0,,,14275000.0,,,4100000.0,,-0.41,,,0.35,,32000.0,,,14254000,23400000.0,,0.0,0.0,,,40532000,76501000,0.0,,12600000.0,1675000.0,-161068000.0,,1300000.0,-159768000.0,,2245000,1014000.0,55042000.0,-20000.0,-55919000.0,7808000.0,,1557000.0,50000.0,,6273000.0,6510000.0,6199000,-3576000,-1915000.0,,-12399000.0,5481000,-166000.0,-4817000,,-6423000,9164000.0,25000000.0,,18453000.0,17590000.0,,6917000.0,,3359000.0,,13452000,3947000.0,,,6146000.0,,732000.0,,2900000.0,,,,,,,,,,,,524430000,434527000,98221000,,,,,,2216000.0,,49909000.0,,-38527000.0,,-47659000,-39638000,,,-35894000,,,,,,,28221000.0,2559000.0,5187000.0,5037000.0,4892000.0,4750000.0,5796000.0,,,,5175000,8170000.0,1026000.0,,,-824000.0,,,,14123000.0,19256000.0,-664000.0,392000,,4500000.0,,268068000.0,,4091000,0.0001,10000000,0.0,0.0,,,219783000.0,77940000.0,8208000.0,319181000,,2887000.0,,,,66974000,,,12600000.0,,2992000.0,,,172407000.0,48248000,,,,25000000.0,-1732393000,,31146000.0,,1148000.0,8040000.0,125000000.0,,,17708000.0,0.0,0.009,0.612,,,,,,,,,,,,,,,,9.06,,-89903000,,,,,219783000.0,,,8208000.0,1700000.0,16363000.0,,,,,,,,137000.0,51800000.0,,,115732000.0,,,,,,,,,,,,,,,,,,,,
2014-05-08,False,126977001,,3064000,,1855000,6821000.0,,-940000,1769713000,,,,,,,,,,487013000,304770000,,,251628000.0,,,251628000.0,,,,,,0.0,,,,,,7050000.0,,,,,,,,,,,,,32443000,,-6624000.0,,,,,,0.0001,300000000,126936000.0,126936000,12000,-45960000.0,,,,,,,,,,,,,7907000.0,56173000,,,,,,,,,,,0.12,,,,,,,,,23542000.0,76549000.0,,,,,,,,,,,,,,,,,,,,,3264000.0,,,,,-0.37,,0.34,,,11000.0,,,9427000,,,0.0,0.0,,,9928000,76501000,,,,,,,,-46010000.0,,191000,,,,,,,,,,,,-6126000,-374000,693000.0,,-5957000.0,-4827000,-3750000.0,-580000,,718000,-1195000.0,,,4533000.0,7961000.0,,3167000.0,,2654000.0,,12872000,3053000.0,,,7165000.0,,134000.0,,,,,,,,,,,,,,496822000,487013000,79313000,,,,,,,113868000.0,,-58213000.0,,-62290000.0,-46201000,-9608000,1.0,,-36402000,,,,,,,,,,,,,,,,,5972000,7774000.0,,,,,,,,19566000.0,17776000.0,-777000.0,178000,,,,110661000.0,,4524000,0.0001,10000000,0.0,0.0,,,,,5074000.0,56972000,,,,,,72968000,,,,,825000.0,,,,38338000,,,,25000000.0,-1778594000,,19771000.0,,,,125000000.0,,,4361000.0,,,,,,,,,,,,,,,,,,,,,-9809000,,,,,,,,,,,,,,,,,,,,,,123543000.0,,,,,,,,,,,,,,,,,,,,
2014-08-01,False,127301902,,7437000,,3047000,5814000.0,,-887000,1776746000,,,,4164000.0,,,,,,478137000,298223000,,,247436000.0,,,245737000.0,,,,,,0.0,,,,,,6025000.0,,,,,,,,,,,,,30699000,,-8368000.0,,,,,,0.0001,300000000,127286000.0,127286000,12000,-32584000.0,,,,,,,,,,,,,5108000.0,51429000,,,,,,,,,,,,,,,,,,,,24766000.0,88918000.0,,,,,,,,,,,,,,,,,,,,,6519000.0,,,,,-0.26,,0.34,,,6000.0,,,11386000,,,0.0,0.0,,,9619000,76501000,,,,,,,,-32442000.0,,195000,,,,,,,,,,,,-1818000,818000,-314000.0,,7636000.0,-2868000,0.0,659000,,-738000,-6557000.0,,,4488000.0,8622000.0,,6917000.0,,,2007000.0,14111000,,1719000.0,,,10385000.0,132000.0,,,,,,,,,,,,,,513497000,478137000,84355000,,,,,,,115912000.0,,-52911000.0,,-71375000.0,-32637000,-9526000,1.0,,-22916000,,,,,,,,,,,,,,,,,4629000,7343000.0,,,,,,,,14827000.0,17768000.0,-865000.0,-36000,,,,166496000.0,,5192000,0.0001,10000000,0.0,0.0,0.0,,,,7961000.0,118777000,,,,,,71070000,,,,,1650000.0,,,,36702000,,,,25000000.0,-1811231000,,28513000.0,,,,125000000.0,,,8525000.0,,,,,,,,,,,,,,,,,,,,,-35360000,,,,,,,,,,,,,,,,,,,,,,127040000.0,,,,,,,,,,,,,,,,,,,,
2014-11-07,False,128441406,,5428000,,46074000,7760000.0,,-1178000,1789010000,,,,4122000.0,,,,,,476902000,324120000,,,204635000.0,,,204635000.0,,,,,,21700000.0,,,,,,5339000.0,,,,,,,,,,,,,32008000,,-7059000.0,,,,,,0.0001,300000000,128248000.0,128248000,12000,70314000.0,,,,,,,,,,,,,9220000.0,52550000,,,,,,,,,,,,,,,,,,,,24626000.0,82902000.0,,,,,,,,,,,,,,,,,,,,,9733000.0,,,,0.55,,0.53,0.34,,,-43000.0,,,13753000,,,0.0,0.0,,,9130000,76501000,,,,,,,,70853000.0,,248000,,,,,,,,,,,,-3670000,43845000,1667000.0,,1480000.0,-501000,-3750000.0,-1757000,,-679000,-7366000.0,,,4391000.0,16487000.0,,3167000.0,,,1656000.0,11695000,,1726000.0,,,8313000.0,133000.0,,,,,,,,,,,,,,429684000,476902000,80549000,,,,,,,123126000.0,,-12763000.0,,-117379000.0,70605000,-9468000,1.0,,80321000,,,,,,,,,,,,,,,,,4708000,7006000.0,,,,,,,,16172000.0,15402000.0,-313000.0,-7000,,,,200160000.0,,6090000,0.0001,10000000,0.0,0.0,,,117200000.0,,16168000.0,171826000,,21661000.0,,,,69275000,,,,,2578000.0,,,,34200000,,25000000.0,25000000.0,25000000.0,-1740626000,,132871000.0,,,,125000000.0,,,,,,,,,,,,,,,,,,,,,,,,47218000,,,,,,,,,,,,,,,,,,,,,132177000.0,,127504000.0,,,,,,,,,,,,,,,,,,,
2015-02-26,True,131381612,1625943780.0,2703000,,3607000,6418000.0,93807000.0,-1567000,1824195000,,17017000.0,617000.0,17017000.0,,0.0,,,,441621000,288200000,,,225459000.0,-95000.0,,225459000.0,,,,,,21700000.0,-470000.0,,2700000.0,,4512000.0,4139000.0,1200000.0,10015000.0,5572000.0,,175000.0,4268000.0,,1364000.0,8651000.0,4800000.0,,,12365000,,-26702000.0,,,,,,0.0001,300000000,131216000.0,131216000,13000,-54302000.0,16309000.0,,,,,,,,,,,,6298000.0,217192000,,,-137000.0,-482000.0,-481000.0,1000.0,,42548000.0,,,,,,,0.0,-31000.0,-31000.0,,,24473000.0,76911000.0,,49000.0,29758000.0,595866000.0,176000.0,176000.0,423776000.0,2218000.0,66666000.0,21948000.0,8288000.0,595690000.0,0.0,,,,,900000.0,,11700000.0,12927000.0,,,3400000.0,-0.35,-0.42,-0.35,,0.35,,-109000.0,,,5749000,51900000.0,,0.0,0.0,,,40925000,76501000,,,,1675000.0,-56414000.0,,1986000.0,-54428000.0,,-512000,964000.0,11831000.0,-17000.0,-19050000.0,7311000.0,2832000.0,-487000.0,1000.0,,2933000.0,6510000.0,-6359000,1378000,273000.0,,-4664000.0,-8505000,-166000.0,-500000,,3294000,-13801000.0,25000000.0,,17869000.0,17445000.0,,6917000.0,,,5565000.0,12952000,,2200000.0,,,5187000.0,,,3200000.0,,,,,,,,,,,,405289000,441621000,64047000,,,,,,,152984000.0,,-37571000.0,,-142006000.0,-45683000,-37943000,,,-37488000,,,,,,,25662000.0,4750000.0,5344000.0,5187000.0,5037000.0,4892000.0,452000.0,,,,8817000,6552000.0,291000.0,,,-386000.0,,,,5567000.0,14721000.0,560000.0,814000,,4500000.0,,297251000.0,,9976000,0.0001,10000000,0.0,0.0,,,117200000.0,77940000.0,46984000.0,247995000,,21661000.0,,,,70368000,,,16900000.0,7200000.0,3536000.0,,,172407000.0,38494000,,25000000.0,25000000.0,25000000.0,-1786309000,,19551000.0,,329000.0,7460000.0,125000000.0,,,17017000.0,0.0,0.016,0.516,,,,,,,,,,,,,,,,10.5,,36332000,,,,,116536000.0,,,46984000.0,3900000.0,27522000.0,0.0,,0.0,,,,,137000.0,9700000.0,,,126873000.0,,,,,,,,,,,,,,,,,,,,
2015-05-01,False,131526201,,5024000,,2885000,8245000.0,,-1276000,1831057000,,,,5177000.0,,,,,0.0,499212000,347293000,,,171353000.0,,,171353000.0,,,,,,5200000.0,,,,9800000.0,5412000.0,4386000.0,,,,,,,,,,,,,129452000,,117087000.0,,,,,,0.0001,300000000,131451000.0,131451000,13000,34111000.0,,,,,,,,,,,,,8444000.0,65758000,,,,,,,,,,,,,,,,,,,,24959000.0,78418000.0,,,,,,,,,,,,,,,,,,,,,2973000.0,,,,0.26,,0.25,0.34,,,30000.0,,,9356000,,,0.0,0.0,,,10303000,76501000,,,,,,34033000.0,,,,213000,,,,,,,,,,,,2241000,-722000,1811000.0,,1993000.0,3607000,-3750000.0,-441000,,-2809000,10279000.0,,,4171000.0,7855000.0,,3167000.0,,,2445000.0,12511000,,2401000.0,,,7665000.0,,,,,,,,,,,,,,,421907000,499212000,75444000,,,,134800000.0,,,587000.0,,53158000.0,,63312000.0,33820000,-9010000,1.0,,43043000,,,,,,,,,,,,,,,,,6092000,6151000.0,,,,,,,,10534000.0,17101000.0,938000.0,211000,,,,24432000.0,,1059000,0.0001,10000000,0.0,0.0,0.0,,,,1685000.0,73434000,,5215000.0,,,,69267000,,,,,1098000.0,,,,47011000,,,25000000.0,,-1752489000,,108801000.0,,,,125000000.0,,,5177000.0,,,,,,,,,,,,,,,,,,,,,77305000,,235298.0,,,,,,,,,,,,,,,,,,,135667000.0,,131359000.0,,,,,,,,,,,,,,,,,,,
2015-08-06,False,132371000,,2833000,,3680000,,,-1498000,1841730000,,,,9737000.0,,,,,0.0,456667000,302246000,,,230856000.0,,,233785000.0,,,,,,0.0,,,,8500000.0,5643000.0,2889000.0,,,,,,,,,,,,,20875000,,8510000.0,,,,,,0.0001,300000000,132185000.0,132185000,13000,-52879000.0,,,,,,,,,,,,,10534000.0,66130000,,,,,,,,,,,,,,,,,,,,22987000.0,73963000.0,,,,,,,,,,,,,,,,,,,,,5833000.0,,,,,-0.4,,0.34,,,-25000.0,,,10824000,,,0.0,0.0,,,10184000,76501000,,,,,,-52493000.0,,,,164000,,,,,,,,,,,,-10000,73000,,,-4434000.0,5075000,,-2828000,1859000.0,-190000,11772000.0,,,4118000.0,8320000.0,,6917000.0,,,1615000.0,10124000,,2392000.0,,,6117000.0,,,,,,,,,,,,,,,421568000,456667000,81077000,,,,133500000.0,,,5314000.0,,-12836000.0,,16057000.0,-52657000,-9024000,1.0,,-43469000,,,,,,,,,,,,,,,,9713000.0,8782000,5762000.0,,,,,,,,13214000.0,16668000.0,621000.0,246000,,,,124468000.0,,4584000,0.0001,10000000,0.0,0.0,0.0,,,,7798000.0,111001000,,5215000.0,,,,72158000,,,,,2484000.0,,,,45412000,,,25000000.0,,-1805146000,,22661000.0,,,,125000000.0,,,4560000.0,,,,,,,,,,,,,,,,,,,,,35099000,,733952.0,,,,,,,,,,,,,,,,,,,,131643000.0,,,,,,,,,,,,,,,,,,,,
2015-11-06,False,133451372,,2279000,,2966000,,,-1821000,1854210000,,,,4762000.0,,,,,0.0,449246000,286351000,,,246070000.0,,,249000000.0,,,,,,18600000.0,,,,7200000.0,5883000.0,1335000.0,,,,,,,,,,,,,18819000,,6454000.0,,,,,,0.0001,300000000,133217000.0,133217000,13000,-8526000.0,,,,,,,,,,,,,6760000.0,59533000,,,,,,,132200000.0,,,,,8503000.0,,,,,,,,20611000.0,68941000.0,,,,,,,,,,,,,,,,,,,,,9109000.0,,,,-0.06,,-0.06,0.34,,,-159000.0,,,12805000,,,0.0,0.0,,,9544000,76501000,,,,,,-8111000.0,,,,92000,,,,,,,,,,,,-525000,-641000,,,-11832000.0,7056000,-3750000.0,-2600000,949000.0,-3843000,3854000.0,-25000000.0,,4202000.0,16095000.0,,3167000.0,,,81000.0,10352000,,1777000.0,,,8494000.0,,,,,,,,,,,,,,,410193000,449246000,208098000,,,,,,,11718000.0,,-7131000.0,,2026000.0,-8203000,-8530000,1.0,,419000,,,,,,,,,,,,,,,,16561000.0,5214000,13862000.0,,,,,,,,10690000.0,10672000.0,1448000.0,898000,,,,202870000.0,,8722000,0.0001,10000000,0.0,0.0,0.0,,,,15516000.0,155683000,,23778000.0,,,,72532000,,,,,3798000.0,,,,43229000,,,0.0,,-1813349000,,59952000.0,,,,0.0,,125000000.0,,,,,,,,,,,,,,,,,,,,,,39053000,,1031573.0,,,,,,,,,,,,,,,,,,,132631000.0,,132631000.0,,,,,,,,,,,,,,,,,,,
2016-03-01,True,135939051,1647937071.0,2363000,,19947000,,102712000.0,-2170000,1876072000,,19669000.0,617000.0,19669000.0,,0.0,,,0.0,502061000,350051000,,,250444000.0,-226000.0,,253374000.0,,,,,,42500000.0,0.0,,5100000.0,5800000.0,4756000.0,1073000.0,3200000.0,6250000.0,5135000.0,,72000.0,1043000.0,,421000.0,5829000.0,2100000.0,,,55570000,,43205000.0,,,,,,0.0001,300000000,135289000.0,135289000,13000,-81780000.0,8456000.0,,,,,,,,,,,,8364000.0,260155000,,,0.0,529000.0,528000.0,-1000.0,255800000.0,,,,,,,,0.0,-22000.0,-22000.0,8500000.0,,21428000.0,62426000.0,,0.0,29658000.0,613186000.0,190000.0,190000.0,447761000.0,3158000.0,70258000.0,22832000.0,8309000.0,612996000.0,0.0,,,,,900000.0,0.6,11400000.0,12855000.0,,,2800000.0,-0.4,-0.61,-0.4,,0.35,,-159000.0,,,5998000,58500000.0,,0.0,0.0,,-14079000.0,43266000,76501000,,,,,-81931000.0,-80671000.0,1260000.0,,,506000,860000.0,22210000.0,-7000.0,-28235000.0,,674000.0,1404000.0,-1000.0,,4529000.0,1773000.0,-412000,16340000,,,-17530000.0,249000,-2719000.0,-1606000,-2278000.0,825000,3032000.0,-25000000.0,,18282000.0,20225000.0,,4198000.0,,,2023000.0,11346000,,3236000.0,,,6087000.0,,,3200000.0,,,,,,,,,,,2400000.0,495632000,502061000,61246000,,,,,,,130783000.0,,-14336000.0,,-73083000.0,-54137000,-51300000,,,-29364000,,,,,,,20912000.0,4892000.0,452000.0,5344000.0,5187000.0,5037000.0,,,,4156000.0,9814000,4173000.0,,,-377000.0,-603000.0,,,,10127000.0,9740000.0,2365000.0,1680000,12500000.0,,,297608000.0,,11195000,0.0001,10000000,0.0,0.0,0.0,,117200000.0,241262000.0,32208000.0,226923000,,42544000.0,,,,71336000,,,5400000.0,4300000.0,5187000.0,,125000000.0,,47135000,,,0.0,,-1867486000,,39370000.0,,2967000.0,13973000.0,242115000.0,250000000.0,,,0.0,0.016,0.508,,,,,,,,,,,,,,,,11.22,,6429000,,,,,116536000.0,,,32208000.0,4400000.0,17384000.0,0.0,11110000.0,0.0,,,,,0.0,17300000.0,,,132458000.0,,1579000.0,,,,,,,,,,,,,,,,,,
2016-05-04,False,136262723,,2349000,,39677000,,,-1835000,1888531000,,,,6363000.0,,,,,,491879000,344845000,,,212846000.0,,,215776000.0,,,,,,,,,,8100000.0,4782000.0,3325000.0,,,,,,,,,,,,,72549000,,16979000.0,,,,,,0.0001,300000000,136151000.0,136151000,13000,-19163000.0,,,,,,,,,,,,,8870000.0,68366000,,,,,,,258100000.0,,,,,,,,,,,,,17240000.0,59587000.0,,,,,,,,,,,,,,,,,,,,,3715000.0,,,,-0.14,,-0.14,0.34,,,8000.0,,,10044000,,,0.0,0.0,,,10228000,76501000,,,,,,-19331000.0,,,,167000,,,,,,,,,,,,-34000,19730000,,,-7027000.0,4046000,-54000.0,-96000,2176000.0,-4294000,1736000.0,,,5677000.0,5244000.0,,4144000.0,,,757000.0,11250000,,3050000.0,,,7443000.0,,,,,,,,,,,,,,,492154000,491879000,65945000,,,,,,,4373000.0,,36246000.0,,-23648000.0,-19498000,-9847000,,,-9484000,,,,,,,,,,,,,,,,6284000.0,5593000,681000.0,,,,,,,,10506000.0,6536000.0,617000.0,875000,,,,31452000.0,,1679000,0.0001,10000000,0.0,0.0,0.0,,,,6096000.0,69377000,,0.0,,,,69852000,,,,,1723000.0,,,,49268000,,,,,-1886984000,,58882000.0,,4061000.0,14099000.0,242130000.0,250000000.0,,,,,,,,,,,,,,,,,,,,,,,-275000,,862546.0,,,,,,,,,,,,,,,,,,,135793000.0,,135793000.0,,,,,,,,,,,,,,,,,,,
2016-08-04,False,136732450,,2328000,,27777000,,,-2019000,1898342000,,,,6264000.0,,,,,,463099000,318320000,,,216248000.0,,,219178000.0,,,,,,,,,,6400000.0,3616000.0,2756000.0,,,,,,,,,,,,,55676000,,106000.0,,,,,,0.0001,300000000,136602000.0,136602000,13000,-48787000.0,,,,,,,,,,,,,7708000.0,71093000,,,,,,,256400000.0,,,,,,,,,,,,,16015000.0,60135000.0,,,,,,,,,,,,,,,,,,,,,7634000.0,,,,,-0.36,,,,,-91000.0,,,12463000,,,0.0,0.0,,,11035000,76501000,,,,,,-48476000.0,,,,127000,,,,,,,,,,,,17000,7830000,,,-7704000.0,6465000,-54000.0,-1084000,2831000.0,-4637000,-725000.0,,,5627000.0,10448000.0,,4144000.0,,,1000000.0,10262000,,2630000.0,,,6632000.0,,,,,,,,,,,,,,,502350000,463099000,79282000,,,,,,,6126000.0,,31323000.0,,-37252000.0,-48603000,-10151000,,,-38325000,,,,,,,,,,,,,,,,6919000.0,5427000,504000.0,,,,,,,,7827000.0,6020000.0,1260000.0,458000,,,,72806000.0,,3234000,0.0001,10000000,0.0,0.0,0.0,,,,9643000.0,107363000,,0.0,,,,67774000,,,,,3517000.0,,,,52350000,,,,,-1935587000,,32768000.0,,3516000.0,12867000.0,242567000.0,250000000.0,,,,,,,,,,,,,,,,,,,,,,,-39251000,,451391.0,,,,,,,,,,,,,,,,,,,,136350000.0,,,,,,,,,,,,,,,,,,,,
2016-11-04,False,152835294,,7118000,,14249000,,,-1962000,1912907000,,,,6166000.0,,,,,,425095000,282522000,,,187286000.0,,,190216000.0,,,,,,,,,,4500000.0,2370000.0,2143000.0,,,,,,,,,,,,,63295000,,7725000.0,,,,,,0.0001,300000000,137796000.0,137796000,13000,-43167000.0,,,,,,,,,,,,,7033000.0,69237000,,,,,,,254500000.0,,,,,,,,,,,,,14101000.0,57088000.0,,,,,,,,,,,,,,,,,,,,,11502000.0,,,,,-0.32,,,,,-32000.0,,,15733000,,,0.0,0.0,,,10253000,76501000,,,,,,-43085000.0,,,,139000,,,,,,,,,,,,4799000,-5698000,,,-12665000.0,9735000,0.0,-592000,2386000.0,-6041000,-5793000.0,0.0,,5614000.0,15513000.0,,4198000.0,,,1673000.0,10754000,,2386000.0,,,6695000.0,,,,,,,,,,,,,,,492948000,425095000,76305000,,,,,,,12665000.0,,59705000.0,,-64613000.0,-43224000,-10184000,1.0,,-32901000,,,,,,,,,,,,,,,,6761000.0,4008000,519000.0,,,,,,,,2578000.0,5515000.0,2190000.0,332000,,,,142972000.0,,3741000,0.0001,10000000,0.0,0.0,0.0,,,,18041000.0,201449000,,5000000.0,,,,65553000,,,,,5376000.0,,,,51951000,,,,,-1978811000,,36336000.0,,5573000.0,14698000.0,243004000.0,250000000.0,,,,,,,,,,,,,,,,,,,,,,,-67853000,,1193764.0,,,,,,,,,,,,,,,,,,,,137094000.0,,,,,,,,,,,,,,,,,,,,
2017-03-01,True,153831047,1935384918.0,2816000,,15678000,,111243000.0,-2363000,2111483000,,25850000.0,439000.0,25850000.0,,0.0,,,,568871000,426252000,,,330713000.0,,79000.0,329462000.0,,,,,,,,,8200000.0,5100000.0,2908000.0,2223000.0,7400000.0,5609000.0,3270000.0,,,2339000.0,,478000.0,5131000.0,,,,59640000,,4070000.0,,,,,,0.0001,300000000,153212000.0,153212000,15000,-153717000.0,3456000.0,,,,,,,,,,,,6604000.0,278291000,,,0.0,992000.0,991000.0,-1000.0,255100000.0,,,,,,,,0.0,-115000.0,-115000.0,6600000.0,,14352000.0,51887000.0,,0.0,23035000.0,665814000.0,300000.0,300000.0,508406000.0,750000.0,74917000.0,26357000.0,12269000.0,665514000.0,0.0,,,,,1100000.0,0.6,13200000.0,15351000.0,,,3700000.0,-0.28,-1.1,-0.28,,0.35,,-124000.0,,,18280000,71200000.0,,0.0,0.0,,0.0,44275000,76501000,,,,,-155375000.0,-152648000.0,2727000.0,,,876000,757000.0,51981000.0,,-53427000.0,,528000.0,-562000.0,,,4543000.0,0.0,518000,-4269000,,,-17615000.0,12282000,0.0,-237000,191000.0,312000,-3878000.0,0.0,,22468000.0,20589000.0,,4198000.0,,,1743000.0,11109000,,2055000.0,,,7311000.0,,,3200000.0,,,,,,,,,,,2400000.0,480746000,568871000,72222000,,,,,0.0,,203618000.0,,-82400000.0,,-117024000.0,-42199000,-39793000,,,-32145000,,,,,,,16020000.0,5037000.0,,452000.0,5344000.0,5187000.0,,,,4711000.0,10363000,517000.0,,,-272000.0,-193000.0,,,,4499000.0,5000000.0,2185000.0,2387000,0.0,,,334659000.0,,6392000,0.0001,10000000,0.0,0.0,0.0,,189700000.0,0.0,20287000.0,253682000,,4969000.0,,,,65601000,,,5800000.0,,5945000.0,,0.0,,50232000,,,,,-2021010000,,37450000.0,,19542000.0,13690000.0,243464000.0,250000000.0,,,0.0,0.014,0.517,,,,,,,,,,,,,,,,12.01,,88125000,,,,,189276000.0,,,20287000.0,3400000.0,18413000.0,0.0,0.0,0.0,,,,,0.0,52500000.0,,,139596000.0,,0.0,,,,,,,,,,,,,,,,,,
2017-05-10,False,155149696,,6951000,,1565000,,,-1849000,2131698000,,,,8184000.0,,,,,,528486000,380985000,,,335607000.0,,,335043000.0,,,,,,,,3493000.0,,4500000.0,2909000.0,1609000.0,,,,,,,,,,,,,23480000,,-36160000.0,,,,,,0.0001,300000000,154731000.0,154731000,15000,-63352000.0,,,,,,,,,,,,,6131000.0,79165000,,,,,,,254500000.0,,,,,,,,,,,,,24192000.0,51666000.0,,,,,,,,,,,,,,,,,,,,,4033000.0,,,,,-0.42,,,,,297000.0,,,11463000,,,0.0,0.0,,,11976000,76501000,,,,,,-63733000.0,,,,133000,,,,,,,,,,,,4117000,-14113000,,,9619000.0,-6817000,-108000.0,1907000,1798000.0,-2134000,-2509000.0,,,5402000.0,5067000.0,,4090000.0,,,1369000.0,13016000,,1880000.0,,,9767000.0,,,,,,,,,,,,,,,483737000,528486000,78515000,,,,,0.0,,11179000.0,,-13070000.0,,-34566000.0,-63866000,-9296000,,,-54437000,,,,,,,,,,,,,,,,6576000.0,7881000,865000.0,,,,,,,,2391000.0,4116000.0,731000.0,658000,,,,75857000.0,,4089000,0.0001,10000000,0.0,0.0,0.0,,,,11792000.0,58053000,,8823000.0,,,,66642000,,,,,613000.0,,,,61058000,,,,,-2085115000,,24728000.0,,7217000.0,4756000.0,243900000.0,250000000.0,,,,,,,,,,,,,,,,,,,,,,,44749000,,1518605.0,,,,,,,,,,,,,,,,,,,,153666000.0,,,,,,,,,,,,,,,,,,,,
2017-08-09,False,156327530,,6241000,,4114000,,,-1662000,2150019000,,,,8099000.0,,,,,,475859000,288165000,,,291628000.0,,,249398000.0,,,,,,,,45160000.0,,3800000.0,2706000.0,1056000.0,,,,,,,,,,,,,16149000,,-43491000.0,,,,,,0.0001,300000000,155861000.0,155861000,15000,-59684000.0,,,,,,,,,,,,,8989000.0,85245000,,,,,,,253800000.0,,,,,,,,,,,,,13373000.0,48979000.0,,,,,,,,,,,,,,,,,,,,,8287000.0,,,,,-0.39,,,,,49000.0,,,14346000,,,0.0,0.0,,,15996000,76501000,,,,,,-59772000.0,,,,99000,,,,,,,,,,,,3221000,-11564000,,,-3887000.0,-3934000,-54000.0,-101000,2388000.0,-2280000,1000000.0,,,5510000.0,10010000.0,,4144000.0,,,2258000.0,11008000,,1543000.0,,,7207000.0,,,,,,,,,,,,,,,472473000,475859000,72613000,,,,,,,20647000.0,,28902000.0,,-93089000.0,-59871000,-9116000,,,-50656000,,,,,,,,,,,,,,,,6683000.0,7496000,1104000.0,,,,,,,,5937000.0,3592000.0,1089000.0,906000,,,,121135000.0,,6344000,0.0001,10000000,0.0,0.0,0.0,,,,22016000.0,147558000,,0.0,,,,64929000,,,,,1369000.0,,,,60260000,,,,,-2144986000,,34589000.0,,7434000.0,15693000.0,244336000.0,250000000.0,,,,,,,,,,,,,,,,,,,,,,,3386000,,1130164.0,,,,,,,,,,,,,,,,,,,,155352000.0,,,,,,,,,,,,,,,,,,,,
2017-11-08,False,157467703,,8563000,,3314000,,,-1907000,2170169000,,,,8835000.0,,,,,,582055000,382795000,,,382013000.0,,,314600000.0,,,,,,,,59596000.0,,3000000.0,2482000.0,,,,,,,,,,,,,,37967000,,-21673000.0,,,,,,0.0001,300000000,156953000.0,156953000,15000,60626000.0,,,,,,,,,,,,,5674000.0,83443000,,,,,,,253000000.0,,,,,,,,,,,,,25491000.0,56225000.0,,,,,,,,,,,,,,,,,,,,,12081000.0,,,,0.39,,0.37,,,,11000.0,,,19088000,,,0.0,0.0,,,12055000,76501000,,,,,,61073000.0,,,,202000,,,,,,,,,,,,5729000,-12364000,,,15477000.0,808000,,2545000,4971000.0,2036000,1046000.0,,6200000.0,5540000.0,14989000.0,,4198000.0,,,3505000.0,13654000,,1751000.0,,,8398000.0,,,,,,,,,,,,,,,497893000,582055000,92544000,,,,,,,30116000.0,,-51787000.0,,-13000.0,60871000,-8412000,,,69485000,,,,,,,107144000.0,,8684000.0,5830000.0,5457000.0,6228000.0,,1303000.0,,9302000.0,13260000,767000.0,,,,,,,,3920000.0,5959000.0,1370000.0,1599000,,,,314439000.0,,7283000,0.0001,10000000,0.0,0.0,0.0,,,,32275000.0,261112000,,0.0,,,,62396000,,,,,2159000.0,,,,65714000,,,,,-2084115000,,152928000.0,,9302000.0,4448000.0,244771000.0,250000000.0,,,,,,,,,,,,,,,,,,,,,,,84162000,,1092371.0,,,,,,,,,,,,,,,,,,,162641000.0,,156411000.0,,,,,,,,,,,,,,,,,,,
2018-03-01,True,160922921,3028667056.0,4782000,,5014000,,115090000.0,-2111000,2207865000,,36615000.0,439000.0,36615000.0,,0.0,,,,508866000,326820000,,,347326000.0,,-533000.0,291370000.0,,,,,,,,57088000.0,,0.0,,,,,,,,,,,,,,,4762000,,-54878000.0,,,,,,0.0001,300000000,159524000.0,159524000,15000,-96440000.0,1400000.0,,,,,,,,,,,,9753000.0,367353000,,,0.0,580000.0,581000.0,1000.0,,,,,,,4000.0,,0.0,35000.0,35000.0,6000000.0,,18949000.0,19021000.0,,0.0,3796000.0,496475000.0,284000.0,284000.0,364864000.0,1156000.0,94103000.0,14552000.0,5659000.0,496191000.0,0.0,,,,0.0,1600000.0,0.6,,14741000.0,12600000.0,,3100000.0,-0.21,-0.62,-0.21,,0.35,,-46000.0,,,8263000,211800000.0,,0.0,0.0,,0.0,52364000,76501000,,,,,-97938000.0,-96076000.0,1862000.0,,,616000,556000.0,-186124000.0,,-33627000.0,,-20665000.0,0.0,,,8038000.0,0.0,2074000,-10664000,,,-28269000.0,-10017000,0.0,-383000,5774000.0,4800000,-2428000.0,0.0,,22085000.0,20116000.0,,4198000.0,,,4087000.0,10726000,,1796000.0,,,4843000.0,,,4700000.0,,,,,,,,,,,1100000.0,421038000,508866000,56163000,,,,,,,54391000.0,,-28809000.0,,-80414000.0,-33826000,-36434000,,,-24034000,,,,,,,106250000.0,5965000.0,9024000.0,8739000.0,5884000.0,5511000.0,,,,10064000.0,14948000,994000.0,,,785000.0,252000.0,,,,446000.0,5992000.0,881000.0,4520000,0.0,,,404425000.0,,9676000,0.0001,10000000,0.0,0.0,0.0,,189700000.0,0.0,59522000.0,347743000,,37549000.0,,,,47463000,,,16500000.0,,5131000.0,,0.0,,81429000,,,,,-2117941000,,95466000.0,,33527000.0,7791000.0,245207000.0,250000000.0,,,0.0,0.02,0.542,,,,,,,,,,,,,,,,20.35,,87828000,,,,,189276000.0,,,59528000.0,,20483000.0,0.0,802000.0,0.0,,,,,0.0,-169300000.0,,,155953000.0,,0.0,,,,,,,,,,,,,,,,,,
2018-05-10,False,171402476,,11375000,,15607000,,,-2796000,2262219000,,,,19949000.0,,,,,,496790000,336015000,,,297786000.0,,,261854000.0,,,,,,,,37157000.0,,,,,,,,,,,,,,,,,34805000,,30043000.0,,,,,,0.0001,300000000,162379000.0,162379000,16000,-96477000.0,,,,,,,,,,,,,6646000.0,124757000,,,,,,,,,,,,,,,,,,,32339000.0,19531000.0,12808000.0,3678000.0,,,,,,,,,,,,,,,,,,,,2541000.0,,,,,-0.6,,,0.21,,-53000.0,,,15130000,,,0.0,0.0,,,18687000,76501000,,,,,,-95527000.0,,,,265000,,,,,,,,,,,,6492000,-151000,,,-3678000.0,6867000,-108000.0,-51000,605000.0,-1853000,545000.0,,,5340000.0,4952000.0,,4090000.0,,,1015000.0,10675000,,1742000.0,,,7918000.0,,,,,,,,,,,,,,,438507000,496790000,80697000,,,,,,,34352000.0,,48210000.0,,-52466000.0,-95792000,-8788000,,,-86739000,,,,,,,,,,,,,,,,10676000.0,13074000,789000.0,,,,,,,,105000.0,6513000.0,370000.0,1571000,,,,0.0,,985000,0.0001,10000000,0.0,0.0,0.0,,,,34352000.0,37232000,,11963000.0,,,,46328000,,,,,0.0,,,,99424000,,,,,-2201156000,,38018000.0,,11076000.0,6295000.0,245643000.0,250000000.0,,,,,,,,,,,,,,,,,,,,,,,58283000,,2854816.0,,,,,,,,,,,,,,,,,,,,160884000.0,,,,,,,,,,,,,,,,,,,,
2018-08-09,False,172468773,,10674000,,35315000,,,-4002000,3094095000,,,,20660000.0,,,,,,2313087000,1905947000,,,1996321000.0,,,912683000.0,,,,,,,,282277000.0,,,,,,,,,,,,,,,,,911125000,,906363000.0,,,,,,0.0001,300000000,172415000.0,172415000,17000,970254000.0,,,,,31768000.0,17988000.0,13780000.0,8249000.0,,,,,,114117000,,,,,,,,,,,,,,,,,,,,,,,,,,,,,,,,,,,,,,,,,,5115000.0,,,,5.67,,5.33,0.005,0.21,1900000.0,-47000.0,,,18980000,,,0.0,0.0,,,20261000,76501000,,,,,,975345000.0,,,,3885000,,,,,,,,,,,,5791000,19557000,,,-6249000.0,10717000,-54000.0,1158000,4904000.0,14282000,5068000.0,,10900000.0,5385000.0,,9795000.0,4144000.0,,,594000.0,11884000,,1807000.0,,,9483000.0,,,,,,,,,,,,,,,452673000,2313087000,96897000,,,,,,845439000.0,,-846205000.0,,907176000.0,,971460000,1745000,,,973600000,,,,,,,,,,,,,,,,14993000.0,34940000,3362000.0,,,,,,,,10090000.0,7051000.0,3991000.0,12105000,,,,989850000.0,,3730000,0.0001,10000000,0.0,0.0,0.0,,790231000.0,,55208000.0,132779000,,0.0,,2633000.0,875668000.0,45000000,,,,,0.0,,,,88334000,,,,,-1229696000,1087717000.0,,,,,246078000.0,250000000.0,,,,,,,,,,,,,,,,,,,,,,,1860414000,,1750908.0,,,,,,,,,,,,,,,,,,,182291000.0,,171378000.0,,,,,,,,,,,,,,,,,,,
2018-11-08,False,173085231,,7494000,13100000.0,31937000,,,-5378000,3121322000,,,,23287000.0,,,,,,2249098000,1505182000,,,,,,,,1938007000.0,1198149000.0,619140000.0,,,,,,,,,,,,,,,,,,,,,222261000,,,,,222261000.0,217499000.0,,0.0001,300000000,173057000.0,173057000,17000,-97519000.0,,,,,27086000.0,15676000.0,11410000.0,12931000.0,,,,,,126396000,,,,,,,,,,,,,,,,,,,,,,,,,,,,,,,,,,,,,,,,,,7799000.0,,,,-0.56,,-0.56,0.004,0.21,2000000.0,,,-87000.0,27922000,,,0.0,0.0,,,18718000,76501000,,,,,,-97043000.0,,,,-900000,,,,,,,,,,,,2611000,16179000,,-10931000.0,,19659000,,2570000,14098000.0,22087000,5104000.0,,11300000.0,5442000.0,,14701000.0,4198000.0,,,2155000.0,13296000,,1802000.0,,,9339000.0,,,,,,,,,,,,,,,458976000,2249098000,108083000,,,,,,849298000.0,,-1467476000.0,,835764000.0,,-96143000,1591000,,,-98634000,,,,,,,,,,,,,,,,24217000.0,12540000,3394000.0,,,,,,,,6610000.0,7567000.0,8136000.0,11847000,,,,1944178000.0,,5552000,0.0001,10000000,0.0,0.0,0.0,,790231000.0,,59067000.0,467658000,,0.0,,2633000.0,779525000.0,44881000,,,,,0.0,,,,102895000,,,,,-1325839000,27762000.0,,,,,246514000.0,250000000.0,,,,,,,,,,,,,,,,,,,,,,,1790122000,,642024.0,,,,,,,,,,,,,,,,,,,172698000.0,,172698000.0,,,,,,,,,,,,,,,,,,,
2019-03-01,True,174104459,8366439130.0,5854000,,43213000,,120507000.0,-6316000,3147925000,,88101000.0,439000.0,88101000.0,,,,,,2150172000,1437687000,,,,,,,,1800011000.0,1140445000.0,582889000.0,,,,,,,,,,,,,,,,,,,,,194905000,,,,,194905000.0,190143000.0,,0.0001,300000000,173530000.0,173530000,17000,677108000.0,5088000.0,,,24200000.0,24636000.0,13892000.0,10744000.0,17331000.0,,,,7461000.0,,505391000,,12577000.0,0.0,620000.0,1319000.0,699000.0,,,,,,,6000.0,,0.0,93000.0,93000.0,9300000.0,,,,,0.0,4467000.0,460625000.0,170000.0,170000.0,300693000.0,-1270000.0,116955000.0,21518000.0,8066000.0,460455000.0,0.0,,,,0.0,2800000.0,0.6,,10870000.0,8800000.0,,,-0.57,,-0.57,,0.21,,,,-101000.0,9937000,258400000.0,,0.0,0.0,,,81443000,76501000,,,,,680423000.0,682725000.0,2302000.0,,,1412000,618000.0,-46885000.0,,143372000.0,,,804000.0,,,17295000.0,,971000,25505000,,-15331000.0,,1674000,,655000,27947000.0,31652000,3545000.0,,10500000.0,21582000.0,,19471000.0,4198000.0,,,3132000.0,11381000,,1846000.0,,,6403000.0,,,8100000.0,,,,,,,,,,,6600000.0,432597000,2150172000,82002000,,,,,,851966000.0,,-1379936000.0,,718214000.0,,-98212000,-5207000,,,-100295000,,,,,,,159211000.0,7914000.0,14599000.0,14117000.0,13649000.0,10617000.0,,,,9087000.0,21293000,4244000.0,,-2975000.0,-1230000.0,-4205000.0,,,,493000.0,9990000.0,,37571000,,,,,2271250000.0,14239000,0.0001,10000000,0.0,0.0,0.0,,189700000.0,,61735000.0,890957000,,12000000.0,11963000.0,2633000.0,681313000.0,48851000,,,63300000.0,,0.0,,,,108883000,,,,,-1424051000,39826000.0,,,,,246950000.0,250000000.0,,,0.0,0.028,0.61,,,,,,,,,,,,,,,,,,1717575000,,,,,189276000.0,,,61729000.0,,27419000.0,0.0,0.0,0.0,0.0,,,0.0,0.0,-35700000.0,,180119000.0,,169600000.0,,,,,,,,,,,,,,,,,,,
2019-05-09,False,174306995,,11012000,,42894000,,,-2716000,3178773000,,25385000.0,,25385000.0,,,,,,2166482000,1490114000,,,,,,,,1789213000.0,1281913000.0,455867000.0,,,,,,,,,,,,,,,,,,,,6389000.0,106752000,,,,,106752000.0,-88153000.0,,0.0001,300000000,,174228000,17000,-114912000.0,,14500000.0,,,20432000.0,11092000.0,9340000.0,4204000.0,19600000.0,,,5440000.0,,148909000,,12577000.0,,,,,,,,,,,,,,,,,,,,,,,,,,,,,,,,,,,,,,,,3077000.0,,,,,-0.68,,,,,,,-14000.0,18371000,,,0.0,0.0,,,25006000,76501000,,,,,,-119495000.0,,,,-983000,,,,,,,,,,,,5156000,-319000,,-4204000.0,,8434000,,397000,774000.0,-4209000,1332000.0,,,5226000.0,,4805000.0,4090000.0,,,1158000.0,11778000,,1688000.0,,,8932000.0,,,,4230000.0,146901000.0,,,13515000.0,13087000.0,12671000.0,9690000.0,5749000.0,44681000.0,,532971000,2166482000,99718000,,,,,,4894000.0,,-12138000.0,,-80895000.0,,-118512000,1192000,1.0,,-120687000,2957000.0,96673000.0,1649000.0,95024000.0,1800000.0,83475000.0,,,,,,,,,0.065,14624000.0,19352000,2367000.0,,,,3600000.0,,1100000.0,,,666000.0,4303000.0,12483000,,,,,368739000.0,5648000,0.0001,10000000,,0.0,0.0,,,,4894000.0,362249000,,,0.0,,-118512000.0,58158000,,,,,,,,,118463000,,,,,-1542563000,28222000.0,,,,,247386000.0,250000000.0,,,,,,,,,,,,,,,,,,,,,,,1633511000,,698000.0,,,,,,5463000.0,,,,,,,,,,,,1273000.0,,173859000.0,,,,,,,,,,,,,,,,,,,,
2019-08-09,False,175274453,,9346000,,37299000,,,-788000,3210398000,,24522000.0,,24522000.0,,,,3200000.0,,2099653000,1596817000,,,,,,,,1723828000.0,1429955000.0,276305000.0,,,,,,,,,,,,,,,,,,,,2294000.0,85424000,,,,85424000.0,,-109481000.0,,0.0001,300000000,,174966000,17000,-107981000.0,,12900000.0,,,17921000.0,9892000.0,8029000.0,6715000.0,16400000.0,,,5018000.0,,134285000,,12577000.0,,,,,,,,,,,,,,,,,,,,,,,,,,,,,,,,,,,,,,,,6132000.0,,,,-0.63,,-0.63,0.005,,,,-16000.0,,19710000,,,0.0,0.0,,,22581000,76501000,,,,,,-110187000.0,,,,-278000,,,,,,,,,,,,3480000,-5914000,,-6715000.0,,9773000,,1807000,15508000.0,-15818000,8701000.0,,10900000.0,5231000.0,,9455000.0,4144000.0,,,4470000.0,13188000,,1757000.0,,,6961000.0,,,,4738000.0,145569000.0,,,13515000.0,13087000.0,12671000.0,9690000.0,4417000.0,43021000.0,,542498000,2099653000,113370000,,,,,,12200000.0,,13152000.0,,-134817000.0,,-109909000,783000,1.0,,-110970000,2957000.0,98571000.0,3749000.0,94822000.0,3100000.0,82177000.0,,,,,,,,,0.065,13830000.0,13213000,2400000.0,,,,1928000.0,,400000.0,,,643000.0,7826000.0,11989000,,,,,603702000.0,17291000,0.0001,10000000,,0.0,0.0,,,,12200000.0,634145000,,,0.0,0.0,-228421000.0,65453000,,,,,,,,,106686000,,,,,-1652472000,23315000.0,,,,,247821000.0,250000000.0,,,,,,,,,,,,,,,,,,,,,,,1557155000,,738538.0,,,790231000.0,,,7103000.0,,,,,,,,,,,,1781000.0,174549000.0,,174549000.0,,,,,,,,,,,,,,,,,,,
2019-11-07,False,175922206,,21963000,,41205000,,,-1186000,3241160000,,24880000.0,,24880000.0,,,,17600000.0,,2088294000,1578824000,,,,,,,,1646043000.0,1414448000.0,231082000.0,,,,,,,,,,,,,,,,,,,,28166000.0,81224000,,,,81224000.0,,-113681000.0,,0.0001,300000000,,175786000,17000,-99206000.0,,,,,15171000.0,8392000.0,6779000.0,9465000.0,20500000.0,,,4927000.0,,127958000,,12577000.0,,,,,,,,,,,,,,,,,,,,,,,,,,,,,,,,,,,,,,,,9582000.0,,,,-0.56,,-0.56,0.004,,,,-77000.0,,23101000,,,0.0,0.0,,,23983000,76501000,,,,,,-98486000.0,,,,322000,,,,,,,,,,,,16109000,-2008000,,-9465000.0,,13164000,,2339000,10019000.0,-18127000,11932000.0,,11300000.0,5425000.0,,14229000.0,4198000.0,,,4173000.0,13720000,,1586000.0,,,7961000.0,,,,5601000.0,214379000.0,,,20257000.0,19633000.0,19026000.0,15283000.0,2400000.0,56621000.0,,599583000,2088294000,125350000,,,,,,18449000.0,,71405000.0,,-203458000.0,,-98808000,254000,1.0,,-98740000,4116000.0,154417000.0,9318000.0,145099000.0,5100000.0,134888000.0,,,,,,,,,0.059,11394000.0,15212000,2385000.0,,,,-398000.0,,300000.0,,,643000.0,10421000.0,11492000,,,,,1028883000.0,22614000,0.0001,10000000,,0.0,0.0,,,,18449000.0,1122902000,,,0.0,0.0,-327229000.0,64614000,,,,,,,,,99048000,,,,,-1751280000,29218000.0,,56025000.0,,,248257000.0,250000000.0,,,,,,,,,,,,,,,,,,,,,,,1488711000,,820000.0,,,790231000.0,,,5882000.0,,,,,,,,,,,,1485000.0,175402000.0,,175402000.0,,,,,,,,,,,,,,,,,,,
2020-02-28,True,177557144,6184040785.0,19234000,,36802000,,127875000.0,-1005000,3271097000,,99795000.0,,99795000.0,,,,,,1977356000,1421550000,,,,,,,,1507655000.0,1228499000.0,279119000.0,,,,,,,,,,,,,,,,,,,,,96363000,,,,96363000.0,,-98542000.0,,0.0001,300000000,176505000.0,176505000,17000,-435356000.0,4552000.0,,,12800000.0,8071000.0,5517000.0,2554000.0,16565000.0,77500000.0,,,5989000.0,,554652000,12577000.0,,0.0,495000.0,634000.0,139000.0,,,,,,,6000.0,,0.0,-21000.0,-21000.0,9300000.0,,,,,0.0,1908000.0,608726000.0,196000.0,33639000.0,399361000.0,,128015000.0,30875000.0,2934000.0,575087000.0,33443000.0,31718000.0,1725000.0,,0.0,3500000.0,0.6,,13156000.0,11000000.0,,,-0.64,,-0.64,,0.21,,,-102000.0,,11467000,213700000.0,,0.0,0.0,,,98712000,76501000,,,,,-441494000.0,-440054000.0,1440000.0,,,613000,555000.0,104440000.0,,-92411000.0,,,1372000.0,,,10511000.0,,12967000,-6411000,,-16565000.0,,1530000,,1284000,3816000.0,-1190000,533000.0,,10500000.0,21310000.0,,19199000.0,4198000.0,,,2725000.0,12665000,,1673000.0,,,8267000.0,,,,21105000.0,213251000.0,118058000.0,14571000.0,21110000.0,20461000.0,19832000.0,19219000.0,,54741000.0,6800000.0,571965000,1977356000,353893000,,,,,,23355000.0,,206886000.0,,-328681000.0,,-112164000,-19000,,,-109638000,14697000.0,155246000.0,12516000.0,142730000.0,8400000.0,134177000.0,159211000.0,7914000.0,14599000.0,14117000.0,13649000.0,10617000.0,,,0.059,11414000.0,15387000,1010000.0,,5693000.0,-382000.0,5311000.0,,1300000.0,,924000.0,768000.0,,46335000,,,,,1380865000.0,26285000,0.0001,10000000,0.0,0.0,0.0,,,,23355000.0,1614036000,,,0.0,0.0,-440667000.0,64999000,,,25800000.0,,0.0,,,,110369000,,,,,-1864718000,33862000.0,,57691000.0,,,0.0,250000000.0,248693000.0,,0.0,0.018,0.622,,,,30600000.0,,,,12.25,,,,,,,,,,1405391000,8285000.0,,,,790232000.0,,,23377000.0,,77410000.0,0.0,144000.0,0.0,0.0,,,0.0,0.0,114600000.0,6408000.0,174993000.0,,174993000.0,,,,,,,,,,,,,,,,,,,
2020-05-08,False,177989857,,21789000,,42031000,,,-6877000,3306655000,,24211000.0,,25236000.0,,,,,,1887933000,1429324000,2100000.0,300000.0,,,,,,,1118847000.0,185900000.0,,,,,,,,,,,,,,,,,,,,5994000.0,227035000,,,,227035000.0,,130672000.0,,0.0001,300000000,,177863000,17000,-144523000.0,,,,,5561000.0,3007000.0,2554000.0,2510000.0,44600000.0,,,3811000.0,,184204000,,,,,,,,,,,,,,,,,,,,,,,,,,,,,,,,,,,,,,,,,,4502000.0,,,,,-0.78,,,,,,-97000.0,,22412000,,,,,,,26217000,76501000,,,,,,-138451000.0,,,,200000,,,,,,,,,,,,2687000,5229000,,-2510000.0,,9920000,,1655000,7716000.0,-1067000,-233000.0,,,6204000.0,,4951000.0,,6200000.0,,1659000.0,14320000,,1198000.0,,,11463000.0,,,,,,,,,,,,,,,591507000,1887933000,377471000,,,,,,11077000.0,,197767000.0,,-78075000.0,,-138651000,-4820000,1.0,,-133631000,,,15613000.0,142297000.0,,133901000.0,,,,,,,,,,11844000.0,13811000,,,-5121000.0,-751000.0,-5872000.0,,1100000.0,,1459000.0,,1289000.0,8352000,,,,,241068000.0,900000,0.0001,10000000,,0.0,0.0,,,,11077000.0,439735000,,,0.0,,-138651000.0,62307000,,,,,,,,,108987000,,,,,-2003369000,50573000.0,,2133000.0,,,,254800000.0,254144000.0,,,,,,,,,,,,,,,,,,,,,,1296426000,,49000.0,,,,,,11347000.0,,,,,,,,,,,,,,177185000.0,,,,,,,,,,,,,,,,,,,,
2020-08-07,False,178899759,,19246000,,47245000,,,715000,3338876000,,24396000.0,,23371000.0,,,,,,1594878000,1151968000,2100000.0,300000.0,,,,,,,980191000.0,172166000.0,,,,,,,,,,,,,,,,,,,,6071000.0,58206000,,,,58206000.0,,-38157000.0,,0.0001,300000000,,178810000,18000,-72408000.0,,,25000000.0,,4281000.0,1757000.0,2524000.0,3790000.0,42100000.0,,,5773000.0,,126556000,,,,,,,,,,,,,,,,,,,,,,,,,,,,,,,,,,,,,,,,,,7692000.0,,,,,-0.45,,,,,,-104000.0,,22548000,,,,,,,24347000,76501000,,,,,,-79856000.0,,,,144000,,,,,,,,,,,,425000,10443000,,-3790000.0,,12469000,,-81000,8952000.0,27214000,,,,647000.0,,9742000.0,,6100000.0,,2348000.0,12584000,,1681000.0,,,8555000.0,,,,,,,,,,,,,,,338638000,1594878000,123958000,,,,,,-230880000.0,,354805000.0,,-161978000.0,,-80000000,-2147000,1.0,,-77709000,,,15139000.0,141633000.0,,131458000.0,,,,,,,,,,11424000.0,37770000,1413000.0,,7688000.0,-96000.0,7592000.0,,400000.0,,,2239000.0,782000.0,5191000,,,,,543631000.0,3594000,0.0001,10000000,,0.0,0.0,,,,19120000.0,860330000,,,41700000.0,,-218651000.0,61372000,,,,,,,250000000.0,,96436000,,,,,-2083369000,48847000.0,,2133000.0,,,,,0.0,,,,,,,,,,,,,,,,,,,,,,1256240000,,0.0,,,,,,7826000.0,,,,,,,,,,,,,,178327000.0,,,,,,,,,,,,,,,,,,,,
2020-11-06,False,179398666,,15484000,,42925000,,,-1080000,3363998000,,23667000.0,,23667000.0,,,,16575000.0,,1508666000,1043856000,2100000.0,300000.0,,,,,,,900163000.0,197715000.0,,,,,,,,,,,,,,,,,,,,6368000.0,55843000,,,,55843000.0,,-40520000.0,,0.0001,300000000,,179394000,18000,-110381000.0,,,,,3001000.0,507000.0,2494000.0,5070000.0,22700000.0,,,5570000.0,,133083000,,,,,,,,,,,,,,,,,,,,,,,,,,,,,,,,,,,,,,,,,,10937000.0,,,,,-0.61,,,,,,9000.0,,29504000,,,,,,,26982000,76501000,,,,,,-108565000.0,,,,21000,,,,,,,,,,,,-3337000,6123000,,-5070000.0,,20478000,,227000,9340000.0,5588000,,,,0.0,,9742000.0,,5400000.0,,317000.0,12892000,,1387000.0,,,11188000.0,,,,,,,,,,,,,,,337685000,1508666000,126500000,,,,,,-229349000.0,,403473000.0,,-214653000.0,,-108586000,-5515000,,1.0,-103050000,,,15348000.0,139022000.0,,128985000.0,,,,,,,,,,9630000.0,21550000,1420000.0,,-2144000.0,349000.0,-1795000.0,,200000.0,,,3291000.0,-1150000.0,2910000,,,,,791445000.0,5504000,0.0001,10000000,,0.0,0.0,,,,20651000.0,1158722000,,,0.0,,-327237000.0,60189000,,,,,,,250000000.0,,100531000,,,,,-2191955000,30033000.0,,2133000.0,,,,,0.0,,,,,,,,,,,,,,,,,,,,,,1170981000,,584000.0,,,,,,1455000.0,,,,,,,,,,,,,,179090000.0,,,,,,,,,,,,,,,,,,,,
2021-02-26,True,182182063,4100000000.0,22139000,,38889000,,138488000.0,-2295000,3388730000,,94261000.0,,94261000.0,,,,,,1538767000,1138005000,2100000.0,300000.0,,,,,,,862941000.0,136662000.0,,,,,,,,,,,,,,,,,,,,6285000.0,198955000,,,,198955000.0,,102592000.0,,0.0001,300000000,180091000.0,180091000,18000,-445730000.0,4700000.0,,,200000.0,2555000.0,91000.0,2464000.0,5516000.0,129600000.0,,,4323000.0,,578026000,,,0.0,364000.0,529000.0,165000.0,,,,,,,6000.0,,0.0,-36000.0,-36000.0,,,,,,0.0,,701892000.0,226000.0,31789000.0,456284000.0,,132994000.0,32517000.0,,670103000.0,31563000.0,29707000.0,1856000.0,,,3500000.0,0.6,,14182000.0,12500000.0,,,-0.65,,-0.65,,0.21,,,20000.0,,14532000,193700000.0,,0.0,0.0,,,104682000,76501000,,,,,-445370000.0,-443947000.0,1423000.0,,,493000,539000.0,87060000.0,,-93229000.0,,,3425000.0,,,3081000.0,,2382000,-1913000,,-5516000.0,,4697000,,2627000,8644000.0,-4476000,,,10500000.0,6851000.0,,9742000.0,,5100000.0,,2167000.0,15292000,,2422000.0,,,10703000.0,,,,27164000.0,200179000.0,97764000.0,17938000.0,22117000.0,21439000.0,20780000.0,20141000.0,,46380000.0,8100000.0,461472000,1538767000,115779000,,,,,,-80354000.0,,496213000.0,,-313287000.0,,-117203000,-18836000,,,-110721000,18985000.0,150288000.0,13915000.0,136373000.0,16200000.0,126476000.0,,,,,,,,,0.059,9585000.0,18020000,1461000.0,,-927000.0,-363000.0,-1290000.0,,,,,6516000.0,,18282000,,,,,987533000.0,7258000,0.0001,10000000,0.0,0.0,0.0,,,,23396000.0,1449304000,,,41700000.0,0.0,-444440000.0,59662000,,,8000000.0,,,,250000000.0,,102724000,,,,,-2309158000,23462000.0,,2133000.0,,,,,0.0,,0.0,0.004,0.641,,9523000.0,22.99,15900000.0,1233000.0,,1654000.0,10.7,23478000.0,13637000.0,24.3,11.69,45.7,19.15,23468000.0,,,1077295000,,,1669000.0,,790232000.0,,,23373000.0,,78665000.0,0.0,1450000.0,0.0,0.0,2512000.0,193000.0,0.0,0.0,-95000000.0,8179000.0,178581000.0,,178581000.0,,,,,,,,,,,,,,,,,,,
2021-05-07,False,182308999,,22434000,,29156000,,,-3121000,3429734000,,23898000.0,,23898000.0,0.0,,,19393000.0,,1456561000,1099051000,1100000.0,200000.0,,,,,,,887152000.0,96093000.0,,,,,,,,,,,,,,,,,,,,7559000.0,150164000,,,,150164000.0,,-48791000.0,,0.0001,300000000,,182290000,18000,-123793000.0,,,,,,,,,18800000.0,,,5756000.0,,133039000,,,,,,,,,,,,,,,,,,,,,,,,,,,,,,,,,,,,,,,,,,3543000.0,,4597000.0,,,-0.68,,,,,,-20000.0,,23513000,,,,,,,31679000,76501000,,,,,,-122875000.0,,,,92000,,,,,,,,,,,,779000,-9733000,,-605000.0,,8981000,,1516000,-7345000.0,-6183000,,,,0.0,,0.0,,,,1806000.0,16808000,,1920000.0,,,13082000.0,,,,,,,,,,,,,,,462055000,1456561000,123633000,-1599000.0,,,,,17856000.0,,10458000.0,,-77085000.0,,-122967000,-13483000,,1.0,-109392000,,,15768000.0,134556000.0,,124971000.0,,,,,,,,,,14833000.0,15771000,1435000.0,,-766000.0,-60000.0,-826000.0,,,,,4130000.0,-2345000.0,1412000,,,,,295314000.0,2876000,0.0001,10000000,,0.0,0.0,750000.0,,,17106000.0,303612000,,,5036000.0,,-122967000.0,58510000,,,,,,,,,95604000,2248000.0,,,,-2432125000,23647000.0,,1057000.0,,,,,,,,,,,,,,,121000.0,,10.82,,,,,,,,,,994506000,,2199000.0,,,,,,17106000.0,,,,,,,,,,,,,,181370000.0,,,,,,,,,,,,,,,,,,,,
2021-08-06,False,183801441,,19701000,,28871000,,,-3400000,3466001000,,23714000.0,,23714000.0,0.0,,,18352000.0,,1371351000,1056148000,1100000.0,200000.0,,,,,,,847720000.0,57397000.0,,,,,,,,,,,,,,,,,,,,14056000.0,152345000,,,,152345000.0,,-46610000.0,,0.0001,300000000,,183773000,18000,-125798000.0,,,,,,,,,20500000.0,,,7667000.0,,138535000,,,,,,,,,,,,,,,,,,,,,,,,,,,,,,,,,,,,,,,,,,7090000.0,,11607000.0,,-0.69,,-0.69,,,,,-57000.0,,28665000,,,,,,,29555000,76501000,,,,,,-125162000.0,,,,357000,,,,,,,,,,,,-2101000,-10018000,,-605000.0,,14133000,,-676000,-3496000.0,-11585000,,,,0.0,,0.0,,,,2867000.0,14616000,,1996000.0,,,9753000.0,,,,,,,,,,,,,,,466376000,1371351000,131023000,-2713000.0,,,,,30023000.0,,83410000.0,,-159986000.0,,-125519000,-14957000,,1.0,-110205000,,,16776000.0,131658000.0,,122362000.0,,,,,,,,,,16404000.0,12596000,344000.0,,-64000.0,-215000.0,-279000.0,,,,,4016000.0,-4090000.0,845000,,,,,527887000.0,6157000,0.0001,10000000,,0.0,0.0,1500000.0,,,28523000.0,612419000,,,5035000.0,,-248486000.0,58599000,,,,,,,0.0,,101313000,5795000.0,,,,-2557644000,28330000.0,,1057000.0,,,,,,,,,,,,,,,157000.0,,9.78,,,,,,,,,,904975000,,1483000.0,,,,,,12553000.0,,,,,,,,,,,,,182698000.0,,182698000.0,,,,,,,,,,,,,,,,,,,
2021-11-05,False,184557124,,23660000,,28994000,,,-3563000,3492435000,,24657000.0,,24657000.0,0.0,,,17634000.0,,1277243000,986135000,1100000.0,200000.0,,,,,,,867063000.0,34219000.0,,,,,,,,,,,,,,,,,,,,5681000.0,54017000,,,,54017000.0,,-144938000.0,,0.0001,300000000,,184554000,18000,-129869000.0,,,,,,,,,19400000.0,,,5311000.0,,138517000,,,,,,,,,,,,,,,,,,,,,,,,,,,,,,,,,,,,,,,,,,10710000.0,,21387000.0,,-0.7,,-0.7,,,,,-82000.0,,32882000,,,,,,,29468000,76501000,,,,,,-129594000.0,,,,112000,,,,,,,,,,,,1247000,-9895000,,-605000.0,,18350000,,38000,-3837000.0,-814000,,,,0.0,,0.0,,,,4198000.0,15330000,,1744000.0,,,9388000.0,,,,,,,,,,,,,,,475703000,1277243000,139969000,-3328000.0,,,,,33686000.0,,82580000.0,,-261122000.0,,-129706000,-15998000,,1.0,-113596000,,,17740000.0,128718000.0,,119714000.0,,,,,,,,,,19966000.0,20731000,1844000.0,,-176000.0,13000.0,-163000.0,,,,,3869000.0,-5677000.0,131000,,,,,816049000.0,9093000,0.0001,10000000,,0.0,0.0,2250000.0,,,31436000.0,902687000,,,5035000.0,,-378192000.0,58830000,,,,,,,0.0,,103738000,11497000.0,,,,-2687350000,24921000.0,,1057000.0,,,,,,,,,,5000000.0,,,,,397000.0,,9.36,,,,,,,,,,801540000,,,,,,,,1777000.0,,,,,,,,,,,,,184110000.0,,184110000.0,,,,,,,,,,,,,,,,,,,
2022-03-01,True,186274156,3100000000.0,9747000,,22492000,,148039000.0,-4157000,3516641000,,94674000.0,,94674000.0,,,,,,1117189000,795581000,12000.0,674000.0,,,,,,762625000.0,708737000.0,64828000.0,,,,,,,,,,,,,,,,,,,,1250000.0,25218000,,,,25218000.0,,-173737000.0,26107000.0,0.0001,300000000,185468000.0,185468000,19000,-525699000.0,7163000.0,,,,,,,,,,,6163000.0,,548010000,,,0.0,609000.0,659000.0,50000.0,,,,,,,6000.0,,0.0,-102000.0,-102000.0,,,,,,0.0,,813843000.0,327000.0,28095000.0,564712000.0,10651000.0,139996000.0,33408000.0,,785748000.0,27768000.0,27204000.0,564000.0,,,3600000.0,0.6,,14146000.0,13000000.0,27726000.0,,-790.0,,-790.0,,,6627000.0,,-92000.0,,15735000,187400000.0,,,,,,122844000,76501000,,,,,-524440000.0,-523280000.0,1160000.0,,,557000,325000.0,97914000.0,,-109889000.0,,,3647000.0,,,4727000.0,,-11690000,-12397000,,-605000.0,,1203000,,509000,-23524000.0,2688000,,,,0.0,,0.0,,1400000.0,,3293000.0,15801000,,3166000.0,,,9342000.0,,,,28127000.0,181730000.0,75411000.0,18626000.0,22957000.0,22255000.0,21572000.0,20909000.0,,37900000.0,8100000.0,437681000,1117189000,85200000,-8023000.0,,,,,36238000.0,,202777000.0,,-412660000.0,,-145645000,-77177000,,,-112910000,19153000.0,143177000.0,17441000.0,125736000.0,16800000.0,117025000.0,,,,,,,,,0.058,15468000.0,23333000,2744000.0,,-1568000.0,-294000.0,-1862000.0,,,,,3592000.0,,2569000,,,,,960689000.0,14989000,0.0001,10000000,0.0,0.0,0.0,3000000.0,,,33238000.0,1166951000,,,11504000.0,,-523837000.0,60510000,,,8200000.0,,,,0.0,,99614000,16703000.0,,,,-2832995000,25009000.0,,1057000.0,,,,,,,0.0,0.012,0.638,,8236000.0,26.94,17300000.0,504000.0,,2890000.0,8.07,2711000.0,13542000.0,23.62,12.08,46.25,14.45,2267000.0,,,679508000,,,2481000.0,,,,,33238000.0,,80604000.0,0.0,490000.0,0.0,0.0,2371000.0,58000.0,0.0,0.0,115600000.0,8974000.0,183298000.0,,183298000.0,,763287000.0,6639000.0,4940000.0,,,,,,,,,,,,,,,
2022-05-06,False,186274156,,12617000,,30220000,,,-6532000,3537790000,,20961000.0,,20961000.0,0.0,,,22338000.0,,1024116000,733455000,,700000.0,,,,,,,599032000.0,37363000.0,,,,,,,,,,,,,,,,,,,,11922000.0,67993000,,,,67993000.0,,42775000.0,,0.0001,300000000,,186274000,19000,-92768000.0,,,,,,,,,,,,5315000.0,,141382000,,,,,,,,,,,,,,,,,,,,,,,,,,,,,,,,,,,,,,,,,,3730000.0,,0.0,,-0.49,,-0.49,,,,,-17000.0,,22653000,,,,,,,27339000,76501000,,,,,,-90267000.0,,,,126000,,,,,,,,,,,,2998000,7728000,,,,6918000,,-422000,7249000.0,-2864000,,,,,,,,,,3875000.0,15379000,,2084000.0,,,9420000.0,,,,,,,,,,,,,,,416227000,1024116000,105281000,33427000.0,,,,,938000.0,,130278000.0,,-88424000.0,,-90393000,26293000,,,-116560000,,,19597000.0,122638000.0,,114296000.0,,,,,,,,,,17011000.0,20831000,1521000.0,,-2091000.0,-284000.0,-2375000.0,,,,,2704000.0,-1276000.0,395000,,,,,93493000.0,4203000,0.0001,10000000,,0.0,0.0,750000.0,,,188000.0,227974000,,,0.0,,-90393000.0,60980000,,,,,,,,,107253000,4951000.0,,,,-2923388000,24822000.0,,0.0,,,,,,,,,,,,,,,22000.0,,6.61,,,,,,,,,,607889000,,,,,,,,188000.0,,,,,,,,,,,,,185848000.0,,185848000.0,,,,,0.0,1475000.0,,,,,,,,,,,,,
2022-08-05,False,187404772,,12346000,,10006000,,,-8191000,3549360000,,11103000.0,,11103000.0,,,,20543000.0,57321000.0,861987000,665536000,,700000.0,,,,,,,541771000.0,8928000.0,,,,,,,,,,,,,,,,,,,,18726000.0,77545000,,,,77545000.0,,52327000.0,,0.0001,300000000,,187405000,19000,-160727000.0,,,,,,,,,,,,5115000.0,,174421000,,,,,,,,,,,,,,,,,,,,,,,,,,,,,,,,,,,,,,,,,,7171000.0,,0.0,,-0.85,,-0.85,,,,,-87000.0,,30323000,,,,,,,20521000,76501000,,,,5120000.0,,-158968000.0,,,,100000,,,,,,,,,,,,2833000,-12486000,,,,14588000,,1168000,-1520000.0,-7627000,,,,,,,,,,1033000.0,16969000,,2099000.0,,,13837000.0,,,,,,,,,,,,,,,403255000,861987000,104985000,0.0,,,,,1405000.0,,214426000.0,,-163417000.0,,-159068000,-6132000,,,-152836000,,,20047000.0,119415000.0,,68996000.0,,,,,,,,,,13035000.0,19245000,2234000.0,,-988000.0,-671000.0,-1659000.0,,,,,2080000.0,-700000.0,1096000,,,,,247014000.0,4983000,0.0001,10000000,,0.0,0.0,750000.0,,,655000.0,466423000,,,0.0,,-249461000.0,39792000,,,,,,,,,42740000,4951000.0,,,,-3082456000,21585000.0,,0.0,,,,,,,,,,,,,,,85000.0,,2.47,,,,,,,,,,458732000,,1131000.0,,,,,,467000.0,,,,,,,,,,,,,186800000.0,,186800000.0,,,,,0.0,106045000.0,20408000.0,566000.0,52201000.0,0.0,106045000.0,27750000.0,,,,,,,
2022-11-04,False,187954482,,5329000,,11532000,,,-8169000,3561878000,,12518000.0,,12518000.0,,,,19575000.0,1200000.0,781006000,599483000,,700000.0,,,,,,,440629000.0,0.0,,,,,,,,,,,,,,,,,,,,8341000.0,105758000,,,,105758000.0,,80540000.0,,0.0001,300000000,,187954000,19000,-59027000.0,,,,,,,,,,,,4972000.0,,77926000,,,,,,,,,,,,,,,,,,,,,,,,,,,,,,,,,,,,,,,,,,9848000.0,,0.0,,-0.31,,-0.31,,,,,-382000.0,,24392000,,,,,,,22534000,76501000,,,,5120000.0,,-59204000.0,,,,-155000,,,,,,,,,,,,-4184000,-10960000,,,,8657000,,3256000,-7055000.0,-4861000,,,,,,,,,,1692000.0,19057000,,2053000.0,,,15312000.0,,,,,,,,,,,,,,,368783000,781006000,83989000,0.0,,,,,1405000.0,,325821000.0,,-246304000.0,,-59049000,-4903000,,,-54301000,,,18508000.0,116145000.0,,65896000.0,,,,,,,,,,15299000.0,22507000,2323000.0,,490000.0,-468000.0,22000.0,,,,,3054000.0,372000.0,2050000,,,,,295439000.0,5164000,0.0001,10000000,,0.0,0.0,750000.0,,,655000.0,626424000,,,0.0,,-308510000.0,36803000,,,,,,,,,33590000,4951000.0,,,,-3141505000,23625000.0,,0.0,,,,,,,,,,,,,,,5890000.0,,3.23,,,,,,,,,,412223000,,,,,,,,0.0,,,,,,,,,,,,,187641000.0,,187641000.0,,,,,0.0,16830000.0,8530000.0,5023000.0,53401000.0,0.0,16830000.0,2077000.0,1200000.0,,,,,,
2023-02-28,True,189235139,704000000.0,12980000,,5981000,,124731000.0,-6907000,3574719000,,57320000.0,,57320000.0,,,,,65761000.0,710600000,545968000,25000.0,1801000.0,,,,,,427726000.0,416750000.0,0.0,,,,,,,,,,,,,,,,,,,,8798000.0,88227000,,,,88227000.0,,63009000.0,27403000.0,0.0001,300000000,188560000.0,188560000,19000,-370948000.0,2530000.0,,,,,,,,,,,21635000.0,,468221000,,,0.0,1115000.0,507000.0,-608000.0,,,,,,,12000.0,,0.0,2708000.0,2708000.0,,,,,,0.0,,828008000.0,327000.0,11773000.0,545508000.0,13935000.0,142198000.0,22110000.0,,816235000.0,2405000.0,11335000.0,392000.0,,,2500000.0,0.6,,13030000.0,12200000.0,0.0,,-1.97,,-1.97,,,15778000.0,,-327000.0,,9582000,83100000.0,,,,,,92333000,76501000,,,,,-371900000.0,-364983000.0,6917000.0,,,3215000,272000.0,51108000.0,,-76647000.0,,,2656000.0,,,987000.0,,3103000,-16511000,,-1060000.0,,-6153000,,3401000,-12734000.0,-6906000,,,,0.0,,0.0,,700000.0,,5878000.0,19202000,,2575000.0,,,10749000.0,,,,27757000.0,161413000.0,51732000.0,19216000.0,23681000.0,22958000.0,22254000.0,21572000.0,,29917000.0,7500000.0,343962000,710600000,68204000,33427000.0,,,,,1508000.0,,365835000.0,,-304007000.0,,-368198000,11183000,,,-376166000,17057000.0,131496000.0,18667000.0,112829000.0,20100000.0,53435000.0,,,,,,,,,0.058,14713000.0,15808000,2245000.0,,-1114000.0,-1636000.0,-2750000.0,,,,,7551000.0,,6667000,,,,,467914000.0,5676000,0.0001,10000000,0.0,0.0,0.0,750000.0,,,758000.0,826229000,,,0.0,13196000.0,-368198000.0,32451000,,,,,,,0.0,,218323000,4951000.0,,,,-3201193000,92055000.0,,0.0,,,,,,,0.0,0.029,0.779,,6029000.0,27.82,17300000.0,5715000.0,,6276000.0,3.18,0.0,14088000.0,16.4,12.43,20.73,4.76,0.0,,,366638000,,,15000.0,,,,,758000.0,,85845000.0,0.0,0.0,0.0,0.0,378000.0,5272000.0,0.0,409000.0,30500000.0,10700000.0,187138000.0,,187138000.0,,429502000.0,,0.0,,,31693000.0,10898000.0,67875000.0,,135930000.0,30904000.0,,2114000.0,14178000.0,38445000.0,24134000.0,2451000.0,3326000.0
