filing_date,annual,EntityCommonStockSharesOutstanding_shares,EntityPublicFloat_USD,AccountsPayableAndOtherAccruedLiabilitiesCurrent_USD,AccountsPayableCurrent_USD,AccountsPayableOtherCurrent_USD,AccountsReceivableNetCurrent_USD,AccruedExchangeFeeRebateCurrentAndNoncurrent_USD,AccruedLiabilitiesCurrent_USD,AccruedRoyaltiesCurrent_USD,AccumulatedDepreciationDepletionAndAmortizationPropertyPlantAndEquipment_USD,AccumulatedOtherComprehensiveIncomeLossForeignCurrencyTranslationAdjustmentNetOfTax_USD,AccumulatedOtherComprehensiveIncomeLossNetOfTax_USD,AcquisitionCosts_USD,AdditionalPaidInCapital_USD,AdjustmentForAmortization_USD,AdjustmentsToAdditionalPaidInCapitalSharebasedCompensationRequisiteServicePeriodRecognitionValue_USD,AllocatedShareBasedCompensationExpense_USD,AllowanceForDoubtfulAccountsReceivable_USD,AllowanceForDoubtfulAccountsReceivableCurrent_USD,AmortizationOfDebtDiscountPremium_USD,AmortizationOfDeferredCharges_USD,AmortizationOfFinancingCosts_USD,AmortizationOfFinancingCostsAndDiscounts_USD,AmortizationOfIntangibleAssets_USD,AmortizationOfLeasedAsset_USD,AntidilutiveSecuritiesExcludedFromComputationOfEarningsPerShareAmount_shares,AssetImpairmentCharges_USD,Assets_USD,AssetsCurrent_USD,AssetsNoncurrent_USD,AvailableForSaleDebtSecuritiesAccumulatedGrossUnrealizedGainBeforeTax_USD,AvailableForSaleDebtSecuritiesAccumulatedGrossUnrealizedLossBeforeTax_USD,AvailableForSaleDebtSecuritiesAmortizedCostBasis_USD,AvailableForSaleSecuritiesContinuousUnrealizedLossPosition12MonthsOrLongerAggregateLosses_USD,AvailableForSaleSecuritiesContinuousUnrealizedLossPositionLessThan12MonthsAggregateLosses_USD,AvailableForSaleSecuritiesContinuousUnrealizedLossPositionLessThanTwelveMonthsFairValue_USD,AvailableForSaleSecuritiesContinuousUnrealizedLossPositionTwelveMonthsOrLongerFairValue_USD,AvailableForSaleSecuritiesDebtMaturitiesAfterOneThroughFiveYearsAmortizedCost_USD,AvailableForSaleSecuritiesDebtMaturitiesAfterOneThroughFiveYearsFairValue_USD,AvailableForSaleSecuritiesDebtMaturitiesWithinOneYearAmortizedCost_USD,AvailableForSaleSecuritiesDebtMaturitiesWithinOneYearFairValue_USD,AvailableForSaleSecuritiesDebtSecurities_USD,AvailableForSaleSecuritiesDebtSecuritiesNoncurrent_USD,AvailableForSaleSecuritiesGrossRealizedLosses_USD,AvailableforsaleSecuritiesInUnrealizedLossPositionsQualitativeDisclosureNumberOfPositions1_item,AvailableforsaleSecuritiesInUnrealizedLossPositionsQualitativeDisclosureNumberOfPositions1_pure,BusinessAcquisitionCostOfAcquiredEntityTransactionCosts_USD,BusinessAcquisitionsProFormaNetIncomeLoss_USD,BusinessAcquisitionsProFormaRevenue_USD,BusinessCombinationAcquisitionOfLessThan100PercentNoncontrollingInterestFairValue_USD,BusinessCombinationAcquisitionRelatedCosts_USD,BusinessCombinationConsiderationTransferred1_USD,BusinessCombinationConsiderationTransferredLiabilitiesIncurred_USD,BusinessCombinationRecognizedIdentifiableAssetsAcquiredAndLiabilitiesAssumedCashAndEquivalents_USD,BusinessCombinationRecognizedIdentifiableAssetsAcquiredAndLiabilitiesAssumedCurrentAssetsPrepaidExpenseAndOtherAssets_USD,BusinessCombinationRecognizedIdentifiableAssetsAcquiredAndLiabilitiesAssumedCurrentAssetsReceivables_USD,BusinessCombinationRecognizedIdentifiableAssetsAcquiredAndLiabilitiesAssumedCurrentLiabilitiesAccountsPayable_USD,BusinessCombinationRecognizedIdentifiableAssetsAcquiredAndLiabilitiesAssumedDeferredTaxLiabilities_USD,BusinessCombinationRecognizedIdentifiableAssetsAcquiredAndLiabilitiesAssumedIntangibleAssetsOtherThanGoodwill_USD,BusinessCombinationRecognizedIdentifiableAssetsAcquiredAndLiabilitiesAssumedInventory_USD,BusinessCombinationRecognizedIdentifiableAssetsAcquiredAndLiabilitiesAssumedNet_USD,BusinessCombinationRecognizedIdentifiableAssetsAcquiredAndLiabilitiesAssumedNoncurrentLiabilitiesLongTermDebt_USD,BusinessCombinationRecognizedIdentifiableAssetsAcquiredAndLiabilitiesAssumedNoncurrentLiabilitiesOther_USD,BusinessCombinationRecognizedIdentifiableAssetsAcquiredAndLiabilitiesAssumedOtherNoncurrentAssets_USD,BusinessCombinationRecognizedIdentifiableAssetsAcquiredAndLiabilitiesAssumedPropertyPlantAndEquipment_USD,BusinessCombinationRecognizedIdentifiableAssetsAcquiredGoodwillAndLiabilitiesAssumedLessNoncontrollingInterest_USD,BusinessCombinationRecognizedIdentifiableAssetsAcquiredGoodwillAndLiabilitiesAssumedNet_USD,CapitalExpendituresIncurredButNotYetPaid_USD,CashAndCashEquivalentsAtCarryingValue_USD,CashAndCashEquivalentsPeriodIncreaseDecreaseExcludingExchangeRateEffect_USD,CashCashEquivalentsRestrictedCashAndRestrictedCashEquivalentsPeriodIncreaseDecreaseExcludingExchangeRateEffect_USD,CashEquivalentsAtCarryingValue_USD,ClassOfWarrantOrRightNumberOfSecuritiesCalledByWarrantsOrRights_shares,CommonStockParOrStatedValuePerShare_USD/shares,CommonStockSharesAuthorized_shares,CommonStockSharesIssued_shares,CommonStockSharesOutstanding_shares,CommonStockValue_USD,CompensationExpenseExcludingCostOfGoodAndServiceSold_USD,ComprehensiveIncomeNetOfTax_USD,ComprehensiveIncomeNetOfTaxAttributableToNoncontrollingInterest_USD,ComprehensiveIncomeNetOfTaxIncludingPortionAttributableToNoncontrollingInterest_USD,ConstructionInProgressExpendituresIncurredButNotYetPaid_USD,ContractualObligation_USD,ContributionOfProperty_USD,ConversionOfStockSharesConverted1_shares,ConversionOfStockSharesIssued1_shares,ConvertibleDebtNoncurrent_USD,ConvertibleLongTermNotesPayable_USD,CostOfRevenue_USD,CurrentFederalStateAndLocalTaxExpenseBenefit_USD,CurrentFederalTaxExpenseBenefit_USD,CurrentForeignTaxExpenseBenefit_USD,CurrentIncomeTaxExpenseBenefit_USD,DebtAndEquitySecuritiesGainLoss_USD,DebtInstrumentCarryingAmount_USD,DebtInstrumentConvertibleCarryingAmountOfTheEquityComponent_USD,DebtInstrumentInterestRateEffectivePercentage_pure,DebtInstrumentUnamortizedDiscount_USD,DebtSecuritiesAvailableForSaleContinuousUnrealizedLossPosition12MonthsOrLongerAccumulatedLoss_USD,DebtSecuritiesAvailableForSaleContinuousUnrealizedLossPositionLessThan12MonthsAccumulatedLoss_USD,DecreaseInUnrecognizedTaxBenefitsIsReasonablyPossible_USD,DeferredCompensationArrangementWithIndividualAllocatedShareBasedCompensationExpense_USD,DeferredCosts_USD,DeferredFederalIncomeTaxExpenseBenefit_USD,DeferredFederalStateAndLocalTaxExpenseBenefit_USD,DeferredFinanceCostsCurrentNet_USD,DeferredFinanceCostsNet_USD,DeferredForeignIncomeTaxExpenseBenefit_USD,DeferredIncomeTaxAssetsNet_USD,DeferredIncomeTaxExpenseBenefit_USD,DeferredIncomeTaxesAndTaxCredits_USD,DeferredIncomeTaxLiabilities_USD,DeferredIncomeTaxLiabilitiesNet_USD,DeferredRevenue_USD,DeferredRevenueAndCreditsCurrent_USD,DeferredRevenueAndCreditsNoncurrent_USD,DeferredRevenueCurrent_USD,DeferredRevenueNoncurrent_USD,DeferredRevenuePeriodIncreaseDecrease_USD,DeferredRevenueRevenueRecognized1_USD,DeferredTaxAndOtherLiabilitiesNoncurrent_USD,DeferredTaxAssetsDeferredIncome_USD,DeferredTaxAssetsGross_USD,DeferredTaxAssetsLiabilitiesNet_USD,DeferredTaxAssetsNet_USD,DeferredTaxAssetsNetNoncurrent_USD,DeferredTaxAssetsOperatingLossCarryforwards_USD,DeferredTaxAssetsTaxCreditCarryforwards_USD,DeferredTaxAssetsTaxCreditCarryforwardsResearch_USD,DeferredTaxAssetsTaxDeferredExpenseCompensationAndBenefitsShareBasedCompensationCost_USD,DeferredTaxAssetsTaxDeferredExpenseReservesAndAccrualsImpairmentLosses_USD,DeferredTaxAssetsTaxDeferredExpenseReservesAndAccrualsOther_USD,DeferredTaxAssetsTaxDeferredExpenseReservesAndAccrualsReserves_USD,DeferredTaxAssetsValuationAllowance_USD,DeferredTaxLiabilities_USD,DeferredTaxLiabilitiesDeferredExpense_USD,DeferredTaxLiabilitiesFinancingArrangements_USD,DeferredTaxLiabilitiesGoodwillAndIntangibleAssetsIntangibleAssets_USD,DeferredTaxLiabilitiesNoncurrent_USD,DepositsAssetsCurrent_USD,Depreciation_USD,DepreciationAndAmortization_USD,DerivativeAssets_USD,DerivativeAssetsCurrent_USD,DerivativeAssetsLiabilitiesAtFairValueNet_USD,DerivativeInstrumentsAndHedgesLiabilities_USD,DerivativeInstrumentsGainLossReclassifiedFromAccumulatedOCIIntoIncomeEffectivePortionNet_USD,DerivativeLiabilities_USD,DerivativeLiabilitiesCurrent_USD,DerivativeNetHedgeIneffectivenessGainLoss_USD,DerivativesUsedInNetInvestmentHedgeGainLossReclassifiedToEarningsNetOfTax_USD,EarningsPerShareBasic_USD/shares,EarningsPerShareDiluted_USD/shares,EffectiveIncomeTaxRateContinuingOperations_pure,EffectiveIncomeTaxRateReconciliationAtFederalStatutoryIncomeTaxRate_pure,EffectiveIncomeTaxRateReconciliationChangeInDeferredTaxAssetsValuationAllowance_pure,EffectiveIncomeTaxRateReconciliationDeductionsOther_pure,EffectiveIncomeTaxRateReconciliationForeignIncomeTaxRateDifferential_pure,EffectiveIncomeTaxRateReconciliationTaxCreditsOther_pure,EffectOfExchangeRateOnCashAndCashEquivalents_USD,EmployeeRelatedLiabilitiesCurrent_USD,EmployeeServiceShareBasedCompensationNonvestedAwardsTotalCompensationCostNotYetRecognizedStockOptions_USD,FairValueAdjustmentOfWarrants_USD,FairValueOfAssetsAcquired_USD,FederalIncomeTaxExpenseBenefitContinuingOperations_USD,FinanceLeaseInterestExpense_USD,FinanceLeaseInterestPaymentOnLiability_USD,FinanceLeaseLiability_USD,FinanceLeaseLiabilityNoncurrent_USD,FinanceLeaseLiabilityPaymentsDue_USD,FinanceLeaseLiabilityPaymentsDueAfterYearFive_USD,FinanceLeaseLiabilityPaymentsDueNextTwelveMonths_USD,FinanceLeaseLiabilityPaymentsDueYearFive_USD,FinanceLeaseLiabilityPaymentsDueYearFour_USD,FinanceLeaseLiabilityPaymentsDueYearThree_USD,FinanceLeaseLiabilityPaymentsDueYearTwo_USD,FinanceLeaseLiabilityPaymentsRemainderOfFiscalYear_USD,FinanceLeaseRightOfUseAsset_USD,FinanceLeaseWeightedAverageDiscountRatePercent_pure,FinancialInstrumentsOwnedAtFairValue_USD,FinancingReceivableAllowanceForCreditLosses_USD,FinancingReceivableAllowanceForCreditLossesWriteOffs_USD,FiniteLivedIntangibleAssetsAccumulatedAmortization_USD,FiniteLivedIntangibleAssetsAmortizationExpenseAfterYearFive_USD,FiniteLivedIntangibleAssetsAmortizationExpenseNextTwelveMonths_USD,FiniteLivedIntangibleAssetsAmortizationExpenseYearFive_USD,FiniteLivedIntangibleAssetsAmortizationExpenseYearFour_USD,FiniteLivedIntangibleAssetsAmortizationExpenseYearThree_USD,FiniteLivedIntangibleAssetsAmortizationExpenseYearTwo_USD,FiniteLivedIntangibleAssetsGross_USD,FiniteLivedIntangibleAssetsNet_USD,FinitelivedIntangibleAssetsAcquired1_USD,ForeignCurrencyContractAssetFairValueDisclosure_USD,ForeignCurrencyTransactionGainLossRealized_USD,ForeignIncomeTaxExpenseBenefitContinuingOperations_USD,GainLossOnCashFlowHedgeIneffectivenessNet_USD,GainLossOnDerivativeInstrumentsNetPretax_USD,GainLossOnSaleOfBusiness_USD,GainLossOnSaleOfOtherAssets_USD,GainLossOnSaleOfPropertyPlantEquipment_USD,GainLossOnSaleOfSecuritiesNet_USD,GainLossRelatedToLitigationSettlement_USD,GainOnCashFlowHedgeIneffectiveness_USD,GainOrLossOnSaleOfStockInSubsidiary_USD,GeneralAndAdministrativeExpense_USD,Goodwill_USD,GoodwillAcquiredDuringPeriod_USD,GoodwillForeignCurrencyTranslationGainLoss_USD,GoodwillTranslationAndPurchaseAccountingAdjustments_USD,GrantsReceivableCurrent_USD,GrossProfit_USD,IncentiveFromLessor_USD,IncomeLossFromContinuingOperationsAttributableToNoncontrollingEntity_USD,IncomeLossFromContinuingOperationsBeforeIncomeTaxesDomestic_USD,IncomeLossFromContinuingOperationsBeforeIncomeTaxesExtraordinaryItemsNoncontrollingInterest_USD,IncomeLossFromContinuingOperationsBeforeIncomeTaxesForeign_USD,IncomeLossFromContinuingOperationsBeforeIncomeTaxesMinorityInterestAndIncomeLossFromEquityMethodInvestments_USD,IncomeTaxExaminationPenaltiesAndInterestAccrued_USD,IncomeTaxExpenseBenefit_USD,IncomeTaxesPaidNet_USD,IncomeTaxReconciliationChangeInDeferredTaxAssetsValuationAllowance_USD,IncomeTaxReconciliationChangeInEnactedTaxRate_USD,IncomeTaxReconciliationForeignIncomeTaxRateDifferential_USD,IncomeTaxReconciliationIncomeTaxExpenseBenefitAtFederalStatutoryIncomeTaxRate_USD,IncomeTaxReconciliationNondeductibleExpense_USD,IncomeTaxReconciliationOtherAdjustments_USD,IncomeTaxReconciliationOtherReconcilingItems_USD,IncomeTaxReconciliationPriorYearIncomeTaxes_USD,IncomeTaxReconciliationStateAndLocalIncomeTaxes_USD,IncreaseDecreaseInAccountsPayable_USD,IncreaseDecreaseInAccountsReceivable_USD,IncreaseDecreaseInDeferredIncomeTaxes_USD,IncreaseDecreaseInDeferredLeasingFees_USD,IncreaseDecreaseInDeferredRevenue_USD,IncreaseDecreaseInEmployeeRelatedLiabilities_USD,IncreaseDecreaseInInventories_USD,IncreaseDecreaseInOtherAccountsPayableAndAccruedLiabilities_USD,IncreaseDecreaseInOtherNoncurrentAssetsAndLiabilitiesNet_USD,IncreaseDecreaseInOtherOperatingAssets_USD,IncreaseDecreaseInOtherOperatingLiabilities_USD,IncreaseDecreaseInPrepaidDeferredExpenseAndOtherAssets_USD,IncreaseDecreaseInRestrictedCash_USD,IncrementalCommonSharesAttributableToNonvestedSharesWithForfeitableDividends_shares,IncrementalCommonSharesAttributableToShareBasedPaymentArrangements_shares,IntangibleAssetsNetExcludingGoodwill_USD,IntangibleAssetsNetIncludingGoodwill_USD,InterestExpense_USD,InterestExpenseDebt_USD,InterestExpenseOther_USD,InterestPaid_USD,InterestPaidNet_USD,InterestPayableCurrentAndNoncurrent_USD,InventoryFinishedGoodsNetOfReserves_USD,InventoryNet_USD,InventoryRawMaterialsNetOfReserves_USD,InventoryWorkInProcessNetOfReserves_USD,InventoryWriteDown_USD,LeaseCost_USD,LeaseIncentivePayableCurrent_USD,LesseeOperatingLeaseLiabilityPaymentsDue_USD,LesseeOperatingLeaseLiabilityPaymentsDueAfterYearFive_USD,LesseeOperatingLeaseLiabilityPaymentsDueNextTwelveMonths_USD,LesseeOperatingLeaseLiabilityPaymentsDueYearFive_USD,LesseeOperatingLeaseLiabilityPaymentsDueYearFour_USD,LesseeOperatingLeaseLiabilityPaymentsDueYearThree_USD,LesseeOperatingLeaseLiabilityPaymentsDueYearTwo_USD,LesseeOperatingLeaseLiabilityPaymentsRemainderOfFiscalYear_USD,LiabilitiesAndStockholdersEquity_USD,LiabilitiesCurrent_USD,LiabilitiesNoncurrent_USD,LiabilityForUncertainTaxPositionsNoncurrent_USD,LoansPayableToBank_USD,LoansPayableToBankCurrent_USD,LongTermDebtCurrent_USD,LongTermDebtNoncurrent_USD,LongTermLoansFromBank_USD,LossContingencyDamagesPaidValue_USD,LossContingencyDamagesSoughtValue_USD,LossContingencyDamagesSoughtValue_CNY,MarketableSecuritiesCurrent_USD,MarketableSecuritiesNoncurrent_USD,MinorityInterest_USD,NetCashProvidedByUsedInFinancingActivities_USD,NetCashProvidedByUsedInFinancingActivitiesContinuingOperations_USD,NetCashProvidedByUsedInInvestingActivities_USD,NetCashProvidedByUsedInInvestingActivitiesContinuingOperations_USD,NetCashProvidedByUsedInOperatingActivities_USD,NetCashProvidedByUsedInOperatingActivitiesContinuingOperations_USD,NetIncomeLoss_USD,NetIncomeLossAttributableToNoncontrollingInterest_USD,NetIncomeLossAttributableToParentDiluted_USD,NetIncomeLossAvailableToCommonStockholdersBasic_USD,NetIncomeLossAvailableToCommonStockholdersDiluted_USD,NoncurrentAssets_USD,NonoperatingIncomeExpense_USD,NumberOfReportableSegments_item,NumberOfReportableSegments_pure,OperatingExpenses_USD,OperatingIncomeLoss_USD,OperatingLeaseCost_USD,OperatingLeaseLiability_USD,OperatingLeaseLiabilityCurrent_USD,OperatingLeaseLiabilityNoncurrent_USD,OperatingLeasePayments_USD,OperatingLeaseRightOfUseAsset_USD,OperatingLeasesFutureMinimumPaymentsDue_USD,OperatingLeasesFutureMinimumPaymentsDueCurrent_USD,OperatingLeasesFutureMinimumPaymentsDueInFiveYears_USD,OperatingLeasesFutureMinimumPaymentsDueInFourYears_USD,OperatingLeasesFutureMinimumPaymentsDueInThreeYears_USD,OperatingLeasesFutureMinimumPaymentsDueInTwoYears_USD,OperatingLeasesFutureMinimumPaymentsDueThereafter_USD,OperatingLeasesFutureMinimumPaymentsReceivable_USD,OperatingLeasesFutureMinimumPaymentsReceivableThereafter_USD,OperatingLeasesFutureMinimumPaymentsRemainderOfFiscalYear_USD,OperatingLeasesRentExpenseNet_USD,OperatingLeaseWeightedAverageDiscountRatePercent_pure,OtherAssetsNoncurrent_USD,OtherComprehensiveIncomeAvailableforsaleSecuritiesAdjustmentNetOfTaxPortionAttributableToParent_USD,OtherComprehensiveIncomeForeignCurrencyTransactionAndTranslationAdjustmentNetOfTaxPortionAttributableToParent_USD,OtherComprehensiveIncomeForeignCurrencyTransactionAndTranslationGainLossArisingDuringPeriodNetOfTax_USD,OtherComprehensiveIncomeLossBeforeReclassificationsNetOfTax_USD,OtherComprehensiveIncomeLossCashFlowHedgeGainLossAfterReclassificationAndTaxParent_USD,OtherComprehensiveIncomeLossDerivativesQualifyingAsHedgesNetOfTax_USD,OtherComprehensiveIncomeLossNetOfTaxPortionAttributableToParent_USD,OtherComprehensiveIncomeLossReclassificationAdjustmentFromAOCIForWritedownOfSecuritiesNetOfTax_USD,OtherComprehensiveIncomeLossReclassificationAdjustmentFromAOCIOnDerivativesNetOfTax_USD,OtherComprehensiveIncomeOtherNetOfTax_USD,OtherComprehensiveIncomeUnrealizedGainLossOnDerivativesArisingDuringPeriodNetOfTax_USD,OtherComprehensiveIncomeUnrealizedHoldingGainLossOnSecuritiesArisingDuringPeriodNetOfTax_USD,OtherExpenses_USD,OtherGeneralAndAdministrativeExpense_USD,OtherGeneralExpense_USD,OtherIncomeTaxExpenseBenefitContinuingOperations_USD,OtherLiabilitiesCurrent_USD,OtherLiabilitiesNoncurrent_USD,OtherNonrecurringExpense_USD,OtherOperatingActivitiesCashFlowStatement_USD,OtherOperatingIncome_USD,OtherOperatingIncomeExpenseNet_USD,OtherPrepaidExpenseCurrent_USD,OtherResearchAndDevelopmentExpense_USD,OtherSellingAndMarketingExpense_USD,OtherTaxExpenseBenefit_USD,PaymentsForLegalSettlements_USD,PaymentsForProceedsFromOtherInvestingActivities_USD,PaymentsOfDebtIssuanceCosts_USD,PaymentsOfStockIssuanceCosts_USD,PaymentsToAcquireAvailableForSaleSecurities_USD,PaymentsToAcquireAvailableForSaleSecuritiesDebt_USD,PaymentsToAcquireBusinessesNetOfCashAcquired_USD,PaymentsToAcquireIntangibleAssets_USD,PaymentsToAcquireInvestments_USD,PaymentsToAcquireOtherProductiveAssets_USD,PaymentsToAcquirePropertyPlantAndEquipment_USD,PaymentsToMinorityShareholders_USD,PledgedAssetsNotSeparatelyReportedOnStatementOfFinancialPosition_USD,PreferredStockDividendsAndOtherAdjustments_USD,PreferredStockDividendsIncomeStatementImpact_USD,PrepaidExpenseAndOtherAssetsCurrent_USD,ProceedsFromBankDebt_USD,ProceedsFromConvertibleDebt_USD,ProceedsFromIssuanceInitialPublicOffering_USD,ProceedsFromIssuanceOfConvertiblePreferredStock_USD,ProceedsFromIssuanceOfLongTermDebt_USD,ProceedsFromMaturitiesPrepaymentsAndCallsOfAvailableForSaleSecurities_USD,ProceedsFromPaymentsForOtherFinancingActivities_USD,ProceedsFromSaleAndMaturityOfMarketableSecurities_USD,ProceedsFromSaleOfAvailableForSaleSecurities_USD,ProceedsFromStockOptionsExercised_USD,ProductWarrantyAccrual_USD,ProductWarrantyAccrualClassifiedCurrent_USD,ProductWarrantyAccrualNoncurrent_USD,ProductWarrantyAccrualPayments_USD,ProductWarrantyAccrualWarrantiesIssued_USD,ProfitLoss_USD,PropertyPlantAndEquipmentGross_USD,PropertyPlantAndEquipmentNet_USD,ProvisionForLoanLeaseAndOtherLosses_USD,ProvisionForLossOnContracts_USD,PurchaseObligation_USD,RealizedInvestmentGainsLosses_USD,ReceivablesLongTermContractsOrPrograms_USD,ReclassificationFromAccumulatedOtherComprehensiveIncomeCurrentPeriodNetOfTax_USD,ReclassificationFromAociCurrentPeriodNetOfTaxAttributableToParent_USD,ReclassificationsOfTemporaryToPermanentEquity_USD,RedeemableNoncontrollingInterestEquityCarryingAmount_USD,RepaymentsOfBankDebt_USD,RepaymentsOfLongTermDebt_USD,ResearchAndDevelopmentExpense_USD,RestrictedCashAndInvestmentsCurrent_USD,RetainedEarningsAccumulatedDeficit_USD,Revenues_USD,RightOfUseAssetObtainedInExchangeForOperatingLeaseLiability_USD,RoyaltyGuaranteesCommitmentsAmount_USD,SaleOfStockConsiderationReceivedOnTransaction_USD,SalesRevenueNet_USD,SecuredDebt_USD,SellingAndMarketingExpense_USD,SeveranceCosts1_USD,ShareBasedCompensation_USD,ShareBasedCompensationArrangementByShareBasedPaymentAwardEquityInstrumentsOtherThanOptionsForfeitedInPeriod_shares,ShareBasedCompensationArrangementByShareBasedPaymentAwardEquityInstrumentsOtherThanOptionsForfeituresWeightedAverageGrantDateFairValue_USD/shares,ShareBasedCompensationArrangementByShareBasedPaymentAwardEquityInstrumentsOtherThanOptionsGrantsInPeriod_shares,ShareBasedCompensationArrangementByShareBasedPaymentAwardEquityInstrumentsOtherThanOptionsGrantsInPeriodWeightedAverageGrantDateFairValue_USD/shares,ShareBasedCompensationArrangementByShareBasedPaymentAwardEquityInstrumentsOtherThanOptionsNonvestedNumber_shares,ShareBasedCompensationArrangementByShareBasedPaymentAwardEquityInstrumentsOtherThanOptionsNonvestedWeightedAverageGrantDateFairValue_USD/shares,ShareBasedCompensationArrangementByShareBasedPaymentAwardEquityInstrumentsOtherThanOptionsVestedInPeriod_shares,ShareBasedCompensationArrangementByShareBasedPaymentAwardEquityInstrumentsOtherThanOptionsVestedInPeriodWeightedAverageGrantDateFairValue_USD/shares,ShareBasedCompensationArrangementByShareBasedPaymentAwardNumberOfSharesAuthorized_shares,ShareBasedCompensationArrangementByShareBasedPaymentAwardOptionsExercisesInPeriodTotalIntrinsicValue_USD,ShareBasedCompensationArrangementByShareBasedPaymentAwardOptionsOutstandingIntrinsicValue_USD,SharesOutstanding_shares,ShippingHandlingAndTransportationCosts_USD,ShortTermBankLoansAndNotesPayable_USD,ShortTermBorrowings_USD,StateAndLocalIncomeTaxExpenseBenefitContinuingOperations_USD,StockholdersEquity_USD,StockholdersEquityIncludingPortionAttributableToNoncontrollingInterest_USD,StockholdersEquityNoteStockSplitConversionRatio1_pure,StockIssued1_USD,StockIssuedDuringPeriodSharesConversionOfConvertibleSecurities_shares,StockIssuedDuringPeriodSharesNewIssues_shares,StockIssuedDuringPeriodSharesStockOptionsExercised_shares,StockIssuedDuringPeriodValueAcquisitions_USD,StockIssuedDuringPeriodValueConversionOfConvertibleSecurities_USD,StockIssuedDuringPeriodValueNewIssues_USD,StockIssuedDuringPeriodValueStockOptionsExercised_USD,TaxesPayableCurrent_USD,TemporaryEquityLiquidationPreference_USD,TemporaryEquityParOrStatedValuePerShare_USD/shares,TemporaryEquitySharesAuthorized_shares,TemporaryEquitySharesIssued_shares,TemporaryEquitySharesOutstanding_shares,UnamortizedDebtIssuanceExpense_USD,UndistributedEarningsDiluted_USD,UnrealizedGainLossOnCashFlowHedgingInstruments_USD,UnrealizedGainLossOnDerivatives_USD,UnrecognizedTaxBenefits_USD,UnrecognizedTaxBenefitsDecreasesResultingFromCurrentPeriodTaxPositions_USD,UnrecognizedTaxBenefitsIncreasesResultingFromCurrentPeriodTaxPositions_USD,UnrecognizedTaxBenefitsIncreasesResultingFromPriorPeriodTaxPositions_USD,UnrecognizedTaxBenefitsThatWouldImpactEffectiveTaxRate_USD,WarrantsAndRightsOutstanding_USD,WeightedAverageNumberOfDilutedSharesOutstanding_shares,WeightedAverageNumberOfShareOutstandingBasicAndDiluted_shares,WeightedAverageNumberOfSharesOutstandingBasic_shares,DebtSecuritiesAvailableForSaleRealizedLoss_USD,DeferredFinanceCostsNoncurrentNet_USD,EffectiveIncomeTaxRateReconciliationPriorYearIncomeTaxes_pure,ImpairmentOfLongLivedAssetsToBeDisposedOf_USD,IncrementalCommonSharesAttributableToConversionOfDebtSecurities_shares,NoncontrollingInterestIncreaseFromBusinessCombination_USD,NotesAndLoansPayableCurrent_USD,OtherComprehensiveIncomeLossBeforeReclassificationsBeforeTax_USD,OtherComprehensiveIncomeLossCashFlowHedgeGainLossAfterReclassificationAndTax_USD,OtherComprehensiveIncomeLossTax_USD,ProceedsFromSaleAndMaturityOfAvailableForSaleSecurities_USD,ProceedsFromSaleOfAvailableForSaleSecuritiesDebt_USD,ReclassificationFromAccumulatedOtherComprehensiveIncomeCurrentPeriodBeforeTax_USD,CashCashEquivalentsRestrictedCashAndRestrictedCashEquivalents_USD,EmployeeBenefitsAndShareBasedCompensation_USD,EmployeeServiceShareBasedCompensationTaxBenefitFromCompensationExpense_USD,AccruedLiabilitiesAndOtherLiabilities_USD,AdjustmentsToAdditionalPaidInCapitalShareBasedCompensationStockOptionsRequisiteServicePeriodRecognition_USD,EffectOfExchangeRateOnCashCashEquivalentsRestrictedCashAndRestrictedCashEquivalentsIncludingDisposalGroupAndDiscontinuedOperations_USD,GainLossOnDispositionOfAssets1_USD,GoodwillAndIntangibleAssetImpairment_USD,ImpairmentOfIntangibleAssetsFinitelived_USD,StockIssuedDuringPeriodValueEmployeeStockPurchasePlan_USD,OtherNonoperatingExpense_USD,OtherNonoperatingIncome_USD,AdvertisingExpense_USD,DeferredTaxLiabilitiesLeasingArrangements_USD,GainLossOnSalesOfAssetsAndAssetImpairmentCharges_USD,GoodwillImpairedAccumulatedImpairmentLoss_USD,InvestmentIncomeInterest_USD,InvestmentIncomeInvestmentExpense_USD,OtherIncome_USD,PrepaidExpenseCurrent_USD
2015-06-01,False,39137979,,52428000,36233000,,45093000,,,,,,-263000,,280040000,,,970000,,,,,3436000.0,,,,28351707.0,,285989000,273706000,,,,,,,,,,,,,,,,,,,,,,,,,,,,,,,,,,,,,,,,135204000,125571000.0,,,187671.0,0.0001,125000000,39128071,39128071,4000,,5863000,,,,73480000,,84743792.0,28247923.0,,,62698000,,,,,,,,,,,,,,7000.0,,,,,,,,,,,,,,1098000,6995000,,,,,,,,,,,,,,,,,,,,,,,1647000.0,,,213000.0,,,,,314000.0,,,0.01,0.01,,,,,,,-121000.0,6017000,,2065000.0,,,,,,,,,,,,,,,,,,,,,,,,,,,,,,,,,,,,,,,,,,1990000,,,,,,23701000,2313000.0,,,,,6363000.0,,398000,,,,,,,,,,,-1264000,25993000,,-2243000.0,2116000,883000,39071000,43601000.0,,,,12198000,1973000.0,,,,,,,,,,,48109000,64522000,16413000,,,,1959000.0,,,,,,,,,285989000,103437000,32022000,,,,3474000.0,3444000.0,,,,,,,,,139457000.0,,-10251000.0,,-3635000.0,5965000.0,,,42000.0,93000.0,,,,,13902000,9799000,,,,,,,16763000.0,,,2020000.0,2027000.0,2041000.0,,2897000.0,,525000.0,626000.0,,,,-102000,,,,,,,,,,,,,,,,,,,,,,,,,,,,,,,,,,,8254000,,,5923000.0,5872000.0,25312000,23000000.0,,133944000.0,,,,,,,46000.0,27899000,7661000,20238000,-1385000,4988000,,,11903000,,,,,,,,140915000.0,116203000.0,36326000.0,5919000.0,5490000,3575000.0,-129251000,,,1123000.0,,86399000.0,,6422000,,1750000,,,,,,,,,,,,,,,13326000.0,,150530000,,0.33,,28247923.0,8050000.0,,,,,,,0.0,0.0001,95000000.0,0.0,0.0,,,,,,,,,,2830000.0,7099046,,2822893,,,,,,,,,,,,,,,,,,,,,,,,,,,,,,,,,
2015-08-20,True,39300386,0.0,6987000,80684000,412000.0,35428000,,5271000.0,146000.0,7402000.0,222000.0,-222000,,287152000,,2956000.0,2956000,13000.0,,,,,,,,20565747.0,0.0,305658000,290412000,,,,,,,,,,,,,,,,,,,,,,,,,,,,,,,,,,,,,,,,144750000,135070000.0,,,187671.0,0.0001,125000000,39297539,39297539,4000,,20960000,,,,92071000,,84743792.0,28247923.0,,,243295000,,,,,,,,,,,,,,7000.0,,,20000.0,,,,,,,,,,,1676000,8289000,,,,,29552000.0,,,,23033000.0,,5173000.0,,,,1346000.0,29552000.0,,,,,,,2253000.0,,,859000.0,,,,,,,,0.3,0.27,,0.35,,,,,-74000.0,6814000,,5350000.0,,1270000.0,,,,,,,,,,,,,,,,,,,,,,,,,,,,859000.0,,300000.0,,1721000.0,,,-104000.0,,,,,6535000,,,,,249000.0,81783000,2313000.0,,2830000.0,,20246000.0,23076000.0,,1955000,4040000.0,-7747000.0,-2103000.0,-1763000.0,8077000.0,3003000.0,,,205000.0,180000.0,41111000,16333000,,-2669000.0,3989000,1668000,48507000,2530000.0,,,,19563000,2038000.0,,,,,,316000.0,579000.0,896000.0,,,59545000,73950000,14405000,,992000.0,,2385000.0,,,,,,,,,305658000,105592000,33122000,,,,3474000.0,3444000.0,,,,,,,,,136953000.0,,-13937000.0,,12054000.0,21121000.0,,,3571000.0,4150000.0,,-5077000.0,1.0,,53526000,28257000,,,,,,,17378000.0,2256000.0,,2042000.0,2156000.0,2218000.0,,2811000.0,,,1714000.0,,,,-161000,,,,,,,,,,,104000.0,,,205000.0,,,,,,,2994000.0,,,,,,100000.0,13692000.0,,,,,,,11765000,,,17550000.0,16971000.0,32645000,23000000.0,,131402000.0,,9900000.0,,,,,84000.0,31879000,9431000,22448000,-5709000,19407000,,22119000.0,14717000,,,,,24814000.0,,,140915000.0,116203000.0,36326000.0,5919000.0,22018000,3639000.0,-119990000,,,1135000.0,,325078000.0,,24973000,1273000.0,2956000,,,,,,,,,10000000.0,,,,26931000.0,,13326000.0,180000.0,166944000,,3.0,,28247923.0,8050000.0,,,140915000.0,131208000.0,84000.0,,0.0,0.0001,95000000.0,0.0,0.0,,,,,,,,,,765000.0,15269448,,11902911,,,,,,,,,,,,,,,,,,,,,,,,,,,,,,,,,
2015-11-06,False,39304342,,8459000,67180000,,47366000,,,,,,-225000,,289004000,,,1832000,,,,,,,21000.0,,0.0,,316975000,298323000,,,,,,,,,,,,,,,,,,,,,,,,,,,,,,,,,,,,,,,,146729000,1995000.0,,,,0.0001,125000000,39303892,39303892,4000,,14429000,,,,72781000,,,,,,81527000,,,,,,,,,,,,,,,,,,,,,,,,,,,,2175000,9760000,,,,,,,,,,,,,,,,,,,,,,,738000.0,,301000.0,342000.0,,,,,41000.0,,,0.37,0.32,,,,,,,-16000.0,7898000,,-15000.0,,,,,,,,,,,,,,,,,,,,,,,,,,,,,,301000.0,,,,,,,,,,,,3418000,,,,,,33527000,2875000.0,,,,,14802000.0,,370000,,,,,,,,,,,-13500000,11928000,,11000.0,1970000,1044000,5956000,1467000.0,,,,-11811000,-51000.0,,,779000.0,,,,,,,,63037000,79907000,16870000,,,,2374000.0,,,,,,,,,316975000,96299000,37451000,,,,,,,,,,,,,,17000.0,,-3968000.0,,5946000.0,14432000.0,,,14432000.0,14432000.0,,-72000.0,,,18653000,14874000,,,,,,,16080000.0,,,1906000.0,2041000.0,2122000.0,,2937000.0,,1692000.0,535000.0,,,,-41000,,-4000.0,,38000.0,-3000.0,,-1000.0,,37000.0,,,1000.0,,,,,,,,,,,,,,,,,,,,800000.0,,,3292000,,,,,20733000,6000000.0,,,20998000.0,,,,,,17000.0,35904000,10587000,25317000,-2270000,6295000,,,17272000,,,,,,,,,,,798000.0,6991000,3588000.0,-105558000,,,1131000.0,,115054000.0,,8244000,,1832000,,,,,,,,,,,,,,,,,183225000,,0.33,2000000.0,,,,,,,,,,,,,,,,37000.0,,,,,,,,44455964,,39301620,,,,,,,,,,,,,,,,,,,,,,,,,,,,,,,,,
2016-02-08,False,40220183,,7169000,61977000,,46685000,,,,,,-293000,,292681000,,,2226000,,,35000.0,21000.0,,,42000.0,,19418.0,,349573000,295022000,33123000.0,,132000.0,52559000.0,,,,,25377000.0,25290000.0,27182000.0,27137000.0,52427000.0,25290000.0,,,50.0,,,,,,,,,,,,,,,,,,,,,,,106150000,-38515000.0,,,,0.0001,125000000,40092668,40092668,4000,,24037000,,,,73941000,,,,,,86250000,,941000.0,,,,,,,,,,,,,-6527000.0,,,,,,,,,,,,,1983000,11427000,,,,,6565000.0,6565000.0,,6565000.0,399000.0,,4346000.0,463000.0,,,1357000.0,29552000.0,,,,,,,1629000.0,,90000.0,90000.0,,,,,,,,0.61,0.55,,,,,,,-85000.0,12864000,29675000.0,265000.0,475000.0,,,,,,,,,,,,,,,,,,,,,,,,,,,,,90000.0,,,,,,,,,,2000.0,,2188000,,,,,,38582000,2896000.0,,,,,18303000.0,,-5802000,,,,,,,,,,,-18701000,11268000,6527000.0,65000.0,3446000,6073000,13452000,-273000.0,,,,-6504000,-222000.0,,,758000.0,,,,,,,,74189000,87400000,13211000,,,,2320000.0,,,,,,,,,349573000,95855000,42779000,,,,,,,,,,27137000.0,,,,1472000.0,,-59037000.0,,19050000.0,24105000.0,,,24105000.0,24105000.0,,-959000.0,,,19320000,19262000,,,,,,,15591000.0,,,1914000.0,2048000.0,2129000.0,,2937000.0,,1137000.0,1067000.0,,,-81000.0,-24000,,-65000.0,,37000.0,-68000.0,,3000.0,,40000.0,-81000.0,,-2000.0,,-216000.0,,,,,,,,,,,,,,292000.0,,52860000.0,,800000.0,,,5636000,,,3375000.0,3375000.0,24233000,6000000.0,,,24837000.0,,,,,,1472000.0,40894000,11862000,29032000,4233000,13248000,,,21428000,,,,,,,,,,19326000.0,1578000.0,8299000,3417000.0,-81453000,,,1124000.0,,124832000.0,,8833000,,4057000,,,,,,,,,,15787000.0,,,,,,,210939000,,0.33,,,,,,,,,,,,,,,,,,,,,,,,,44007348,,39511967,,,,,,,,,,,,,,,,,,,,,,,,,,,,,,,,,
2016-05-10,False,40730849,,7797000,45138000,,56145000,,,,,,417000,,296480000,,,2631000,,,209000.0,21000.0,,,63000.0,,0.0,,366372000,289345000,50814000.0,58000.0,46000.0,87198000.0,,,,,43148000.0,43151000.0,44050000.0,44059000.0,87210000.0,43151000.0,,32.0,,,,,,,,,,,,,,,,,,,,,,,,84070000,-60479000.0,,,,0.0001,125000000,40684496,40684496,4000,,21509000,,,,84275000,,,,,,84471000,,1069000.0,,,,,,,,,,,,,-100000.0,,,,,,,,,,,,,2642000,13266000,,,,,6486000.0,6486000.0,,6486000.0,23033000.0,,4488000.0,548000.0,,,1450000.0,29552000.0,,,,,,,2601000.0,,849000.0,854000.0,,,,,5000.0,,,0.52,0.47,,,,,,,-201000.0,12358000,26384000.0,2065000.0,,,,,,,,,,,,,,,,,,,,,,,,,,,,,,849000.0,,,,,,,,,,,,3460000,,,,,,40734000,2917000.0,,,,,21768000.0,,969000,,,,,,,,,,,-35554000,20681000,6627000.0,120000.0,5942000,5517000,11446000,497000.0,,,,-13186000,-2695000.0,,,737000.0,,,,,,,,74875000,85514000,10639000,,,,2265000.0,,,,,,,,,366372000,81445000,48680000,,,,,,,,,,44059000.0,,,,2639000.0,,-97510000.0,,34392000.0,20799000.0,,,20799000.0,20799000.0,,2029000.0,,,20995000,19739000,,,,,,,15708000.0,,,2003000.0,2148000.0,2252000.0,,2938000.0,,598000.0,1653000.0,,,88000.0,-13000,,742000.0,,635000.0,710000.0,1000.0,33000.0,,668000.0,87000.0,,8000.0,,-216000.0,,,,,,,,18000.0,11000.0,,,,,,,88883000.0,,800000.0,,,11545000,,,5923000.0,5872000.0,18613000,23000000.0,,133944000.0,24712000.0,,,,1000000.0,,2639000.0,46659000,13510000,33149000,6470000,21250000,,,26213000,,,,,,,32000.0,,,36326000.0,5919000.0,8709000,944000.0,-60654000,,,1132000.0,,125205000.0,,8826000,,6689000,,,,,,,,,,27602000.0,,,,,,,236247000,,0.33,,,,,,,,,,,,,,,,,,,,,,,,,44577901,,40362093,,,,,,,,,,,,,,,,,,,,,,,,,,,,,,,,,
2016-08-17,True,40898197,788988346.0,10725000,48481000,870000.0,72737000,,5615000.0,,11134000.0,29000.0,271000,,299214000,,9089000.0,9044000,235000.0,,532000.0,,,532000.0,84000.0,,16208.0,,397438000,309750000,,143000.0,48000.0,111514000.0,,,,,52390000.0,52446000.0,59124000.0,59163000.0,111609000.0,,,,,,,,,,,,,,,,,,,,,,,,,,,74032000,-70631000.0,,,187671.0,0.0001,125000000,40889922,40889922,4000,,77102000,,,,83142000,,,,,,337887000,,1737000.0,263000.0,,,,,,,,,,,,-1380000.0,,,,-4999000.0,6296000.0,,,,,,,,3859000,14684000,,,,,6296000.0,6296000.0,,,3298000.0,,743000.0,,,,2255000.0,29552000.0,,,,,,,3763000.0,,504000.0,,,,,23000.0,,412000.0,169000.0,1.92,1.73,,0.34,,,,,-87000.0,10092000,,5350000.0,,,,,,,,,,,,,,,,,17693000.0,,,,,,,,,,,716000.0,,482000.0,,,,-136000.0,,,-104000.0,95000.0,,,,12133000,,,,,249000.0,151956000,2938000.0,,-3758000.0,,-68472000.0,72230000.0,,-4379000,1178000.0,-24769000.0,-2103000.0,-55000.0,24558000.0,1514000.0,-5507000.0,-120000.0,,,-32200000,37271000,,88000.0,8578000,3278000,7356000,3934000.0,,6380000.0,,-10542000,-2711000.0,,,,,,316000.0,579000.0,896000.0,,,71745000,81550000,9805000,,2539000.0,,2297000.0,,,,,,,,,397438000,87271000,54059000,,,,,,,,,,59163000.0,52446000.0,,,2779000.0,,-125837000.0,,52427000.0,76609000.0,,,76609000.0,76609000.0,,471000.0,,,80197000,71759000,,,,,,,15144000.0,2404000.0,1504000.0,1810000.0,1967000.0,2241000.0,5218000.0,2297000.0,,,2238000.0,,,57000.0,493000,,661000.0,,243000.0,493000.0,1000.0,169000.0,,412000.0,56000.0,104000.0,,,,,,,,,,2756000.0,,,,,,,13692000.0,118511000.0,,,800000.0,,,15690000,,,17550000.0,16971000.0,21340000,23000000.0,,131402000.0,,,,,6350000.0,,2973000.0,51192000,14114000,37078000,-9535000,28848000,,38965000.0,27831000,,,,,15375000.0,-168000.0,,140915000.0,,36326000.0,5919000.0,33231000,928000.0,-43381000,,,1146000.0,,489843000.0,,34833000,1761000.0,9089000,53402.0,18.46,981321.0,24.77,834186.0,24.74,161173.0,24.36,10000000.0,,,0.0,21922000.0,,,,256108000,,3.0,,28247923.0,8050000.0,51.0,,140915000.0,131208000.0,2793000.0,,,,,,,,,,,,,,,,765000.0,44376075,,39987935,,,,,,,,,,,,,,,,,,,,,,,,,,,,,,,,,
2016-11-09,False,41063194,,8719000,40282000,,84898000,,,,,,120000,,302587000,,,3100000,,,332000.0,21000.0,,,21000.0,,235845.0,,412945000,323354000,,,,,,,,,,,,,,,,,,,,,,,,,,,,,,,,,,,,,,,,90014000,16156000.0,,,,0.0001,125000000,41056801,41056801,4000,,15465000,,,,68091000,,,,,,86609000,,,,835000.0,,,,,,,,,,,,,,,,,2179000.0,,,,,,,2421000,16059000,,,,,,,4127000.0,4127000.0,,1059000.0,698000.0,,,2370000.0,,,,,,,,,1271000.0,,365000.0,,,,,23000.0,,,,0.38,0.35,,,,,,,-174000.0,11975000,37822000.0,,,,,,,,,,,,,,,,,,,,,,,,,,,,,,,,,,-1000.0,,,,,,,,,3664000,,,,,,41875000,,,,,,18630000.0,,3014000,,,,,,,,,,,-8200000,12102000,-2180000.0,162000.0,-63000,1879000,-13120000,-2015000.0,,,,-4176000,18000.0,,3068340.0,695000.0,,,,,,,,56231000,68434000,12203000,,,,2135000.0,,,,,,,,,412945000,78500000,59499000,,,,,,,,,,61786000.0,53955000.0,,,273000.0,,-8486000.0,,24369000.0,15616000.0,,,,,,390000.0,,,23635000,18240000,,,,,,,,,,,,,,,,,,,,-92000.0,-125000,,103000.0,,66000.0,-151000.0,,254000.0,,320000.0,-92000.0,,,,,,,,,,,,,,,,,,,,19928000.0,,800000.0,,,3815000,,2177000.0,,,17276000,,,,,,,,15304000.0,,273000.0,56408000,15103000,41305000,3625000,8841000,,,30377000,,,,,,1000.0,254000.0,,,,,9935000,946000.0,-27765000,,,,,128484000.0,,10036000,,3100000,,,,,,,,,,,,,,,,,274946000,,,,,,,,,,,,,,,,,,,,,,,,,,,43995227,,40926887,,,,,,,,,,,,,,,,,,,,,,,,,,,,,,,,,
2017-02-21,True,41265925,644870301.0,8648000,34001000,862000.0,71041000,9089000.0,4209000.0,,13221000.0,207000.0,-324000,,307098000,,6600000.0,6600000,226000.0,,681000.0,,,685000.0,,,374156.0,,424743000,339796000,84947000.0,23000.0,246000.0,118950000.0,,,,,44439000.0,44262000.0,74511000.0,74465000.0,118727000.0,,,,,,,,,,,,,,,,,,,,,,,,,,,104683000,30635000.0,,,187671.0,0.0001,125000000,41259391,41259391,4000,,24786000,,,,65345000,,,,,,159097000,,1047000.0,518000.0,,,,,,,,,,,,507000.0,,,,3145000.0,2815000.0,,,,,,,,1202000,18660000,,,,,2815000.0,2815000.0,,,4186000.0,,908000.0,,,,1907000.0,29552000.0,,,,,,,2702000.0,2759000.0,19000.0,,,,,23000.0,,93000.0,317000.0,0.62,0.58,,0.34,,,,,16000.0,13018000,36461000.0,5350000.0,,,,,,,,,,,,,,,,,5098000.0,,,,,,,,,,,,,19000.0,-595000.0,,,-87000.0,,,-104000.0,-223000.0,,,,6790000,,,,,249000.0,80900000,2938000.0,,-3165000.0,,-27433000.0,30598000.0,,5217000,1103000.0,,-2103000.0,-5396000.0,10403000.0,164000.0,,46000.0,,,-14464000,-1555000,,236000.0,1335000,2996000,-14022000,-1999000.0,,-3652000.0,,367000,-31000.0,,2812416.0,,,,316000.0,579000.0,896000.0,,,57310000,67363000,10053000,,113000.0,,2061000.0,,,,,,,,,424743000,70485000,65480000,,,,,,,,,,74465000.0,44262000.0,,,1284000.0,,-19747000.0,,49098000.0,25381000.0,,,25381000.0,25381000.0,36122000.0,-2789000.0,,,47513000,33387000,,,,,,,15645000.0,3151000.0,1538000.0,1698000.0,2231000.0,2561000.0,4466000.0,2345000.0,2061000.0,,1199000.0,,,-193000.0,-178000,,-278000.0,,-224000.0,-595000.0,1000.0,317000.0,,93000.0,-193000.0,104000.0,,,,,,,,,,3534000.0,,,,,,,13692000.0,40858000.0,,,600000.0,,,11025000,,,17550000.0,16971000.0,21347000,23000000.0,,131402000.0,,,,,32782000.0,,1284000.0,58375000,13616000,44759000,6566000,13749000,,49343000.0,37381000,,,,,15209000.0,-317000.0,,140915000.0,,36326000.0,5919000.0,20279000,897000.0,-18000000,,,1148000.0,,239997000.0,,20444000,1131000.0,6600000,49897.0,24.11,874032.0,15.74,1515018.0,19.74,143303.0,22.01,10000000.0,,,,8131000.0,,,,288778000,,3.0,,28247923.0,8050000.0,,,140915000.0,131208000.0,349000.0,,,,,,,,,,,300000.0,,,,,765000.0,43839342,,41026926,,,,,,,,,,,,,,,,,,,,,,,,,,,,,,,,,
2017-05-10,False,41554048,,9189000,43740000,,79268000,,,,,,-25000,,311081000,,,3612000,,,383000.0,,,,,,590115.0,,456970000,369466000,87504000.0,,,,,,,,,,,,,,,,,,,,,,,,,,,,,,,,,,,,,,,119933000,15600000.0,,,,0.0001,125000000,41532545,41532545,4000,,14474000,,,,77542000,,,,,,76378000,,,,1069000.0,,,,,,,,,,,,,,,,,-1830000.0,,,,,,,1025000,20902000,,,,,,,4084000.0,4084000.0,,,1792000.0,1279000.0,,1013000.0,,,,,,,,,,1520000.0,579000.0,,,,,,,,,0.34,0.32,,,,,,,-350000.0,11767000,42557000.0,,,,,,,,,,,,,,,,,,,,,,,,,,,,,,,,,,-2000.0,,,,,,,,,4439000,,,,,,38676000,,,,,,13414000.0,,-761000,,,,,,,,,,,9734000,8070000,,74000.0,2060000,-1272000,-6453000,311000.0,,1333000.0,,4583000,94000.0,,2489280.0,,,,,,,,,47281000,60913000,13632000,,,,1987000.0,,,,,,,,,456970000,78616000,71119000,,,,,,,,,,81800000.0,44893000.0,,,371000.0,,-10437000.0,,25666000.0,14175000.0,,,,,,1410000.0,,,26672000,12004000,,,,,,,,,,,,,,,,,,,,28000.0,-243000,,694000.0,,514000.0,299000.0,1000.0,395000.0,,909000.0,28000.0,,,,,,,,,,,,,,,,,,,,24070000.0,,,,,1872000,,2037000.0,,,26561000,,,,,,,,15665000.0,,371000.0,61125000,12895000,48230000,2748000,5498000,,,37933000,,,,,,33000.0,395000.0,,,,,11458000,991000.0,-3825000,,,,,115054000.0,,10775000,,3612000,,,,,,,,,,,,,,,,,307235000,,,,,,,,,,,,,,,,,,,,,264000.0,,,,,,43837505,,41348225,,,,,,,,,,,,,,,,,,,,,,,,,,,,,,,,,
2017-08-03,False,42084298,,12842000,36029000,,79851000,,,,,,-367000,,316867000,,,4034000,,,791000.0,,,,,,199950.0,,492422000,364939000,127483000.0,,,,,,,,,,,,,,,,,,,,,,,,,,,,,,,,,,,,,,,113452000,9043000.0,,,,0.0001,125000000,42022735,42022735,4000,,22182000,,,,116577000,,,,,,89033000,,,,959000.0,,,,,,,,,,,,,,,,,-773000.0,,,,,,,3038000,23771000,,,,,,,4898000.0,4898000.0,,,2372000.0,1392000.0,,1135000.0,,,,,,,,,,3130000.0,,,-571000.0,,,,,,,0.54,0.5,,0.12,,,,,-274000.0,14286000,39699000.0,,,,,,,,,,,,,,,,,,,,,,,,,,,,,,,,,,-2000.0,,,,,,,,,3265000,,,,,,47066000,,,,,,22710000.0,,186000,,,,,,,,,,,2007000,8399000,,148000.0,6935000,1206000,-11153000,3958000.0,,2105000.0,,12547000,200000.0,,3131191.0,,,,,,,,,42634000,56205000,13571000,,,,1913000.0,,,,,,,,,492422000,78696000,78523000,,,,,,,,,,80225000.0,79954000.0,,,2123000.0,,-50371000.0,,57291000.0,22524000.0,,,,,,3595000.0,,,27951000,19115000,,,,,,,,,,,,,,,,,,,,5000.0,186000,,257000.0,,-533000.0,-342000.0,1000.0,599000.0,,66000.0,5000.0,,,,,,,,,,,,,,,,,,194000.0,,74106000.0,,,,,7611000,,1713000.0,,,34109000,,,,,,,,31674000.0,,2123000.0,65340000,12501000,52839000,6011000,12976000,,,41991000,,,,,,,599000.0,,,,,12725000,1097000.0,18699000,,,723000.0,,136099000.0,,11961000,,7646000,,,,,,,,,,,,,,,,,335203000,,,,,,,,,,,,,,,,,,,,,371000.0,,,,,,44831590,,41700399,,,,,,,,,,,,,,,,,,,,,,,,,,,,,,,,,
2017-11-08,False,43012847,,16407000,42700000,,91694000,,,,,,-297000,,323076000,,,4537000,,,1310000.0,,,,,,263355.0,,549206000,424587000,124619000.0,,,,,,,,,,,,,,,,,,,,,,,,,,,,,,,,,,,,,,,149448000,44963000.0,,,,0.0001,125000000,42862712,42862712,4000,,28041000,,,,158018000,,,,,,108498000,,,,878000.0,,,,,,,,,,,,,,,,,-787000.0,,,,,,,2743000,26858000,,,,,,,5822000.0,5822000.0,,,2934000.0,1528000.0,,1360000.0,,,,,,,,,,4932000.0,,,-407000.0,,,,,,,0.66,0.61,,0.12,,,,,-198000.0,17640000,37860000.0,,,,,,,,,,,,,,,,,,,,,,,,,,,,,,,,,,-2000.0,,,,,,,,,5078000,,,,,,58054000,,,,,,28062000.0,,91000,,,,,,,,,,,8667000,20168000,,223000.0,9699000,4509000,-5005000,7537000.0,,3063000.0,,17360000,503000.0,,3697908.0,,,,,,,,,43880000,62356000,18476000,,,,1838000.0,,,,,,,,,549206000,92432000,87321000,,,,,,,,,,81488000.0,72351000.0,,3795000.0,,-49722000.0,,90890000.0,,27971000.0,,,,,,2666000.0,,,32658000,25396000,,,,,,,,,,,,,,,,,,,,54000.0,16000,,70000.0,,-19000.0,70000.0,1000.0,994000.0,,975000.0,54000.0,,,,,,,,,,,,,,,,,,194000.0,,82469000.0,,,,,13203000,,3393000.0,,,38201000,,,,,,,,46513000.0,,3795000.0,71567000,12942000,58625000,10566000,23758000,,,45714000,,,,,,,994000.0,,,,,14363000,1400000.0,46670000,,,,,166552000.0,,13217000,,12183000,,,,,,,,,,,,,,,,,369453000,,,,,,,,,,,,,,,,,,,,,471000.0,,,,,,46131556,,42433648,,,,,,,,,,,,,,,,,,,,,,,,,,,,,,,,,
2018-02-20,True,43891212,763891780.0,20378000,69488000,1983000.0,109528000,17428000.0,14863000.0,,20204000.0,178000.0,-611000,,331902000,,17564000.0,17564000,128000.0,,2061000.0,,,2017000.0,,,197516.0,,641305000,476686000,164619000.0,1000.0,591000.0,180974000.0,443000.0,148000.0,72269000.0,103116000.0,103563000.0,103120000.0,77411000.0,77264000.0,180384000.0,,,,,,,,,,,,,,,,,,,,,,,,,,23263000.0,163163000,58498000.0,,,187671.0,0.0001,125000000,43812601,43812601,4000,,83885000,,,598000.0,196222000,,,,,,392279000,,19889000.0,1639000.0,,,,,,,,,,,,-42000.0,,,,-5414000.0,8340000.0,,,,,,,,2559000,31453000,,,,,,8340000.0,,,4186000.0,,5380000.0,1622000.0,,,1338000.0,,,,,,16840000.0,,7011000.0,7155000.0,221000.0,,,,994000.0,401000.0,,975000.0,-994000.0,1.99,1.85,,0.34,,,,,-18000.0,22544000,56867000.0,5350000.0,,,,,,,,,,,,,,,,,5098000.0,,,,,,,,,,,,,19000.0,-287000.0,,,-1334000.0,,,-104000.0,590000.0,,,,18682000,,,,,,214766000,2938000.0,,-7461000.0,,-92783000.0,100244000.0,,16072000,3100000.0,,18735000.0,-34734000.0,34083000.0,-1545000.0,,-467000.0,,,35455000,38139000,500000.0,296000.0,14106000,9394000,15690000,27839000.0,,5455000.0,,21937000,619000.0,,3216069.0,,,,316000.0,579000.0,,896000.0,,57105000,82992000,25887000,,1352000.0,,1765000.0,,,,,,,,,641305000,129754000,114084000,,,,,,,,,,77264000.0,103120000.0,,7240000.0,,-85407000.0,,136665000.0,,84172000.0,,,84172000.0,84172000.0,51182000.0,9158000.0,1.0,,123680000,91086000,,,,,,,23333000.0,4520000.0,2472000.0,2512000.0,3094000.0,3801000.0,6934000.0,2049000.0,1765000.0,,3449000.0,,,-297000.0,29000,,707000.0,,-19000.0,-287000.0,1000.0,994000.0,,975000.0,-297000.0,104000.0,,,,,,,,,,5083000.0,,,19200000.0,,,,13692000.0,143675000.0,,,600000.0,,,21382000,,,17550000.0,16971000.0,42223000,23000000.0,,131402000.0,24712000.0,,,,80269000.0,,7240000.0,78811000,14785000,64026000,14214000,34650000,,71386000.0,52297000,,,,,33719000.0,-994000.0,,140915000.0,,36326000.0,5919000.0,54966000,1516000.0,66172000,,,,,607045000.0,,50032000,2995000.0,17564000,132737.0,18.65,1252815.0,27.3,2087992.0,24.33,547104.0,20.07,10000000.0,,6115000.0,,29693000.0,,,,397467000,,3.0,,28247923.0,8050000.0,,,140915000.0,131208000.0,4854000.0,,,,,,,,,,,600000.0,,,,,765000.0,45425307,,42209238,,,,,,,,,,,,,,,,,,,,,,,,,,,,,,,,,
2018-05-10,False,45010758,,26170000,83091000,,127479000,,,,,,-1135000,,343356000,,,6849000,,,778000.0,,,,,,590115.0,,731561000,571212000,160349000.0,,,,,,,,,,,,,,,,,,,,,,,,,,,,,,,,,,,,,,,229219000,66323000.0,,230985000.0,,0.0001,125000000,44897108,44897108,4000,,35162000,,,,230308000,,,,,,130274000,,,,7001000.0,,,,,,,,,,,,,,,,,-1339000.0,,,,,,,3010000,41866000,,,,,,,9847000.0,9847000.0,,,6289000.0,1640000.0,,1918000.0,,,,,,,17595000.0,,,2430000.0,111000.0,,-1054000.0,,,,,,,0.81,0.75,,,,,,,-17000.0,29733000,78186000.0,,,,,,,,,,,,,,,,,,,,,,,,,,,,,,,,,,,,,,-64000.0,,,,,4689000,,,,,,79597000,,,,,,41348000.0,,5662000,,,,,,,,,,,13595000,17935000,,74000.0,6981000,7153000,15348000,6527000.0,,1321000.0,,-9210000,,,3441843.0,,,,,,,,,66018000,98363000,32345000,,,,1690000.0,,,,,,,,,731561000,158609000,132741000,,,,,,,,,,81229000.0,88554000.0,,4605000.0,,-2261000.0,,63979000.0,,35686000.0,,,,,,584000.0,,,38769000,40828000,,,,,,,,,,,,,,,,,,,,-510000.0,-14000,,-524000.0,,514000.0,-524000.0,,395000.0,,909000.0,-510000.0,64000.0,,,,,,,,,,,,,1600000.0,,,,,,25436000.0,,,,,11325000,,1658000.0,,,33156000,,,,,,,,34500000.0,,4605000.0,88195000,16605000,71590000,3775000,13159000,,,61161000,,,34208000.0,,,,395000.0,,,,,17875000,1766000.0,97986000,209871000.0,,,,,,16205000,,6849000,,,,,,,,,,,,,,,,,440211000,,,,,,,,,,,,,,,,,,,,,686000.0,,,,,,47673522,,44231679,,,,,,,,,,,,,,,,,,,,,,,,,,,,,,,,,
2018-08-03,False,45498414,,26480000,81610000,,118103000,,,,,,-1138000,,353470000,,,7128000,,,1014000.0,,,,,,199950.0,,783230000,616047000,167183000.0,,,,,,,,,,,,,,,,,,,,,,11200000.0,,,,,,,,,,,,,,,,,214540000,51512000.0,,216589000.0,,0.0001,125000000,45498414,45498414,5000,,34565000,,,,321135000,,,,,,145172000,,,,5314000.0,,,,,,,,,,,,,,,,,-1697000.0,,,,,,,3407000,47595000,,,,,,,11551000.0,11551000.0,,,7229000.0,2093000.0,,2229000.0,,,,,,,16830000.0,,,5053000.0,652000.0,,-24000.0,,,,,,,0.76,0.72,,,,,,,398000.0,23510000,70363000.0,,,,,,,,,,,,,,,,,,,,,,,,,,,,,,,,,,,,,,-64000.0,,,,,5776000,,,,,,81946000,,,,,,38185000.0,,3617000,,,,,,,,,,,12143000,9203000,,148000.0,6139000,1028000,18952000,6194000.0,,3018000.0,,2135000,,,3075027.0,,,,,,,,,73172000,102014000,28842000,,,,1616000.0,,,,,,,,,783230000,153971000,144368000,,,,,,,,2481000.0,,134821000.0,86144000.0,,7591000.0,,-63949000.0,,107870000.0,,34568000.0,,,,,,-2480000.0,,,41281000,40665000,,,,,,,,,,,,,,,,,,,,-6000.0,3000,,-3000.0,,-533000.0,-3000.0,,599000.0,,66000.0,-6000.0,64000.0,,,,,,,,,,,,,3900000.0,,,,,,89389000.0,,,,,21385000,,2574000.0,,,44520000,,,,,,,,46825000.0,,7591000.0,97291000,18964000,78327000,9066000,27546000,,,68532000,,,35810000.0,,,,599000.0,,,,,19551000,2049000.0,132554000,227118000.0,,,,,,15954000,,13977000,,,,,,,,,,,,,,,,,484891000,,,,,,,,,,,,,,,,,,,,,,,,,,,48291280,,45216253,,,,,,,,,,,,,,,,,,,,,,,,,,,,,,,,,
2018-11-02,False,45751565,,31556000,83459000,,151088000,,,,,,-983000,,361744000,,,7950000,,,1242000.0,,,,404000.0,,263355.0,,852178000,655653000,196525000.0,,,,,,,,,,,,,,,,,28000.0,,,,,,,,,,,,,,,,,,,,,,192876000,29549000.0,,194959000.0,,0.0001,125000000,45750400,45750400,5000,,45798000,,,,278024000,,,,,,158596000,,,,-10524000.0,,,,,,,,,,,,,,,,,-1771000.0,,,,,,,5795000,53663000,,,,,,,13218000.0,13218000.0,,,8082000.0,2657000.0,,2479000.0,,,,10300000.0,,,,7779000.0,7997000.0,,247000.0,,,,,10000.0,,,,1.0,0.95,,,,,,,731000.0,23680000,70100000.0,,,,,,,,,,,,,,,,,,,,,,,,,,,,,,,,,,9000.0,,,,-64000.0,,,,,6898000,2782000.0,,,,,77982000,,,,,,33348000.0,,-12295000,,,,,,,,,,,14006000,42418000,3900000.0,,8456000,1200000,18120000,-819000.0,,4789000.0,,4800000,,,2679700.0,3762000.0,,,,,,,,71332000,107179000,33955000,1892000.0,,,,,,,,,,,,852178000,166150000,147065000,,,,,,,,2481000.0,,148252000.0,102240000.0,,7915000.0,,-120571000.0,,142205000.0,,45643000.0,,,,,,-689000.0,,,43945000,34037000,,,,,,,,,,,,,,,,,,,1108000.0,32000.0,87000,,164000.0,,36000.0,155000.0,,9000.0,,45000.0,32000.0,,,,,,7343000.0,,,,,,,,19200000.0,,,,,,143150000.0,,,,11223000.0,30051000,,874000.0,,,46396000,,,,,,,,71632000.0,,7915000.0,107719000,21660000,86059000,18911000,47819000,,,73415000,,,36153000.0,,,,9000.0,,,,,20109000,2083000.0,178197000,236578000.0,,,,,,16938000,,21927000,,,,,,,,,,,,,,,,,538963000,,,,,,,,,,,,,,,,,,,,,,,,,,,48281240,,45601540,,,,,,,,,,,,,,,,,,,,,,,,,,,,,,,,,
2019-02-28,True,47255226,2068517229.0,29728000,107079000,,173579000,39018000.0,14859000.0,,71814000.0,132000.0,-524000,,371794000,,30618000.0,30618000,427000.0,,1242000.0,,,1242000.0,1193000.0,,197516.0,,964472000,678113000,286359000.0,1000.0,875000.0,193811000.0,,,118680000.0,74256000.0,74564000.0,74256000.0,119247000.0,118680000.0,192936000.0,,,,,95597000.0,115074000.0,976827000.0,22159000.0,1260000.0,,,99326000.0,1413000.0,4333000.0,6066000.0,2271000.0,38118000.0,36984000.0,45193000.0,23670000.0,1399000.0,3568000.0,41936000.0,95597000.0,34445000.0,40052000.0,191633000,28496000.0,,193261000.0,,0.0001,125000000,46052802,46052802,5000,,128133000,150000.0,127983000.0,598000.0,262979000,,,,,,618001000,13894000.0,,2276000.0,16170000.0,875000.0,,,,,308000.0,567000.0,,,,,-1284000.0,,,-5809000.0,14699000.0,-7093000.0,,1499000.0,,,,,14351000,60670000,,,776000.0,,22608000.0,13200000.0,14699000.0,,4155000.0,,9482000.0,3160000.0,1471000.0,,4340000.0,,9408000.0,,,,1499000.0,6001000.0,11426000.0,11426000.0,221000.0,,,,,401000.0,,,,2.85,2.69,,0.21,,,,,86000.0,29053000,98826000.0,,,,,,,,,,,,,,,,,,5098000.0,,,-1488000.0,14493000.0,4673000.0,4868000.0,4883000.0,4818000.0,4769000.0,39992000.0,38504000.0,,,87000.0,,31000.0,,,,-445000.0,,,,,29264000,34874000.0,34445000.0,429000.0,,,319236000,,-787000.0,-13405000.0,,-123718000.0,137123000.0,,9077000,15368000.0,,8062000.0,-26861000.0,28796000.0,-644000.0,,-276000.0,,,31482000,60514000,,,37041000,4583000,20178000,,,7093000.0,-8485000.0,2711000,,,2744692.0,38504000.0,,2536000.0,132000.0,,,,,84024000,141519000,39380000,18115000.0,943000.0,,,,,,,,,,,964472000,225718000,168028000,7147000.0,20149000.0,16639000.0,,,3510000.0,,2481000.0,,118680000.0,74256000.0,8318000.0,-7955000.0,,-152628000.0,,189079000.0,,128833000.0,-787000.0,,128833000.0,,119329000.0,-2297000.0,1.0,,179816000,139420000,,34000000.0,,,,32000000.0,21417000.0,6933000.0,2350000.0,2380000.0,2633000.0,4677000.0,2444000.0,,,,6231000.0,,4697000.0,-223000.0,310000,,-19000.0,,-19000.0,87000.0,137000.0,31000.0,,31000.0,-360000.0,,,,,,9391000.0,,,,,11038000.0,,,19200000.0,,,,,142627000.0,,94737000.0,600000.0,6001000.0,,38608000,14190000.0,,,,45073000,,,,,,,,129345000.0,,10021000.0,121826000,28868000,92958000,27839000,70854000,128046000.0,191143000.0,119329000,,,,-137000.0,28284000.0,106000.0,,,,3786000.0,,82245000,1628000.0,191133000,937237000.0,,,,,11029000.0,68307000,4331000.0,30618000,214005.0,29.36,1744621.0,41.45,2807232.0,34.4,811376.0,24.97,10000000.0,,,,,,,,562408000,570726000.0,,,,,,,,,6334000.0,,,,,,,,,,,8499000.0,579000.0,8499000.0,,,,47980002,45235310.0,45235310,,,,,,,,,,,,,,,,,,,,,,,,,,,,,,,,,
2019-05-10,False,47547688,,60369000,90190000,,187496000,,,,,,-1220000,,417385000,,9704000.0,9704000,,,-59000.0,,,,1971000.0,27000.0,,,1176923000,717532000,459391000.0,,,,,,,,,,,,,,,,,,,,,453000.0,,,,,,,,,,,,,,,,,,226478000,33088000.0,,228289000.0,,0.0001,125000000,47501363,47501363,5000,,17279000,849000.0,18128000.0,,242551000,,,,,,185761000,,,,4895000.0,,,,,,,,,,,,,,,,,-973000.0,-973000.0,8544000.0,,,,,13527000,66037000,,,,,25680000.0,6045000.0,14589000.0,14589000.0,5384000.0,,8751000.0,3571000.0,1299000.0,,6675000.0,,19635000.0,10300000.0,,,8544000.0,6057000.0,3870000.0,,,,,,,,,,,0.4,0.39,,,,,,,1940000.0,31524000,104122000.0,,,,16000.0,,2045000.0,,2580000.0,1620000.0,,194000.0,194000.0,208000.0,208000.0,156000.0,2905000.0,0.0287,,,,2619000.0,,,,,,,39242000.0,36623000.0,140601000.0,,-696000.0,,,,,,-66000.0,,,,,11691000,34196000.0,34874000.0,-678000.0,,,86110000,,,,,,21897000.0,,3922000,,,,,,,,,,,-21720000,7379000,3900000.0,,1730000,3250000,-964000,20271000.0,,,,-10885000,,,2006109.0,211420000.0,211420000.0,,,,,,,74333000,150798000,55133000,21332000.0,,2274000.0,,35156000.0,4435000.0,,4732000.0,5470000.0,6443000.0,7444000.0,6632000.0,1176923000,248072000,231334000,,,,,,7029000.0,,2481000.0,,107064000.0,57252000.0,71198000.0,-2630000.0,,-20732000.0,,56450000.0,,19016000.0,1041000.0,,,,,-6151000.0,,,58062000,28048000,2231000.0,24790000.0,,24790000.0,2231000.0,30839000.0,,,,,,,,,,,,0.0156,12303000.0,605000.0,-1301000,,,,,-696000.0,120000.0,,,,485000.0,,,,,,23417000.0,,828000.0,,,,,,19200000.0,,,,,,15316000.0,39315000.0,,,,10620000,,1784000.0,,,37828000,51000.0,,,,,,,44575000.0,,309000.0,136746000,35229000,101517000,7185000,22105000,17975000.0,,132988000,,,30183000.0,120000.0,,,,,,1003000.0,,26199000,1811000.0,210149000,271871000.0,,,,,,20172000,,9704000,,,,,,,,,,,,,,17233000.0,,,626319000,697517000.0,,,,,,34601000.0,,,309000.0,,,,,,,,,,,9532000.0,579000.0,1033000.0,,,,49026327,,47020218,,,,,,,,,,,,,,,,,,,,,,,,,,,,,,,,,
2019-08-08,False,47971049,,71447000,116795000,,237804000,,,,,,-895000,,431684000,,11372000.0,11372000,,,-12000.0,,,,2924000.0,26000.0,,,1221694000,730544000,491150000.0,,,,,,,,,,,,,,,,,,,,,151000.0,,,,,,,,,,,,,,,,,,176575000,-12372000.0,,176575000.0,,0.0001,125000000,47967425,47967425,5000,,33238000,545000.0,32693000.0,,310897000,,,,,,214340000,,,,13753000.0,,,,,,,,,,,,,,,,,-540000.0,-1960000.0,8663000.0,,,,,15708000,73796000,,,,,25625000.0,6088000.0,14751000.0,14751000.0,5670000.0,,8657000.0,4056000.0,,,7242000.0,,19537000.0,,,19537000.0,8663000.0,5961000.0,8147000.0,,,,,,,,,,,0.69,0.66,,,,,,,1183000.0,34555000,113848000.0,,,,15000.0,,2014000.0,,2574000.0,1654000.0,,196000.0,196000.0,211000.0,211000.0,106000.0,2922000.0,0.0287,,,,3532000.0,,,,,,,38456000.0,34924000.0,142755000.0,,325000.0,,,,,,-552000.0,,,,,13685000,33661000.0,34874000.0,-1213000.0,,,110670000,,,,,,46126000.0,,13213000,,,,,,,,,,,5493000,56562000,,,11764000,5151000,-1723000,28236000.0,,,,2574000,,334096.0,2590331.0,211340000.0,211340000.0,,,,,,,62878000,148892000,63013000,23001000.0,,2425000.0,,41701000.0,5197000.0,,6365000.0,7278000.0,8024000.0,9289000.0,5548000.0,1221694000,293778000,247868000,,,,,,5519000.0,,4300000.0,,109610000.0,79616000.0,5977000.0,-67385000.0,,-52221000.0,,107234000.0,,33128000.0,215000.0,32908000.0,,,,773000.0,,,65317000,45353000,2384000.0,30009000.0,,30009000.0,2384000.0,36788000.0,,,,,,,,,,,,0.0145,8455000.0,341000.0,-16000,,,,,325000.0,,,-29000.0,,370000.0,,,,,,18062000.0,,1466000.0,,,,,,,,,,,,63655000.0,38435000.0,,,,22244000,,944000.0,,,50642000,,,,,,,,68407000.0,,3764000.0,150638000,38819000,111819000,17476000,46288000,32913000.0,,140200000,,,45420000.0,-91000.0,,,,,,4675000.0,,29505000,1060000.0,243277000,325010000.0,,,,,,22127000,,21076000,,,,,,,,,,,,,,16454000.0,,,674071000,680048000.0,,,,,,34601000.0,,,3455000.0,,,,,,,,-220000.0,,,9715000.0,579000.0,1216000.0,,,,49940034,,47683799,,,,,,,,,,,,,,,,,,,,,,,,,,,,,,,,,
2019-11-07,False,48610590,,80986000,132230000,,292232000,,,,,,-3356000,,450459000,,17609000.0,17609000,,,1242000.0,,,,2619000.0,20000.0,,,1337592000,834803000,502789000.0,,,,,,,,,,,,,,,,,,,,,604000.0,,,,,,,,,,,,,,,,,,247342000,,49230000.0,247342000.0,,0.0001,125000000,48576288,48576288,5000,,39263000,286000.0,39549000.0,,362968000,,,,,,271247000,,,,10418000.0,,,,,,,,,,,,,,,,,-3148000.0,-4923000.0,7762000.0,,,,,15006000,81934000,,,,,28585000.0,9418000.0,17180000.0,17180000.0,,,,,,,,,19167000.0,,,,7762000.0,5769000.0,12532000.0,,,,,,,,,,,0.86,0.81,,,,,,,10348000.0,44386000,103421000.0,,,,12000.0,1248000.0,874000.0,,1329000.0,955000.0,,88000.0,88000.0,88000.0,88000.0,22000.0,1471000.0,0.0285,,,,4538000.0,,,,,,,37271000.0,32733000.0,135470000.0,,-2461000.0,,9000.0,,,,-566000.0,,,,,12214000,32592000.0,34874000.0,-2282000.0,,,139309000,,,,,,48994000.0,,7270000,,,,,,,,,,,21301000,114572000,,,19516000,15329000,-15746000,39561000.0,,,,19795000,,334096.0,3220670.0,200795000.0,200795000.0,,,,,,,46239000,134283000,65495000,22549000.0,,2549000.0,,40265000.0,5410000.0,,6517000.0,7528000.0,8384000.0,9691000.0,2735000.0,1337592000,335407000,264997000,,,,,,4055000.0,,4300000.0,,85343000.0,92871000.0,5176000.0,-68307000.0,,-58397000.0,,175934000.0,,41627000.0,-97000.0,41357000.0,,,,-17023000.0,,,73292000,66017000,2517000.0,29117000.0,,29117000.0,2560000.0,34601000.0,,,,,,,,,,,,0.0145,7667000.0,17000.0,-2478000,,,,36000.0,-2461000.0,,9000.0,91000.0,45000.0,17000.0,,,,,,16662000.0,8305000.0,2138000.0,,,,,,,,,,,,103711000.0,38435000.0,,,,39679000,,,,,68234000,232000.0,,,,,,,119570000.0,,4940000.0,171354000,45887000,125467000,30263000,79791000,41724000.0,,149675000,,,75073000.0,-91000.0,,,,,,5142000.0,,30747000,1600000.0,284904000,410556000.0,,,,,,22026000,,38685000,,,,,,,,,,,,,,16912000.0,,,732012000,737188000.0,,,,,,34601000.0,,,1176000.0,,,,,,,,-270000.0,,,9870000.0,579000.0,1371000.0,,,,51081594,,48195020,,,,,,,,,,,,,,,,,,,,,,,,,,,,,,,,,
2020-02-27,True,49235498,2862849120.0,80576000,157148000,,298383000,62288000.0,36158000.0,,91695000.0,-2073000.0,-1809000,4900000.0,475792000,11112000.0,60353000.0,60353000,2473000.0,,92000.0,,,122000.0,9634000.0,,312128.0,,1494624000,932763000,561861000.0,532000.0,278000.0,210767000.0,,,,,119090000.0,119176000.0,119247000.0,118680000.0,211021000.0,,,,,,,,,604000.0,,,,,,,,,,,,,,,,,,223901000,,33126000.0,223901000.0,,0.0001,125000000,49081457,48898062,5000,8305000.0,143672000,-981000.0,144653000.0,,472086000,,,,,,946322000,10093000.0,,29590000.0,39683000.0,,,,0.0248,,,,,,,,-3414000.0,,,-2623000.0,16298000.0,-6037000.0,,4461000.0,,,,,70815000,89982000,,,3924000.0,3621000.0,29578000.0,11837000.0,27261000.0,,6318000.0,,4994000.0,4898000.0,2442000.0,,7305000.0,2317000.0,15424000.0,,,,4461000.0,5010000.0,17261000.0,17261000.0,,,,,,,,,,3.06,2.9,0.188,0.21,,,0.155,,3011000.0,47390000,145033000.0,,,,,1354000.0,2399000.0,,3043000.0,1503000.0,,302000.0,302000.0,302000.0,317000.0,317000.0,,0.0285,,,,-10539000.0,25418000.0,9736000.0,9397000.0,9830000.0,9844000.0,9783000.0,84547000.0,74008000.0,,,-1285000.0,,,,-5269000.0,,,,,,-5269000.0,49361000,129654000.0,97498000.0,-2364000.0,3067000.0,,479338000,,,-6029000.0,,-172574000.0,178603000.0,,33646000,41076000.0,2317000.0,-1246000.0,-8784000.0,37507000.0,4040000.0,,-188000.0,,,47837000,124071000,,,83137000,18592000,22544000,,,,38158000.0,67323000,,312128.0,2588851.0,74008000.0,,4805000.0,1116000.0,,,1096000.0,20000.0,85332000,170798000,64714000,20752000.0,4528000.0,,,41623000.0,2543000.0,,4015000.0,7172000.0,8176000.0,9195000.0,10522000.0,1494624000,436714000,246240000,5389000.0,15826000.0,15673000.0,,,173000.0,,4300000.0,,91845000.0,119176000.0,8318000.0,-73021000.0,,-152853000.0,,259000000.0,,146549000.0,-1592000.0,145643000.0,,,176963000.0,-11343000.0,1.0,,289392000,189946000,9665000.0,30213000.0,9590000.0,30213000.0,9748000.0,35858000.0,,,,,,,,,,,,0.0146,9904000.0,920000.0,-2205000,,-1376000.0,,-19000.0,-1285000.0,91000.0,31000.0,,31000.0,829000.0,,,30696000.0,,80576000.0,13960000.0,,2192000.0,,,14917000.0,,,713000.0,4900000.0,3261000.0,,,160054000.0,,38435000.0,,,,72562000,,,,,115268000,,,,,,,-1354000.0,142744000.0,,9066000.0,172563000,65112000,107451000,43311000,94048000,144957000.0,268658000.0,176963000,,1896000.0,60634000.0,,83917000.0,91000.0,,,,9265000.0,,121351000,27558000.0,337682000,1425660000.0,,,,,15667000.0,87984000,7285000.0,60353000,273984.0,39.61,1332053.0,71.46,2742589.0,52.77,1122712.0,32.23,10000000.0,,,,,,,,811670000,811670000.0,,,,,,34601000.0,,,3498000.0,8500000.0,,,,,,,-906000.0,,,8962000.0,579000.0,463000.0,,9500000.0,,50195661,,47918938,,,,,,,,,,,,,,,,,,,,,,,,,,,,,,,,,
2020-05-07,False,49630559,,75737000,139138000,,235673000,,,,,,-5390000,,491873000,2686000.0,12773000.0,12773000,,4509000.0,120000.0,,,,2321000.0,,,,1513840000,955919000,557921000.0,213000.0,1023000.0,200095000.0,,,,,104774000.0,103863000.0,,,199006000.0,,,,,,,,,,,4900000.0,,,,,,,,,,,,,,,,324072000,,91136000.0,324072000.0,,0.0001,125000000,49599493,49599493,5000,,38667000,849000.0,38667000.0,,500414000,,,,,,291210000,,,,12458000.0,,,,,,,,,,,,,,,,17095000.0,-2859000.0,,,,,,,30706000,98134000,,,,,,,,,,,,,,,,,,,,,,8085000.0,5004000.0,,,,613000.0,,,,,,,0.86,0.81,,,,,,,9035000.0,58894000,141601000.0,,,,,,,,,,,,,,,,,,,4509000.0,406000.0,,,,,,,,,,,,-3581000.0,,,,,,,,,,,16185000,125520000.0,,,,,140008000,,,,,,51170000.0,,8922000,,,,,,,,,,,-17589000,-59420000,,,-31729000,11821000,29004000,-7466000.0,,,,-49888000,,,2979480.0,69111000.0,,,,,,,,94819000,198557000,84948000,18790000.0,,,,,,,,,,,,1513840000,389681000,257741000,,,15048000.0,,,173000.0,,4250000.0,,95143000.0,103863000.0,,3315000.0,,-19924000.0,,107745000.0,,42248000.0,1041000.0,,,,,-16605000.0,,,72233000,67775000,,,,30336000.0,,37896000.0,,,,,,,,,,,,,8454000.0,-1165000.0,-2954000,,,,,-3581000.0,,,120000.0,538000.0,-1165000.0,,,,,,10970000.0,,-1247000.0,4900000.0,,,,,235000.0,4900000.0,,,,,31924000.0,39315000.0,,,,27053000,,,,,66874000,15295000.0,,,,,,-56000.0,42333000.0,,3308000.0,186257000,70158000,116099000,12679000,26373000,42248000.0,,195982000,2442000.0,2119000.0,70961000.0,,,,,,,15232000.0,,36695000,27515000.0,379930000,431218000.0,,,,,,24253000,,12773000,,,,,,,,,,,,,,,,,866418000,,,,,,,34601000.0,,,3308000.0,,,,,,,,,,,9058000.0,,96000.0,,,,52172720,,49193240,,,,,,,,,,,,,,,,,,,,,,,,,,,,,,,,,
2020-08-06,False,50118548,,88482000,158264000,,181700000,,,,,,-3442000,,511640000,-2651000.0,13961000.0,13961000,,6273000.0,373000.0,,,,4615000.0,,334096.0,,1605826000,1072998000,532828000.0,1430000.0,149000.0,157435000.0,,,,,45479000.0,45684000.0,,,158716000.0,,,,,,,,,,,4900000.0,,,,,,,,,,,,,,,,428372000,,202927000.0,428372000.0,,0.0001,125000000,50075751,50075751,5000,,38616000,-545000.0,38616000.0,,335321000,8070000.0,,,,,228888000,,,,8098000.0,,,,,,,,,,,,,,,,19121000.0,-6424000.0,,,,,,,25625000,103181000,,,,,,,,,,,,,,,,,,,,,,3432000.0,10646000.0,,,,986000.0,,,,,,,0.74,0.7,,,,,,,1544000.0,48764000,131368000.0,,,,,,,,,,,,,,,,,,,6273000.0,496000.0,,,,,,,,,,,,1948000.0,,,,,,,,,,,13964000,128279000.0,,,,,102963000,,,,,,41530000.0,,4862000,,,,,,,,,,,-1823000,-116045000,,,-31834000,1457000,94230000,5768000.0,,,,-37066000,,334096.0,2749851.0,68211000.0,,,,,,,,142542000,264460000,101079000,20839000.0,,,,,,,,,,,,1605826000,405065000,275960000,,,15256000.0,,,173000.0,,4250000.0,,113032000.0,45684000.0,,8996000.0,,26876000.0,,167055000.0,,36668000.0,215000.0,36668000.0,,,,11565000.0,,,72998000,29965000,,,,29991000.0,,36951000.0,,,,,,,,,,,,,8166000.0,1931000.0,109000,,,,-92000.0,1948000.0,,-435000.0,-29000.0,343000.0,1931000.0,,,,,,17666000.0,,-451000.0,,,,,,-1000.0,4900000.0,-2024000.0,,,,36815000.0,38435000.0,,,,53706000,,,,,79867000,15113000.0,,,,,,-112000.0,89739000.0,,9114000.0,192684000,68674000,124010000,27248000,47369000,36668000.0,,226416000,4296000.0,3811000.0,80251000.0,,,,,,,15119000.0,,38098000,2135000.0,416598000,331851000.0,,,,,,20936000,,13961000,,,,,,,,,,,,,,,,,924801000,,,,,,,34601000.0,,,5806000.0,,,,,,,,-220000.0,,,9487000.0,,525000.0,,,,52536437,,49786586,,,,,,,,,,,,,,,,,,,,,,,,,,,,,,,,,
2020-11-04,False,51211402,,101628000,122106000,,183141000,,,,,,-2643000,,574326000,-2833000.0,16259000.0,16259000,,6690000.0,131000.0,,37000.0,168000.0,7081000.0,,334096.0,,2278296000,1744981000,533315000.0,1076000.0,14000.0,130526000.0,,,,,119090000.0,119176000.0,109704000.0,110585000.0,131588000.0,,,,,,,,,,,4900000.0,,,,,,,,,,,,,,,,1048109000,,833441000.0,1048109000.0,,0.0001,125000000,51207310,51207310,5000,,44550000,286000.0,44550000.0,,326661000,10438000.0,,,570332000.0,,230032000,,,,2976000.0,,632500000.0,36336000.0,,48703000.0,,,,16259000.0,,,,,1130000.0,,10678000.0,-5263000.0,,,,,,,27267000,109439000,,,,,,,,,,,,,,,,,,,,,,20011000.0,16376000.0,,,,780000.0,,,1119000.0,,,,0.87,0.83,,,,,,,-9233000.0,50814000,207529000.0,,,,,,,,,,,,,,,,,,,6690000.0,378000.0,,,,,,,,,,,,799000.0,,,,,,,,,,,14928000,133221000.0,,,,,108063000,,,,,,46159000.0,,2408000,,,,,,,,,,,-35499000,-118044000,,,-24283000,3132000,121999000,10619000.0,,,,-37871000,,334096.0,2416513.0,68122000.0,,,168000.0,,,,,158152000,297027000,116339000,22536000.0,,,,,,,,,,,,2278296000,382537000,863722000,,,15642000.0,,,,1550000.0,4250000.0,,110585000.0,21003000.0,,637313000.0,,699000.0,,195429000.0,,43751000.0,-97000.0,43888000.0,,,,15765000.0,,,77669000,30394000,,,,29442000.0,,36965000.0,,,,,,,,,,,,,5609000.0,-210000.0,1455000,,,,-446000.0,799000.0,,531000.0,91000.0,85000.0,-210000.0,,,,,,18700000.0,,-459000.0,,,,,,224000.0,4900000.0,-743000.0,,,,36781000.0,38435000.0,,,,90553000,,,,,83866000,15185000.0,618269000.0,,,,,-152000.0,116419000.0,,19205000.0,195694000,65080000,130614000,51334000,74465000,43751000.0,,257717000,4595000.0,3118000.0,114526000.0,,,,,,,15194000.0,,40817000,2242000.0,460349000,338095000.0,,,,,,21924000,,42993000,,,,,,,,,,,,,,,,,1032037000,,,,,,,34601000.0,,,10091000.0,,,,,,,13465000.0,-270000.0,,,10134000.0,,602000.0,,,,53144188,,50529691,,,,,,,,,,,,,,,,,,,,,,,,,,,,,,,,,
2021-02-19,True,51581559,6828285341.0,106154000,162051000,,218706000,65131000.0,53623000.0,,120574000.0,3617000.0,3857000,4900000.0,603891000,-9336000.0,67309000.0,67309000,,2886000.0,,,,3185000.0,9479000.0,,2276818.0,,2437109000,1719341000,717768000.0,585000.0,284000.0,290820000.0,,,,,147596000.0,147434000.0,143224000.0,143687000.0,291121000.0,,91000.0,,,,,,,,,,,,,,,,,,,,,,,,,827146000,,626502000.0,827146000.0,,0.0001,125000000,51560936,51560936,5000,8305000.0,145988000,-981000.0,145988000.0,,380100000,,,,573350000.0,573350000.0,997912000,1842000.0,,24936000.0,26778000.0,,632500000.0,36336000.0,,46353000.0,,,,67309000.0,,,2794000.0,,1130000.0,-6228000.0,11676000.0,-3434000.0,-2738000.0,8593000.0,8593000.0,140020000.0,24648000.0,115372000.0,24648000,115372000,52093000.0,72870000.0,7568000.0,5609000.0,40669000.0,3083000.0,31035000.0,,20468000.0,,1843000.0,6400000.0,1977000.0,,4372000.0,9634000.0,27952000.0,,11830000.0,,,60096000.0,22355000.0,,,,3786000.0,5819000.0,,5819000.0,,,,2.79,2.66,0.142,0.21,0.044,0.017,0.155,0.069,-23257000.0,63738000,230503000.0,,,,,234000.0,26173000.0,26173000.0,32553000.0,23629000.0,1756000.0,1871000.0,1785000.0,1756000.0,1756000.0,,,0.0149,,2886000.0,543000.0,-20464000.0,18678000.0,9883000.0,9516000.0,9859000.0,9933000.0,9949000.0,88282000.0,67818000.0,,,5666000.0,,,,-5269000.0,,,,,,-5269000.0,63119000,140479000.0,97498000.0,10825000.0,-354000.0,,461359000,,,-33909000.0,,-129757000.0,163666000.0,127000.0,23344000,38990000.0,,,,,,,,,,3333000,-86538000,,,-21438000,18315000,149661000,,,,11630000.0,3276000,,312128.0,2578146.0,67818000.0,,5330000.0,,,,321000.0,,177872000,331696000,128363000,25461000.0,8864000.0,,,50771000.0,14655000.0,11242000.0,2152000.0,4617000.0,8161000.0,9944000.0,,2437109000,436099000,915253000,5062000.0,,16894000.0,,,,1609000.0,,,143687000.0,147434000.0,,640484000.0,,-236637000.0,,222655000.0,,140322000.0,-1592000.0,140322000.0,,,345008000.0,21105000.0,,1.0,318798000,142561000,12741000.0,35194000.0,,35194000.0,12813000.0,41600000.0,,,,,,,,,,,,0.0168,5353000.0,-24000.0,5690000,,6632000.0,,,5666000.0,91000.0,966000.0,,966000.0,-24000.0,,,,,106154000.0,14191000.0,,1409000.0,,3429000.0,28741000.0,,,2451000.0,,-1504000.0,,,223705000.0,,38435000.0,,,,126790000,,,,,135399000,16944000.0,617869000.0,,,,,-234000.0,141839000.0,21910000.0,21500000.0,204994000,62614000,142380000,70401000,102832000,140322000.0,423982000.0,303408000,956000.0,3545000.0,79447000.0,,56617000.0,-966000.0,,,,15595000.0,,163123000,2611000.0,478004000,1459271000.0,29623000.0,,5269000.0,,,95985000,10598000.0,67309000,189218.0,66.94,739541.0,202.1,2216841.0,103.79,1076071.0,49.78,10000000.0,,,,,,,,1085757000,,,,,,,34601000.0,,,16671000.0,8500000.0,,,,,,12797000.0,-906000.0,,,10564000.0,579000.0,757000.0,275000.0,,,52795475,,50217330,,,,,,,,,,,,,,,,,,,,,,,,,,,,,,,,,
2021-05-04,False,51976195,,111011000,122063000,,271713000,,,,,,-6761000,,595716000,-2569000.0,,23153000,,3576000.0,,,,724000.0,2391000.0,,10757.0,,2464595000,1585107000,879488000.0,251000.0,1419000.0,435075000.0,,,,,296118000.0,294828000.0,138957000.0,139079000.0,433907000.0,,,,,,,,,,,,,,,,,,,,,,,,,,,685157000,,-131561000.0,685157000.0,,0.0001,125000000,51966175,51966175,5000,,19458000,,,,699325000,,,,619357000.0,,265415000,,,,,,632500000.0,36336000.0,,46353000.0,,,8937000.0,23153000.0,,,,,1130000.0,,17353000.0,-2141000.0,,,,,,,21065000,122168000,,,,,,,,,,,,,,,,,,,,,,43626000.0,6887000.0,,,,449000.0,,,146000.0,,,,0.58,0.55,,0.209,,,,,-10428000.0,63929000,224436000.0,,,,,,,24918000.0,,,,,,,,,,,,,,,,,,,,,,,,,,,,,,-2147000.0,,,,,,19849000,134620000.0,,,,,140074000,,,,,,38031000.0,152000.0,7955000,,,,,,,,,,,-39034000,57380000,,,3615000,7477000,8376000,6640000.0,,,,-20218000,,,1993320.0,64196000.0,,,724000.0,,,,,170436000,340038000,142916000,26686000.0,,,,,,,,,,,,2464595000,397726000,966945000,,,16215000.0,,,,7700000.0,1607000.0,,139079000.0,294828000.0,,-2062000.0,,-153582000.0,,24083000.0,,,,,,30610000.0,,-6097000.0,,,95946000,44128000,,,,32667000.0,,39804000.0,,,,,,,,,,,,,16473000.0,-1185000.0,-5630000,-3675000.0,,,-128000.0,-10618000.0,,,,-128000.0,,,,,,,13325000.0,,,,-2209000.0,,,,,4900000.0,-571000.0,,,,186528000.0,,,,,24545000,,,,,102985000,15295000.0,,,,,40450000.0,-312000.0,,,,217953000,63443000,154510000,17012000,29971000,30076000.0,,312214000,,5009000.0,84811000.0,,,,,,,34000.0,,46977000,2509000.0,510964000,405489000.0,,,,,,26911000,,23153000,18439.0,96.59,36815.0,316.81,1982891.0,113.08,252326.0,68.33,10000000.0,,,,,,,,1099924000,,,,,,,,,,,,,,,,,13143000.0,,,,10630000.0,,,,,,55997136,,51726998,,,,,,,,,,,,,,,,,,,,,,,,,,,,,,,,,
2021-08-04,False,52270276,,118933000,141174000,,343652000,,,,,,-3536000,,625268000,-2653000.0,,24052000,,2826000.0,,,,1450000.0,4871000.0,,,,2564325000,1488911000,1075414000.0,183000.0,2229000.0,605094000.0,,,,,459386000.0,457362000.0,145708000.0,145686000.0,603048000.0,,,,,,,,,,,,,,,,,,,,,,,,,,,524112000,,-294436000.0,524112000.0,,0.0001,125000000,52263976,52263976,5000,,48317000,,,,874877000,,,,620082000.0,,323865000,,,,,,,,,,,,8937000.0,24052000.0,,,,,,,19962000.0,-3931000.0,,,,,,,16144000,128109000,,,,,,,,,,,,,,,,,,,,,,13562000.0,14008000.0,,,,2700000.0,,,523000.0,,,,0.87,0.82,,0.162,,,,,-8598000.0,58340000,229255000.0,,,,,,,25525000.0,,,,,,,,,,,,,,,,,,,,,,,,,,,,,,-2051000.0,,,,,,19370000,135981000.0,,,,,156192000,,,,,,53816000.0,177000.0,8724000,,,,,,,,,,,-20120000,128564000,,,4524000,9734000,-13229000,19660000.0,,,,20356000,,,1577536.0,61855000.0,,,726000.0,,,,,156391000,321915000,136791000,28733000.0,,,,,,,,,,,,2564325000,399585000,986947000,,,139000.0,,,,7818000.0,1626000.0,,145686000.0,457362000.0,,-21206000.0,,-335998000.0,,62768000.0,,,,,,45628000.0,,-1743000.0,,,100633000,55559000,,,,31153000.0,,38302000.0,,,,,,,,,,,,,21633000.0,-691000.0,1698000,1779000.0,,,439000.0,3225000.0,,,,841000.0,,,,,,,14766000.0,,,,859000.0,,,,,1103000.0,-1442000.0,,,,422470000.0,,,,,65267000,,,,,137480000,15113000.0,,,,,103763000.0,-625000.0,,,,232167000,64855000,167312000,39141000,66314000,45092000.0,,340319000,,4568000.0,80030000.0,,,,,,,16385000.0,,52664000,2504000.0,556056000,480057000.0,,,,,,29458000,,47205000,46761.0,114.53,159637.0,275.66,1827541.0,127.06,502176.0,74.66,10000000.0,,,,,,,,1177793000,,,,,,,,,,,,,,,,,,,,,10714000.0,,,,,,55930562,,52076208,,,,,,,,,,,,,,,,,,,,,,,,,,,,,,,,,
2021-11-03,False,52519519,,119865000,137621000,,416244000,,,,,,-19135000,,652109000,-2785000.0,,26185000,,2639000.0,,,,2175000.0,7487000.0,,,,2656833000,1552554000,1104279000.0,134000.0,2190000.0,620830000.0,,,,,475292000.0,473315000.0,145538000.0,145459000.0,618774000.0,,,,,,,,,,,,,,,,,,,,,,,,,,,526588000,,-292839000.0,526588000.0,,0.0001,125000000,52519490,52519490,5000,,37449000,,,,1178921000,,,,620808000.0,,353843000,,,,,,,,,,,,8937000.0,26185000.0,,,,,,,21827000.0,-6686000.0,,,,,,,16939000,136269000,,,,,,,,,,,,,,,,,,,,,,10122000.0,21492000.0,,,,4502000.0,,,5819000.0,,,,1.01,0.96,,0.126,,,,,-7719000.0,63845000,257967000.0,,,,,,,25375000.0,,,,,,,,,,,,,,,,,,,,,,,,,,,,,,-2013000.0,,,859000.0,,,21098000,131757000.0,,,,,172561000,,,,60663000.0,,,205000.0,7615000,,,,,,,,,,,-22959000,206131000,,,13723000,14321000,-30678000,,-20055000.0,,,14977000,,,1296315.0,61639000.0,,,,,,,,121055000,304713000,161863000,21795000.0,,,,,,,,,,,,2656833000,405507000,1009243000,,,141000.0,,,,7808000.0,1623000.0,,145459000.0,473315000.0,,-19432000.0,,-397959000.0,,124552000.0,,,,,,53573000.0,,-5751000.0,,,106147000,66414000,,,,31509000.0,,39314000.0,,,,,,,,,,,,,23083000.0,29000.0,-3664000,-12272000.0,,308000.0,,-15599000.0,,,,,,,,,,,14910000.0,,,,-1350000.0,,,,,,-2547000.0,,,,511615000.0,2996000.0,,,,94135000,,,,,148364000,15185000.0,618269000.0,,,,174817000.0,-939000.0,,,,247063000,67096000,179967000,67313000,109382000,53048000.0,,353344000,,3992000.0,126210000.0,,,,,,,16219000.0,,55666000,1064000.0,609104000,526404000.0,,,,,,29383000,,73390000,92198.0,121.09,322909.0,283.61,1714997.0,146.53,732555.0,78.61,10000000.0,,,,,,,,1242083000,,,,,,,,,,,,,,,,,,,,1006000.0,10708000.0,,,,,,55929000,,52355867,,,,,,,,,,,,,,,,,,,,,,,,,,,,,,,,,
2022-02-22,True,52818655,12748438796.0,109379000,252068000,,456339000,152717000.0,51014000.0,,150500000.0,,-27319000,859000.0,687295000,-10812000.0,102593000.0,102593000,,2626000.0,,,,2903000.0,10176000.0,,2276818.0,,2892060000,1711291000,1180769000.0,32000.0,6032000.0,655956000.0,,,,,487918000.0,482228000.0,168038000.0,167728000.0,649956000.0,,,,,,,,,,,,,,,,,,,,,,,,,,,530089000,,-285260000.0,530089000.0,,0.0001,125000000,52815395,52815395,5000,0.0,137994000,0.0,137994000.0,,1428766000,,,,621535000.0,621535000.0,1334547000,-7872000.0,,37564000.0,29692000.0,,632500000.0,0.0,,0.0,,,57000.0,102593000.0,,,-3682000.0,,0.0,-7956000.0,27572000.0,-11638000.0,-12045000.0,156000.0,,169344000.0,17788000.0,151556000.0,17789000,151556000,56089000.0,26765000.0,3649000.0,8078000.0,54569000.0,27416000.0,39921000.0,,19635000.0,,2479000.0,12140000.0,1326000.0,,10911000.0,14648000.0,12505000.0,156000.0,0.0,,,0.0,29359000.0,,,,4009000.0,,,169000.0,,,,3.24,3.06,0.096,0.21,0.0,0.017,0.155,0.074,-11797000.0,74465000,309177000.0,,,,,1293000.0,,40508000.0,50695000.0,36509000.0,2749000.0,2945000.0,2945000.0,2798000.0,2749000.0,,,0.0193,,2626000.0,118000.0,28965000.0,9691000.0,10755000.0,8356000.0,9142000.0,10176000.0,10741000.0,87826000.0,58861000.0,,,-31176000.0,,,,,,,,,,0.0,82196000,129629000.0,,-10850000.0,,,629318000,,,13659000.0,187224000.0,173565000.0,,,18054000,45977000.0,,,,,,,,,,91709000,247723000,,,29936000,26519000,43051000,,,,3344000.0,39444000,,0.0,1492030.0,58861000.0,,6376000.0,,,,36000.0,,118894000,380143000,247386000,13863000.0,7142000.0,,,57394000.0,19968000.0,13332000.0,2416000.0,3671000.0,6512000.0,11495000.0,,2892060000,525181000,1056840000,5105000.0,,,,,,1647000.0,7923000.0,,167728000.0,482228000.0,,-15178000.0,,-484211000.0,,214129000.0,,169170000.0,0.0,171304000.0,169170000.0,,457517000.0,-19915000.0,,1.0,422179000,207139000,14890000.0,,,38912000.0,14890000.0,47137000.0,,,,,,,,,,,,0.0168,24963000.0,-4949000.0,-9681000,-17420000.0,-28749000.0,,,-31176000.0,,,,,,,,,,109379000.0,10649000.0,,,,-1350000.0,42511000.0,,,,,2022000.0,,,,579377000.0,0.0,,,,149251000,,,,,176992000,0.0,0.0,,,,,-1308000.0,202188000.0,,2203000.0,265160000,71480000,193680000,90518000,150684000,169170000.0,560879000.0,410379000,142000.0,4071000.0,168528000.0,,71041000.0,-2427000.0,,,,16073000.0,,219633000,,650058000,1963865000.0,20526000.0,,0.0,,,119000000,14231000.0,102593000,,,,,,,,,10000000.0,,,,,,,,1310039000,1310039000.0,,,,,,0.0,,,6486000.0,8500000.0,,,,,,10965000.0,0.0,,3289000.0,2192000.0,9007000.0,635000.0,0.0,,,55971030,,52202182,16000.0,14631000.0,-0.044,2209000.0,2276818.0,67734000.0,148000.0,-29649000.0,874000.0,331000.0,187375000.0,14813000.0,-2758000.0,,,,,,,,,,,,,,,,,,,,
2022-05-04,False,55387285,,134951000,241630000,,676820000,,65903000.0,,,,-46067000,,1373405000,,,34107000,,3226000.0,,,,728000.0,2658000.0,,,,3682915000,2462317000,1220598000.0,0.0,17876000.0,626106000.0,,,,,466648000.0,449673000.0,159458000.0,158557000.0,608230000.0,,,,,,,,,,,,,,,,,,,,,,,,,,,1002772000,,474212000.0,,,0.0001,125000000,55386146,55386146,6000,,14375000,,,,1426689000,,,,622263000.0,,476122000,,,,,,,,,,,,,34107000.0,,,,,,,31205000.0,-1034000.0,,,,184245000.0,25511000.0,158734000.0,25511000,158734000,29429000.0,14529000.0,,,,,,,,,,,,,,,,,,,,,9002000.0,,,,2042000.0,,,536000.0,,,,0.62,0.6,,0.271,,,,,-1529000.0,84309000,308373000.0,,,,,,,53405000.0,,,,,,,,,,,,,,,,,,,,,,,,,,,,,,410000.0,,,,,,26429000,127109000.0,,,,,178958000,,,,45415000.0,,,,12292000,,,,,,,,,,,-28045000,224865000,,,15029000,9246000,51323000,,-22755000.0,,,17163000,,,903438.0,55734000.0,,,,,,,,98531000,432504000,317173000,16800000.0,,,,,,,,,,,,3682915000,568741000,1103649000,,,,,,,,1658000.0,10500000.0,158557000.0,449673000.0,,652335000.0,,-15134000.0,,-162989000.0,,33123000.0,,,33123000.0,33676000.0,,-5449000.0,,,128094000,50864000,,,,48480000.0,,59783000.0,,,,,,,,,,,,,23583000.0,-9506000.0,-1579000,-6983000.0,,-680000.0,,-18748000.0,,,,,,,,,,134951000.0,10441000.0,,,,,,,,,,-1692000.0,,,,26712000.0,,,,,43210000,,,,,191664000,,,,,,53096000.0,-491000.0,,,,292666000,82340000,210326000,20401000,47907000,33123000.0,,473511000,,4745000.0,144201000.0,,,,,,,,,66349000,,683181000,655080000.0,27248000.0,,,,,35316000,,34107000,,,,,,,,,10000000.0,,,,,,,,2010525000,,,,,,,,,,1478000.0,,,,,,,,,,1178000.0,2303000.0,,,,,,56315193,,53134937,,,,,,,,,,,,,,1002772000.0,3478000.0,2927000.0,,,,,,,,,,,,,,,,,
2022-08-04,False,55635089,,168400000,253399000,,669100000,,100425000.0,,,,-89620000,,1418881000,,,37074000,,3805000.0,,,,1456000.0,5277000.0,,182715.0,,3772778000,2283808000,1488970000.0,136000.0,23931000.0,883625000.0,,,,,731240000.0,709571000.0,152385000.0,150259000.0,859830000.0,,,,,,,,,,,,,,,,,,,,,,,,,,,745534000,,236899000.0,,,0.0001,125000000,55633090,55633090,6000,,-28469000,,,,1532469000,,,,622991000.0,,545132000,,,,,,,,,,,,,,,,,,,,33400000.0,-1092000.0,,,,200695000.0,30460000.0,170235000.0,30460000,170235000,27045000.0,10595000.0,,,,,,,,,,,,,,,,,,,,,18861000.0,,,,2348000.0,,,4123000.0,,,,0.27,0.26,,0.305,,,,,,68154000,306131000.0,,,,,,,46680000.0,,,,,,,,,,,,,,,,,,,,,,,,,,,,,,-296000.0,,,,,,28121000,116173000.0,,,,,182642000,,,,21701000.0,,,,6617000,,,,,,,,,,,-7339000,235316000,,,32277000,5202000,93348000,,-54341000.0,,,79215000,,,817637.0,50372000.0,,,,,,,,88920000,470272000,365709000,15643000.0,,,,,,,,,,,,3772778000,612174000,1133072000,,,,,,,,,,150259000.0,709571000.0,,648406000.0,,-325933000.0,,-85574000.0,,15084000.0,,,15084000.0,15635000.0,,-14311000.0,,,146630000,36012000,,,,42849000.0,,58375000.0,,,,,,,,,,,,,31970000.0,-4562000.0,-6808000,-28347000.0,,-3836000.0,,-43553000.0,,,,,,,,,,8196000.0,17902000.0,,,,4686000.0,,,,,,-1783000.0,,,,362119000.0,,,,,91884000,,,,,248643000,,,,,,126287000.0,-1444000.0,,,,324176000,91761000,232415000,27551000,59061000,15084000.0,,489109000,,5408000.0,92915000.0,,,,,,,0.0,,74847000,,698265000,727774000.0,34176000.0,,,,,38975000,,37074000,,,,,,,,,10000000.0,,,2027532.0,,,,,2027532000,,,,,,164.0,,,,1478000.0,,,,,,,,,,6351000.0,2403000.0,,,,,,58564734,,55470279,,,,678000.0,,,,,,,,,,745534000.0,3058000.0,2885000.0,168400000.0,37171000.0,21454000.0,4314000.0,4008000.0,4008000.0,8141000.0,,,,,,,,,,
2022-11-08,False,55894875,,181892000,311565000,,785325000,,112388000.0,,,,-128266000,,1457379000,-2559000.0,,35751000,,4283000.0,,,,2186000.0,7741000.0,,138916.0,,3903546000,2451773000,1451773000.0,0.0,36053000.0,927404000.0,,,,,720705000.0,688753000.0,206699000.0,202598000.0,891351000.0,,,,,,,,,,,,,,,,,,,,,,,,,,,678329000,,186605000.0,,,0.0001,125000000,55894106,55894106,6000,,-13903000,,,,1639157000,,,,623721000.0,,614722000,,,,,,,,,,,,,,,,,,,,38268000.0,-3822000.0,,,,208720000.0,31896000.0,176824000.0,31896000,176824000,20756000.0,12731000.0,,,,,,,,,,,,,,,,,,,,,29571000.0,,1813000.0,,,,,4269000.0,,,,0.44,0.43,,0.58,,,,,,71905000,279982000.0,,,,,,,45509000.0,,,,,,,,,,,,,,,,,,,,,,,,,,,,,,485000.0,-1146000.0,,,,,27933000,108860000.0,,,,,222001000,,,,58915000.0,,,,34172000,,,,,,,,,,,53683000,377089000,,,41440000,12119000,188579000,,-67789000.0,,,55478000,,,740392.0,46286000.0,,,,,,,,113057000,561352000,432766000,15529000.0,,,,,,,,,,,,3903546000,694480000,1156939000,,,,,,,,,,202598000.0,688753000.0,,647135000.0,,-380514000.0,,-80016000.0,,24743000.0,,,24743000.0,25294000.0,,,,,137594000,84407000,,,,46398000.0,,62535000.0,,,,,,,,,,,,,15638000.0,-9579000.0,1872000,-30799000.0,,-140000.0,,-38646000.0,,,,,,,,,,8411000.0,15570000.0,,,,-2724000.0,,,,,,-3472000.0,,,,461491000.0,0.0,,,,125085000,,,,,224169000,,,,,,178415000.0,-2109000.0,,,,346139000,97222000,248917000,34852000,56815000,24743000.0,,491433000,,5874000.0,69158000.0,,,,,,,104000.0,,69659000,,723008000,836723000.0,43274000.0,,,,,42726000,,35751000,,,,,,,,,10000000.0,,,1085757.0,,,,,2052127000,,,,,,1866.0,,,,164000.0,,,,,,,,,,,2561000.0,,,,,,58747538,,55730328,,,,-19000.0,,,,,,,,,,678329000.0,2646000.0,3060000.0,181892000.0,36632000.0,-38365000.0,0.0,0.0,4008000.0,8141000.0,33025000.0,7533000.0,,,,,,,,
2023-02-22,True,56146608,15.1,214112000,459831000,,905146000,176706000.0,117638000.0,,184530000.0,,-73109000,,1505632000,-9478000.0,,145539000,,3202000.0,,,,2916000.0,9096000.0,,207980.0,,4265949000,2899658000,1366291000.0,80000.0,32287000.0,918815000.0,,,,,672488000.0,645491000.0,246327000.0,241117000.0,886608000.0,,,,,,,,,,,,,,,,,,,,,,,,,,,783112000,,268847000.0,783112000.0,,0.0001,125000000,56133404,56133404,6000,,47989000,,,,1590229000,,,,624451000.0,,2265631000,56957000.0,,37473000.0,94430000.0,,632500000.0,,,,,,,145539000.0,,,-8954000.0,,,-2100000.0,44153000.0,-11054000.0,-11055000.0,0.0,,213577000.0,26641000.0,186936000.0,26641000,186936000,67249000.0,23017000.0,,8954000.0,85457000.0,44153000.0,61680000.0,,19916000.0,,9335000.0,9863000.0,627000.0,,30242000.0,23777000.0,17527000.0,,,,,,40580000.0,,0.0,,,,,1874000.0,,,,1.7,1.65,0.471,0.21,0.052,0.033,0.155,0.108,,85158000,343473000.0,,,,,2834000.0,,45385000.0,58273000.0,40445000.0,3298000.0,4083000.0,3539000.0,3539000.0,3369000.0,,,0.023,,3202000.0,103000.0,20487000.0,202000.0,5736000.0,558000.0,3826000.0,3890000.0,5717000.0,40416000.0,19929000.0,,,,,,,,,,,,,,112496000,31189000.0,,-8336000.0,,,844648000,,,47324000.0,177155000.0,129831000.0,,,83376000,74689000.0,,,,,,,,,,194524000,457610000,,,44376000,26238000,341085000,,,,98673000.0,64991000,,,736061.0,19929000.0,,,,,,,,202537000,729201000,503257000,23407000.0,10170000.0,,,68030000.0,22085000.0,16330000.0,3285000.0,4246000.0,7338000.0,14746000.0,,4265949000,889717000,1199866000,3830000.0,,,,,,,,,241117000.0,645491000.0,,654607000.0,,-417044000.0,,31284000.0,,93779000.0,,95982000.0,93779000.0,,606723000.0,3316000.0,,1.0,678528000,166120000,15901000.0,,,46256000.0,16343000.0,62754000.0,,,,,,,,,,,,0.0217,18806000.0,-20740000.0,-1875000,-20540000.0,-52741000.0,,,-45790000.0,,,,,,,,,,214112000.0,15756000.0,,,,-116538000.0,37815000.0,,,,,-4138000.0,,,,507171000.0,,,,,169341000,,,,,241082000,0.0,0.0,,,,231210000.0,-2834000.0,,,4030000.0,385057000,103975000,281082000,119504000,239401000,93779000.0,728499000.0,543969000,-679000.0,7002000.0,73955000.0,,147597000.0,6951000.0,,,,138000.0,,289814000,,743837000,3110279000.0,46004000.0,,,,,159680000,17202000.0,145539000,,,,,,,,,10000000.0,,,,,,,,2176366000,,,,,,,,,,4030000.0,8500000.0,,,,,,8049000.0,,,,2756000.0,0.0,564000.0,0.0,,,58100649,,55087770,434000.0,,0.029,-29037000.0,2276818.0,,,-59249000.0,-2635000.0,-809000.0,201974000.0,29236000.0,7760000.0,,7747000.0,10171000.0,,145919000.0,-15824000.0,,-90104000.0,118492000.0,17863000.0,,,11090000.0,6618000.0,-2603000.0,90104000.0,1402000.0,7038000.0,7719000.0,9233000.0
