filing_date,annual,EntityCommonStockSharesOutstanding_shares,EntityPublicFloat_USD,AccountsPayableCurrent_USD,AccountsReceivableNetCurrent_USD,AccruedLiabilitiesCurrent_USD,AccumulatedDepreciationDepletionAndAmortizationPropertyPlantAndEquipment_USD,AccumulatedOtherComprehensiveIncomeLossNetOfTax_USD,AdditionalPaidInCapital_USD,AdjustmentForAmortization_USD,AdjustmentsToAdditionalPaidInCapitalSharebasedCompensationRequisiteServicePeriodRecognitionValue_USD,AdvertisingExpense_USD,AllocatedShareBasedCompensationExpense_USD,AllowanceForDoubtfulAccountsReceivable_USD,AllowanceForDoubtfulAccountsReceivableCurrent_USD,AllowanceForDoubtfulAccountsReceivableWriteOffs_USD,AmortizationOfIntangibleAssets_USD,Assets_USD,AssetsCurrent_USD,AssetsOfDisposalGroupIncludingDiscontinuedOperationCurrent_USD,BusinessAcquisitionEquityInterestIssuedOrIssuableValueAssigned_USD,BusinessCombinationConsiderationTransferredEquityInterestsIssuedAndIssuable_USD,BusinessCombinationRecognizedIdentifiableAssetsAcquiredAndLiabilitiesAssumedDeferredTaxLiabilities_USD,CapitalizedContractCostAmortization_USD,CapitalLeasesFutureMinimumPaymentsDue_USD,CapitalLeasesFutureMinimumPaymentsDueCurrent_USD,CapitalLeasesFutureMinimumPaymentsDueInFiveYears_USD,CapitalLeasesFutureMinimumPaymentsDueInFourYears_USD,CapitalLeasesFutureMinimumPaymentsDueInThreeYears_USD,CapitalLeasesFutureMinimumPaymentsDueInTwoYears_USD,CapitalLeasesFutureMinimumPaymentsDueThereafter_USD,CapitalLeasesFutureMinimumPaymentsInterestIncludedInPayments_USD,CapitalLeasesLesseeBalanceSheetAssetsByMajorClassAccumulatedDeprecation_USD,CashAndCashEquivalentsAtCarryingValue_USD,CashCashEquivalentsRestrictedCashAndRestrictedCashEquivalents_USD,CashCashEquivalentsRestrictedCashAndRestrictedCashEquivalentsPeriodIncreaseDecreaseIncludingExchangeRateEffect_USD,CommonStockDividendsPerShareDeclared_USD/shares,CommonStockParOrStatedValuePerShare_USD/shares,CommonStockSharesAuthorized_shares,CommonStockSharesIssued_shares,CommonStockSharesOutstanding_shares,CommonStockValue_USD,CommunicationsAndInformationTechnology_USD,ComprehensiveIncomeNetOfTax_USD,ContractWithCustomerAssetAccumulatedAllowanceForCreditLoss_USD,ContractWithCustomerAssetGross_USD,ContractWithCustomerAssetNet_USD,ContractWithCustomerAssetNetNoncurrent_USD,ContractWithCustomerLiabilityCurrent_USD,ContractWithCustomerLiabilityNoncurrent_USD,ContractWithCustomerLiabilityRevenueRecognized_USD,CumulativeEffectOfNewAccountingPrincipleInPeriodOfAdoption_USD,CurrentFederalTaxExpenseBenefit_USD,CurrentForeignTaxExpenseBenefit_USD,CurrentIncomeTaxExpenseBenefit_USD,CurrentStateAndLocalTaxExpenseBenefit_USD,DebtInstrumentFeeAmount_USD,DebtInstrumentUnamortizedDiscountPremiumAndDebtIssuanceCostsNet_USD,DebtInstrumentUnamortizedDiscountPremiumNet_USD,DeferredCompensationLiabilityClassifiedNoncurrent_USD,DeferredFederalIncomeTaxExpenseBenefit_USD,DeferredFinanceCostsNet_USD,DeferredForeignIncomeTaxExpenseBenefit_USD,DeferredIncomeTaxExpenseBenefit_USD,DeferredIncomeTaxLiabilities_USD,DeferredIncomeTaxLiabilitiesNet_USD,DeferredPolicyAcquisitionCosts_USD,DeferredSetUpCostsNoncurrent_USD,DeferredStateAndLocalIncomeTaxExpenseBenefit_USD,DeferredTaxAssetsDeferredIncome_USD,DeferredTaxAssetsGross_USD,DeferredTaxAssetsNet_USD,DeferredTaxAssetsOperatingLossCarryforwardsSubjectToExpiration_USD,DeferredTaxAssetsOther_USD,DeferredTaxAssetsTaxCreditCarryforwards_USD,DeferredTaxAssetsTaxDeferredExpenseCompensationAndBenefits_USD,DeferredTaxAssetsTaxDeferredExpenseReservesAndAccrualsAccruedLiabilities_USD,DeferredTaxAssetsValuationAllowance_USD,DeferredTaxLiabilities_USD,DeferredTaxLiabilitiesGoodwillAndIntangibleAssetsIntangibleAssets_USD,DeferredTaxLiabilitiesNoncurrent_USD,DeferredTaxLiabilitiesOther_USD,DeferredTaxLiabilitiesPropertyPlantAndEquipment_USD,DefinedBenefitPlanBenefitObligation_USD,DefinedBenefitPlanFairValueOfPlanAssets_USD,DefinedBenefitPlanFundedStatusOfPlan_USD,DefinedContributionPlanCostRecognized_USD,Depreciation_USD,DepreciationDepletionAndAmortization_USD,DerivativeNotionalAmount_USD,DisposalGroupIncludingDiscontinuedOperationCashAndCashEquivalents_USD,DisposalGroupNotDiscontinuedOperationGainLossOnDisposal_USD,Dividends_USD,DividendsCommonStock_USD,DividendsCommonStockCash_USD,DividendsCommonStockStock_USD,EarningsPerShareBasic_USD/shares,EarningsPerShareBasicAndDiluted_USD/shares,EarningsPerShareDiluted_USD/shares,EffectiveIncomeTaxRateContinuingOperations_pure,EffectiveIncomeTaxRateReconciliationAtFederalStatutoryIncomeTaxRate_pure,EffectiveIncomeTaxRateReconciliationChangeInDeferredTaxAssetsValuationAllowance_pure,EffectiveIncomeTaxRateReconciliationChangeInEnactedTaxRate_pure,EffectiveIncomeTaxRateReconciliationForeignIncomeTaxRateDifferential_pure,EffectiveIncomeTaxRateReconciliationNondeductibleExpense_pure,EffectiveIncomeTaxRateReconciliationNondeductibleExpenseImpairmentLosses_pure,EffectiveIncomeTaxRateReconciliationNondeductibleExpenseShareBasedCompensationCost_pure,EffectiveIncomeTaxRateReconciliationOtherReconcilingItemsPercent_pure,EffectiveIncomeTaxRateReconciliationPriorYearIncomeTaxes_pure,EffectiveIncomeTaxRateReconciliationShareBasedCompensationExcessTaxBenefitPercent_pure,EffectiveIncomeTaxRateReconciliationStateAndLocalIncomeTaxes_pure,EffectOfExchangeRateOnCashCashEquivalentsRestrictedCashAndRestrictedCashEquivalents_USD,EmployeeRelatedLiabilitiesCurrent_USD,FinanceLeaseInterestExpense_USD,FinanceLeaseInterestPaymentOnLiability_USD,FinanceLeaseLiability_USD,FinanceLeaseLiabilityCurrent_USD,FinanceLeaseLiabilityNoncurrent_USD,FinanceLeaseLiabilityPaymentsDue_USD,FinanceLeaseLiabilityPaymentsDueAfterYearFive_USD,FinanceLeaseLiabilityPaymentsDueNextTwelveMonths_USD,FinanceLeaseLiabilityPaymentsDueYearFive_USD,FinanceLeaseLiabilityPaymentsDueYearFour_USD,FinanceLeaseLiabilityPaymentsDueYearThree_USD,FinanceLeaseLiabilityPaymentsDueYearTwo_USD,FinanceLeaseLiabilityUndiscountedExcessAmount_USD,FinanceLeasePrincipalPayments_USD,FinanceLeaseRightOfUseAsset_USD,FinanceLeaseRightOfUseAssetAmortization_USD,FinanceLeaseWeightedAverageDiscountRatePercent_pure,FiniteLivedIntangibleAssetsAccumulatedAmortization_USD,FiniteLivedIntangibleAssetsAmortizationExpenseNextTwelveMonths_USD,FiniteLivedIntangibleAssetsAmortizationExpenseRemainderOfFiscalYear_USD,FiniteLivedIntangibleAssetsAmortizationExpenseYearFive_USD,FiniteLivedIntangibleAssetsAmortizationExpenseYearFour_USD,FiniteLivedIntangibleAssetsAmortizationExpenseYearThree_USD,FiniteLivedIntangibleAssetsAmortizationExpenseYearTwo_USD,FiniteLivedIntangibleAssetsGross_USD,FiniteLivedIntangibleAssetsNet_USD,ForeignCurrencyTransactionGainLossBeforeTax_USD,GainLossOnInterestRateDerivativeInstrumentsNotDesignatedAsHedgingInstruments_USD,GainLossOnSaleOfEquityInvestments_USD,GainLossRelatedToLitigationSettlement_USD,GainsLossesOnExtinguishmentOfDebt_USD,Goodwill_USD,GoodwillAcquiredDuringPeriod_USD,GoodwillImpairedAccumulatedImpairmentLoss_USD,GoodwillImpairmentLoss_USD,GoodwillPurchaseAccountingAdjustments_USD,GoodwillTranslationAndPurchaseAccountingAdjustments_USD,GoodwillWrittenOffRelatedToSaleOfBusinessUnit_USD,GuaranteeObligationsCurrentCarryingValue_USD,GuaranteeObligationsMaximumExposure_USD,ImpairmentOfIntangibleAssetsFinitelived_USD,IncomeLossFromContinuingOperationsBeforeIncomeTaxesDomestic_USD,IncomeLossFromContinuingOperationsBeforeIncomeTaxesExtraordinaryItemsNoncontrollingInterest_USD,IncomeLossFromContinuingOperationsBeforeIncomeTaxesForeign_USD,IncomeTaxExpenseBenefit_USD,IncomeTaxesPaid_USD,IncomeTaxesPaidNet_USD,IncreaseDecreaseInAccountsPayable_USD,IncreaseDecreaseInAccountsReceivable_USD,IncreaseDecreaseInContractWithCustomerAsset_USD,IncreaseDecreaseInContractWithCustomerLiability_USD,IncreaseDecreaseInFinishedGoodsAndWorkInProcessInventories_USD,IncreaseDecreaseInOtherOperatingCapitalNet_USD,IncrementalCommonSharesAttributableToShareBasedPaymentArrangements_shares,IndefiniteLivedIntangibleAssetsWrittenOffRelatedToSaleOfBusinessUnit_USD,IndefiniteLivedTrademarks_USD,IndefiniteLivedTradeNames_USD,IntangibleAssetsGrossExcludingGoodwill_USD,IntangibleAssetsNetExcludingGoodwill_USD,InterestExpenseDebt_USD,InterestIncomeExpenseNonoperatingNet_USD,InterestPaid_USD,InterestPaidNet_USD,InterestPayableCurrent_USD,InterestRateCashFlowHedgeGainLossToBeReclassifiedDuringNext12MonthsNet_USD,InterestRateCashFlowHedgeLiabilityAtFairValue_USD,InterestRateDerivativeLiabilitiesAtFairValue_USD,InventoryFinishedGoodsNetOfReserves_USD,InventoryWorkInProcessNetOfReserves_USD,LeaseAndRentalExpense_USD,LeaseCost_USD,LesseeOperatingLeaseLiabilityPaymentsDue_USD,LesseeOperatingLeaseLiabilityPaymentsDueAfterYearFive_USD,LesseeOperatingLeaseLiabilityPaymentsDueNextTwelveMonths_USD,LesseeOperatingLeaseLiabilityPaymentsDueYearFive_USD,LesseeOperatingLeaseLiabilityPaymentsDueYearFour_USD,LesseeOperatingLeaseLiabilityPaymentsDueYearThree_USD,LesseeOperatingLeaseLiabilityPaymentsDueYearTwo_USD,LesseeOperatingLeaseLiabilityUndiscountedExcessAmount_USD,Liabilities_USD,LiabilitiesAndStockholdersEquity_USD,LiabilitiesCurrent_USD,LiabilitiesOfDisposalGroupIncludingDiscontinuedOperationCurrent_USD,LicensesRevenue_USD,LitigationSettlementAmountAwardedFromOtherParty_USD,LongTermDebtAndCapitalLeaseObligations_USD,LongTermDebtAndCapitalLeaseObligationsCurrent_USD,LongTermDebtAndCapitalLeaseObligationsIncludingCurrentMaturities_USD,LongTermDebtAndCapitalLeaseObligationsMaturitiesRepaymentsOfPrincipalAfterYearFive_USD,LongTermDebtAndCapitalLeaseObligationsMaturitiesRepaymentsOfPrincipalInYearFive_USD,LongTermDebtAndCapitalLeaseObligationsMaturitiesRepaymentsOfPrincipalInYearFour_USD,LongTermDebtAndCapitalLeaseObligationsMaturitiesRepaymentsOfPrincipalInYearThree_USD,LongTermDebtAndCapitalLeaseObligationsMaturitiesRepaymentsOfPrincipalInYearTwo_USD,LongTermDebtAndCapitalLeaseObligationsRepaymentsOfPrincipalInNextTwelveMonths_USD,LongTermDebtCurrent_USD,LongTermDebtNoncurrent_USD,LossContingencyAccrualAtCarryingValue_USD,MoneyMarketFundsAtCarryingValue_USD,NetCashProvidedByUsedInFinancingActivities_USD,NetCashProvidedByUsedInInvestingActivities_USD,NetCashProvidedByUsedInOperatingActivities_USD,NetIncomeLoss_USD,NonoperatingIncomeExpense_USD,NumberOfOperatingSegments_segment,NumberOfOperatingSegments_installment,NumberOfOperatingSegments_segement,NumberOfReportableSegments_reportable_segment,NumberOfReportableSegments_segment,NumberOfReportableSegments_installment,NumberOfReportableSegments_segement,OperatingIncomeLoss_USD,OperatingLeaseCost_USD,OperatingLeaseLiability_USD,OperatingLeaseLiabilityCurrent_USD,OperatingLeaseLiabilityNoncurrent_USD,OperatingLeasePayments_USD,OperatingLeaseRightOfUseAsset_USD,OperatingLeasesFutureMinimumPaymentsDue_USD,OperatingLeasesFutureMinimumPaymentsDueCurrent_USD,OperatingLeasesFutureMinimumPaymentsDueInFiveYears_USD,OperatingLeasesFutureMinimumPaymentsDueInFourYears_USD,OperatingLeasesFutureMinimumPaymentsDueInThreeYears_USD,OperatingLeasesFutureMinimumPaymentsDueInTwoYears_USD,OperatingLeasesFutureMinimumPaymentsDueThereafter_USD,OperatingLeaseWeightedAverageDiscountRatePercent_pure,OtherAccruedLiabilitiesCurrent_USD,OtherAssetsNoncurrent_USD,OtherComprehensiveIncomeDefinedBenefitPlansAdjustmentNetOfTaxPortionAttributableToParent_USD,OtherComprehensiveIncomeForeignCurrencyTransactionAndTranslationAdjustmentNetOfTaxPortionAttributableToParent_USD,OtherComprehensiveIncomeLossBeforeTaxPortionAttributableToParent_USD,OtherComprehensiveIncomeLossCashFlowHedgeGainLossAfterReclassificationAndTaxParent_USD,OtherComprehensiveIncomeLossDerivativesQualifyingAsHedgesNetOfTax_USD,OtherComprehensiveIncomeLossNetOfTaxPortionAttributableToParent_USD,OtherComprehensiveIncomeLossTaxPortionAttributableToParent1_USD,OtherLiabilitiesNoncurrent_USD,OtherNonoperatingIncomeExpense_USD,OtherOperatingActivitiesCashFlowStatement_USD,PaymentOfFinancingAndStockIssuanceCosts_USD,PaymentsForProceedsFromDerivativeInstrumentInvestingActivities_USD,PaymentsForProceedsFromOtherInvestingActivities_USD,PaymentsForRepurchaseOfCommonStock_USD,PaymentsForRestructuring_USD,PaymentsOfDividends_USD,PaymentsOfFinancingCosts_USD,PaymentsToAcquireBusinessesNetOfCashAcquired_USD,PaymentsToAcquireIntangibleAssets_USD,PaymentsToAcquirePropertyPlantAndEquipment_USD,PreferredStockParOrStatedValuePerShare_USD/shares,PreferredStockSharesAuthorized_shares,PreferredStockSharesIssued_shares,PreferredStockSharesOutstanding_shares,PreferredStockValue_USD,PrepaidExpenseAndOtherAssetsCurrent_USD,ProceedsFromContributedCapital_USD,ProceedsFromDerivativeInstrumentInvestingActivities_USD,ProceedsFromDivestitureOfBusinesses_USD,ProceedsFromDivestitureOfBusinessesNetOfCashDivested_USD,ProceedsFromIssuanceInitialPublicOffering_USD,ProceedsFromIssuanceOfCommonStock_USD,ProceedsFromIssuanceOfLongTermDebtAndCapitalSecuritiesNet_USD,ProceedsFromIssuanceOfPreferredStockAndPreferenceStock_USD,ProceedsFromIssuanceOfWarrants_USD,ProceedsFromIssuanceOrSaleOfEquity_USD,ProceedsFromPaymentsForOtherFinancingActivities_USD,ProceedsFromSaleOfEquityMethodInvestments_USD,PropertyPlantAndEquipmentNet_USD,ProvisionForDoubtfulAccounts_USD,PurchaseObligation_USD,PurchaseObligationDueAfterFifthYear_USD,PurchaseObligationDueInFifthYear_USD,PurchaseObligationDueInFourthYear_USD,PurchaseObligationDueInNextTwelveMonths_USD,PurchaseObligationDueInSecondYear_USD,PurchaseObligationDueInThirdYear_USD,ReclassificationFromAccumulatedOtherComprehensiveIncomeCurrentPeriodNetOfTax_USD,RepaymentsOfDebtAndCapitalLeaseObligations_USD,RepaymentsOfMandatoryRedeemableCapitalSecurities_USD,RestrictedCashAndCashEquivalents_USD,RestrictedCashAndCashEquivalentsAtCarryingValue_USD,RestrictedCashAndCashEquivalentsNoncurrent_USD,RestrictedCashNoncurrent_USD,RestructuringCharges_USD,RestructuringReserve_USD,RestructuringSettlementAndImpairmentProvisions_USD,RetainedEarningsAccumulatedDeficit_USD,RevenueFromContractWithCustomerIncludingAssessedTax_USD,RightOfUseAssetObtainedInExchangeForFinanceLeaseLiability_USD,RightOfUseAssetObtainedInExchangeForOperatingLeaseLiability_USD,SaleOfStockConsiderationReceivedOnTransaction_USD,SaleOfStockNumberOfSharesIssuedInTransaction_shares,SaleOfStockPricePerShare_USD/shares,SellingGeneralAndAdministrativeExpense_USD,ShareBasedCompensationArrangementByShareBasedPaymentAwardFairValueAssumptionsExpectedDividendRate_pure,ShareBasedCompensationArrangementByShareBasedPaymentAwardFairValueAssumptionsExpectedVolatilityRate_pure,SharesIssuedPricePerShare_USD/shares,SharesSubjectToMandatoryRedemptionSettlementTermsAmountCurrent_USD,SharesSubjectToMandatoryRedemptionSettlementTermsAmountNoncurrent_USD,SharesSubjectToMandatoryRedemptionSettlementTermsMaximumNumberOfShares_shares,SharesSubjectToMandatoryRedemptionSettlementTermsNumberOfShares_shares,StockholdersEquity_USD,StockholdersEquityNoteStockSplitConversionRatio1_pure,StockholdersEquityOther_USD,StockIssuedDuringPeriodSharesDividendReinvestmentPlan_shares,StockIssuedDuringPeriodSharesShareBasedCompensationGross_shares,StockIssuedDuringPeriodValueNewIssues_USD,StockRepurchasedAndRetiredDuringPeriodShares_shares,StockRepurchasedAndRetiredDuringPeriodValue_USD,StockRepurchaseProgramAuthorizedAmount1_USD,StockRepurchaseProgramRemainingAuthorizedRepurchaseAmount1_USD,SubleaseIncome_USD,UnrealizedGainLossOnDerivatives_USD,UnrecognizedTaxBenefits_USD,UnrecognizedTaxBenefitsDecreasesResultingFromPriorPeriodTaxPositions_USD,UnrecognizedTaxBenefitsDecreasesResultingFromSettlementsWithTaxingAuthorities_USD,UnrecognizedTaxBenefitsIncreasesResultingFromAcquisition_USD,UnrecognizedTaxBenefitsIncreasesResultingFromCurrentPeriodTaxPositions_USD,UnrecognizedTaxBenefitsIncreasesResultingFromPriorPeriodTaxPositions_USD,UnrecognizedTaxBenefitsReductionsResultingFromLapseOfApplicableStatuteOfLimitations_USD,UnrecordedUnconditionalPurchaseObligationBalanceSheetAmount_USD,VariableLeaseCost_USD,WeightedAverageNumberOfDilutedSharesOutstanding_shares,WeightedAverageNumberOfShareOutstandingBasicAndDiluted_shares,WeightedAverageNumberOfSharesOutstandingBasic_shares,DeferredCompensationArrangementWithIndividualCashAwardsGrantedPercentage_pure,EffectiveIncomeTaxRateReconciliationTaxCredits_pure,FinanceLeaseRightOfUseAssetAccumulatedAmortization_USD,GoodwillTransfers_USD,ImpairmentOfIntangibleAssetsExcludingGoodwill_USD,IncreaseDecreaseInNotesReceivables_USD,InsuranceSettlementsReceivable_USD,LongTermDebt_USD,LongTermDebtMaturitiesRepaymentsOfPrincipalAfterYearFive_USD,LongTermDebtMaturitiesRepaymentsOfPrincipalInNextTwelveMonths_USD,LongTermDebtMaturitiesRepaymentsOfPrincipalInYearFive_USD,LongTermDebtMaturitiesRepaymentsOfPrincipalInYearFour_USD,LongTermDebtMaturitiesRepaymentsOfPrincipalInYearThree_USD,LongTermDebtMaturitiesRepaymentsOfPrincipalInYearTwo_USD,LossContingencyNumberOfPlaintiffs_individual,LossContingencyNumberOfPlaintiffs_securityAdvisor,OtherCommitment_USD,ReportingUnitPercentageOfFairValueInExcessOfCarryingAmount_pure,RevenueFromContractWithCustomerExcludingAssessedTax_USD,StockIssuedDuringPeriodValueDividendReinvestmentPlan_USD,StockRepurchasedDuringPeriodValue_USD,InterestRateFairValueHedgeAssetAtFairValue_USD,InterestRateFairValueHedgeLiabilityAtFairValue_USD,LossContingencyDamagesAwardedValue_USD,IncomeLossFromEquityMethodInvestments_USD,PaymentsForProceedsFromDerivativeInstrumentFinancingActivities_USD,ProfitLoss_USD,RepaymentsOfLongTermDebt_USD,IncreaseDecreaseInFinancialInstrumentsUsedInOperatingActivities_USD,StockRepurchaseProgramNumberOfSharesAuthorizedToBeRepurchased_shares,ContractWithCustomerAssetNetCurrent_USD,DerivativeAssetsCurrent_USD,EffectiveIncomeTaxRateReconciliationTaxContingencies_pure,FinanceLeaseRightOfUseAssetBeforeAccumulatedAmortization_USD,FiniteLivedIntangibleAssetsAmortizationExpenseAfterYearFive_USD,GainLossOnSaleOfBusiness_USD,GoodwillAndIntangibleAssetImpairment_USD,IncreaseDecreaseInInventoryForLongTermContractsOrPrograms_USD,IncreaseDecreaseInOtherFinancialInstrumentsUsedInOperatingActivities_USD,OtherAssetsCurrent_USD,OtherReceivablesNetCurrent_USD,PrepaidExpenseCurrent_USD,PropertyPlantAndEquipmentAndFinanceLeaseRightOfUseAssetAfterAccumulatedDepreciationAndAmortization_USD,PropertyPlantAndEquipmentAndFinanceLeaseRightOfUseAssetBeforeAccumulatedDepreciationAndAmortization_USD,AssetImpairmentCharges_USD,DisposalGroupIncludingDiscontinuedOperationAssetsNoncurrent_USD,IncomeLossFromContinuingOperations_USD,IncomeLossFromDiscontinuedOperationsNetOfTaxAttributableToReportingEntity_USD,LiabilitiesOfDisposalGroupIncludingDiscontinuedOperationNoncurrent_USD,AntidilutiveSecuritiesExcludedFromComputationOfEarningsPerShareAmount_shares,DecreaseInUnrecognizedTaxBenefitsIsReasonablyPossible_USD,IncreaseDecreaseInAccruedInterestReceivableNet_USD,IncreaseDecreaseInOtherAccruedLiabilities_USD,LongTermPurchaseCommitmentAmount_USD
2018-05-09,False,750451249.0,,200853000,151350000,410646000,,-19734000,5890377000,16000000.0,49288000,,49288000,,35358000.0,,303977000,17858924000,621632000,,,,,12847000.0,,,,,,,,,,258195000,1012078000,885296000,0.035,0.01,3999000000.0,766843596.0,766843596.0,1052000.0,,-173164000,,,,,319192000,413317000,16765000,34430000.0,,,,,,,,,,,,-5738000,,1381723000.0,,342913000.0,,,,,,,,,,,,,,,,,,,,,483676000,,,,,26840000.0,,,,-0.22,,0.046,,,,,,,0.234,,-0.161,,,-387000.0,63972000,,,,,,,,,,,,,,,,,,2327226000,,862245000.0,605323000.0,944550000.0,1037013000.0,1079054000.0,8709779000,,,,,,-61597000.0,5078370000,,,,,,,55000000.0,,,,-165005000,,-7568000,,,,,,,,-44268000,,,987000000.0,,10042779000,7715553000,,-174333000,,,144905000,,,,82564000,23291000,,,,,,,,,,,13135288000,17858924000,979210000,,,10000000.0,9527952000.0,48519000,,,,,,,,,,,145000000.0,747920000,-366811000,504574000,-157437000,,,,,,1.0,,,71385000,,,,,,,,,,,,,,,201769000,131988000,,-15727000.0,,,,-15727000,,124975000,-460000,498000,,,-213000,,,0,,36214000.0,159607000,33246000,,,,,,102349000,,,,,1409934000.0,,0.0,,,,-141000,,327823000.0,,,,,,,,,0.0,661873000.0,,,3883000.0,750000000.0,750000000.0,,,8023000.0,-1148059000,1116448000.0,,,,,,304970000,,,,,708111000.0,1000000.0,750000.0,4723636000,1.681,-946000.0,,,1405864000.0,,,,,,,,,,,,,,,,,728579000.0,,,,,,,,,,,,,,,,,,,,,,,,,,,,,,,,,,,,,,,,,,,,,,,,,,,,,,,
2018-08-09,False,756562453.0,,196920000,148882000,374130000,,-32948000,5935377000,,95102000,,46000000,,36059000.0,,308721000,17815632000,1450872000,,,,,14000000.0,,,,,,,,,,344288000,1098171000,971389000,0.035,0.01,3999000000.0,766795086.0,766795086.0,1052000.0,,-79919000,,,,,316249000,460307000,19000000,34430000.0,,,,,,,,,,,,-9778000,,1374455000.0,,371700000.0,,,,,,,,,,,,,,,,,,,,,488320000,,,,,53715000.0,,,,-0.09,,0.064,,-0.041,,,,,0.164,,-0.114,,0.074,-636000.0,74993000,,,,,,,,,,,,,,,,,,2633814000,,575558000.0,620325000.0,962984000.0,1060102000.0,1107676000.0,8869420000,,,,,7500000.0,0.0,5075681000,,,,,,,55000000.0,,,,-71276000,,-4571000,,,,,,,,-7269000,,,987000000.0,,10202420000,7568606000,,-174479000,,,85472000,,,,78134000,30194000,,,,,,,,,,,13153790000,17815632000,1671279000,,22000000.0,7500000.0,9522457000.0,48319000,,,,,,,,,,,238000000.0,705410000,-696147000,962762000,-66705000,,,,,,1.0,,,73921000,,,,,,,,,,,,,,,213665000,135850000,,-10925000.0,,,,-13214000,,125292000,29282000,2427000,,,-13552000,,,26265000,,36214000.0,327553000,65212000,,,,,,95491000,,,,,1406019000.0,,0.0,,,,-416000,12000000.0,318827000.0,,,,,,,,,,673928000.0,,750000000.0,753883000.0,,,,,455000.0,-1241639000,1131459000.0,,,,,,322538000,,,,735661000.0,0.0,1000000.0,750000.0,4661842000,1.681,23000.0,,,1406019000.0,,,,,,,,,,,,,,,,,750009000.0,,,,,,,,,,,,,,,,,,,,,,,,,,,,,,,,,,,,,,,,,,,,,,,,,,,,,,,
2018-11-08,False,756587893.0,,206135000,154629000,444572000,,-14900000,5947280000,,112905000,,18000000,,41144000.0,,293535000,16967584000,626723000,,,,,16000000.0,,,,,,,,,,256917000,260802000,134020000,0.035,0.01,3999000000.0,766772382.0,766772382.0,7668000.0,,-217496000,,,,,310766000,505188000,21000000,34430000.0,,,,,,,,,,,,-18883000,,1370142000.0,,400946000.0,,,,,,,,,,,,,,,,,,,,,474772000,,,,,80511000.0,,,,-0.31,,0.032,,,,,,,0.073,,-0.056,,0.049,-441000.0,77944000,,,,,,,,,,,,,,,,,,2929466000,,295632000.0,640412000.0,987260000.0,1089492000.0,1143309000.0,9084584000,6155118000.0,,,7500000.0,,-213239000.0,5088325000,,,,,,,55000000.0,,,,-243245000,,-7701000,,,,,,,,36079000,,,987000000.0,,10417584000,7488118000,,-152405000,,,144886000,,,,79332000,28481000,,,,,,,,,,,12531590000,16967584000,1009800000,,,7500000.0,9519504000.0,48327000,,,,,,,,,,,136000000.0,-187483000,-1084020000,1405964000,-235544000,22000000.0,,,,,1.0,,,121847000,,,,,,,,,,,,,,,221742000,148242000,,9427000.0,,,,18048000,,126956000,552000,-1920000,,,-13550000,,,52959000,,48473000.0,526654000,94151000,,,,,,107364000,,,,,1406019000.0,,0.0,,,,-1441000,12000000.0,308671000.0,,,,,,,,,,686333000.0,852769000.0,750000000.0,3885000.0,,,,,-6708000.0,-1504054000,1148316000.0,,,,,,295119000,,,,,0.0,,,4435994000,1.681,69000.0,,,1406706000.0,,,,,,,,,,,,13000000.0,,,,,755277000.0,,,,,,,,,,,,,,,,,,,,,,,,,,,,,,,,,,,,,,,,,,,,,,,,,,,,,,,
2019-03-11,True,756606375.0,909112275.0,221341000,245714000,398079000,391714000.0,-71779000,5969347000,,135012000,143000000.0,135012000,39765000.0,39765000.0,48835000.0,1206536000,17208608000,854017000,,3571000000.0,,,59928000.0,54149000.0,20604000.0,696000.0,5386000.0,10728000.0,16735000.0,0.0,4238000.0,,363177000,367162000,240380000,0.14,0.01,3999000000.0,766881453.0,766881453.0,7669000.0,5000000.0,-676927000,,,,429965000.0,334886000,544429000,79136000,34430000.0,837000.0,-3473000.0,3875000.0,6511000.0,9000000.0,62482000.0,19642000.0,17000000.0,-23872000.0,42840000.0,-7867000.0,-27338000,2355788000.0,1342168000.0,,,4401000.0,104211000.0,1025219000.0,1015661000.0,3044000000.0,29307000.0,801528000.0,10564000.0,79609000.0,9558000.0,1340127000.0,1652640000.0,,63789000.0,639359000.0,85000000.0,61000000.0,-24000000.0,28000000.0,166000000.0,1930929000,,,,107000000.0,107355000.0,,,-0.2,,-0.2,0.037,0.21,0.01,0.0,0.008,-0.103,-0.037,-0.058,-0.004,0.038,,0.014,-2018000.0,105089000,,,,,,,,,,,,,,,,,,3222980000,1188577000.0,,307912000.0,665241000.0,1015858000.0,1125714000.0,9378174000,6155194000.0,-3000000.0,,7500000.0,,-274836000.0,5081887000,116110000.0,,88000000.0,,-16847000.0,,54000000.0,,,-510251000.0,-632618000,-122367000.0,-23463000,6346000.0,,9007000.0,60686000.0,,,2602000.0,84245000,0.0,,,1333000000.0,10711174000,7488194000,620000000.0,-663204000,,688121000.0,85046000,,,,89178000,26137000,70000000.0,,,,,,,,,,12983803000,17208608000,1012490000,,,7500000.0,10274499000.0,58184000,10002296000.0,750036000.0,3246696000.0,4810177000.0,1050569000.0,356576000.0,60445000.0,58184000.0,9944112000.0,,221000000.0,193001000,-1738210000,1787607000,-149469000,22000000.0,1.0,,,,1.0,,,10687000,,,,,,,155622000.0,40192000.0,16731000.0,22751000.0,26336000.0,31885000.0,17727000.0,,207944000,120279000,1832000.0,-44656000.0,-82010000.0,,0.0,-67772000,-14238000.0,140604000,27582000,20079000,,0.0,-11223000,,10000000.0,79439000,337000.0,352819000.0,693525000,126799000,,,,,,129811000,0.0,42000000.0,,,1406019000.0,,422875000.0,0.0,91000000.0,,-3711000,12000000.0,326565000.0,54558000.0,83498000.0,1013000.0,1013000.0,1013000.0,64791000.0,10643000.0,5025000.0,,699637000.0,852769000.0,,3985000.0,0.0,,4000000.0,3000000.0,-3344000.0,-1680432000,1185450000.0,,,490000.0,67400.0,,1246950000,,,,,0.0,,,4224805000,1.681,195000.0,,4203.0,1406728000.0,,,,,12503000.0,,80201000.0,1977000.0,3662000.0,0.0,228000.0,17738000.0,2178000.0,,,747710000.0,,747710000.0,,,,,,,,,,,,,,,,,,,,,,,,,,,,,,,,,,,,,,,,,,,,,,,,,,,,,,
2019-05-07,False,756761959.0,,249416000,245360000,426077000,,-79645000,5993668000,,23710000,,23710000,,40631000.0,,306307000,17033697000,606545000,,,,,18232000.0,,,,,,,,,36000000.0,95680000,96858000,-270304000,0.035,0.01,3999000000.0,767005399.0,767005399.0,7670000.0,,-74336000,,,,,340201000,583460000,24339000,34430000.0,,,,,,,-18211000.0,,,37636000.0,,-23607000,,1321197000.0,,456566000.0,,,,,,,,,,,,,,,,,,,,,495878000,,,,,,4284000.0,22441000.0,,-0.09,,0.252,0.21,,,,,,0.234,,0.031,,,663000.0,68439000,752000.0,752000.0,39533000.0,23032000.0,,,,,,,,,,3112000.0,47573000.0,4447000.0,0.055,3532491000,,,,,,,9548806000,6016315000.0,,,,,-21561000.0,5132911000,,,,,,,57000000.0,,,,-88831000,,22361000,,,,,,62908000.0,,4458000,,,,,10881806000,7349315000,,-158905000,,,134530000,,,,106680000,24991000,,31737000.0,,,,,,,,,12885666000,17033697000,1382169000,,,,9347601000.0,366475000,9714076000.0,,,,,,,366475000.0,9347601000.0,,7000000.0,-380164000,-400065000,509262000,-66470000,,,,,1.0,,,,90436000,15087000.0,94537000.0,30121000.0,,15137000.0,122677000.0,,,,,,,,0.068,223108000,238456000,-6000.0,9405000.0,,-17265000.0,,-7866000,,251239000,1199000,29478000,,,244000,21854000.0,,26481000,,53893000.0,163333000,37707000,,,,,,133834000,,,,,0.0,,,,,,-140000,,331010000.0,,,,,,,,,,331689000.0,,,1178000.0,,,,,6279000.0,-1773662000,1243060000.0,15272000.0,11116000.0,,,,324509000,0.023,0.41,14.0,,,,,4148031000,,-10000.0,3000000.0,,1405864000.0,3000000.0,21854000.0,150000000.0,,,,,,,,,,,80000000.0,11451000.0,,756252000.0,,,,,,,,,,,,,,,,,,,,,,,,,,,,,,,,,,,,,,,,,,,,,,,,,,,,,,,
2019-08-06,False,739891705.0,,275081000,275545000,445913000,,-101939000,5888576000,,22540000,,23000000,,43892000.0,,311221000,16977169000,582475000,,,,,20000000.0,,,,,,,,,34000000.0,43052000,44052000,-323110000,0.035,0.01,3999000000.0,746360289.0,746360289.0,7464000.0,,-126351000,,,,,340100000,629810000,26000000,34430000.0,,,,,,,-14206000.0,,,65236000.0,,-47885000,,1287589000.0,,487781000.0,,,,,,,,,,,,,,,,,,,,,500864000,,,,,26368000.0,,22441000.0,,-0.14,,0.18,0.21,0.041,,,,,0.164,,0.012,,0.034,792000.0,92679000,905000.0,1657000.0,54205000.0,27204000.0,,,,,,,,,,9996000.0,69210000.0,6071000.0,0.05,3849674000,,,,,,,9742648000,5892974000.0,,,,,-66911000.0,5145477000,,,,,,,57000000.0,,,,-126905000,,-22848000,,,,,,134877000.0,,-53993000,,,,,11075648000,7225974000,,-154641000,,,89651000,,94940.0,,108251000,27997000,,35370000.0,,,,,,,,,13087310000,16977169000,1390978000,,,,9481059000.0,329884000,9810943000.0,,,,,,,329884000.0,9481059000.0,76000000.0,221000000.0,-515435000,-787639000,979172000,-104057000,,,,,1.0,,,,93137000,14986000.0,107563000.0,31011000.0,,23628000.0,133506000.0,,,,,,,,0.066,263583000,249039000,-6000.0,10646000.0,,-32934000.0,,-22294000,,297874000,1510000,67957000,,,-1152000,149868000.0,,30407000,43716000.0,76511000.0,333846000,84461000,,,,,,127630000,,,,,0.0,,1956393000.0,,,,1804000,,356911000.0,,,,,,,,,,2249641000.0,,,1000000.0,,,,,6990000.0,-1904242000,1283744000.0,43004000.0,33398000.0,,,,344664000,,0.41,14.0,,,,,3889859000,,21000.0,7000000.0,,155000.0,21000000.0,128014000.0,150000000.0,,,,,,,,,,,80000000.0,13408000.0,,749575000.0,,,,,,,,,,,,,,,,,,,,,,,,,,,,,,,,,,,,,,,,,,,,,,,,,,,,,,,
2019-11-12,False,743503116.0,,296990000,284856000,491542000,,-114172000,5930174000,,18876000,,19000000,,41812000.0,,315732000,16947089000,1319167000,591427000.0,,,,21000000.0,,,,,,,,,39000000.0,155774000,160595000,-206567000,0.035,0.01,3999000000.0,750032333.0,750032333.0,7500000.0,,-193863000,,,,,343875000,644741000,28000000,34430000.0,,,,,,,-27739000.0,,,61144000.0,,-86339000,,1190298000.0,,494370000.0,,,,,,,,,,,,,,,,,,,,,505832000,,4221000.0,-55489000.0,,3690000.0,,45004000.0,,-0.25,,0.167,0.21,0.219,,,,0.056,0.073,0.207,0.0,,0.023,821000.0,95771000,1017000.0,2674000.0,51566000.0,28140000.0,,,,,,,,,,17166000.0,69359000.0,6780000.0,0.05,3977077000,,,,,,,9459664000,5482587000.0,,,,,-14532000.0,4956917000,44570000.0,88000000.0,45482000.0,,36362000.0,,57000000.0,,,,-217997000,,-36367000,,,,,,201869000.0,,54104000,,,,,10792664000,6815587000,,-152431000,,,110569000,,103057.0,,105503000,40386000,,33511000.0,,,,,,,,,13235905000,16947089000,1474017000,128733000.0,,,9638118000.0,212877000,9850995000.0,,,,,,,212877000.0,9638118000.0,109000000.0,124000000.0,-509716000,-1156921000,1459249000,-181630000,,,,,1.0,,,,-51234000,14618000.0,98785000.0,30851000.0,,45116000.0,123658000.0,,,,,,,,0.065,285202000,248323000,-17000.0,-6340000.0,,-5876000.0,,-12233000,,288731000,200000,103884000,,,-3604000,149868000.0,,33855000,52733000.0,95312000.0,514487000,120140000,0.01,250000.0,0.0,0.0,0.0,141221000,,,,,0.0,,3378022000.0,,,,-1200000,,337449000.0,,,,,,,,,,3650082000.0,0.0,,600000.0,,,,,9800000.0,-2112318000,1300570000.0,49053000.0,41307000.0,,,,378645000,,0.41,14.0,,,,,3711184000,,2000.0,11000000.0,,687000.0,24000000.0,149868000.0,150000000.0,,,,,,,,,,,80000000.0,11096000.0,,739852000.0,,,,,,,,,,,,,,,,,,,,,,,,,,,,,,,,,,,,,,,,,,,,,,,,,,,,,,,
2020-03-10,True,759878819.0,509892549.0,241954000,287243000,477366000,546253000.0,-58376000,5977402000,,85626000,160000000.0,85626000,44337000.0,44337000.0,51488000.0,1238064000,16083652000,625483000,,,,,80128000.0,,,,,,,,5606000.0,44000000.0,48736000,48736000,-318426000,0.84,0.01,3999000000.0,753622044.0,753622044.0,7536000.0,30000000.0,-410747000,,,,,342359000,673625000,107284000,34430000.0,-2503000.0,-2843000.0,-19847000.0,-14501000.0,23000000.0,,-26840000.0,21000000.0,89495000.0,58075000.0,3470000.0,-117889000,2219063000.0,,,513320000.0,24924000.0,107617000.0,1111432000.0,1054591000.0,2500000000.0,78913000.0,669777000.0,10096000.0,109000000.0,56841000.0,1164472000.0,1427221000.0,1166269000.0,81934000.0,709908000.0,91000000.0,72000000.0,-18000000.0,34000000.0,187000000.0,1989082000,3225000000.0,,-61951000.0,633000000.0,565456000.0,,67767000.0,-0.1,,-0.1,0.188,0.21,-0.094,0.0,0.007,0.005,-0.023,-0.003,0.001,-0.006,,0.014,838000.0,91944000,3770000.0,3770000.0,47835000.0,26949000.0,,,,,,,,,,24918000.0,66001000.0,22957000.0,0.05,-4282014000,1185815000.0,,277689000.0,344437000.0,692671000.0,1056295000.0,9618659000,5336645000.0,24000000.0,,7500000.0,,-104075000.0,4959658000,47196000.0,0.0,45482000.0,,37709000.0,161652000.0,,47000000.0,,-422674000.0,-522192000,-99518000.0,98042000,,-1001000.0,19325000.0,94449000.0,,259844000.0,14711000.0,17153000,0.0,208688000.0,,1300000000.0,10951659000,6669645000,623000000.0,-619573000,545206000.0,,115070000,,84218000.0,,104219000,34183000,,133631000.0,,,,,,,,,12899283000,16083652000,1119728000,,,,9978527000.0,58049000,9692275000.0,5046647000.0,781442000.0,1983769000.0,1050804000.0,1056237000.0,59628000.0,58049000.0,9634226000.0,105000000.0,0.0,-1214204000,-978177000,1873117000,-71993000,22000000.0,,,,,,,,64105000,58579000.0,99999000.0,29745000.0,,57212000.0,122464000.0,,,,,,,,0.061,270352000,247519000,-93000.0,51599000.0,7201000.0,-38103000.0,,13403000,6202000.0,305435000,5012000,137776000,54382000.0,,-4975000,149868000.0,,564767000,,108716000.0,669683000,158846000,0.01,250000.0,,,0.0,151102000,,,496398000.0,,0.0,,3403022000.0,659000000.0,,,-3014000,,328731000.0,-56060000.0,302497000.0,637000.0,5185000.0,6525000.0,188619000.0,59697000.0,41834000.0,,3845195000.0,0.0,,0.0,,,,,35882000.0,-2742193000,1298283000.0,52611000.0,51909000.0,,,14.0,1406532000,,,,,,,0.0,3184369000,1.681,9000.0,11000000.0,,1406728000.0,24000000.0,-149868000.0,150000000.0,132000.0,,,65117000.0,5237000.0,3717000.0,1145000.0,1000000.0,5666000.0,460000.0,,48325000.0,747238000.0,,747238000.0,,,,,,,,,,,,,,,,,,,,,,,,,,,,,,,,,,,,,,,,,,,,,,,,,,,,,,
2020-05-07,False,760432495.0,,284123000,270452000,555831000,,-154432000,6114409000,,23499000,,23499000,59861.0,59861000.0,13650.0,306956000,16262743000,718956000,,,113841000.0,-7901000.0,22627000.0,,,,,,,,,49000000.0,118141000,118141000,69405000,0.035,0.01,3999000000.0,770147804.0,770147804.0,7701000.0,16000000.0,-396349000,15660.0,84767.0,69107.0,,349298000,683862000,29477000,-2157000.0,,,,,,,-25950000.0,,,61017000.0,,-82507000,,1060900000.0,,538013000.0,,,,,,,,,,,,,,,,,,,,,489024000,3225000000.0,,-77000.0,,27114000.0,,3000.0,,-0.4,,0.206,0.21,0.017,,,,,,,0.031,,0.03,0.0,87744000,833000.0,833000.0,44791000.0,27705000.0,,,,,,,,,,6642000.0,62948000.0,6077000.0,,4588970000,,,,,,,9731253000,5142283000.0,,-69563000.0,,,-65843000.0,5217400000,257603000.0,0.0,,139000.0,,,,66000000.0,,,-378257000,,-77964000,,,,,,39714000.0,,93918000,,,,,11064253000,6475283000,,-225367000,,,90340000,,,285040.0,129074000,35661000,,34308000.0,,,,,,,,,13367917000,16262743000,1248057000,,,,9899058000.0,58805000,9957863000.0,,,,,,,58805000.0,9899058000.0,109000000.0,43000000.0,157611000,-338435000,250229000,-300293000,,,,,,,,,-89356000,14600000.0,120010000.0,32341000.0,,14213000.0,144115000.0,,,,,,,,,377747000,286391000,7000.0,0.0,,-96063000.0,,-96056000,,476040000,2309000,48579000,,,-2782000,0.0,,26291000,14139000.0,179569000.0,62247000,34571000,0.01,250000.0,0.0,0.0,0.0,165628000,,,,,,,1640000000.0,,,,-3915000,,340111000.0,30551.0,,,,,,,,,1438044000.0,,,,,,,,108794000.0,-3072852000,1369752000.0,4627000.0,15999000.0,,,,453227000,,,,,,,,2894826000,,-1263000.0,,,113841000.0,3000000.0,0.0,75000000.0,75000000.0,,,,,,,,,,,12798000.0,,759092000.0,,,,,,,,,,,,,,,,,,,,,,,,,,,,,,,,,,,,,,,,,,,,,,,,,,,,,,,
2020-08-05,False,760784454.0,,213148000,258901000,612921000,,-145879000,6139135000,,24828000,,25000000,59041000.0,59041000.0,34425000.0,305407000,15958240000,651110000,,,113841000.0,8051000.0,23000000.0,,,,,,,,,55000000.0,45473000,46142000,-2594000,0.035,0.01,3999000000.0,770429126.0,770429126.0,7704000.0,,-98188000,25016000.0,134203000.0,109187000.0,,347764000,701129000,30000000,-2157000.0,,,,,,,-25056000.0,,,61197000.0,,-115422000,,1030936000.0,561218000.0,,,,,,,,,,,,,,,,,,,,,,477869000,3225000000.0,,-680000.0,,26763000.0,,7000.0,,-0.14,,0.207,0.21,0.013,,,0.097,,,,0.012,,0.029,0.0,100362000,782000.0,1615000.0,39540000.0,27316000.0,,,,,,,,,,14430000.0,58846000.0,6117000.0,,4888777000,,,,,,,9790305000,4901528000.0,,-28000000.0,,,0.0,5219361000,259488000.0,0.0,,215000.0,,,,84000000.0,,,-134572000,,-27831000,,,,,,70039000.0,,145050000,,,,,11123305000,6234528000,,-187265000,,,136369000,,,313377000.0,130414000,39777000,,32562000.0,,,,,,,,,13164125000,15958240000,1236862000,,,,9685322000.0,63029000,9748351000.0,,,,,,,63029000.0,9685322000.0,,4000000.0,-96027000,-535574000,629007000,-106741000,,,,,,,,,50422000,14312000.0,116448000.0,32294000.0,,28639000.0,140613000.0,,,,,,,,,376190000,324453000,-12000.0,0.0,,8565000.0,,8553000,,509876000,2271000,77344000,,,-4185000,4000.0,,53323000,15616000.0,179372000.0,144463000,76245000,0.01,250000.0,0.0,0.0,0.0,176545000,,,,-2448000.0,,,1640000000.0,,,,-12906000,,333686000.0,50506000.0,,,,,,,,,1673607000.0,,,669000.0,,,,,12038000.0,-3206845000,1331387000.0,7084000.0,24621000.0,,,,414031000,,,,,,,,2794115000,,-584000.0,4000000.0,,113841000.0,21000000.0,4000.0,75000000.0,75000000.0,,,,,,,,,,,11351000.0,,760597000.0,,,,,,,,,,,,,,,,,,,,,,,,,,,,,,,,,,,,,,,,,,,,,,,,,,,,,,,
2020-11-05,False,,,273100000,289680000,566167000,,-134288000,6613866000,,26431000,,26000000,64478000.0,64478000.0,41713000.0,305824000,16366067000,1179911000,,,113841000.0,8051000.0,25000000.0,,,,,,,,,61000000.0,489433000,490886000,442150000,,,,,,,,-101507000,27054000.0,152994000.0,125940000.0,,341146000,768356000,31000000,-2157000.0,,,,,,,-24143000.0,,,69245000.0,,-147007000,,1002916000.0,611334000.0,,,,,,,,,,,,,,,,,,,,,,473346000,3225000000.0,,19000.0,,28959000.0,,11000.0,,,,0.197,0.21,0.012,,,0.039,0.056,,0.207,0.046,,0.025,0.0,139845000,778000.0,2393000.0,34806000.0,28064000.0,,,,,,,,,,21253000.0,54971000.0,6703000.0,,5194601000,,,,,,,9908329000,4713728000.0,,8000000.0,,,-48916000.0,5217275000,257278000.0,0.0,0.0,339000.0,,,,83000000.0,,,-140797000,,-27699000,,,,,,124621000.0,,195898000,,,,,11241329000,6046728000,,-156759000,,,66992000,,,305066000.0,155159000,45238000,,32623000.0,,,,,,,,,13227591000,16366067000,1249448000,,,,9675430000.0,69035000,9744465000.0,,,,,,,69035000.0,9675430000.0,,264000000.0,249156000,-800275000,993269000,-113098000,,,,,,,,,62886000,14339000.0,121554000.0,27863000.0,,42901000.0,141214000.0,,,,,,,,,359330000,336900000,-16000.0,0.0,,11607000.0,,11591000,,531441000,1992000,102950000,,,-34287000,4000.0,,80298000,27962000.0,182154000.0,265131000,112317000,0.01,1000000.0,0.0,,0.0,200401000,,,,-2448000.0,,,2640000000.0,,,450000000.0,-25777000,,324201000.0,63231000.0,,,,,,,,,2748095000.0,,,1453000.0,,,,,-6117000.0,-3349356000,1298924000.0,10147000.0,40015000.0,,,,410933000,,,,,,,,3138476000,,761000.0,,,447635000.0,,0.0,,,,,,,,,,,,,10803000.0,760203000.0,,,,,,,,,,,,,,,,,,,,,,,,,,,,,,,,,,,,,,,,,,,,,,,,,,,,,,,,
2021-02-25,True,,815503819.0,321595000,336033000,584151000,720109000.0,-118615000,6640763000,,96013000,264000000.0,96013000,68342000.0,68342000.0,56331000.0,1222398000,16116936000,967394000,,,113841000.0,,96823000.0,,,,,,,,3361000.0,67000000.0,204998000,207747000,159011000,,0.01,3999000000.0,771013638.0,771013638.0,,89000000.0,-692432000,29558000.0,161563000.0,132005000.0,,345582000,832166000,124804000,,370000.0,0.0,-26689000.0,-27059000.0,5000000.0,,-19993000.0,28000000.0,133646000.0,64638000.0,-73000.0,-173415000,1974442000.0,990899000.0,654019000.0,,39842000.0,104791000.0,1053281000.0,985268000.0,2400000000.0,113586000.0,652690000.0,10221000.0,114950000.0,68013000.0,989174000.0,1271722000.0,,18610000.0,684110000.0,99000000.0,87000000.0,-12000000.0,40000000.0,187000000.0,1913767000,3225000000.0,,-738000.0,,111853000.0,,15000.0,,,,0.188,0.21,-0.015,,,-0.031,0.0,-0.001,-0.006,-0.003,,0.029,0.0,99771000,3122000.0,3122000.0,61328000.0,26955000.0,34373000.0,64689000.0,0.0,29174000.0,12000.0,2229000.0,10056000.0,23218000.0,3361000.0,27956000.0,54414000.0,24509000.0,0.048,-5498612000,1147773000.0,,283667000.0,320066000.0,395516000.0,764140000.0,10072302000,4573690000.0,,-60363000.0,7500000.0,,-119663000.0,5236302000,276340000.0,0.0,0.0,,304000.0,0.0,,83000000.0,,-782256000.0,-778919000,3337000.0,146726000,,25802000.0,65317000.0,84050000.0,140920000.0,179874000.0,60797000.0,-25997000,,0.0,,1300000000.0,11405302000,5906690000,710000000.0,-708189000,510185000.0,,123935000,61000000.0,275840000.0,,174839000,41312000,,131324000.0,166524000.0,21518000.0,36440000.0,14884000.0,21541000.0,33160000.0,38981000.0,20141000.0,13077600000,16116936000,1296092000,,,,9769276000.0,44764000,9492544000.0,7178812000.0,8188000.0,766264000.0,727304000.0,1041725000.0,46983000.0,44764000.0,9447780000.0,89000000.0,143000000.0,-70261000,-1137477000,1366749000,-112061000,22000000.0,,,,,,,,16688000,56680000.0,146383000.0,30689000.0,115694000.0,56235000.0,138408000.0,,,,,,,,0.054,360445000,363587000,-2125000.0,0.0,-79651000.0,-58114000.0,,-60239000,19412000.0,510663000,8293000,144534000,29496000.0,,-45850000,4000.0,,109328000,,224617000.0,380716000,157191000,0.01,1000000.0,0.0,,0.0,210212000,,,,-2448000.0,,447811000.0,2640000000.0,659000000.0,,,-40221000,,325716000.0,81713000.0,333086000.0,19578000.0,12324000.0,17201000.0,177024000.0,58714000.0,48245000.0,,3054798000.0,0.0,,2749000.0,,,,,120208000.0,-3491069000,1314724000.0,15326000.0,47870000.0,,,,1722906000,,,,,,,0.0,3039336000,1.681,4003000.0,,,561581000.0,,-4000.0,,,,,65990000.0,732000.0,0.0,400000.0,0.0,1348000.0,143000.0,,47013000.0,,,,,,,,,,,,,,,,,,,,,,,,,,,,,,,,,,,,,,,,,,,,,,,,,,,,,,,,,
2021-05-05,False,,,348441000,331698000,530572000,,-106103000,6644332000,,16019000,,16019000,,66830000.0,,299327000,16011648000,867821000,,,0.0,,28642000.0,,,,,,,,,72000000.0,122554000,127284000,-80463000,,,,,,,,-35382000,27143000.0,161672000.0,134529000.0,,355773000,900458000,37159000,,,,,,,,-19122000.0,,,61556000.0,,-21815000,,973163000.0,692505000.0,,,,,,,,,,,,,,,,,,,,,,469809000,3225000000.0,,,,29132000.0,,,,,,0.233,0.21,-0.017,,,,,,,,0.028,0.028,,103453000,695000.0,695000.0,32905000.0,29138000.0,,,,,,,,,,7208000.0,56018000.0,6311000.0,,5504659000,,,,,,,9980954000,4476295000.0,,107000000.0,,,-156000.0,5242973000,6279000.0,0.0,,392000.0,,,,76000000.0,17883000.0,,-62457000,,-14563000,,,,,,58170000.0,,3623000,,,,,11313954000,5809295000,,-47724000,,,71011000,,,169323000.0,181404000,43235000,,32877000.0,,,,,,,,,13033738000,16011648000,1314956000,,,,9445820000.0,80170000,9525990000.0,,,,,,,80170000.0,9445820000.0,,41000000.0,-40685000,-399112000,359334000,-47894000,,,,,,,,,-16380000,12893000.0,106938000.0,31104000.0,,12539000.0,129238000.0,,,,,,,,,260140000,376931000,-846000.0,,,11666000.0,,12512000,,399341000,1803000,38815000,,,-1408000,,,28980000,114000.0,15909000.0,198761000,41505000,0.01,1000000.0,0.0,,0.0,188930000,,,,,,,10729000.0,,,,-26686000,,326657000.0,,,,,,,,,,17937000.0,,,4730000.0,,,,,20507000.0,-3568615000,1304704000.0,8072000.0,2187000.0,,,,449602000,,,,,,,,2977910000,,-12931000.0,,,113841000.0,,0.0,,,,106517000.0,,,,,,,,,12978000.0,,,,,,,,,,,,,,,,,,,,,,,,,,,,,,,,,,,,,,,,,,,,,,,,,,,,,,,,,
2021-08-04,False,,,357045000,356736000,625967000,,-94694000,6665145000,,13587000,,14000000,62220000.0,62220000.0,31867000.0,300208000,16075886000,948647000,,,0.0,,30000000.0,,,,,,,,,78000000.0,150439000,156505000,-51242000,,,,,,,,-114441000,21898000.0,143683000.0,121785000.0,,347483000,1000558000,41000000,,,,,,,,-18318000.0,,,60017000.0,,-62596000,,935989000.0,742242000.0,,,,,,,,,,,,,,,,,,,,,,474271000,3225000000.0,,,,29184000.0,,,,,,0.246,0.21,0.013,,,0.097,,,,0.006,0.01,0.028,,126611000,681000.0,1376000.0,,,,,,,,,,,,14392000.0,,6867000.0,,5805018000,,,,,,,10121482000,4316464000.0,,14000000.0,,,0.0,5244685000,6654000.0,0.0,,1729000.0,,,,76000000.0,17883000.0,,-166871000,,-41021000,,,,,,129854000.0,,-69761000,,,,,11454482000,5649464000,,-166525000,,,122445000,,,183783000.0,192790000,49715000,,39861000.0,,,,,,,,,13221264000,16075886000,1421272000,,,,9471195000.0,90777000,9561972000.0,,,,,,,90777000.0,9471195000.0,,41000000.0,-59740000,-777162000,785660000,-125850000,,,,,,,,,-1879000,12159000.0,,,,24072000.0,,,,,,,,,,280710000,403902000,-38000.0,,,11371000.0,,11409000,,392250000,1533000,70800000,,,-2145000,,,58049000,174000.0,16411000.0,339655000,83991000,0.01,1000000.0,0.0,,0.0,198967000,,,,,,,10729000.0,,,,-34761000,,325349000.0,25745000.0,,,,,,,,,32068000.0,,,6066000.0,,,,,4804000.0,-3724139000,1304417000.0,17353000.0,7861000.0,,,,445636000,,,,,,,,2854622000,,6750000.0,,,113841000.0,,,,,,92057000.0,,,,,,,,,20154000.0,,,,,,,,,,,,,,,,,,,,,,,,,,,,,,,,,,,,,,,,,,,,,,,,,,,,,,,,,
2021-11-09,False,,,361020000,363060000,607276000,,-82906000,6677875000,,16242000,,16242000,60110000.0,60110000.0,48337000.0,301828000,16021922000,871663000,,,0.0,,32534000.0,,,,,,,,,,61207000,68370000,-139377000,,,,,,,,-97341000,16919000.0,125388000.0,108469000.0,,339182000,1098769000,45020000,,,,,,,,-17499000.0,,,67225000.0,,-101986000,,900388000.0,796574000.0,,,,,,,,,,,,,,,,,,,,,,480010000,3225000000.0,,,,29186000.0,,,,,,0.251,0.21,0.012,,,0.039,,,,,0.006,0.031,,156326000,707000.0,2083000.0,,,,,,,,,,,,22566000.0,82000000.0,7481000.0,,6106983000,,,,,,,10294730000,4187747000.0,,23033000.0,,,-36957000.0,5244942000,6763000.0,0.0,,1877000.0,,,,76000000.0,17883000.0,,-145625000,,-36496000,,,,,,201541000.0,,-65853000,,,,,11627730000,5520747000,,-133275000,,,69863000,,,160751000.0,214205000,55176000,,40054000.0,,,,,,,,,13281606000,16021922000,1408836000,,,,9508341000.0,101358000,9609699000.0,,,,,,,101358000.0,9508341000.0,,0.0,-124081000,-1170649000,1155353000,-109129000,,,,,,,,,23096000,11418000.0,,,,34622000.0,,,,,,,,,,286851000,435279000,2000.0,,,11790000.0,,11788000,,365272000,1511000,99654000,,,-3524000,,,87164000,12358000.0,16411000.0,512304000,126678000,0.01,1000000.0,0.0,,0.0,178015000,,,,,,,1010729000.0,,,0.0,-50306000,,334862000.0,40105000.0,,,,,,,,,1074689000.0,,,7163000.0,,,,,-6723000.0,-3862964000,1317002000.0,36465000.0,14999000.0,,,,448634000,,,,,,,,2740316000,,-4021000.0,,,447635000.0,,,,,,115090000.0,,,,,,,,,20448000.0,765162000.0,,,,,,,,,,,,,,,,,,,,,,,,,,,,,,,,,,,,,,,,,,,,,,,,,,,,,,,,
2022-03-01,True,,1635000000.0,474976000,442158000,737245000,651627000.0,-68973000,7261267000,,61237000,239000000.0,61237000,54032000.0,54032000.0,66187000.0,1209966000,16894351000,992531000,,,528503000.0,,126089000.0,,,,,,,,,,24453000,33277000,-174470000,,,,,,,,-291178000,12300000.0,106810000.0,94510000.0,,373532000,1199293000,172061000,,174000.0,570000.0,9111000.0,8367000.0,23000000.0,,16678000.0,32000000.0,-97805000.0,64014000.0,226000.0,-139480000,1896917000.0,867203000.0,850489000.0,,-41901000.0,140604000.0,1091370000.0,1031213000.0,2200000000.0,92613000.0,594821000.0,9273000.0,113085000.0,60157000.0,865704000.0,1139927000.0,,27442000.0,729548000.0,75000000.0,71000000.0,-4000000.0,45000000.0,197202000.0,1914779000,3225000000.0,,0.0,,,,4000.0,,,,0.277,0.21,0.005,,,0.003,0.0,,0.011,0.013,,0.027,0.0,196165000,2823000.0,2823000.0,93080000.0,38730000.0,54350000.0,97403000.0,0.0,42871000.0,0.0,8329000.0,18852000.0,27351000.0,4323000.0,32123000.0,88962000.0,29269000.0,0.037,6420165000,903235000.0,,309846000.0,347482000.0,393938000.0,489587000.0,10500516000,4080351000.0,,157505000.0,,,-37113000.0,5943403000,705146000.0,0.0,0.0,1955000.0,,,,76000000.0,18000000.0,-473504000.0,-471189000,2315000.0,-130369000,,1877000.0,98123000.0,50214000.0,-46788000.0,276841000.0,84020000.0,-150057000,,,,1300000000.0,11833516000,5413351000,458000000.0,-457667000,,,124579000,34000000.0,118336000.0,,277323000,70528000,,152537000.0,151863000.0,13239000.0,41257000.0,13149000.0,18201000.0,26274000.0,39743000.0,14770000.0,13645632000,16894351000,1703345000,,,,,117592000,9692690000.0,,,,,,,117592000.0,9575098000.0,90000000.0,143000000.0,-128448000,-1695745000,1649723000,-340820000,,3.0,,,,3.0,,,15278000,48078000.0,137093000.0,37359000.0,99734000.0,50721000.0,125945000.0,,,,,,,,0.048,328782000,462941000,-3408000.0,0.0,,46234000.0,,49642000,,300693000,8313000,149024000,14316000.0,,-3991000,0.0,,116348000,,163503000.0,675118000,168238000,0.01,1000000.0,0.0,0.0,0.0,178069000,,,,1807000.0,,0.0,1195729000.0,,,,-65521000,,364108000.0,51877000.0,320424000.0,0.0,29463000.0,36881000.0,120307000.0,88637000.0,45136000.0,,1251193000.0,,,8824000.0,,,,,,-3952590000,,46920000.0,21203000.0,,,,1789009000,,,,,,,,3248719000,,,,,568609000.0,,,,,,,66221000.0,0.0,0.0,0.0,0.0,373000.0,142000.0,,72367000.0,,,,0.5,0.5,78000000.0,0.0,19161000.0,10000000.0,6000000.0,9836758000.0,4049911000.0,78863000.0,4036565000.0,63115000.0,825006000.0,783298000.0,2.0,7.0,100000000.0,0.2,5307111000.0,119150000.0,4000.0,,,,,,,,,,,,,,,,,,,,,,,,,,,,,,,,,
2022-05-06,False,,,449542000,453823000,629223000,,-57890000,7262237000,,16020000,,16020000,55727000.0,55727000.0,18762000.0,291947000,17014781000,1067404000,,,,,36939000.0,,,,,,,,,,17404000,28071000,-5206000,,,,,,,,62728000,9281000.0,90038000.0,80757000.0,,373863000,1308260000,53423000,,,,,,,,15882000.0,,,60654000.0,,16172000,,887909000.0,905323000.0,,,,,,,,,,,,,,,,,,,,,,476123000,3225000000.0,,,,,,,,,,0.274,0.21,0.027,,,0.026,,,,,,0.067,,144069000,831000.0,831000.0,,40104000.0,50212000.0,,,,,,,,,10691000.0,86961000.0,9852000.0,,6733007000,,,,,,,10685671000,3952664000.0,,,,,0.0,5940758000,9086000.0,0.0,,-11731000.0,,,,86000000.0,0.0,,71169000,,19524000,,,,,,81073000.0,,163110000,9000000.0,,,,12018671000,5285664000,,-6307000,,,83288000,25000000.0,,,304835000,75930000,,46302000.0,,,,,,,,,13734514000,17014781000,1578991000,,,,9735304000.0,126363000,9861667000.0,,,,,,,126363000.0,9735304000.0,,0.0,91845000,-405123000,308072000,51645000,,,,,,,,,75980000,12485000.0,,38469000.0,96572000.0,11659000.0,123673000.0,,,,,,,,,349402000,534199000,9000.0,,,11092000.0,,11083000,,224050000,1496000,65445000,172000.0,,-373000,,,31596000,,-32000.0,185070000,38317000,0.01,1000000.0,0.0,0.0,0.0,215412000,,,,,,,280000000.0,,,,-29118000,,362071000.0,20457000.0,,,,,,,,,153269000.0,,,10667000.0,,,,,,-3933140000,,8217000.0,9061000.0,,,,482348000,,,,,,,,3280267000,,,,,,,,,,,145289000.0,,,,,,,,,23134000.0,911313000.0,,,0.5,0.5,88000000.0,,,,,10000112000.0,,,,,,,,,,,1544747000.0,31758000.0,,26953000.0,118336000.0,500.0,,,,,,,,,,,,,,,,,,,,,,,,,,,,,,
2022-08-04,False,,,462265000,528113000,670265000,,-51334000,7295665000,,16932000,,16932000,61597000.0,11000000.0,40017000.0,210738000,17315138000,1183693000,,,,,39050000.0,,,,,,,,,,43609000,55546000,22269000,,,,,,,,98073000,7470000.0,76282000.0,68812000.0,,388125000,1431311000,58461000,,,,,,,,15071000.0,,,57291000.0,,50251000,,926932000.0,968952000.0,,,,,,,,,,,,,,,,,,,,,,399416000,,,,,,,,,,,0.291,0.21,0.014,,,0.006,,,,0.03,,0.055,,146371000,869000.0,1700000.0,,43248000.0,50807000.0,,,,,,,,,22165000.0,92044000.0,10791000.0,,4573346000,,,,,,,8478027000,3904681000.0,,,,,0.0,5967424000,35752000.0,0.0,,-11731000.0,,,,86000000.0,0.0,,130389000,,37924000,,,,,,166452000.0,,133956000,9400000.0,,,,9811027000,5237681000,,-81651000,,,134644000,21000000.0,,,313829000,82789000,,49556000.0,,,,,,,,,13935739000,17315138000,2364850000,,,,8998735000.0,844195000,9842930000.0,,,,,,,844195000.0,8998735000.0,,,7073000,-807440000,822636000,91517000,,,3.0,3.0,,,3.0,3.0,210577000,12032000.0,,39656000.0,93202000.0,23572000.0,121708000.0,,,,,,,,,349594000,607318000,5000.0,,,6561000.0,,6556000,,213911000,1463000,78604000,182000.0,,13189000,,,63288000,,13154000.0,341586000,87621000,0.01,1000000.0,0.0,0.0,0.0,215353000,,,,26681000.0,,,380000000.0,,,,-14952000,,368651000.0,47582000.0,,,,,,,,,,,,11937000.0,,,,,,-3874045000,,23670000.0,16322000.0,,,,487069000,,,,,,,,3379399000,,,,,15368000.0,,,,,,204562000.0,,,,,,,,,25864000.0,,,,0.5,0.5,97000000.0,,,,,9969242000.0,,,,,,,,,,,1601030000.0,31944000.0,,,,,-948000.0,24903000.0,92465000.0,340099000.0,,,,,,,,,,,,,,,,,,,,,,,,,,
2022-11-03,False,,,489948000,539573000,909172000,,-47261000,7273501000,,16692000,,16692000,61228000.0,11000000.0,62801000.0,215239000,17567895000,1364315000,,,,,42244000.0,,,,,,,,,,45734000,59784000,26507000,,,,,,,,-117914000,6220000.0,64263000.0,58043000.0,,428861000,1554764000,63796000,,,,,,,,14244000.0,,,54471000.0,,48138000,,927606000.0,1035144000.0,,,,,,,,,,,,,,,,,,,,,,406332000,,,,,,32028000.0,,,,,-0.013,0.21,,,,0.006,,,,,,0.065,,198667000,945000.0,2645000.0,,46001000.0,49749000.0,,,,,,,,,33749000.0,94088000.0,11276000.0,,4788584000,,,,,,,8641536000,3852952000.0,,,,,0.0,5822076000,39789000.0,0.0,149385000.0,-11731000.0,,,,86000000.0,0.0,,-118859000,,1534000,,,,,,255760000.0,,140710000,9400000.0,,,,9974536000,5185952000,,-30084000,,,69435000,20000000.0,,,331615000,91925000,,46868000.0,,,,,,,,,14361041000,17567895000,2685727000,,,,8945314000.0,857746000,9803060000.0,,,,,,,857746000.0,8945314000.0,,,-85772000,-1208790000,1321069000,-121987000,,3.0,,,,3.0,,,67341000,11530000.0,,31022000.0,115050000.0,35698000.0,135316000.0,,,,,,,,,410560000,743863000,15000.0,,,4088000.0,,4073000,,247630000,-156116000,104293000,233000.0,,13664000,,,95164000,,13096000.0,500487000,135677000,0.01,1000000.0,0.0,0.0,0.0,355468000,,,,26729000.0,,,480000000.0,,,,-12757000,,376968000.0,69997000.0,,,,,,,,,,,,14050000.0,,,,,,-4028519000,,37275000.0,40400000.0,,,,480427000,,,,,,,,3206854000,,,,,0.0,,,,,,312603000.0,,,,,,,,,23117000.0,,,,0.5,0.5,101000000.0,,,,,9919742000.0,,,,,,,,,,,1604091000.0,87502000.0,,,,,-1594000.0,26953000.0,-120393000.0,527595000.0,-157550000.0,133333333.0,,,,,,,,,,,,,,,,,,,,,,,,
2023-02-28,True,,1595000000.0,486715000,597313000,899780000,,-47200000,7380759000,,66566000,219000000.0,66566000,,65655000.0,88137000.0,934700000,17872825000,1721996000,,,55485000.0,,162981000.0,,,,,,,,,,257223000,373580000,340303000,,,,,,,,194391000,5453000.0,54305000.0,48852000.0,,402691000,1645478000,244141000,,184000.0,691000.0,28975000.0,28100000.0,,,13415000.0,27000000.0,52311000.0,50896000.0,403000.0,31209000,1899368000.0,904628000.0,1079638000.0,,-21505000.0,187766000.0,1053551000.0,995836000.0,1600000000.0,95008000.0,468209000.0,,117488000.0,57715000.0,903532000.0,1035529000.0,,97772000.0,766067000.0,56000000.0,49000000.0,-7000000.0,47000000.0,206709000.0,1693575000,2800000000.0,,,,,127835000.0,,,,,0.254,0.21,-0.01,,,0.105,,,-0.003,0.016,,0.064,,208111000,3680000.0,3680000.0,94888000.0,48512000.0,46376000.0,101095000.0,0.0,44629000.0,714000.0,5332000.0,19370000.0,31050000.0,6207000.0,44978000.0,93013000.0,43627000.0,0.045,5005361000,597695000.0,,337209000.0,372228000.0,422112000.0,484023000.0,8764108000,3758747000.0,,301851000.0,,,0.0,5818605000,36318000.0,0.0,149385000.0,,,,,93000000.0,18000000.0,234690000.0,237403000,2713000.0,60184000,,22654000.0,8662000.0,178258000.0,-36807000.0,329214000.0,67391000.0,27289000,9000000.0,,,,10097108000,5091747000,279000000.0,-265285000,,,156495000,19000000.0,,,329490000,80765000,,185025000.0,174392000.0,36115000.0,33049000.0,15956000.0,23519000.0,29518000.0,36235000.0,28873000.0,14439722000,17872825000,2661103000,,,,8956671000.0,871917000,9828588000.0,,,,,,,871917000.0,8956671000.0,,145000000.0,-14833000,-1532784000,1887920000,172618000,,3.0,,,,3.0,,,560249000,47047000.0,145519000.0,28696000.0,116823000.0,47708000.0,128455000.0,,,,,,,,0.055,405676000,723568000,3981000.0,,,25754000.0,,21773000,,271842000,-57561000,124460000,,,13444000,1200000000.0,,127125000,,13095000.0,621695000,176660000,0.01,1000000.0,0.0,0.0,0.0,340848000,,,,26749000.0,,1180000000.0,550035000.0,,,,-5432000,,,99760000.0,311771000.0,0.0,412000.0,24826000.0,175861000.0,67286000.0,43386000.0,,,,,116357000.0,,,,,,-3909624000,,48439000.0,49193000.0,,,,1930021000,,,,,,,,3433103000,,,,,1189895000.0,,,1200000000.0,,,,56177000.0,0.0,,0.0,,5063000.0,15107000.0,,90671000.0,,,,0.5,0.051,106000000.0,,,10000000.0,,9937368000.0,3049911000.0,827145000.0,1020362000.0,4051137000.0,108760000.0,880053000.0,,,,0.5,6395310000.0,119150000.0,1094667000.0,,,,-4601000.0,18841000.0,,605059000.0,,133000000.0,33632000.0,78110000.0,-0.038,199487000.0,1545480000.0,-11731000.0,154543000.0,-142811000.0,-63396000.0,77982000.0,122476000.0,28648000.0,375968000.0,735293000.0,,,,,,,,,,
2023-05-02,False,,,397666000,598163000,741110000,,-43093000,7380867000,,15982000,,15982000,64869000.0,,27529000.0,183149000,17545697000,1624567000,,,,,46684000.0,,,,,,,,,,186316000,303552000,-70028000,,,,,,,,-85591000,4994000.0,46002000.0,41008000.0,,395201000,1735298000,72022000,,,,,,,,12611000.0,,,55060000.0,,-49949000,,855803000.0,1119908000.0,,,,,,,,,,,,,,,,,,,,,,383055000,,,,,,32258000.0,,,,,0.331,0.21,,,,,,,,,,0.081,,151392000,1049000.0,,92026000.0,50446000.0,41580000.0,,,,,,,,,10982000.0,89924000.0,11385000.0,,3456610000,,,,,,,7143425000,3686815000.0,,,,,,5626514000,609000.0,342000000.0,192700000.0,,,,,84000000.0,,,-130094000,,-43073000,,,,,,73529000.0,,195076000,9000000.0,,,,8476425000,5019815000,,-171626000,,,103508000,19000000.0,,,326617000,72273000,,42888000.0,,,,,,,,,14231171000,17545697000,1998543000,,,,9375568000.0,464566000,9840134000.0,,,,,,,464566000.0,9375568000.0,,122000000.0,-40628000,-336040000,306640000,-89698000,,3.0,,,,3.0,,,42722000,10222000.0,,26964000.0,110473000.0,,122489000.0,,,,,,,,,359471000,719777000,28000.0,,,4135000.0,,4107000,,265959000,-1190000,28601000,,,1574000,,,32038000,,,115818000,59215000,0.01,1000000.0,0.0,0.0,0.0,323962000,,,,,,,600000000.0,,,,-25803000,,356067000.0,26743000.0,,,,,,,,,,,,117236000.0,,,,,,-4032463000,,9222000.0,2332000.0,,,,462229000,,,,,,,,3314526000,,,,,,,,,,,-32516000.0,,,,,,,,,20232000.0,,,,,,114000000.0,,,,,9949268000.0,,,,,,,,,,,1612354000.0,,,,,,-2677000.0,-16322000.0,,607444000.0,,,,,,,,,,,,,,,,,193700000.0,,,,,,,,,
2023-07-27,False,,1595000000.0,397666000,598163000,741110000,,-43093000,7380867000,,15982000,219000000.0,15982000,64869000.0,65655000.0,27529000.0,183149000,17445178000,1624567000,,,55485000.0,,46684000.0,,,,,,,,,,186316000,303552000,-70028000,,,,,,,,-114730000,4994000.0,46002000.0,41008000.0,,395201000,1735298000,72022000,,184000.0,691000.0,28975000.0,28100000.0,,,12611000.0,27000000.0,43201000.0,55060000.0,403000.0,-69740000,1887734000.0,824378000.0,1119908000.0,,-24029000.0,187766000.0,1053551000.0,995836000.0,1600000000.0,95008000.0,468209000.0,,117488000.0,57715000.0,891898000.0,1023895000.0,,97772000.0,766067000.0,56000000.0,49000000.0,-7000000.0,47000000.0,206709000.0,383055000,2800000000.0,,,,,32258000.0,,,,,0.351,0.21,-0.013,,,0.141,,,-0.004,0.02,,0.089,,151392000,1049000.0,3680000.0,92026000.0,50446000.0,41580000.0,101095000.0,0.0,44629000.0,714000.0,5332000.0,19370000.0,31050000.0,6207000.0,10982000.0,89924000.0,11385000.0,0.045,3456610000,597695000.0,,337209000.0,372228000.0,422112000.0,484023000.0,7143425000,3686815000.0,,301851000.0,,,0.0,5525995000,609000.0,443000000.0,241630000.0,-11731000.0,,,,84000000.0,0.0,183101000.0,-179024000,2713000.0,-62864000,,22654000.0,8662000.0,178258000.0,-36807000.0,73529000.0,67391000.0,195076000,9000000.0,,,,8476425000,5019815000,279000000.0,-171626000,,,103508000,19000000.0,,,326617000,72273000,,42888000.0,174392000.0,36115000.0,33049000.0,15956000.0,23519000.0,29518000.0,36235000.0,28873000.0,14199746000,17445178000,1998543000,,,,9375568000.0,464566000,9840134000.0,,,,,,,464566000.0,9375568000.0,,122000000.0,-40628000,-336040000,306640000,-118837000,,3.0,,,,3.0,,,-6208000,10222000.0,145519000.0,26964000.0,110473000.0,47708000.0,122489000.0,,,,,,,,0.055,359471000,719777000,28000.0,,,4135000.0,,4107000,,265959000,-1190000,28601000,233000.0,,1574000,1200000000.0,,32038000,,13095000.0,115818000,59215000,0.01,1000000.0,0.0,0.0,0.0,323962000,,,,26749000.0,,1180000000.0,600000000.0,,,,-25803000,,356067000.0,26743000.0,311771000.0,0.0,412000.0,24826000.0,175861000.0,67286000.0,43386000.0,,,,,117236000.0,,,,,,-4101557000,,9222000.0,2332000.0,,,,462229000,,,,,,,,3245432000,,,,,1189895000.0,,,1200000000.0,,,-32516000.0,56177000.0,0.0,,0.0,,5063000.0,15107000.0,,20232000.0,,,,0.5,0.064,114000000.0,,,10000000.0,,9949268000.0,3049911000.0,827145000.0,1020362000.0,4051137000.0,108760000.0,880053000.0,,,,0.5,1612354000.0,119150000.0,1094667000.0,,,,-2677000.0,-16322000.0,,607444000.0,-157550000.0,133000000.0,33632000.0,78110000.0,-0.049,199487000.0,1545480000.0,-11731000.0,242630000.0,-142811000.0,-63396000.0,77982000.0,122476000.0,28648000.0,375968000.0,735293000.0,242630000.0,,,,,,,,,
2023-08-08,False,,,375312000,621871000,721880000,,-39505000,7390269000,,11506000,,27488000,70566000.0,,56157000.0,151795000,17334379000,1554967000,,,,,48479000.0,,,,,,,,,,146435000,260800000,-112780000,,,,,,,,95799000,5000000.0,42392000.0,37392000.0,,385639000,1826454000,75910000,,,,,,,,11792000.0,,,49418000.0,,-131226000,,763550000.0,1169187000.0,,,,,,,,,,,,,,,,,,,,,,345838000,,,,,,32172000.0,,,,,-1.421,0.21,0.014,,,,,,,0.03,,-0.439,,143223000,1182000.0,,102524000.0,54721000.0,47803000.0,,,,,,,,,21271000.0,100625000.0,9939000.0,,3608293000,,,,,,,7279322000,3671029000.0,,,,,,5344329000,122000.0,624000000.0,181179000.0,,,,,79000000.0,,,38811000,,-55138000,,,,,,148473000.0,,235150000,9000000.0,,,,8612322000,5004029000,,-84282000,,,133093000,18000000.0,,,307728000,62745000,,39187000.0,,,,,,,,,14016367000,17334379000,2318906000,,,,8834725000.0,836075000,9670800000.0,,,,,,,836075000.0,8834725000.0,,170000000.0,-257515000,-654700000,799435000,92211000,,3.0,,,,3.0,,,122574000,10472000.0,,25779000.0,115656000.0,,128008000.0,,,,,,,,,322797000,818438000,-2000.0,,,3586000.0,,3588000,,272732000,519000,52652000,,,-7126000,,,64229000,,0.0,252151000,89347000,0.01,1000000.0,0.0,0.0,0.0,301823000,,,,0.0,,,650000000.0,,,,-32806000,,340898000.0,61068000.0,,,,,,,,,,,,114365000.0,,,,,,-4041963000,,33116000.0,17563000.0,,,,441771000,,,,,,,,3318012000,,,,,15368000.0,,,,,,22097000.0,,,,,,,,,17594000.0,,,,,,117000000.0,,,,,9761896000.0,,,,,,,,,,,1593128000.0,,,,,,-1738000.0,-36280000.0,,873301000.0,,,,,,,,10000000.0,,,,,,,,,427832000.0,,,,,,,,,
2023-11-02,False,,,275557000,384393000,582272000,,-16759000,7407164000,,15580000,,43068000,50281000.0,,71066000.0,143243000,17431112000,1635393000,450297000.0,,,,47945000.0,,,,,,,,,,238582000,356064000,-17516000,,,,,,,,-63491000,5113000.0,39785000.0,34672000.0,,271900000,1849142000,77471000,,,,,,,,10957000.0,,,46657000.0,,6804000,,908823000.0,1135018000.0,,,,,,,,,,,,,,,,,,,,,,333088000,,,,,,32321000.0,,,,,1.865,0.21,,,,,,,,,,0.34,,113484000,1026000.0,,88476000.0,43414000.0,45062000.0,,,,,,,,,32268000.0,82275000.0,6611000.0,,3607964000,,,,,,,7098437000,3490473000.0,,,,,,4903899000,123000.0,712000000.0,88367000.0,,,,,79000000.0,,,20787000,,38764000,,,,,,221747000.0,,284951000,9000000.0,,,,8431437000,4823473000,,-147187000,,,69757000,,,,199203000,7299000,,25964000.0,,,,,,,,,14192447000,17431112000,2279122000,314101000.0,,,8832409000.0,835292000,9667701000.0,,,,,,,835292000.0,8832409000.0,,263000000.0,-275129000,-988081000,1245694000,-86237000,,2.0,,,,2.0,,,167313000,8568000.0,,16006000.0,78928000.0,,86876000.0,,,,,,,,,285658000,771077000,17000.0,,,22763000.0,,22746000,,215991000,661000,102843000,,,-8848000,,,96400000,,0.0,385462000,130520000,0.01,1000000.0,0.0,0.0,0.0,238137000,,,,0.0,,,650000000.0,,,,-34497000,,276179000.0,85865000.0,,,,,,,,,,,,117482000.0,,,,,,-4160955000,,62203000.0,28786000.0,,,,395600000,,,,,,,,3238665000,,,,,0.0,,,,,,38477000.0,,,,,,,,,9759000.0,,,,,,68000000.0,-15475000.0,,,,9766976000.0,,,,,,,,,,,1237484000.0,,,,,,-2688000.0,-59184000.0,,888716000.0,0.0,,,,,,,,,,,,,,,,521663000.0,895379000.0,-20665000.0,-65572000.0,106960000.0,,,,,
2024-02-28,True,,1684000000.0,293883000,390471000,601315000,,-16162000,7413305000,,51137000,165000000.0,51137000,,53229000.0,120478000.0,613679000,15964094000,1004694000,0.0,,0.0,,,,,,,,,,,,14621000,129950000,-243630000,,,,,,,,494047000,9025000.0,39627000.0,30602000.0,,264398000,1914954000,301708000,,358000.0,923000.0,24715000.0,23434000.0,,,15005000.0,31000000.0,1558000.0,39620000.0,195000.0,-20130000,1725691000.0,1027189000.0,1175904000.0,,-21883000.0,225499000.0,711667000.0,699403000.0,242000000.0,113095000.0,132230000.0,,90351000.0,12264000.0,1026288000.0,893292000.0,,71196000.0,761203000.0,59000000.0,51000000.0,-8000000.0,31000000.0,191904000.0,1350980000,3800000000.0,,649095000.0,,,129025000.0,,,,,-0.069,0.21,0.0,,-0.02,-0.095,-0.228,0.002,-0.009,,,-0.094,,118495000,3768000.0,4940000.0,87161000.0,33934000.0,53227000.0,97184000.0,0.0,34592000.0,504000.0,10510000.0,20426000.0,31152000.0,10023000.0,43733000.0,82803000.0,23922000.0,0.058,3754756000,550057000.0,,363549000.0,367642000.0,416533000.0,472569000.0,7299249000,3544493000.0,,-38497000.0,,,-16621000.0,4903899000,123000.0,712000000.0,511176000.0,,,,,78000000.0,18000000.0,-69539000.0,-66527000,3012000.0,4585000,,60296000.0,-111529000.0,107464000.0,,289534000.0,-24732000.0,125844000,,,,,8632249000,4877493000,588000000.0,-572150000,,,111204000,,,,223681000,6427000,,105427000.0,123544000.0,28426000.0,19296000.0,11854000.0,16698000.0,21170000.0,26100000.0,22870000.0,12175448000,15964094000,1480208000,0.0,,,7523349000.0,320612000,7843961000.0,,,,,,,320612000.0,7523349000.0,,55000000.0,-2143849000,242493000,1657726000,575872000,,2.0,,,,2.0,,,262984000,31357000.0,100674000.0,15979000.0,84695000.0,42883000.0,91725000.0,,,,,,,,0.061,256375000,712998000,1091000.0,,,32129000.0,,31038000,,229748000,11958000,100087000,,,-28672000,0.0,,128587000,,0.0,588638000,176353000,0.01,1000000.0,0.0,0.0,0.0,254165000,,,,1609347000.0,,0.0,867178000.0,,,,-32175000,,,138225000.0,481535000.0,0.0,0.0,483000.0,323488000.0,113607000.0,43957000.0,,,,,115329000.0,,,,,,-3617718000,,79273000.0,41338000.0,,,,1539579000,,,,,,,,3788646000,,,,,1189895000.0,,,1200000000.0,,,,48823000.0,,,,,517000.0,7871000.0,,46380000.0,,,,,-0.056,60000000.0,,,,,7937291000.0,1749939000.0,286678000.0,1817288000.0,1107818000.0,2862193000.0,113375000.0,,,,,1222255000.0,127835000.0,1094667000.0,,,,6572000.0,-82750000.0,,2961798000.0,,133000000.0,15365000.0,74974000.0,,142441000.0,1374143000.0,-15475000.0,528556000.0,-184925000.0,0.0,85257000.0,28835000.0,49734000.0,283170000.0,691969000.0,,0.0,85214000.0,490658000.0,0.0,9000000.0,29000000.0,128042000.0,-83041000.0,190000000.0
