filing_date,annual,EntityCommonStockSharesOutstanding_shares,EntityPublicFloat_USD,AccountsPayableCurrent_USD,AccruedIncomeTaxesCurrent_USD,AccruedLiabilitiesCurrent_USD,AccruedLiabilitiesForUnredeeemedGiftCards_USD,AccumulatedDepreciationDepletionAndAmortizationPropertyPlantAndEquipment_USD,AccumulatedOtherComprehensiveIncomeLossNetOfTax_USD,AdditionalPaidInCapitalCommonStock_USD,AdjustmentsNoncashItemsToReconcileNetIncomeLossToCashProvidedByUsedInOperatingActivitiesOther_USD,AdjustmentsToAdditionalPaidInCapitalSharebasedCompensationRequisiteServicePeriodRecognitionValue_USD,AdjustmentsToAdditionalPaidInCapitalTaxEffectFromShareBasedCompensation_USD,AdvertisingExpense_USD,AllocatedShareBasedCompensationExpense_USD,AllocatedShareBasedCompensationExpenseNetOfTax_USD,AmortizationOfIntangibleAssets_USD,AntidilutiveSecuritiesExcludedFromComputationOfEarningsPerShareAmount_shares,Assets_USD,AssetsCurrent_USD,AssetsNeededForImmediateSettlementAggregateFairValue_USD,CapitalExpendituresIncurredButNotYetPaid_USD,CapitalLeasedAssetsGross_USD,CapitalLeaseObligationsCurrent_USD,CapitalLeaseObligationsIncurred_USD,CapitalLeasesFutureMinimumPaymentsDue_USD,CapitalLeasesFutureMinimumPaymentsPresentValueOfNetMinimumPayments_USD,CapitalLeasesLesseeBalanceSheetAssetsByMajorClassAccumulatedDeprecation_USD,CashAndCashEquivalentsAtCarryingValue_USD,CashAndCashEquivalentsPeriodIncreaseDecrease_USD,CashCashEquivalentsRestrictedCashAndRestrictedCashEquivalents_USD,CashCashEquivalentsRestrictedCashAndRestrictedCashEquivalentsPeriodIncreaseDecreaseIncludingExchangeRateEffect_USD,CommonStockDividendsPerShareCashPaid_USD/shares,CommonStockDividendsPerShareDeclared_USD/shares,CommonStockParOrStatedValuePerShare_USD/shares,CommonStockSharesAuthorized_shares,CommonStockSharesIssued_shares,CommonStockSharesOutstanding_shares,CommonStockValue_USD,ComprehensiveIncomeNetOfTax_USD,ComprehensiveIncomeNetOfTaxIncludingPortionAttributableToNoncontrollingInterest_USD,CooperativeAdvertisingAmount_USD,CostOfGoodsAndServicesSold_USD,CostOfGoodsSold_USD,CreditAndDebitCardReceivablesAtCarryingValue_USD,CumulativeEffectOfNewAccountingPrincipleInPeriodOfAdoption_USD,CurrentFederalTaxExpenseBenefit_USD,CurrentForeignTaxExpenseBenefit_USD,CurrentIncomeTaxExpenseBenefit_USD,CurrentStateAndLocalTaxExpenseBenefit_USD,DebtAndCapitalLeaseObligations_USD,DeferredCompensationCashbasedArrangementsLiabilityClassifiedNoncurrent_USD,DeferredFederalIncomeTaxExpenseBenefit_USD,DeferredFinanceCostsNoncurrentNet_USD,DeferredForeignIncomeTaxExpenseBenefit_USD,DeferredIncomeTaxExpenseBenefit_USD,DeferredIncomeTaxLiabilities_USD,DeferredIncomeTaxLiabilitiesNet_USD,DeferredRentCredit_USD,DeferredRentCreditNoncurrent_USD,DeferredStateAndLocalIncomeTaxExpenseBenefit_USD,DeferredTaxAssetsDeferredGainOnSaleLeasebackTransaction_USD,DeferredTaxAssetsDerivativeInstruments_USD,DeferredTaxAssetsGross_USD,DeferredTaxAssetsLiabilitiesNet_USD,DeferredTaxAssetsLiabilitiesNetCurrent_USD,DeferredTaxAssetsLiabilitiesNetNoncurrent_USD,DeferredTaxAssetsNet_USD,DeferredTaxAssetsOperatingLossCarryforwardsStateAndLocal_USD,DeferredTaxAssetsOther_USD,DeferredTaxAssetsTaxDeferredExpenseCompensationAndBenefits_USD,DeferredTaxAssetsTaxDeferredExpenseCompensationAndBenefitsEmployeeBonuses_USD,DeferredTaxAssetsTaxDeferredExpenseCompensationAndBenefitsShareBasedCompensationCost_USD,DeferredTaxAssetsTaxDeferredExpenseReservesAndAccrualsDeferredRent_USD,DeferredTaxAssetsTaxDeferredExpenseReservesAndAccrualsOther_USD,DeferredTaxAssetsTaxDeferredExpenseReservesAndAccrualsSelfInsurance_USD,DeferredTaxAssetsValuationAllowance_USD,DeferredTaxLiabilities_USD,DeferredTaxLiabilitiesCurrent_USD,DeferredTaxLiabilitiesDeferredExpenseCapitalizedInventoryCosts_USD,DeferredTaxLiabilitiesGoodwillAndIntangibleAssetsIntangibleAssets_USD,DeferredTaxLiabilitiesLeasingArrangements_USD,DeferredTaxLiabilitiesNoncurrent_USD,DeferredTaxLiabilitiesOther_USD,DeferredTaxLiabilitiesOtherFiniteLivedAssets_USD,DeferredTaxLiabilitiesPrepaidExpenses_USD,DeferredTaxLiabilitiesPropertyPlantAndEquipment_USD,DefinedContributionPlanCostRecognized_USD,Depreciation_USD,DepreciationDepletionAndAmortization_USD,DerivativeLiabilitiesNoncurrent_USD,DerivativeNetLiabilityPositionAggregateFairValue_USD,DividendsCash_USD,DividendsCommonStockCash_USD,EarningsPerShareBasic_USD/shares,EarningsPerShareDiluted_USD/shares,EffectiveIncomeTaxRateContinuingOperations_pure,EffectiveIncomeTaxRateReconciliationAtFederalStatutoryIncomeTaxRate_pure,EffectiveIncomeTaxRateReconciliationChangeInDeferredTaxAssetsValuationAllowance_pure,EffectiveIncomeTaxRateReconciliationNondeductibleExpenseOther_pure,EffectiveIncomeTaxRateReconciliationNondeductibleExpenseShareBasedCompensationCost_pure,EffectiveIncomeTaxRateReconciliationOtherAdjustments_pure,EffectiveIncomeTaxRateReconciliationStateAndLocalIncomeTaxes_pure,EffectiveIncomeTaxRateReconciliationTaxContingenciesDomestic_pure,EffectiveIncomeTaxRateReconciliationTaxCreditsOther_pure,EmployeeRelatedLiabilitiesCurrent_USD,EmployeeServiceShareBasedCompensationNonvestedAwardsTotalCompensationCostNotYetRecognized_USD,ExcessTaxBenefitFromShareBasedCompensationFinancingActivities_USD,ExcessTaxBenefitFromShareBasedCompensationOperatingActivities_USD,ExtinguishmentOfDebtAmount_USD,ExtinguishmentOfDebtGainLossNetOfTax_USD,ExtinguishmentOfDebtGainLossPerShareNetOfTax_USD/shares,FinanceLeaseRightOfUseAssetBeforeAccumulatedAmortization_USD,FiniteLivedIntangibleAssetOffMarketLeaseFavorableGross_USD,FiniteLivedIntangibleAssetsAccumulatedAmortization_USD,FiniteLivedIntangibleAssetsAmortizationExpense_USD,FiniteLivedIntangibleAssetsAmortizationExpenseNextTwelveMonths_USD,FiniteLivedIntangibleAssetsAmortizationExpenseYearFive_USD,FiniteLivedIntangibleAssetsAmortizationExpenseYearFour_USD,FiniteLivedIntangibleAssetsAmortizationExpenseYearThree_USD,FiniteLivedIntangibleAssetsAmortizationExpenseYearTwo_USD,FiniteLivedIntangibleAssetsNet_USD,FiniteLivedIntangibleAssetsUsefulLifeMaximum_Y,FiniteLivedIntangibleAssetsUsefulLifeMinimum_Y,FutureAmortizationExpenseYearFive_USD,FutureAmortizationExpenseYearFour_USD,FutureAmortizationExpenseYearOne_USD,FutureAmortizationExpenseYearThree_USD,FutureAmortizationExpenseYearTwo_USD,GainLossOnInterestRateCashFlowHedgeIneffectiveness_USD,GainsLossesOnExtinguishmentOfDebt_USD,Goodwill_USD,GoodwillAndIntangibleAssetImpairment_USD,GrossProfit_USD,ImpairmentOfLongLivedAssetsHeldForUse_USD,IncomeLossFromContinuingOperationsBeforeIncomeTaxesExtraordinaryItemsNoncontrollingInterest_USD,IncomeLossFromContinuingOperationsBeforeIncomeTaxesMinorityInterestAndIncomeLossFromEquityMethodInvestments_USD,IncomeTaxExaminationLiabilityRefundAdjustmentFromSettlementWithTaxingAuthority_USD,IncomeTaxExpenseBenefit_USD,IncomeTaxExpenseBenefitContinuingOperations_USD,IncomeTaxesPaidNet_USD,IncomeTaxesReceivable_USD,IncomeTaxReconciliationChangeInDeferredTaxAssetsValuationAllowance_USD,IncomeTaxReconciliationIncomeTaxExpenseBenefitAtFederalStatutoryIncomeTaxRate_USD,IncomeTaxReconciliationNondeductibleExpenseOther_USD,IncomeTaxReconciliationNondeductibleExpenseShareBasedCompensationCost_USD,IncomeTaxReconciliationOtherAdjustments_USD,IncomeTaxReconciliationStateAndLocalIncomeTaxes_USD,IncomeTaxReconciliationTaxContingenciesDomestic_USD,IncomeTaxReconciliationTaxCreditsOther_USD,IncreaseDecreaseInAccountsPayable_USD,IncreaseDecreaseInAccruedLiabilities_USD,IncreaseDecreaseInAccruedLiabilitiesAndOtherOperatingLiabilities_USD,IncreaseDecreaseInDeferredIncomeTaxes_USD,IncreaseDecreaseInIncomeTaxesPayableNetOfIncomeTaxesReceivable_USD,IncreaseDecreaseInOtherNoncurrentAssets_USD,IncreaseDecreaseInOtherOperatingCapitalNet_USD,IncreaseDecreaseInOtherOperatingLiabilities_USD,IncreaseDecreaseInPrepaidDeferredExpenseAndOtherAssets_USD,IncreaseDecreaseInRetailRelatedInventories_USD,IndefiniteLivedIntangibleAssetsExcludingGoodwill_USD,IntangibleAssetsGrossExcludingGoodwill_USD,IntangibleAssetsNetExcludingGoodwill_USD,InterestCostsCapitalized_USD,InterestExpense_USD,InterestPaid_USD,InterestPaidNet_USD,InterestRateCashFlowHedgeGainLossReclassifiedToEarningsNet_USD,InterestRateCashFlowHedgeGainLossToBeReclassifiedDuringNext12MonthsNet_USD,InventoryLIFOReserve_USD,InventoryLIFOReservePeriodCharge_USD,InventoryNet_USD,InvestmentIncomeInterest_USD,LegalFees_USD,LesseeOperatingLeaseLiabilityPaymentsDue_USD,LesseeOperatingLeaseLiabilityPaymentsDueAfterYearFive_USD,LesseeOperatingLeaseLiabilityPaymentsDueNextTwelveMonths_USD,LesseeOperatingLeaseLiabilityPaymentsDueYearFive_USD,LesseeOperatingLeaseLiabilityPaymentsDueYearFour_USD,LesseeOperatingLeaseLiabilityPaymentsDueYearThree_USD,LesseeOperatingLeaseLiabilityPaymentsDueYearTwo_USD,LesseeOperatingLeaseLiabilityPaymentsRemainderOfFiscalYear_USD,LesseeOperatingLeaseLiabilityUndiscountedExcessAmount_USD,LettersOfCreditOutstandingAmount_USD,LiabilitiesAndStockholdersEquity_USD,LiabilitiesCurrent_USD,LiabilityForUncertainTaxPositionsCurrent_USD,LiabilityForUncertainTaxPositionsNoncurrent_USD,LineOfCreditFacilityAmountOutstanding_USD,LongTermDebt_USD,LongTermDebtAndCapitalLeaseObligations_USD,LongTermDebtAndCapitalLeaseObligationsCurrent_USD,LongTermDebtAndCapitalLeaseObligationsMaturitiesRepaymentsOfPrincipalAfterYearFive_USD,LongTermDebtAndCapitalLeaseObligationsMaturitiesRepaymentsOfPrincipalInYearFive_USD,LongTermDebtAndCapitalLeaseObligationsMaturitiesRepaymentsOfPrincipalInYearFour_USD,LongTermDebtAndCapitalLeaseObligationsMaturitiesRepaymentsOfPrincipalInYearThree_USD,LongTermDebtAndCapitalLeaseObligationsMaturitiesRepaymentsOfPrincipalInYearTwo_USD,LongTermDebtAndCapitalLeaseObligationsRepaymentsOfPrincipalInNextTwelveMonths_USD,LongTermDebtCurrent_USD,LongTermDebtMaturitiesRepaymentsOfPrincipalAfterYearFive_USD,LongTermDebtMaturitiesRepaymentsOfPrincipalInNextTwelveMonths_USD,LongTermDebtMaturitiesRepaymentsOfPrincipalInYearFive_USD,LongTermDebtMaturitiesRepaymentsOfPrincipalInYearFour_USD,LongTermDebtMaturitiesRepaymentsOfPrincipalInYearThree_USD,LongTermDebtMaturitiesRepaymentsOfPrincipalInYearTwo_USD,LongTermDebtNoncurrent_USD,LossContingencyLossInPeriod_USD,NetCashProvidedByUsedInContinuingOperations_USD,NetCashProvidedByUsedInFinancingActivities_USD,NetCashProvidedByUsedInFinancingActivitiesContinuingOperations_USD,NetCashProvidedByUsedInInvestingActivities_USD,NetCashProvidedByUsedInInvestingActivitiesContinuingOperations_USD,NetCashProvidedByUsedInOperatingActivities_USD,NetCashProvidedByUsedInOperatingActivitiesContinuingOperations_USD,NetIncomeLoss_USD,NetIncomeLossAvailableToCommonStockholdersBasic_USD,NetIncomeLossAvailableToCommonStockholdersDiluted_USD,NotionalAmountOfInterestRateCashFlowHedgeDerivatives_USD,NumberOfInterestRateDerivativesHeld_InterestRateSwapAgre,NumberOfInterestRateDerivativesHeld_swap,NumberOfReportableSegments_ReportableSegments,NumberOfReportableSegments_segment,NumberOfStatesInWhichEntityOperates_item,NumberOfStatesInWhichEntityOperates_States,NumberOfStatesInWhichEntityOperates_state,NumberOfStores_item,NumberOfStores_Stores,NumberOfStores_store,OperatingIncomeLoss_USD,OperatingLeaseCost_USD,OperatingLeaseLiability_USD,OperatingLeaseLiabilityCurrent_USD,OperatingLeaseLiabilityNoncurrent_USD,OperatingLeasePayments_USD,OperatingLeaseRightOfUseAsset_USD,OperatingLeasesFutureMinimumPaymentsDue_USD,OperatingLeasesFutureMinimumPaymentsDueCurrent_USD,OperatingLeasesFutureMinimumPaymentsDueInFiveYears_USD,OperatingLeasesFutureMinimumPaymentsDueInFourYears_USD,OperatingLeasesFutureMinimumPaymentsDueInThreeYears_USD,OperatingLeasesFutureMinimumPaymentsDueInTwoYears_USD,OperatingLeasesFutureMinimumPaymentsDueThereafter_USD,OperatingLeasesRentExpenseContingentRentals_USD,OperatingLeasesRentExpenseMinimumRentals_USD,OperatingLeasesRentExpenseNet_USD,OperatingLeaseWeightedAverageDiscountRatePercent_pure,OperatingLossCarryforwards_USD,OtherAccruedLiabilitiesCurrent_USD,OtherAccruedLiabilitiesNoncurrent_USD,OtherAssetsNoncurrent_USD,OtherComprehensiveIncomeDerivativesQualifyingAsHedgesNetOfTaxPeriodIncreaseDecrease_USD,OtherComprehensiveIncomeDerivativesQualifyingAsHedgesNetOfTaxPortionAttributableToParent_USD,OtherComprehensiveIncomeDerivativesQualifyingAsHedgesTaxEffectPeriodIncreaseDecrease_USD,OtherComprehensiveIncomeDerivativesQualifyingAsHedgesTaxPortionAttributableToParent_USD,OtherComprehensiveIncomeLossCashFlowHedgeGainLossAfterReclassificationAndTaxParent_USD,OtherComprehensiveIncomeLossCashFlowHedgeGainLossAfterReclassificationTaxParent_USD,OtherLiabilitiesNoncurrent_USD,OtherNoncashIncomeExpense_USD,OtherNonoperatingIncomeExpense_USD,PaymentsForHedgeFinancingActivities_USD,PaymentsForRepurchaseOfCommonStock_USD,PaymentsOfDebtIssuanceCosts_USD,PaymentsOfDividendsCommonStock_USD,PaymentsOfStockIssuanceCosts_USD,PaymentsToAcquireProductiveAssets_USD,PreferredStockSharesAuthorized_shares,PrepaidExpenseAndOtherAssetsCurrent_USD,ProceedsFromIssuanceInitialPublicOffering_USD,ProceedsFromIssuanceOfCommonStock_USD,ProceedsFromIssuanceOfLongTermDebtAndCapitalSecuritiesNet_USD,ProceedsFromIssuanceOfSecuredDebt_USD,ProceedsFromIssuanceOfSeniorLongTermDebt_USD,ProceedsFromLongTermLinesOfCredit_USD,ProceedsFromRepaymentsOfCommercialPaper_USD,ProceedsFromSaleOfProductiveAssets_USD,ProfitLoss_USD,PropertyPlantAndEquipmentGross_USD,PropertyPlantAndEquipmentNet_USD,RepaymentsOfLongTermDebtAndCapitalSecurities_USD,RepaymentsOfLongTermLinesOfCredit_USD,RepaymentsOfSecuredDebt_USD,RepaymentsOfSeniorDebt_USD,RestructuringAndRelatedCostNumberOfPositionsEliminated_position,RestructuringCharges_USD,RestructuringReserve_USD,RetainedEarningsAccumulatedDeficit_USD,RevenueFromContractWithCustomerExcludingAssessedTax_USD,RevenueRecognitionGiftCardsBreakage_USD,RightOfUseAssetObtainedInExchangeForOperatingLeaseLiability_USD,SaleLeasebackTransactionDeferredGainGross_USD,SaleLeasebackTransactionNetProceeds_USD,SaleLeasebackTransactionNetProceedsInvestingActivities_USD,SalesRevenueGoodsNet_USD,SecuredLongTermDebt_USD,SelfInsuranceReserveCurrent_USD,SelfInsuranceReserveNoncurrent_USD,SellingGeneralAndAdministrativeExpense_USD,ShareBasedCompensation_USD,ShareBasedCompensationArrangementByShareBasedPaymentAwardNumberOfSharesAuthorized_shares,ShareBasedCompensationArrangementByShareBasedPaymentAwardNumberOfSharesAvailableForGrant_shares,SignificantChangeInUnrecognizedTaxBenefitsIsReasonablyPossibleAmountOfUnrecordedBenefit_USD,StockholdersEquity_USD,StockholdersEquityIncludingPortionAttributableToNoncontrollingInterest_USD,StockholdersEquityOther_USD,StockholdersEquityPeriodIncreaseDecrease_USD,StockIssuedDuringPeriodSharesNewIssues_shares,StockIssuedDuringPeriodValueNewIssues_USD,StockIssuedDuringPeriodValueShareBasedCompensation_USD,StockRepurchasedDuringPeriodShares_shares,StockRepurchasedDuringPeriodValue_USD,StockRepurchaseProgramAuthorizedAmount_USD,TaxCreditCarryforwardAmount_USD,TaxCutsAndJobsActOf2017IncomeTaxExpenseBenefit_USD,TemporaryEquityCarryingAmount_USD,UnrealizedGainLossOnInterestRateCashFlowHedgesPretaxAccumulatedOtherComprehensiveIncomeLoss_USD,UnrecognizedTaxBenefits_USD,UnrecognizedTaxBenefitsDecreasesResultingFromPriorPeriodTaxPositions_USD,UnrecognizedTaxBenefitsDecreasesResultingFromSettlementsWithTaxingAuthorities_USD,UnrecognizedTaxBenefitsIncomeTaxPenaltiesAccrued_USD,UnrecognizedTaxBenefitsIncomeTaxPenaltiesExpense_USD,UnrecognizedTaxBenefitsIncreasesResultingFromCurrentPeriodTaxPositions_USD,UnrecognizedTaxBenefitsIncreasesResultingFromPriorPeriodTaxPositions_USD,UnrecognizedTaxBenefitsInterestOnIncomeTaxesAccrued_USD,UnrecognizedTaxBenefitsInterestOnIncomeTaxesExpense_USD,UnrecognizedTaxBenefitsReductionsResultingFromLapseOfApplicableStatuteOfLimitations_USD,UnrecognizedTaxBenefitsThatWouldImpactEffectiveTaxRate_USD,ValuationAllowanceDeferredTaxAssetChangeInAmount_USD,VariableLeaseCost_USD,WeightedAverageNumberDilutedSharesOutstandingAdjustment_shares,WeightedAverageNumberOfDilutedSharesOutstanding_shares,WeightedAverageNumberOfSharesOutstandingBasic_shares,WriteOffOfDeferredDebtIssuanceCost_USD,FinanceLeaseLiabilityNoncurrent_USD,ProceedsFromShortTermDebt_USD,RepaymentsOfShortTermDebt_USD,ShortTermBorrowings_USD,DebtInstrumentCarryingAmount_USD,DebtInstrumentRedemptionPricePercentage_pure,DeferredTaxAssetsTaxDeferredExpenseReservesAndAccrualsAccruedLiabilities_USD
2011-06-01,False,341535481,,933710000,32217000,380422000,,,-15595000,2948506000,4574000.0,,,,,,,,9714864000,2506897000,,35649000,,,,,,,602463000,105017000.0,,,,,,,,,298844000,,,,,2364300000.0,,,,,,,,,,,,7393000.0,,,,,,,,,,,,,,,,,,,,,,,39842000.0,,,,606071000.0,,,,,,,67486000,,,,,0.46,0.45,,,,,,,,,,,,434000.0,434000.0,,,,,,,,,,,,,,,,,,,,,,-2167000.0,4338589000,,1087397000,,,253774000.0,,,96805000.0,,,,,,,,,,,-25922000,38810000.0,,,,,17000.0,,32369000,5275000,,,1251289000,,65591000,,,,,,,1767121000,19000.0,,,,,,,,,,,,9714864000,1387230000,,,,,3262597000.0,1039000.0,,,,,,,,,,,,,,,,,-26964000.0,,-91591000.0,,223572000.0,,,,,,,,,,,,,,,,321618000,,,,,,,,,,,,,,,,,,,,,55493000,,,,,,,230043000,,-2272000.0,,,,,,91958000,,,,165000.0,,,,,,367000,156969000.0,,1562596000,27151000.0,,,,,,,987901000,,,,,,,3451697000.0,,,,765779000,3519000,,,,,4219656000.0,,,,,,,,,,,9267000.0,,,,,,,,,,,,,,,,345393000,341522000,,,,,,,,
2011-08-30,False,341532297,,1122949000,810000,366623000,,,-10982000,2951761000,,,,,,,,300000.0,9529103000,2272781000,20500000.0,32276000,,963000.0,,,,,113050000,-384396000.0,,,,,,,,,298842000,,150656000.0,,,2426852000.0,,,,,,,,,,,,18136000.0,,,,,,,,,,,,,,,,,,,,,,,35606000.0,,,,624034000.0,,,,,,,135871000,,20500000.0,,,0.43,0.42,0.368,,,,,,,,,,,450000.0,450000.0,,,,,,,,,,,,,,,,,,,,,-103000.0,-60303000.0,4338589000,,1148342000,,,231163000.0,,,85121000.0,,43435000.0,,,,,,,,,166690000,,,,,,68000.0,18399000.0,37136000,222669000,,,1245773000,,60653000,,,-8821000.0,15400000.0,,10700000.0,1973863000,26000.0,,,,,,,,,,,,9529103000,1526951000,200000.0,27900000.0,346000000.0,,2779408000.0,,,,,,,,,,,,,,,,,,-565185000.0,,-217650000.0,,398439000.0,,,,146042000.0,686700000.0,3.0,,,,,,,,,,350029000,,,,,,,,,,,,,,,,,,,,,48969000,4614000.0,,-2973000.0,,,,215875000,-17709000.0,-58239000.0,,,,,,218123000,,142433000.0,,177000.0,,371600000.0,,,,473000,146042000.0,,1622991000,911361000.0,,25600000.0,,,,,1133943000,,,,,,,3575194000.0,,,,798313000,6798000,,,1400000.0,,4373564000.0,,,,,,,,,,,9271000.0,-1235000.0,26500000.0,,,500000.0,,,,2400000.0,,,26500000.0,,,4091000.0,345625000,341534000,,,,,,,,
2011-12-05,False,342263844,,1132544000,1111000,414977000,,,-7876000,2957267000,,,,,,,,300000.0,9735882000,2392855000,19400000.0,44225000,,763000.0,,,,,118580000,,,,,,,,,,299514000,174269000.0,,,,2479422000.0,,,,,,,,,,,,23977000.0,,,,,,,,,,,,,,,,,,,,,,,22826000.0,,,,647329000.0,,,,,,,204771000,,19400000.0,,,0.5,0.5,0.371,,,,,,,,,,,16101000.0,16101000.0,,,,,,,,,,,,,,,,,,,,,-52000.0,-60303000.0,4338589000,,1115802000,,,272232000.0,,,101068000.0,,48807000.0,,,,,,,,,164336000,,,,,,174000.0,89993000.0,30899000,350932000,,,1240733000,,38642000,,,-5570000.0,-11500000.0,,11100000.0,2089722000,10000.0,,,,,,,,,,,,9735882000,1572221000,200000.0,41400000.0,,,2721061000.0,,,,,,,,,,,,,,,,,-378866000.0,,-620995000.0,,-362370000.0,,604499000.0,,171164000.0,171164000.0,686700000.0,3.0,,,,,,,,,,310917000,,,,,,,,,,,,,,,,,,,,,46908000,,3105000.0,-1983000.0,,,,233950000,-31656000.0,-53000.0,,,,,,363099000,,135746000.0,,177000.0,,1485000000.0,,,,729000,,,1716797000,911708000.0,,1197200000.0,,,,,1305107000,,,,,,,3595224000.0,287800000.0,,,804885000,10969000,,,-30400000.0,4554012000.0,,,,,,,,,,,,7309000.0,-482000.0,42400000.0,,,600000.0,,,,1000000.0,,,42400000.0,,,3822000.0,345777000,341955000,,,,,,,,
2012-03-22,True,338091175,3120000000.0,1064087000,44428000,397075000,2900000.0,886025000.0,-5191000,2960940000,,15250000.0,27727000.0,50400000.0,8600000.0,5300000.0,,0.0,9688520000,2275074000,11100000.0,35662000,29000000.0,590000.0,,7400000.0,5100000.0,7300000.0,126126000,,,,0.7525,0.7525,0.875,1000000000.0,338089000.0,338089000.0,295828000,781790000.0,,20800000.0,,10109278000.0,38700000.0,,385277000.0,1449000.0,442998000.0,56272000.0,2618481000.0,17570000.0,8313000.0,,-49000.0,15606000.0,,,31300000.0,,7293000.0,,4479000.0,146417000.0,-660718000.0,-3722000.0,-656996000.0,141536000.0,33000.0,16010000.0,7851000.0,16686000.0,,11125000.0,6735000.0,70180000.0,4881000.0,802254000.0,3722000.0,,,,656996000.0,3539000.0,,,287447000.0,10900000.0,243700000.0,275408000,34923000.0,11100000.0,,239731000.0,0.86,0.85,0.374,0.35,-0.002,-0.001,,0.003,0.035,,-0.012,76989000.0,,33102000.0,33102000.0,839300000.0,-35400000.0,-0.1,,122169000.0,85415000.0,21000000.0,,,,,,36754000.0,11.0,1.0,300000.0,900000.0,16900000.0,5800000.0,11900000.0,-312000.0,-60303000.0,4338589000,,1346369000,1000000.0,,1225289000.0,,,458604000.0,382294000.0,,-2202000.0,428851000.0,-366000.0,,4455000.0,42774000.0,,15153000.0,104442000,,,,,,195000.0,71763000.0,34554000,291492000,1199200000.0,,1235954000,1500000.0,204991000,209351000.0,,-28633000.0,-8500000.0,100500000.0,47700000.0,2009206000,91000.0,,,,,,,,,,,,9688520000,1509902000,300000.0,41130000.0,,,2617891000.0,,,,,,,,,468012000.0,590000.0,618000.0,454000.0,1963815000.0,184992000.0,,,-371320000.0,,-907965000.0,,-513835000.0,,1050480000.0,,292510000.0,766685000.0,533300000.0,,3.0,,,,38.0,,,9937.0,,508240000,,,,,,,3660001000.0,537842000.0,324512000.0,379693000.0,442913000.0,495373000.0,1479668000.0,16856000.0,525486000.0,542342000.0,,54300000.0,133898000.0,32558000.0,43943000,,15105000.0,,9692000.0,,,229149000,-5517000.0,-60615000.0,,185000000.0,,239731000.0,3300000.0,514861000,1000000.0,139742000.0,446000000.0,177000.0,,1157800000.0,,,,1026000,,2680985000.0,1794960000,911951000.0,,973100000.0,,,,,1416918000,,,,,,,4185073000.0,,78235000.0,137891000.0,3207106000,15250000,,,-30400000.0,4668495000.0,,,,22700000.0,441162000.0,2025000.0,4915637.0,185000000.0,500000000.0,16400000.0,,6087000.0,-3836000.0,42018000.0,36973000.0,2789000.0,600000.0,63000.0,125000.0,15840000.0,1200000.0,968000.0,376000.0,42000000.0,-2200000.0,,3883000.0,345117000,341234000,,,,,,,,
2012-06-04,False,332326972,,985924000,50355000,360349000,,,-2662000,2967014000,,,,,,,,500000.0,9770208000,2273735000,7000000.0,39726000,,459000.0,,,,,132530000,,,,,,,,,,290782000,215944000.0,,,,2672949000.0,,,,,,,,,,,,,,,,,,,,,,,,,,,,,,,,,,,14166000.0,,,,649532000.0,,,,,,,72271000,,7000000.0,,,0.64,0.63,0.382,,,,,,,,,,,18589000.0,18589000.0,,,,,,,,,,,,,,,,,,,,,-42000.0,-1629000.0,4338589000,,1228256000,,,345579000.0,,,132164000.0,,5210000.0,,,,,,,,,-82227000,,,,,,1285000.0,-30218000.0,-5370000,-6499000,,,1231866000,,37074000,,,-4185000.0,-4400000.0,,1600000.0,2000864000,,,,,,,,,,,,,9770208000,1411253000,300000.0,38100000.0,,,2880920000.0,,,,,,,,,,,,,,,,,6404000.0,,-40497000.0,,-145738000.0,,192639000.0,,213415000.0,213415000.0,506700000.0,,3.0,,,,,,,,,384324000,,,,,,,,,,,,,,,,,,,,,47846000,,,,,,,231427000,-2828000.0,-1671000.0,,300000000.0,7663000.0,,,145857000,,135131000.0,,,,584900000.0,,,,119000,,,1878172000,202000.0,,321800000.0,,,,,1336298000,,,,,,,3901205000.0,,,,843932000,4759000,,,-26200000.0,4591432000.0,,,,,,,,,,,,5644000.0,-36000.0,37900000.0,,,300000.0,,,,1500000.0,,,37900000.0,,,3410000.0,339490000,336080000,,,,,,,,
2012-09-05,False,333695858,,1143857000,665000,366271000,,,-5171000,2973160000,,,,,,,,1000000.0,10103474000,2514444000,8800000.0,46917000,,344000.0,,,,,134157000,,,,,,,,,,291983000,211630000.0,,,,2685432000.0,,,,,,,,,,,,,,,,,,,,,,,,,,,,,,,,,,,15546000.0,,,,651521000.0,,,,,,,146260000,,8800000.0,,,0.64,0.64,0.341,,,,,,,,,,,59235000.0,59235000.0,,,,,,,,,,,,,,,,,,,,,2434000.0,-30620000.0,4338589000,,1263223000,,,324991000.0,-20700000.0,,110851000.0,,89473000.0,,,,,,,,,68515000,,,,,,1813000.0,-35276000.0,1847000,139998000,,,1227499000,,35666000,,,-4386000.0,-6200000.0,,-500000.0,2147837000,,,,,,,,,,,,,10103474000,1526683000,300000.0,22900000.0,,,2887251000.0,,,,,,,,,,,1400000000.0,,,1500000000.0,,,8031000.0,,-61899000.0,,-303562000.0,,373492000.0,,214140000.0,214140000.0,1175000000.0,,4.0,,,,,,,,,387214000,,,,,,,,,,,,,,,,,,,,,50737000,,,,,,,222008000,-3332000.0,-26557000.0,,300000000.0,15067000.0,,,303988000,,142977000.0,,,500000000.0,1035400000.0,,,,426000,,,1972205000,477846000.0,,815200000.0,,,,,1550438000,,,,,,,3948655000.0,,,,876009000,10224000,,,-1000000.0,4810410000.0,,,,,,,,,,,,5601000.0,-8506000.0,21300000.0,,,400000.0,,,,1800000.0,,,21300000.0,,,2520000.0,335521000,333001000,,,,,,,,
2012-12-11,False,328712549,,1199727000,997000,392439000,,,-4608000,2983323000,,,,,,,,800000.0,10273677000,2618192000,7900000.0,40569000,,891000.0,3440000.0,,,,142580000,,,,,,,,,,287613000,208249000.0,,,,2738524000.0,,,,,,,3024258000.0,,,,,,,,,,,,,,,,,,,,,,,,,,,,39785000.0,,,,655910000.0,,,,,,,222398000,,7900000.0,,,0.62,0.62,0.374,,,,,,,,,,,85335000.0,85335000.0,,,,,,,,,,,,,,,,,,,,,2392000.0,-30620000.0,4338589000,,1226123000,,,331935000.0,-19300000.0,,124250000.0,,13554000.0,,,,,,,,,130733000,,,,28350000.0,,2235000.0,-4334000.0,-12399000,326076000,,,1223407000,,27726000,,,-2368000.0,-4800000.0,,100000.0,2330436000,,,,,,,,,,,,,10273677000,1633839000,300000.0,24900000.0,,,3023367000.0,,,,,,,,,,,1400000000.0,,,1600000000.0,,,16454000.0,,-221950000.0,,-452482000.0,,690886000.0,,207685000.0,207685000.0,1175000000.0,,4.0,1.0,,,,,,,,361389000,,,,,,,,,,,,,,,,,,,,,46055000,,,,,,,225699000,-9548000.0,-1728000.0,,596442000.0,15278000.0,,,453626000,,131622000.0,,,,1703400000.0,500000000.0,1703400000.0,,1144000,,,2047434000,478026000.0,1349800000.0,1349800000.0,,,,,1468534000,,,,,,,3964647000.0,,,,864734000,15357000,,,15000000.0,4734862000.0,,,,,,,,,,,,,-1441000.0,22700000.0,,,400000.0,,,,2100000.0,,,22700000.0,,,1667000.0,334004000,332337000,,,,,,,,
2013-03-25,True,327091344,11460000000.0,1261607000,95387000,357438000,3600000.0,1138233000.0,-2938000,2991351000,,21664000.0,77020000.0,61700000.0,21664000.0,13200000.0,16900000.0,800000.0,10367682000,2677113000,5000000.0,39147000,29800000.0,892000.0,3440000.0,10100000.0,7700000.0,6900000.0,140809000,,,,,,0.875,1000000000.0,327069000.0,327069000.0,286185000,954915000.0,,23600000.0,,10936727000.0,45200000.0,,457370000.0,1209000.0,536604000.0,78025000.0,2772228000.0,18404000.0,9734000.0,,,8128000.0,814820000.0,,43600000.0,,-1606000.0,,1883000.0,146357000.0,,,,144527000.0,645000.0,13914000.0,9276000.0,15399000.0,,15450000.0,5727000.0,72442000.0,1830000.0,670293000.0,23223000.0,67246000.0,435529000.0,,647070000.0,4498000.0,6809000.0,,294204000.0,11900000.0,277200000.0,302911000,,5000000.0,,,0.97,0.97,0.364,0.35,-0.002,,,0.001,0.035,-0.009,-0.011,76981000.0,27700000.0,87752000.0,87752000.0,,,,,106917000.0,87074000.0,,11900000.0,200000.0,300000.0,900000.0,5800000.0,19843000.0,,,,,,,,2392000.0,-30620000.0,4338589000,0.0,1367799000,2700000.0,,1497394000.0,,,544732000.0,422333000.0,,-3050000.0,524088000.0,,,1195000.0,52713000.0,-13676000.0,16062000.0,194035000,,,,138711000.0,,3071000.0,-36741000.0,-5553000,391409000,1199700000.0,,1219543000,600000.0,127926000,121712000.0,,-13327000.0,-3100000.0,101900000.0,1400000.0,2397175000,,,,,,,,,,,,,10367682000,1738547000,1500000.0,23383000.0,,,2771336000.0,,,,,,,,,16543000.0,892000.0,1380990000.0,1379000.0,1158000.0,1371266000.0,,,14683000.0,,-546833000.0,,-569836000.0,,1131352000.0,,317422000.0,952662000.0,875000000.0,,3.0,,1.0,40.0,,,10506.0,,,522349000,,,,,,,4535218000.0,611595000.0,399708000.0,452756000.0,509684000.0,568029000.0,1993446000.0,15150000.0,599138000.0,614288000.0,,7300000.0,104939000.0,46161000.0,43772000,,2253000.0,,1448000.0,,,225399000,-6774000.0,-29956000.0,,671459000.0,15278000.0,,,571596000,1000000.0,139129000.0,,,,2286700000.0,500000000.0,2286700000.0,,1760000,,3226898000.0,2088665000,478255000.0,2184900000.0,2184900000.0,,,,,1710732000,,0.0,,,,,4207621000.0,,86189000.0,137451000.0,3430125000,21664000,,,15400000.0,4985330000.0,,,,,,2025000.0,,671459000.0,,14000000.0,,,-9626000.0,22237000.0,22669000.0,204000.0,400000.0,-200000.0,2114000.0,1144000.0,2300000.0,344000.0,166000.0,22200000.0,-3100000.0,,2215000.0,334469000,332254000,,,,,,,,
2013-06-04,False,327395122,,1138395000,70540000,359038000,,,-11706000,2992981000,,,,,,,,1200000.0,10493697000,2724476000,6200000.0,54162000,,909000.0,,,,,155526000,,,,,,,,,,286464000,211315000.0,,,,2938585000.0,,,,,,,2836212000.0,,,,,,,,,,,,,,,,,,,,,,,,,,,,31520000.0,,,,646462000.0,,,,,,,80493000,,6200000.0,,,0.67,0.67,0.374,,,,,,,,,,,21633000.0,21633000.0,,,,,,,,,,,,,,,,,,,,,-42000.0,,4338589000,,1295148000,,,351613000.0,,,131530000.0,,,,,,,,,,,-138227000,,,-7999000.0,-3214000.0,,740000.0,7709000.0,13162000,16411000,,,1215999000,,24516000,,,-931000.0,,,-500000.0,2414411000,,,,,,,,,,,,,10493697000,1600402000,2000000.0,25700000.0,,,2835303000.0,,,,,,,,,,,,,,,,,14717000.0,,17068000.0,,-149577000.0,,147226000.0,,220083000.0,220083000.0,,,,,1.0,,,,,,,395000000,,,,,,,,,,,,,,,,,,,,,37369000,,-8768000.0,,-5628000.0,,,232631000,-148000.0,-18871000.0,13217000.0,20000000.0,15938000.0,,,149652000,,154539000.0,,,,,2297177000.0,494900000.0,,75000,,,2177264000,2119316000.0,608800000.0,,,,,,1911160000,,,,,,,4233733000.0,,,,900148000,5310000,,,9900000.0,5178899000.0,,,,,,,,,,,,,-15327000.0,24700000.0,,,400000.0,,,,2600000.0,,,24700000.0,,,1157000.0,328132000,326975000,18871000.0,,,,,,,
2013-09-04,False,323608057,,1254856000,17980000,412854000,,,-10497000,2998785000,,,,,,,,1500000.0,10699630000,2864743000,4500000.0,43251000,,,,,,,169220000,,,,,,,,,,283120000,246684000.0,,,,3017361000.0,,,,,,,2871065000.0,,,,,,,,,,,,,,,,,,,,,,,,,,,,28573000.0,,,,647780000.0,,,,,,,163237000,,4500000.0,,,0.76,0.75,0.374,,,,,,,,,,,23717000.0,23717000.0,,,,,,,,,,,,,,,,,,,,,2434000.0,,4338589000,,1377290000,,,392191000.0,,146716000.0,,,7894000.0,,,,,,,,,-10855000,,,-5163000.0,-61584000.0,1303000.0,,65737000.0,14245000,133414000,,,1212821000,,20631000,,,-1193000.0,-4500000.0,,-2400000.0,2533766000,,,,,,,,,,,,,10699630000,1740190000,2300000.0,25900000.0,,,2845138000.0,25927000.0,,,,,,,,,,,,,,,,28411000.0,,-147436000.0,,-308268000.0,,484115000.0,,245475000.0,245475000.0,,,,,1.0,,,,,,,412822000,,,,,,,,,,,,,,,,,,,,,38826000,,1209000.0,,793000.0,,,235046000,176000.0,-18871000.0,13217000.0,219981000.0,15996000.0,,,308526000,,153863000.0,,,,,2297177000.0,823900000.0,,258000,,,2244651000,2119536000.0,902800000.0,,,,,,1960068000,,,,,,,4394651000.0,,,,964468000,10843000,,,10000000.0,5231476000.0,,,,,,,,,,,,,809000.0,24900000.0,,,400000.0,,,,2900000.0,,,24900000.0,,,869000.0,325639000,324770000,18871000.0,,,,,,,
2013-12-05,False,320255172,,1251394000,639000,414881000,,,-10331000,3004582000,,,,,,,,1100000.0,10775974000,2904302000,4500000.0,32040000,,,3440000.0,,,,165717000,,,,,,,,,,280215000,237551000.0,,,,3053345000.0,,,,,,,2924912000.0,,,,,,,,,,,,,,,,,,,,,,,,,,,,35190000.0,,,,643206000.0,,,,,,,247672000,,4500000.0,,,0.74,0.74,0.356,,,,,,,,,,,28163000.0,28163000.0,,,,,,,,,,,,,,,,,,,,,2392000.0,,4338589000,,1328493000,,,368717000.0,,131332000.0,,,9786000.0,,,,,,,,,-3106000,,,-6483000.0,-76371000.0,1900000.0,,63547000.0,-5269000,187490000,,,1210077000,,21524000,,,-1223000.0,-4700000.0,,-3700000.0,2591552000,,,,,,,,,,,,45400000.0,10775974000,1753049000,4400000.0,18500000.0,,,2873967000.0,50945000.0,,,,,,,,,,,,,,,,24908000.0,,-292639000.0,,-443028000.0,,760575000.0,,237385000.0,237385000.0,,,,,1.0,,,,,,,390241000,,,,,,,,,,,,,,,,,,,,,35596000,,166000.0,,100000.0,,,230798000,3552000.0,-18871000.0,13217000.0,419974000.0,15996000.0,,,443978000,,137247000.0,,,,,2297177000.0,1170900000.0,,950000,,,2287410000,2119760000.0,1195800000.0,,,,,,2000488000,,,,,,,4381838000.0,,,,938252000,16372000,,,11900000.0,5274954000.0,,,,,,,,,,,,,-957000.0,20100000.0,,,400000.0,,,,2400000.0,,,20100000.0,,,832000.0,322543000,321711000,18871000.0,,,,,,,
2014-03-20,True,313596983,18010000000.0,1286484000,59148000,368578000,4300000.0,1372611000.0,-9910000,3009226000,,20961000.0,24151000.0,70500000.0,20961000.0,12765000.0,11900000.0,1100000.0,10867524000,3205607000,4200000.0,27082000,29800000.0,,3440000.0,8700000.0,6800000.0,8700000.0,505566000,,,,,,0.875,1000000000.0,317058000.0,317058000.0,277424000,1018144000.0,,31900000.0,,12068425000.0,44000000.0,,530728000.0,1324000.0,633226000.0,101174000.0,2818754000.0,17604000.0,-16132000.0,,,-30012000.0,809682000.0,,49500000.0,,-13880000.0,26186000.0,4921000.0,175254000.0,,,,173861000.0,282000.0,15094000.0,8666000.0,3385000.0,,17375000.0,9067000.0,78557000.0,1393000.0,635821000.0,21795000.0,64481000.0,433130000.0,,614026000.0,2084000.0,2343000.0,,307644000.0,13000000.0,315300000.0,332837000,,4200000.0,,,1.01,1.01,0.37,0.35,-0.002,,,0.001,0.035,-0.004,-0.012,47909000.0,53500000.0,30990000.0,30990000.0,,,,,64644000.0,56699000.0,,5800000.0,200000.0,200000.0,300000.0,900000.0,7945000.0,,,,,,,,2392000.0,-18871000.0,4338589000,0.0,1434811000,500000.0,,1628330000.0,-5100000.0,603214000.0,,646811000.0,,-437000.0,569916000.0,,,2652000.0,56822000.0,-6391000.0,19348000.0,36942000,,,36851000.0,-5249000.0,2200000.0,,16265000.0,4947000,144943000,1199700000.0,1264344000.0,1207645000,1200000.0,88984000,73464000.0,,-4604000.0,-4700000.0,90900000.0,-11000000.0,2552993000,,,,,,,,,,,,49900000.0,10867524000,1811971000,3600000.0,18802000.0,,,2742788000.0,75966000.0,915651000.0,1025892000.0,601290000.0,101379000.0,101158000.0,75966000.0,,,,,,,,,8500000.0,364757000.0,,-598330000.0,,-249978000.0,,1213065000.0,,322173000.0,1025116000.0,,,,,1.0,40.0,,,11132.0,,,538122000,,,,,,,5738832000.0,712563000.0,496265000.0,554413000.0,610643000.0,665193000.0,2699755000.0,12058000.0,674849000.0,686907000.0,,4300000.0,130982000.0,52285000.0,35378000,,-6972000.0,,-4461000.0,,,296546000,12747000.0,-18871000.0,13217000.0,620052000.0,15996000.0,,,538444000,1000000.0,147048000.0,,,,,2297177000.0,1172900000.0,,288466000,,3452916000.0,2080305000,2119991000.0,1303800000.0,,,,,,2125453000,,0.0,,67200000.0,281600000.0,,4493945000.0,,84697000.0,145162000.0,3699557000,20961000,,,11200000.0,5402193000.0,,-1728000.0,,,,,,620052000.0,,12700000.0,,,-16036000.0,19583000.0,608000.0,908000.0,400000.0,30000.0,3484000.0,3000000.0,2400000.0,590000.0,7622000.0,19600000.0,-400000.0,,968000.0,323854000,322886000,,,,,,,,
2014-06-03,False,303303655,,1222680000,121277000,394827000,,,-9512000,3016262000,,,,,,,,1500000.0,10601884000,2943346000,3800000.0,25639000,,,,,,,166330000,,,,,,,,,,265379000,222796000.0,,,,3164335000.0,,,,,,,,,,,,,,,,,,,,,,,,,,,,,,,,,,,23545000.0,,,,600239000.0,,,,,,,84158000,,3800000.0,,,0.72,0.72,0.378,,,,,,,,,,,9398000.0,9398000.0,,,,,,,,,,,,,,,,,,,,,,-18871000.0,4338589000,,1357746000,,,357441000.0,-5100000.0,135043000.0,,,,,,,,,,,,-62361000,,,18542000.0,71527000.0,484000.0,,30932000.0,24210000,51536000,,,1205598000,,22267000,,,-1282000.0,-4900000.0,,100000.0,2605356000,,,,,,,,,,,,,10601884000,1863318000,600000.0,18900000.0,,,3006404000.0,100989000.0,,,,,,,,,,,,,,,,-339236000.0,,-506711000.0,,-83985000.0,,251460000.0,,222398000.0,222398000.0,,,,,1.0,,,,,,,379708000,,,,,,,,,,,,,,,,,,,,,34519000,,398000.0,,268000.0,,,299696000,-224000.0,-18871000.0,13217000.0,800095000.0,15938000.0,,,84088000,,171660000.0,,,,,2297177000.0,431000000.0,,103000,,,2079832000,1434000.0,141000000.0,,,,,,1560098000,,,,,,,4522081000.0,,,,978038000,8752000,,,8800000.0,4832227000.0,,,,,,,,,,,,,-616000.0,17200000.0,,,400000.0,,,,1900000.0,,,17200000.0,,,964000.0,310295000,309331000,,,,,,,,
2014-08-28,False,303397106,,1395780000,23922000,427269000,,,-8808000,3027985000,,,,,,,,1700000.0,10825794000,3140631000,3000000.0,31996000,,,,,,,172474000,,,,,,,,,,265458000,251964000.0,,,,3268465000.0,,,,,,,,,,,,,,,,,,,,,,,,,,,,,,,,,,,21434000.0,,,,582883000.0,,,,,,,169498000,,3000000.0,,,0.83,0.83,0.381,,,,,,,,,,,10994000.0,10994000.0,,,,,,,,,,,,,,,,,,,,,,-18871000.0,4338589000,,1455574000,,,405928000.0,-5100000.0,154668000.0,,,4237000.0,,,,,,,,,104382000,,,38880000.0,-28469000.0,1162000.0,,61977000.0,29055000,235890000,,,1203904000,,22598000,,,-1294000.0,-4300000.0,,800000.0,2788872000,,,,,,,,,,,,,10825794000,1969418000,500000.0,19200000.0,,,2881217000.0,101013000.0,,,,,,,,,,,,,,,,-333092000.0,,-629294000.0,,-190722000.0,,486924000.0,,251260000.0,251260000.0,,,,,1.0,,,,,,,428526000,,,,,,,,,,,,,,,,,,,,,35707000,,704000.0,,450000.0,,,296283000,-3539000.0,-18871000.0,13217000.0,800095000.0,15996000.0,,,191414000,,175048000.0,,,,,2297177000.0,972000000.0,,692000,,,2106963000,26672000.0,782000000.0,,,,,,1811358000,,,,,,,4724039000.0,,,,1027048000,18320000,,,8700000.0,5095993000.0,,,,,,,,,,,,,-139000.0,17200000.0,,,400000.0,,,,2100000.0,,,17200000.0,,,873000.0,303888000,303015000,,,,,,,,
2014-12-04,False,303425920,,1394873000,33215000,442859000,,,-8153000,3038621000,,,,,,,,1000000.0,10877372000,3179132000,2200000.0,34961000,,,,,,,216155000,,,,,,,,,,265495000,236971000.0,,,,3300661000.0,,,,,,,,,,,,,,,,,,,,,,,,,,,,,,,,,,,38858000.0,,,,569055000.0,,,,,,,255759000,,2200000.0,,,0.78,0.78,0.365,,,,,,,,,,,11659000.0,11659000.0,,,,,,,,,,,,,,,,,,,,,,-18871000.0,4338589000,,1423748000,,,372308000.0,,135992000.0,,,,,,,,,,,,100510000,,,35944000.0,-14274000.0,1345000.0,,71035000.0,29479000,239302000,,,1202651000,,21835000,,,-1282000.0,-3500000.0,,2200000.0,2788996000,,,,,,,,,,,,,10877372000,2010846000,200000.0,10400000.0,,,2666022000.0,101041000.0,,,,,,,,,,,,,,,,-289411000.0,,-843009000.0,,-286949000.0,,840547000.0,,236316000.0,236316000.0,,,,,1.0,,,,,,,394143000,,,,,,,,,,,,,,,,,,,,,36428000,,655000.0,,428000.0,,,287812000,-7574000.0,-18871000.0,13217000.0,800095000.0,15996000.0,,,288537000,,173981000.0,,,,,2297177000.0,1023000000.0,,1588000,,,2120572000,51914000.0,1023000000.0,,,,,,2047674000,,,,,,,4724409000.0,,,,1029605000,27698000,,,3200000.0,5343637000.0,,,,,,,,,,,,,-201000.0,9400000.0,,,400000.0,,,,800000.0,,,9400000.0,,,1028000.0,304108000,303080000,,,,,,,,
2015-03-20,True,303415449,16890000000.0,1388154000,59400000,413760000,2500000.0,1637482000.0,-7327000,3048806000,,37338000.0,5047000.0,77300000.0,37338000.0,22780000.0,5800000.0,1200000.0,11224104000,3532609000,1200000.0,31586000,29800000.0,,3440000.0,7400000.0,5900000.0,10600000.0,579823000,,,,,,0.875,1000000000.0,303447000.0,303447000.0,265514000,1067928000.0,,35000000.0,,13107081000.0,58500000.0,,543089000.0,1245000.0,626150000.0,81816000.0,2740585000.0,20266000.0,-7697000.0,,,-10634000.0,810841000.0,,54600000.0,,-2937000.0,24385000.0,4318000.0,186828000.0,,,,183983000.0,87000.0,3463000.0,8842000.0,14866000.0,17623000.0,19360000.0,5146000.0,76197000.0,2845000.0,626858000.0,25268000.0,73188000.0,433328000.0,,601590000.0,1794000.0,,,302531000.0,13700000.0,335900000.0,342353000,,1200000.0,,,1.17,1.17,0.366,0.35,0.001,,,0.001,0.03,-0.004,0.011,78645000.0,55200000.0,12147000.0,12147000.0,,,,,18218000.0,16048000.0,,900000.0,200000.0,200000.0,200000.0,300000.0,2170000.0,,,,,,,,2392000.0,-18871000.0,4338589000,0.0,1565439000,1900000.0,,1680861000.0,,615516000.0,,631483000.0,,1453000.0,588303000.0,,,1351000.0,49819000.0,-6449000.0,18961000.0,97166000,,,17734000.0,12399000.0,1555000.0,,41635000.0,25048000,233559000,1199700000.0,1217918000.0,1201870000,200000.0,88232000,82447000.0,,-5130000.0,-2500000.0,95100000.0,4200000.0,2782521000,,,,,,,,,,,,43600000.0,11224104000,1987740000,3600000.0,10690000.0,,,2639427000.0,101158000.0,912131000.0,1020000.0,1025892000.0,601290000.0,101379000.0,101158000.0,,,,,,,,,8500000.0,74257000.0,,-868788000.0,,-371699000.0,,1314744000.0,,355371000.0,1065345000.0,,,,,1.0,,,40.0,,,11789.0,566716000,,,,,,,6626501000.0,793274000.0,584508000.0,648120000.0,703892000.0,751044000.0,3145663000.0,9099000.0,776103000.0,785202000.0,,1300000.0,128278000.0,55222000.0,34961000,,2583000.0,,1671000.0,,,285309000,-8551000.0,-18871000.0,13217000.0,800095000.0,15996000.0,,,373967000,1000000.0,170265000.0,,,,,2297177000.0,1023000000.0,,2268000,,3753557000.0,2116075000,78467000.0,1023000000.0,,,,,,2403045000,,2400000.0,,67200000.0,,281600000.0,4939059000.0,,81944000.0,140916000.0,4033414000,37338000,,,3000000.0,5710038000.0,,-1728000.0,,,,,,800095000.0,,17000000.0,,,-876000.0,9343000.0,8636000.0,743000.0,400000.0,51000.0,198000.0,62000.0,1000000.0,-1445000.0,1121000.0,9300000.0,1500000.0,,1048000.0,305681000,304633000,,,,,,,,
2015-06-02,False,297108500,,1435367000,108948000,393507000,,,-6569000,3070518000,,,,,,,,1100000.0,10956550000,3244900000,300000.0,38676000,,,,,,,225116000,,,,0.22,,,,,,260111000,253993000.0,,,,3419967000.0,,,,,,,,,,,,,,,,,,,,,,,,,,,,,,,,,,,33808000.0,,,,598248000.0,,,,,,,87152000,,300000.0,,,0.84,0.84,0.377,,,,,,,,,,,26317000.0,26317000.0,,,,,,,,,,,,,,,,,,,,,,,4338589000,,1498705000,,,406618000.0,,153383000.0,,,,,,,,,,,,40123000,,,10095000.0,75865000.0,282000.0,,-17976000.0,12241000,57103000,,,1201428000,,21576000,,,-1241000.0,-1600000.0,,400000.0,2839198000,,,,,,,,,,,,,10956550000,2072939000,,10800000.0,,,2614005000.0,101309000.0,,,,,,,,,,,,,,,,-354707000.0,,-598834000.0,,-99766000.0,,343893000.0,,253235000.0,253235000.0,,,,,1.0,,,,,,,428194000,,,,,,,,,,,,,,,,,,,,,36197000,,758000.0,,481000.0,,,285500000,-1407000.0,,,534654000.0,,66037000.0,,99929000,,180586000.0,,,,,,13000000.0,,163000,,,2135436000,25346000.0,13000000.0,,,,,,2061798000,,,,,,,4918672000.0,,,,1070511000,10125000,,,3000000.0,5385858000.0,,,,,,,,,,,,,-2000.0,9400000.0,,,400000.0,,,,1000000.0,,,9400000.0,,,887000.0,302089000,301202000,,,,,,,,
2015-08-27,False,294659578,,1536610000,41348000,443164000,,,-6214000,3085637000,,,,,,,,1000000.0,11195195000,3424847000,,46427000,,,,,,,180525000,,,,0.22,0.22,,,,,257968000,282704000.0,,,,3507749000.0,,,,,,,,,,,,,,,,,,,,,,,,,,,,,,,,,,,32306000.0,,,,578084000.0,,,,,,,174734000,,,,,0.95,0.95,0.38,,,,,,,,,,,27929000.0,27929000.0,,,,,,,,,,,,,,,,,,,,,,,4338589000,,1588155000,,,455113000.0,,172764000.0,,,14646000.0,,,,,,,,,133615000,,,32680000.0,-4769000.0,569000.0,,29237000.0,30754000,246793000,,,1201241000,,20699000,,,-593000.0,-1300000.0,,-1000000.0,3029731000,,,,,,,,,,,,,11195195000,2154763000,,11000000.0,,,2761794000.0,101335000.0,,,,,,,,,,,,,,,,-399298000.0,,-709556000.0,,-246794000.0,,557052000.0,,282349000.0,282349000.0,,,,,1.0,,,,,,,475812000,,,,,,,,,,,,,,,,,,,,,34661000,,355000.0,,238000.0,,,281620000,-7734000.0,,,734334000.0,,131204000.0,,247051000,,199945000.0,,,,,,445100000.0,,257000,,,2195857000,50605000.0,272100000.0,,,,,,2081543000,,,,,,,5095904000.0,,,,1112343000,19642000,,,3000000.0,5418934000.0,,,,,,,,,,,,,-1000.0,9400000.0,,,500000.0,,,,1100000.0,,,9400000.0,,,849000.0,296528000,295679000,,,,,,,,
2015-12-03,False,290934510,,1470107000,30462000,473528000,,,-6013000,3095790000,,,,,,,,1600000.0,11288293000,3488775000,,37659000,,,,,,,182514000,,,,0.22,0.22,,,,,254697000,253522000.0,,,,3530086000.0,,,,,,,3106690000.0,,,19151000.0,,,,,,,,,,,,,,,,,,,,,,,,,16128000.0,,,,568238000.0,,,,,,,263287000,,,,,0.87,0.86,0.37,,,,,,,,,,,28569000.0,28569000.0,,,,,,,,,,,,,,,,,,,,,,-326000.0,4338589000,,1536962000,,,402139000.0,,148818000.0,,,11877000.0,,,,,,,,,75880000,,,59026000.0,-12246000.0,1220000.0,,58701000.0,24242000,317273000,,,1201110000,,21394000,,,-330000.0,-1300000.0,,-1700000.0,3101908000,,,,,,,,,,,,43700000.0,11288293000,1991583000,,8300000.0,,,3105332000.0,1358000.0,,,,,,,,,,,,,,,,-397309000.0,,-791779000.0,,-386073000.0,,780543000.0,,253321000.0,253321000.0,,,,,1.0,,,,,,,423859000,,,,,,,,,,,,,,,,,,,,,22751000,,201000.0,,128000.0,,,279547000,-7130000.0,-326000.0,,1009411000.0,7011000.0,195169000.0,,386886000,,192476000.0,,,,,499220000.0,1302100000.0,,813000,,,2237068000,502120000.0,914100000.0,,,255.0,6100000.0,5600000.0,1999119000,,,,,,,5067048000.0,,,,1113103000,28890000,,,2600000.0,5343593000.0,,,,,,,,,,,,,-3000.0,7000000.0,,,500000.0,,,,800000.0,,,7000000.0,,,867000.0,292904000,292037000,,,,,,,,
2016-03-22,True,286468872,23660000000.0,1494225000,32870000,467122000,2800000.0,1906424000.0,-5807000,3107283000,,38547000.0,13698000.0,89300000.0,38547000.0,23513000.0,900000.0,1300000.0,11257885000,3432410000,,32020000,29800000.0,,,5900000.0,4800000.0,12400000.0,157947000,,,,0.22,0.25,0.875,1000000000.0,286694000.0,286694000.0,250855000,1166600000.0,,36700000.0,,14062471000.0,59500000.0,,590120000.0,1678000.0,675819000.0,84021000.0,2970554000.0,,6410000.0,18100000.0,,12125000.0,834040000.0,,57900000.0,57017000.0,5715000.0,22637000.0,3702000.0,195559000.0,,,,194085000.0,,9440000.0,8200000.0,19902000.0,17988000.0,20793000.0,8139000.0,72676000.0,1474000.0,,,72456000.0,433548000.0,,639955000.0,7417000.0,,,320619000.0,15000000.0,350600000.0,352431000,,,258328000.0,,1.3,1.3,0.371,0.35,-0.001,,,0.003,0.032,0.001,0.012,111191000.0,48200000.0,13698000.0,13698000.0,,,,,4379000.0,3085000.0,,300000.0,100000.0,200000.0,200000.0,200000.0,1294000.0,,,,,,,,,-326000.0,4338589000,0.0,1682269000,5900000.0,,1853024000.0,,687944000.0,,697357000.0,6843000.0,-1371000.0,648558000.0,,,4460000.0,59700000.0,-2037000.0,21366000.0,105637000,,,-12126000.0,-19675000.0,905000.0,,44949000.0,24626000,290001000,1199700000.0,1204079000.0,1200994000,1400000.0,86944000,76354000.0,,-2494000.0,,92900000.0,-2300000.0,3074153000,,,,,,,,,,,,38700000.0,11257885000,1995596000,,8700000.0,,,2969175000.0,1379000.0,1409835000.0,676980000.0,1020000.0,400892000.0,501290000.0,1379000.0,,,,,,,,,,-421876000.0,,-1296481000.0,,-503383000.0,,1377988000.0,,376175000.0,1165080000.0,,,,,1.0,,,43.0,,,12483.0,612429000,,,,,,,7229243000.0,866444000.0,632998000.0,720569000.0,783564000.0,831367000.0,3394301000.0,7793000.0,849115000.0,856908000.0,,,136987000.0,26731000.0,21830000,,1520000.0,,971000.0,,,275283000,-7797000.0,-326000.0,13217000.0,1299613000.0,6991000.0,258328000.0,,504806000,1000000.0,193467000.0,,,,,499220000.0,2034100000.0,,1423000,,4170486000.0,2264062000,502401000.0,1783100000.0,,,255.0,6100000.0,3500000.0,2025545000,,600000.0,,67200000.0,,281600000.0,5286938000.0,,82182000.0,137798000.0,4365797000,38547000,31142858.0,18556241.0,2600000.0,5377876000.0,,-6934000.0,,,,,,1299613000.0,,16500000.0,,,-3000.0,6964000.0,106000.0,743000.0,800000.0,373000.0,214000.0,17000.0,900000.0,-23000.0,2504000.0,7000000.0,-1400000.0,,881000.0,295211000,294330000,,,,,,,,
2016-05-26,False,283778285,,1447223000,122148000,440697000,,,-5607000,3124110000,,,,,,,,1600000.0,11316384000,3477346000,,40285000,,,,,,,187687000,,,,0.25,0.25,,,,,249096000,295324000.0,,,,3652818000.0,,,,,,,,,,,,,,,,,,,,,,,,,,,,,,,,,,,,,,,647626000.0,,,,,,,92324000,,,,,1.03,1.03,0.354,,,,,,,,,,,,,,,,,,,,,,,,,,,,,,,,,,,4338589000,,1612614000,,,456662000.0,,161538000.0,,,6827000.0,,,,,,,,,-55267000,,,-7541000.0,89294000.0,260000.0,,-21416000.0,16676000,-3476000,,,1200904000,,24081000,,,,,,-1400000.0,3072063000,,,,,,,,,,,,,11316384000,2011594000,,8800000.0,,,2989663000.0,1526000.0,,,,,,,,,,,,,,,,29740000.0,,-275568000.0,,-98645000.0,,403953000.0,,295124000.0,295124000.0,,,,,1.0,,,,,,,480743000,,,,,,,,,,,,,,,,,,,,,21464000,,200000.0,,130000.0,,,279118000,440000.0,,,230961000.0,,71308000.0,,98968000,,210769000.0,,,,,,751000000.0,,323000,,,2278081000,497000.0,731000000.0,,,,,,2020784000,,,,,,,5265432000.0,,,,1131871000,10253000,,,2600000.0,5388383000.0,,,,,,,,,,,,,,7000000.0,,,800000.0,,,,1000000.0,,,7000000.0,,,1092000.0,286978000,285886000,,,,,,,,
2016-08-25,False,281744265,,1720772000,22660000,474426000,,,-5406000,3136683000,,,,,,,,1300000.0,11617370000,3708051000,,44800000,,,,,,,185033000,,,,0.25,0.25,,,,,246983000,306719000.0,,,,3710124000.0,,,,,,,,,,,,,,,,,,,,,,,,,,,,,,,,,,,,,,,647372000.0,,,,,,,186942000,,,,,1.08,1.08,0.368,,,,,,,,,,,,,,,,,,,,,,,,,,,,,,,,,,,4338589000,,1681767000,,,484745000.0,,178227000.0,,,22985000.0,,,,,,,,,213767000,,,-7159000.0,-26352000.0,311000.0,,15135000.0,34535000,191682000,,,1200816000,,24352000,,,,,,-2900000.0,3270685000,,,,,,,,,,,,,11617370000,2719406000,,8500000.0,,,2556464000.0,501548000.0,,,,,,,,,,,,,,,,27086000.0,,-500862000.0,,-265386000.0,,793334000.0,,306518000.0,306518000.0,,,,,1.0,,,,,,,509097000,,,,,,,,,,,,,,,,,,,,,20795000,,201000.0,,128000.0,,,280767000,-2081000.0,,,454508000.0,,142161000.0,,267812000,,229348000.0,,,,,,1583000000.0,,2426000,,,2349119000,816000.0,1497000000.0,,,,,,2035101000,,,,,,,5391891000.0,,,,1172670000,19488000,,,2100000.0,5413361000.0,,,,,,,,,,,,,,6600000.0,,,900000.0,,,,1000000.0,,,6600000.0,,,986000.0,284116000,283130000,,,,,,,,
2016-12-01,False,276264260,,1948111000,5721000,504427000,,,-5206000,3144632000,,,,,,,,1900000.0,11917076000,3968512000,,46647000,,,,,,,200236000,,,,0.25,0.25,,,,,244457000,235515000.0,,,,3732519000.0,,,,,,,,,,,,,,,,,,,,,,,,,,,,,,,,,,,,,,,637135000.0,,,,,,,282386000,,,,,0.84,0.84,0.362,,,,,,,,,,,,,,,,,,,,,,,,,,,,,,,,,,-326000.0,4338589000,,1587510000,,,369114000.0,,133799000.0,,,54586000.0,,,,,,,,,439259000,,,3207000.0,-74892000.0,456000.0,,50683000.0,30471000,405456000,,,1200734000,,23877000,,,,,,-3800000.0,3488247000,,,,,,,,,,,,,11917076000,2959739000,,8200000.0,,,2673210000.0,501480000.0,,,,,,,,,,,,,,,,42289000.0,,-680559000.0,,-401566000.0,,1124414000.0,,235315000.0,235315000.0,,,,,1.0,,,,,,,392991000,,,,,,,,,,,,,,,,,,,,,20778000,,200000.0,,129000.0,,,285140000,-1935000.0,-326000.0,,679416000.0,7011000.0,212249000.0,,405899000,,225443000.0,,,,,499220000.0,1584000000.0,453000000.0,4333000,,,2388463000,1302000.0,1835000000.0,,,,,,1977969000,,,,,,,5320029000.0,,,,1194519000,27676000,,,5200000.0,5361852000.0,,,,,,,,,,,,,,6300000.0,,,900000.0,,,,1000000.0,,,6300000.0,,,842000.0,281283000,280441000,,,,,,,,
2017-03-24,True,275095294,26700000000.0,1557596000,63393000,500866000,3400000.0,2160546000.0,-4990000,3154606000,,36967000.0,13698000.0,82700000.0,36967000.0,22550000.0,300000.0,1700000.0,11672298000,3677771000,,38914000,29800000.0,,,4500000.0,3600000.0,14300000.0,187915000,,,,0.25,0.26,0.875,1000000000.0,275212000.0,275212000.0,240811000,1251950000.0,,35900000.0,,15203960000.0,73900000.0,,613009000.0,135000.0,702134000.0,88990000.0,3211526000.0,,11053000.0,14094000.0,,12361000.0,844719000.0,,61100000.0,61082000.0,1308000.0,20872000.0,3175000.0,191878000.0,,,,191878000.0,,12591000.0,7626000.0,15170000.0,18908000.0,24077000.0,6958000.0,72990000.0,1474000.0,,,65844000.0,434045000.0,,652841000.0,10400000.0,,,334430000.0,16000000.0,378300000.0,379931000,,,281147000.0,,1.5,1.49,0.363,0.35,-0.001,,0.005,-0.001,0.031,0.001,0.01,91243000.0,53700000.0,,,,,,,3658000.0,2699000.0,,,,,,,959000.0,,,,,,,,,-326000.0,4338589000,0.0,1900747000,6300000.0,,1965628000.0,,714495000.0,,679633000.0,11050000.0,-1474000.0,687969000.0,,-9915000.0,-1140000.0,60168000.0,-2161000.0,18952000.0,56477000,,,-12359000.0,26316000.0,500000.0,,42937000.0,25046000,171908000,1199700000.0,1203358000.0,1200659000,1400000.0,97821000,92952000.0,,,,80700000.0,-12200000.0,3258785000,,,,,,,,,,,,,11672298000,2622805000,,4800000.0,,,2710576000.0,500950000.0,1407758000.0,883000.0,425980000.0,1020000.0,400892000.0,991450000.0,,,,,,,,,,29968000.0,,-1024137000.0,,-550936000.0,,1605041000.0,,414176000.0,1251133000.0,,,,,1.0,,,43.0,,,13320.0,680618000,,,,,,,8123628000.0,961786000.0,718300000.0,792435000.0,870751000.0,924169000.0,3856187000.0,6748000.0,935663000.0,942411000.0,,,149284000.0,31698000.0,20823000,,817000.0,,527000.0,,,279782000,3625000.0,-326000.0,,990474000.0,6991000.0,281135000.0,,560296000,1000000.0,220021000.0,,,,,499220000.0,1584000000.0,490500000.0,9360000,,4595002000.0,2434456000,3138000.0,1835000000.0,,,,6100000.0,,2015867000,,500000.0,,,,,6009246000.0,,85240000.0,137743000.0,4719189000,36967000,31142858.0,17691607.0,2200000.0,5406294000.0,,-11122000.0,,,,,,990474000.0,,13500000.0,,,,3117000.0,1435000.0,52000.0,900000.0,50000.0,41000.0,52000.0,800000.0,-31000.0,2453000.0,3100000.0,-1500000.0,,944000.0,282261000,281317000,,,,,,,,
2017-06-01,False,274225125,,1622776000,208972000,459105000,,,-4789000,3157322000,,,,,,,,2600000.0,11796355000,3748949000,,47464000,,,,,,,205977000,,,,0.26,0.26,,,,,239947000,279690000.0,,,,3910642000.0,,,,,,,3033278000.0,,,18894000.0,,,,,,,,,,,,,,,,,,,,,,,,,,,,,662485000.0,,,,,,,98586000,,,,,1.02,1.02,0.372,,,,,,,,,,,,,,,,,,,,,,,,,,,,,,,,,,-3502000.0,4338589000,,1698983000,,,445289000.0,,165800000.0,,,10492000.0,,,,,,,,,56630000,,,-9516000.0,146137000.0,143000.0,,-39511000.0,12342000,42456000,,,1200597000,,25004000,,,,,,800000.0,3300082000,,,,,,,,,,,,,11796355000,2692041000,,4900000.0,,,2632090000.0,401188000.0,2007069000.0,919000.0,175949000.0,1059000.0,995000.0,868888000.0,,,,,,,,,,18062000.0,,-349012000.0,,-143388000.0,,510462000.0,,279489000.0,279489000.0,,,,,1.0,,,,,,,473795000,,,,,,,,,,,,,,,,,,,,,20928000,,201000.0,,128000.0,,,280858000,-2122000.0,-3502000.0,,88755000.0,,71294000.0,,143519000,,232398000.0,,,,,599556000.0,751000000.0,-22800000.0,131000,,,2487292000,750275000.0,731000000.0,,,,,,2136401000,,,,,,,5609625000.0,,,,1225188000,8932000,,,2200000.0,5528881000.0,,,,,,,,,,,,,,3100000.0,,,900000.0,,,,900000.0,,,3100000.0,,,523000.0,275215000,274692000,,,,,,,,
2017-08-31,False,273259005,,1880668000,3658000,521027000,,,-4584000,3166518000,,,,,,,,2600000.0,12120824000,3979991000,,69912000,,,,,,,214173000,26258000.0,,,0.26,0.26,,,,,239101000,294988000.0,,,,4037783000.0,,,,,,,3084507000.0,,,18148000.0,,,,,,,,,,,,,,,,,,,,,,,,,,,,,659844000.0,,,,,,,197616000,,,,,1.08,1.08,0.372,,,,,,,,,,,,,,,,,,,,,,,,,,,,,,,,,,-3502000.0,4338589000,,1790522000,,,469398000.0,,174615000.0,,,44255000.0,,,,,,,,,292074000,,,-6750000.0,-92940000.0,1368000.0,,26751000.0,43240000,205385000,,,1200537000,,23748000,,,,,,-500000.0,3463004000,,,,,,,,,,,,,12120824000,2806755000,,4800000.0,,,2683105000.0,401402000.0,,,,,,,,,,,,,,,,,-446265000.0,,-313707000.0,,786230000.0,,,294783000.0,294783000.0,,,,,1.0,,,,,,,493146000,,,,,,,,,,,,,,,,,,,,,26891000,,205000.0,,125000.0,,,284025000,-11359000.0,-3502000.0,,163736000.0,,142339000.0,,314050000,,258559000.0,,,,,599556000.0,1583000000.0,25000000.0,343000,,,2574816000,750584000.0,1497000000.0,,,,,,2286060000,,,,,,,5828305000.0,,,,1297376000,16839000,,,2200000.0,5687095000.0,,,,,,,,,,,,,,3100000.0,,,800000.0,,,,900000.0,,,3100000.0,,,442000.0,274132000,273690000,,,,,,,,
2017-12-07,False,271563597,,1978032000,4646000,553596000,,,-4383000,3176406000,,,,,,,,2500000.0,12374756000,4153334000,,75249000,,,,,,,226192000,38277000.0,,,0.26,0.26,,,,,237598000,252734000.0,,,,4137150000.0,,,,,,,3121100000.0,,,17334000.0,,,,,,,,,,,,,,,,,,,,,,,,,,,,,690795000.0,,,,,,,298571000,,,,,0.93,0.93,0.358,,,,,,,,,,,,,,,,,,,,,,,,,,,,,,,,,,-3502000.0,4338589000,,1766456000,,,393436000.0,,140903000.0,,,99678000.0,,,,,,,,,384101000,,,-37573000.0,-147375000.0,1645000.0,,58901000.0,15198000,340090000,,,1200481000,,23995000,,,,,,500000.0,3597195000,,,,,,,,,,,,,12374756000,2937806000,,2900000.0,,,2719568000.0,401532000.0,,,,,,,,,,,,,,,,,-616992000.0,,-487611000.0,,1142880000.0,,252533000.0,,252533000.0,,,,,1.0,,,,,,,417431000,,,,,,,,,,,,,,,,,,,,,27416000,,201000.0,,128000.0,,,282432000,-12787000.0,-3502000.0,,298735000.0,,212934000.0,,488616000,,230269000.0,,,,,599556000.0,1584000000.0,59400000.0,1005000,826805000.0,,2654936000,751927000.0,1835000000.0,,,,,,2334534000,,,,,,,5903606000.0,,,,1349025000,24948000,,,300000.0,5744155000.0,,,,,,,,,,,,,,1300000.0,,,800000.0,,,,800000.0,,,1300000.0,,,562000.0,272881000,272319000,,,,,,,,
2018-03-23,True,268741400,18100000000.0,2009771000,4104000,549658000,4200000.0,2474010000.0,-4181000,3196462000,,34323000.0,13698000.0,68800000.0,34323000.0,21373000.0,,2100000.0,12516911000,4247852000,,63178000,36200000.0,,,15200000.0,12300000.0,12400000.0,267441000,79526000.0,,,0.26,,0.875,1000000000.0,268733000.0,268733000.0,235141000,1539769000.0,,33800000.0,,16249608000.0,90400000.0,,426933000.0,105000.0,506049000.0,79011000.0,3005958000.0,,-159728000.0,16515000.0,-22000.0,-137729000.0,600826000.0,,65900000.0,65856000.0,22021000.0,12847000.0,1765000.0,89559000.0,,,,85124000.0,602000.0,3900000.0,6522000.0,6394000.0,13442000.0,23418000.0,3324000.0,8630000.0,4435000.0,,,46244000.0,269820000.0,,515702000.0,6672000.0,,22875000.0,255215000.0,17500000.0,403300000.0,404231000,,,282941000.0,,2.63,2.63,0.193,0.337,0.002,,0.001,0.001,0.032,0.001,0.014,118755000.0,60600000.0,,,,,,,,,,,,,,,,,,,,,,,,-3502000.0,4338589000,0.0,1965398000,7800000.0,,1907280000.0,,368320000.0,,660510000.0,108265000.0,4435000.0,643326000.0,,-2227000.0,937000.0,61201000.0,-1837000.0,26759000.0,427911000,,,137648000.0,-156504000.0,1633000.0,,75647000.0,49406000,348363000,,,1200428000,2000000.0,97036000,,88749000.0,,,78500000.0,-2200000.0,3609025000,,,,,,,,,,,,,12516911000,2964878000,,2500000.0,,,2604613000.0,401345000.0,2010699000.0,1791000.0,1913000.0,176958000.0,1950000.0,831545000.0,,,,,,,,,,,-1077554000.0,,-645028000.0,,1802108000.0,,712155000.0,,1538960000.0,,,,,1.0,,,44.0,,,14534.0,623446000,,,,,,,9108164000.0,1088538000.0,825846000.0,897913000.0,969829000.0,1041729000.0,4284309000.0,5532000.0,1075984000.0,1081516000.0,,17600000.0,171041000.0,36877000.0,28760000,,809000.0,,509000.0,,,305944000,-11088000.0,-3502000.0,,579712000.0,9524000.0,282931000.0,,646456000,1000000.0,263121000.0,,,,,599556000.0,1584000000.0,-60300000.0,1428000,1538960000.0,5175292000.0,2701282000,752676000.0,1835000000.0,,,,,,2698352000,,,,,,,6129431000.0,,95411000.0,134256000.0,5213541000,34323000,31142858.0,,,6125774000.0,,-8041000.0,,,,,,579712000.0,,10600000.0,,,,1041000.0,1435000.0,52000.0,800000.0,-9000.0,66000.0,27000.0,700000.0,-123000.0,2169000.0,1000000.0,-1500000.0,,611000.0,273362000,272751000,,,,,,,,
2018-05-31,False,267557504,,2018320000,9752000,495371000,,,-3938000,3210527000,,,,,,,,900000.0,12493230000,4166036000,,66684000,,,,,,,283970000,16529000.0,,,0.29,,,,,,234109000,365095000.0,,,4252214000.0,,,,,,,,2864386000.0,,,20157000.0,,,,,,,,,,,,,,,,,,,,,,,,,,,,,565150000.0,,,,,,,109335000,,,,,1.36,1.36,0.216,0.21,,,,,,,,,,,,,,,,,,,,,,,,,,,,,,,,,-3502000.0,4338589000,,1862249000,,,465411000.0,,100559000.0,,,28637000.0,,,,,,,,,5043000,,,-8046000.0,85276000.0,176000.0,,-55124000.0,-3294000,-12356000,,,1200375000,,24773000,,,,,,2100000.0,3594529000,,,,,,,,,,,,,12493230000,2525332000,,2600000.0,,,2862497000.0,1889000.0,1609873000.0,901663000.0,1962000.0,176940000.0,2000000.0,194889000.0,,,,,,,,,,,-368120000.0,,-163999000.0,,548648000.0,,364852000.0,,364852000.0,,,,,1.0,,,,,,,490184000,,,,,,,,,,,,,,,,,,,,,29861000,,243000.0,,86000.0,,,303933000,-3340000.0,-3502000.0,,150001000.0,,77657000.0,,164630000,,258900000.0,,,,,499495000.0,,-237200000.0,631000,364852000.0,,2758369000,400330000.0,,,,,,,2795620000,6114463000.0,,,,,,,,,,1372065000,12406000,,,,6236318000.0,,,,,,,,,,,,,,1100000.0,,,800000.0,,,,700000.0,,,1100000.0,,,868000.0,269135000,268267000,,,,,,,,
2018-08-30,False,265534401,,2294996000,7250000,611389000,,,-3695000,3222233000,,,,,,,,900000.0,12943949000,4517826000,,77541000,,,,,,,265288000,-2153000.0,,,0.29,,,,,,232340000,407481000.0,,,4468436000.0,,,,,,,,2778720000.0,,,18386000.0,,,,,,,,,,,,,,,,,,,,,,,,,,,,,569690000.0,,,,,,,221511000,,,,,1.53,1.52,0.215,0.21,,,,,,,,,,,,,,,,,,,,,,,,,,,,,,,,,-1019000.0,4338589000,,1974873000,,,519006000.0,,111769000.0,,,68353000.0,,,,,,,,,270862000,,,-12500000.0,43058000.0,84000.0,,61096000.0,25727000,292934000,,,1200322000,,25451000,,,,,,3400000.0,3896432000,,,,,,,,,,,,,12943949000,2915544000,,2800000.0,,,2776811000.0,1909000.0,,,,,,,,,,,,,,,,,-729823000.0,,-369619000.0,,1097289000.0,,407237000.0,,407237000.0,,,,,1.0,,,,,,,545476000,,,,,,,,,,,,,,,,,,,,,29938000,,244000.0,,86000.0,,,302962000,-12120000.0,-1019000.0,,349538000.0,,154708000.0,,370968000,,287753000.0,,,,,499495000.0,,-149400000.0,1349000,772089000.0,,2857274000,575664000.0,,,,,,,2928064000,6443309000.0,,,,,,,,,,1429397000,21779000,,,,6378942000.0,,,,,,,,,,,,,,1100000.0,,,900000.0,,,,800000.0,,,1100000.0,,,769000.0,267226000,266457000,,,,,,,,
2018-12-04,False,262884331,,2336772000,4837000,638644000,,,-3451000,3239170000,,,,,,,,700000.0,13121021000,4630344000,,79627000,,,,,,,260688000,,260688000.0,-6753000.0,0.29,,,,,,230022000,334385000.0,,,4522403000.0,,,,,,,,2904368000.0,,,17723000.0,,,,,,,,,,,,,,,,,,,,,,,,,,,,,583066000.0,,,,,,,336363000,,,,,1.26,1.26,0.2,0.21,,,,,,,,,,,,,,,,,,,,,,,,,,,,,,,,,-1019000.0,4338589000,,1895059000,,,417557000.0,,83415000.0,,,114647000.0,,,,,,,,,310552000,,,-25790000.0,-5649000.0,339000.0,,84008000.0,13559000,388113000,,,1200270000,,24586000,,,,,,12500000.0,3979105000,,,,,,,,,,,,,13121021000,2982182000,,2800000.0,,,2902439000.0,1929000.0,,,,,,,,,,,,,,,,,-971789000.0,,-549081000.0,,1514117000.0,,334142000.0,,334142000.0,,,,,1.0,,,,,,,442143000,,,,,,,,,,,,,,,,,,,,,29875000,,243000.0,,86000.0,,,297446000,-26623000.0,-1019000.0,,647502000.0,,231228000.0,,550916000,,275904000.0,,,,,499495000.0,,-23200000.0,1835000,1106231000.0,,2921943000,576977000.0,,,,,,,2890147000,6417462000.0,,,,,,,,,,1452916000,31191000,,,,6355888000.0,,,,,,,,,,,,,,1100000.0,,,900000.0,,,,800000.0,,,1100000.0,,,1032000.0,265522000,264490000,,,,,,,,
2019-03-22,True,259518801,23200000000.0,2385469000,10033000,618405000,5200000.0,2548171000.0,-3207000,3252421000,,40879000.0,,70500000.0,40879000.0,30618000.0,,800000.0,13204038000,4663020000,,63662000,36200000.0,,,13300000.0,11000000.0,14300000.0,235487000,,235487000.0,-31954000.0,0.29,,0.875,1000000000.0,259511000.0,259511000.0,227072000,1590446000.0,,35000000.0,17821173000.0,,99500000.0,-41316000.0,320361000.0,159000.0,373611000.0,53091000.0,2864690000.0,,48262000.0,17055000.0,-38000.0,52333000.0,701818000.0,,70100000.0,70139000.0,4109000.0,11649000.0,1421000.0,96564000.0,,,,92131000.0,598000.0,3942000.0,6490000.0,15219000.0,15713000.0,22668000.0,3278000.0,6869000.0,4433000.0,,,56221000.0,308793000.0,,609687000.0,1590000.0,,12639000.0,322575000.0,20200000.0,454100000.0,454134000,,,306562000.0,,1.85,1.84,0.211,0.21,0.002,,0.002,-0.001,0.022,-0.002,0.014,121375000.0,65100000.0,,,,,,,,,,,,,,,,,,,,,,,,-1019000.0,4338589000,0.0,2071689000,4100000.0,,2015416000.0,,425944000.0,,313457000.0,57804000.0,4435000.0,423237000.0,,-3682000.0,-2419000.0,44584000.0,3952000.0,27506000.0,375214000,,,-52325000.0,56390000.0,152000.0,,65857000.0,12097000,521342000,,,1200217000,3700000.0,99871000,,98012000.0,,,103700000.0,25200000.0,4097004000,,,,,,,,,,,,,13204038000,3015857000,,6700000.0,,,2862740000.0,1950000.0,1608307000.0,901418000.0,1791000.0,1913000.0,1958000.0,368850000.0,,,,,,,,,,,-1443901000.0,,-731603000.0,,2143550000.0,,483241000.0,,1589472000.0,,,,,1.0,,,44.0,,,15370.0,638503000,,,,,,,9846283000.0,1185608000.0,928989000.0,1004124000.0,1073768000.0,1135292000.0,4518502000.0,4656000.0,1154429000.0,1159085000.0,,17200000.0,205709000.0,57897000.0,31406000,,974000.0,,344000.0,,,298361000,-41851000.0,-1019000.0,,1007494000.0,4384000.0,306523000.0,,734380000,,272725000.0,,,,,499495000.0,1584000000.0,-63300000.0,2777000,1589472000.0,5518977000.0,2970806000,577321000.0,1835000000.0,,,,,,2941107000,6649809000.0,,,,,,,,107380000.0,130022000.0,5687564000,40879000,31142858.0,,,6417393000.0,,-15666000.0,,,,,,1007494000.0,,8200000.0,,,,4960000.0,1435000.0,90000.0,900000.0,33000.0,95000.0,3914000.0,800000.0,133000.0,2169000.0,5000000.0,-1500000.0,,950000.0,266105000,265155000,,,,,,,,
2019-05-30,False,258322808,,2452898000,48787000,560007000,,,-3864000,3275917000,,13631000.0,,,,,,600000.0,21304284000,4583769000,,91384000,,,,,,,271111000,,271111000.0,35624000.0,0.32,,,,,,226032000,385257000.0,,,4620909000.0,,,28830000.0,,,,,2732660000.0,,,16383000.0,,,,,,,,,,,,,,,,,,,,,,,,,,,,,629864000.0,,,,,,,122485000,,,82756000.0,,1.49,1.48,0.208,,,,,,,,,,,,,,,,,,,,,,,,,,,,,,,,,,,4338589000,,2002276000,,,486304000.0,,101291000.0,,,25164000.0,,,,,,,,,39707000,,-47679000.0,-10303000.0,71394000.0,2542000.0,,,7392000,14252000,,,1200164000,,25933000,,,,,,3400000.0,4109759000,,,10105528000.0,4803513000.0,,982135000.0,1061229000.0,1134275000.0,1195237000.0,929139000.0,1972114000.0,,21304284000,3956716000,,6800000.0,,,2732105000.0,555000.0,,,,,,,,,,,,,,,,,-394267000.0,,-144304000.0,,574195000.0,,385013000.0,,385013000.0,,,,,1.0,,,,,,,512237000,308100000.0,8133414000.0,894469000.0,7238945000.0,310200000.0,8140326000.0,,,,,,,,,,,0.044,,,,33011000,,244000.0,,86000.0,,,173985000,-3527000.0,,,199986000.0,,82756000.0,,144757000,,177735000.0,,,,,499495000.0,,-121300000.0,453000,385013000.0,,3008425000,525000.0,,,,,,,3074584000,6623185000.0,,358806000.0,,,,,,,,1490039000,13631000,,,,6572669000.0,,-10300000.0,,,,,,199986000.0,,,,,,5000000.0,,,900000.0,,,,900000.0,,,5000000.0,,9100000.0,1244000.0,260265000,259021000,,,,,,,,
2019-08-29,False,257068296,,2727079000,3310000,666251000,,,-3621000,3292902000,,10874000.0,,,,,,600000.0,21917529000,4919138000,,82055000,,,,,,,259568000,,259568000.0,24081000.0,0.32,,,,,,224935000,426798000.0,,,4832817000.0,,,28830000.0,,,,,2574038000.0,,,15704000.0,,,,627765000.0,,,,,,,,,,,,,,,,,,,,,,,,,,,,,,,,245908000,,,82391000.0,,1.65,1.65,0.229,,,,,,,,,,,,,,,,,,,,,,,,,,,,,,,,,,-1019000.0,4338589000,,2148936000,,,552965000.0,,126410000.0,,,61692000.0,,,,,,,,,323217000,,58614000.0,-8118000.0,-10611000.0,5198000.0,,,8516000,321085000,,,1200111000,,24810000,,,,,,3200000.0,4419628000,,,10386146000.0,5180000000.0,,1037980000.0,1112780000.0,1182516000.0,1238277000.0,634593000.0,1990200000.0,,21917529000,4312270000,,6900000.0,,,2573483000.0,555000.0,,,,,,,,,,,,,,,,,-814847000.0,,-291593000.0,,1130521000.0,,426555000.0,,426555000.0,,,,,1.0,,,,,,,577775000,622400000.0,8395946000.0,915075000.0,7480871000.0,626300000.0,8405346000.0,,,,,,,,,,,0.044,,,,33939000,,243000.0,,86000.0,,,173980000,-4001000.0,-1019000.0,,384974000.0,,165136000.0,,293060000,,178250000.0,,,,,499495000.0,,-280700000.0,1467000,811568000.0,,3020406000,525000.0,,,,,,,3234944000,6981753000.0,,847498000.0,,,,,,,,1571161000,24505000,,,,6749160000.0,,-6198000.0,,,,,,184988000.0,,,,,,5000000.0,,,900000.0,,,,1000000.0,,,5000000.0,,120000000.0,1309000.0,259102000,257793000,,,,,,,,
2019-12-05,False,254600137,,2844171000,3341000,717467000,,,-3378000,3308160000,,11100000.0,,,,,,100000.0,22412790000,5068542000,,96950000,,,,,,,276076000,,276076000.0,40589000.0,0.32,,,,,,222775000,365793000.0,,,4926307000.0,,,28830000.0,,,,,2763045000.0,,,16698000.0,,,,634041000.0,,,,,,,,,,,,,,,,,,,,,,,,,,,,,,,,372378000,,,81640000.0,,1.43,1.42,0.217,,,,,,,,,,,,,,,,,,,,,,,,,,,,,,,,,,-1019000.0,4338589000,,2065086000,,,467153000.0,,101603000.0,,,103188000.0,,,,,,,,,425414000,,108906000.0,-14308000.0,-52076000.0,5723000.0,,,24345000,401006000,,,1200059000,,24264000,,,,,,3200000.0,4496377000,,,10626795000.0,5551316000.0,,1089967000.0,1158951000.0,1224926000.0,1276770000.0,324865000.0,1997368000.0,,22412790000,4506038000,,5400000.0,,,2762490000.0,555000.0,,,,,,,,,,,,,,,,,-1104380000.0,,-516141000.0,,1661110000.0,,365550000.0,,365550000.0,,,,,1.0,,,,,,,491417000,944800000.0,8629427000.0,940504000.0,7688923000.0,949000000.0,8639378000.0,,,,,,,,,,,0.043,,,,35149000,,243000.0,,86000.0,,,173003000,-10531000.0,-1019000.0,,785301000.0,,246776000.0,,518051000,,192901000.0,,,,,499495000.0,,-90800000.0,1910000,1177118000.0,,3131073000,525000.0,,,,,,,3120738000,6991393000.0,,1311734000.0,,,,,,,,1573669000,35605000,,,,6648295000.0,,-4209000.0,,,,,,400327000.0,,,,,,5000000.0,,,0.0,,,,400000.0,,,5000000.0,,180700000.0,1658000.0,257699000,256041000,,,,,,,,
2020-03-19,True,251941312,34300000000.0,2860682000,8362000,709156000,,2819611000.0,-3135000,3322531000,,48589000.0,,91000000.0,48589000.0,36393000.0,,300000.0,22825084000,5177868000,,110248000,,,,,,,240320000,,240320000.0,4833000.0,0.32,,0.875,1000000000.0,251936000.0,251936000.0,220444000,1713528000.0,,34700000.0,19264912000.0,,101900000.0,28830000.0,368451000.0,102000.0,433768000.0,65215000.0,2911993000.0,,45966000.0,16012000.0,-15000.0,55407000.0,2915643000.0,675227000.0,70100000.0,70139000.0,9456000.0,11649000.0,1076000.0,2244493000.0,,,,2240416000.0,555000.0,3702000.0,7556000.0,16721000.0,16321000.0,401000.0,16788000.0,5895000.0,4077000.0,,,59075000.0,310862000.0,2143996000.0,,697000.0,,11933000.0,389080000.0,25000000.0,500400000.0,504804000,,,327578000.0,,2.11,2.1,0.222,0.21,0.0,,0.003,0.0,0.028,0.0,0.013,135492000.0,76100000.0,,,,,,,,,,,,,,,,,,,,,,,,-1019000.0,4338589000,0.0,2272763000,3600000.0,,2201730000.0,,489175000.0,,457119000.0,76537000.0,,462364000.0,,-6177000.0,689000.0,60936000.0,-513000.0,27768000.0,428627000,,100322000.0,-55407000.0,-20404000.0,6959000.0,,,14453000,578783000,,,1200006000,2700000.0,100574000,,100033000.0,,,110700000.0,7000000.0,4676848000,,31000000.0,10769061000.0,4806745000.0,,1052032000.0,1132968000.0,1200056000.0,1264655000.0,1312605000.0,1984573000.0,,22825084000,4543560000,,5500000.0,,,2911438000.0,555000.0,,,,,,,,1601850000.0,425755000.0,665000.0,900635000.0,610000.0,580000.0,,,,-1450680000.0,,-782485000.0,,2237998000.0,,535437000.0,,1712555000.0,,,,,1.0,,,44.0,,,16278.0,720875000,1270000000.0,8784488000.0,964805000.0,7819683000.0,1280000000.0,8796183000.0,,,,,,,,4656000.0,1154429000.0,1159085000.0,0.042,15600000.0,271717000.0,41395000.0,34079000,,973000.0,,345000.0,,,172676000,-8293000.0,-1019000.0,,1200376000.0,1675000.0,327568000.0,,784843000,,184163000.0,,,,,499495000.0,,58300000.0,2358000,1712555000.0,6097970000.0,3278359000,1465000.0,,,,,,,3162660000,7157642000.0,,1705988000.0,,,,,,109291000.0,131281000.0,6186757000,48589000,31142858.0,,,6702500000.0,,-22114000.0,,,,,,1200376000.0,,7500000.0,-12222000.0,,,5090000.0,1109000.0,90000.0,0.0,-882000.0,95000.0,1239000.0,400000.0,-406000.0,2169000.0,5100000.0,-356000.0,230000000.0,1500000.0,258053000,256553000,,,,,,,,
2020-05-28,False,251721828,,2954361000,105865000,791368000,,,-2892000,3332283000,,18968000.0,,,,,,700000.0,24848313000,6992483000,,93801000,,,,,,,2673912000,,2673912000.0,2433592000.0,0.36,,,,,,220259000,650689000.0,,,5852757000.0,,,28830000.0,,,,,,,,28879000.0,,,,700098000.0,,,,,,,,,,,,,,,,,,,,,,,,,,,,,,,,137655000,,,90617000.0,,2.58,2.56,0.222,,,,,,,,,,,,,,,,,,,,,,,,,,,,,,,,,,,4338589000,,2595692000,,,836291000.0,,185845000.0,,,17191000.0,,,,,,,,,110126000,,81113000.0,-24784000.0,156849000.0,1086000.0,,,12000000,-567902000,,,1199961000,,30493000,,,,,,1600000.0,4107331000,,,,,,,,,,,,,24848313000,4843228000,,5500000.0,,3967801000.0,,,,,,,,,580000.0,,,,,,,3967221000.0,,,892234000.0,,-194968000.0,,1736326000.0,,650446000.0,,650446000.0,,,,,1.0,,,,,,,866784000,336500000.0,,991054000.0,7956759000.0,337100000.0,8960805000.0,,,,,,,,,,,0.042,,,,36334000,,243000.0,,87000.0,,,171553000,-1569000.0,,,63080000.0,13623000.0,90617000.0,,195434000,,194049000.0,,,,,1494315000.0,300000000.0,-425200000.0,466000,650446000.0,,3320141000,,300000000.0,,555000.0,,,,3659804000,8448449000.0,,418239000.0,,,,,,,,1728908000,18968000,,,,7209454000.0,,9006000.0,,,,,,63080000.0,,,,,,5000000.0,,,0.0,,,,500000.0,,,5000000.0,,,1847000.0,253627000,251780000,,,,,,,,
2020-08-27,False,249033698,,3400642000,16246000,978567000,,,-2649000,3381819000,,15509000.0,,,,,,0.0,25847433000,7597408000,,89290000,,,,,,,2959604000,,2959604000.0,2719284000.0,0.36,,,,,,217906000,787844000.0,,,5866006000.0,,,28830000.0,,,,,,,,27941000.0,,,,689893000.0,,,,,,,,,,,,,,,,,,,,,,,,,,,,,,,,278617000,,,89659000.0,,3.15,3.12,0.215,,,,,,,,,,,,,,,,,,,,,,,,,,,,,,,,,,,4338589000,,2818235000,,,1003301000.0,,215700000.0,,,36176000.0,,,,,,,,,560918000,,273208000.0,-14493000.0,48245000.0,3567000.0,,,27237000,-283957000,,,1199931000,,39326000,,,,,,100000.0,4391157000,,,,,,,,,,,,,25847433000,5411188000,,5600000.0,,4089001000.0,,,,,,,,,,,,,,,,,,,235065000.0,,-423116000.0,,2907335000.0,,787601000.0,,787601000.0,,,,,1.0,,,,,,,1042627000,678600000.0,,1015733000.0,8124884000.0,680400000.0,9154789000.0,,,,,,,,,,,0.041,,,,35718000,,243000.0,,86000.0,,,176396000,-6177000.0,,,664616000.0,13574000.0,180268000.0,,424167000,,210471000.0,,,,,1494315000.0,300000000.0,-425200000.0,1051000,1438047000.0,,3520998000,,300000000.0,,1037000.0,,,,3758995000,8684241000.0,,869137000.0,,,,,,,,1775608000,34477000,,,,7356071000.0,,-34459000.0,,,,,,601536000.0,,,,,,5100000.0,,,0.0,,,,500000.0,,,5100000.0,,,1909000.0,252190000,250281000,,,,,,,,
2020-12-03,False,245000903,,3770528000,10713000,1060602000,,,-2406000,3426729000,,16889000.0,,,,,,100000.0,26153442000,7533432000,,100288000,,,,,,,2199443000,,2199443000.0,1959123000.0,0.36,,,,,,214375000,574503000.0,,,5631385000.0,,,,,,,,,,,27043000.0,,,,686694000.0,,,,,,,,,,,,,,,,,,,,,,,,,,,,,,,,424466000,,,88362000.0,,2.32,2.31,0.216,,,,,,,,,,,,,,,,,,,,,,,,,,,,,,,,,,,4338589000,,2568240000,,,732832000.0,,158572000.0,,,111139000.0,,,,,,,,,919806000,,357320000.0,-11207000.0,-32251000.0,4161000.0,,,13525000,352261000,,,1199900000,,40298000,,,,,,1600000.0,5025810000,,,,,,,,,,,,,26153442000,5886211000,,5900000.0,,4131573000.0,,,,,,,,,,,,,,,,,,,-728406000.0,,-696011000.0,,3383540000.0,,574260000.0,,574260000.0,,,,,1.0,,,,,,,773130000,1030000000.0,,1044368000.0,8285027000.0,1030000000.0,9343375000.0,,,,,,,,,,,0.04,,,,36364000,,243000.0,,87000.0,,,178418000,-9266000.0,,,1566546000.0,13574000.0,268630000.0,,697598000,,197040000.0,,,,,1494315000.0,300000000.0,-425200000.0,1587000,2012307000.0,,3701782000,,300000000.0,,2564000.0,,,,3346821000,8199625000.0,,1319711000.0,,,,,,,,1795110000,51366000,,,,6985519000.0,,-28348000.0,28830000.0,,,,,901930000.0,,,,,,5600000.0,,,0.0,,,,300000.0,,,5600000.0,,,1932000.0,249063000,247131000,,,,,,,,
2021-03-19,True,239264252,37700000000.0,3614089000,16063000,1006552000,,3364333000.0,-2163000,3446612000,,68609000.0,,107400000.0,68609000.0,50702000.0,,200000.0,25862624000,6914219000,,118059000,,,,,,,1376577000,,1376577000.0,1136257000.0,0.36,,0.875,1000000000.0,240785000.0,240785000.0,210687000,2656022000.0,,33400000.0,23027977000.0,,125300000.0,,614207000.0,127000.0,714336000.0,100002000.0,,,32433000.0,26150000.0,-104000.0,34994000.0,3315747000.0,710549000.0,,,2665000.0,,730000.0,2609275000.0,,,,2605198000.0,804000.0,6823000.0,9161000.0,46083000.0,19495000.0,650000.0,52195000.0,6550000.0,4077000.0,,,74985000.0,312258000.0,2433195000.0,,498000.0,,13532000.0,481279000.0,30100000.0,569300000.0,574237000,,,355934000.0,,2.64,2.62,0.22,0.21,,,,-0.006,0.024,,0.008,269032000.0,88900000.0,,,,,,163108000.0,,,,,,,,,,,,,,,,,,,4338589000,0.0,2736695000,2700000.0,,3404380000.0,,749330000.0,,721570000.0,90760000.0,,714920000.0,,,-19228000.0,81117000.0,,27479000.0,745596000,,388597000.0,-34976000.0,-6522000.0,3611000.0,,,16516000,575827000,,,1199870000,100000.0,150385000,,128211000.0,,,115900000.0,5100000.0,5247477000,,31000000.0,11366117000.0,4936773000.0,1419082000.0,1106494000.0,1231261000.0,1305624000.0,1366883000.0,,1906650000.0,,25862624000,5710783000,,8000000.0,,4130975000.0,,,,,,,,,,2732751000.0,4127000.0,506963000.0,6759000.0,906564000.0,7201000.0,,,,-1714992000.0,,-1024910000.0,,3876159000.0,,642743000.0,,2655050000.0,,,,,1.0,,,46.0,,,17177.0,872224000,1380000000.0,9459467000.0,1074079000.0,8385388000.0,1390000000.0,9473330000.0,,,,,,,,4700000.0,1150000000.0,,0.039,20900000.0,308647000.0,47438000.0,36619000,,972000.0,,346000.0,,,263691000,-11570000.0,-1019000.0,,2466434000.0,13574000.0,355926000.0,,1027963000,,199405000.0,,,,,1494315000.0,300000000.0,-425200000.0,3053000,2655050000.0,7264330000.0,3899997000,,300000000.0,,4640000.0,,,,3006102000,8414524000.0,,1721530000.0,,,,,,110321000.0,134765000.0,7164097000,68609000,31142858.0,,3400000.0,6661238000.0,,-56475000.0,28830000.0,,,,,2466434000.0,,6600000.0,,,,7502000.0,1445000.0,90000.0,0.0,-882000.0,95000.0,3857000.0,500000.0,104000.0,,7500000.0,-400000.0,,1905000.0,250076000,248171000,,,,,,,,
2021-05-27,False,236205490,,3294423000,57953000,861653000,,,-1921000,3457160000,,23533000.0,,,,,,100000.0,25236698000,6041745000,,93599000,,,,,,,688055000,,688055000.0,-688522000.0,0.42,,,,,,206680000,677991000.0,,,5645296000.0,,,,,,,,,,,25251000.0,,,,769430000.0,,,,,,,,,,,,,,,,,,,,,,,,,,,,,,,,154146000,,,99832000.0,,2.84,2.82,0.22,,,,,,,,,,,,,,,,,,,,,,,,,,,,,,,,,,,4338589000,,2755668000,,,868458000.0,,190709000.0,,,16637000.0,,,,,,,,,-295206000,,-136743000.0,-58794000.0,116013000.0,2236000.0,,,41831000,-135732000,,,1199840000,,40392000,,,,,,12300000.0,5099465000,,,,,,,,,,,,,25236698000,5315398000,,8100000.0,,4130710000.0,,,,,,,,,,,,,,,,,,,-1114590000.0,,-276923000.0,,702991000.0,,677749000.0,,677749000.0,,,,,1.0,,,,,,,908850000,361900000000.0,,1101369000.0,8499442000.0,364200000000.0,9614974000.0,,,,,,,,,,,0.039,,,,42380000,,242000.0,,87000.0,,,271793000,-13040000.0,,,1000352000.0,13623000.0,99832000.0,,277730000,,237588000.0,,,,,1494315000.0,300000000.0,-425200000.0,807000,677749000.0,,3999170000,,300000000.0,,1753000.0,,,,2588006000,8400964000.0,,417749000.0,,,,,,,,1846818000,23533000,,,3400000.0,6249925000.0,,12653000.0,,,,,,1000352000.0,,,,,,7500000.0,,,0.0,,,,600000.0,,,7500000.0,,,1753000.0,240301000,238548000,,,,,,,,
2021-08-26,False,233310218,,3369984000,8234000,973025000,,,-1678000,3504850000,,16370000.0,,,,,,100000.0,25487808000,5992718000,,119336000,,,,,,,313666000,,313666000.0,-1062911000.0,0.42,,,,,,204142000,637262000.0,,,5912539000.0,,,,,,,,,,,24346000.0,,,,781477000.0,,,,,,,,,,,,,,,,,,,,,,,,,,,,,,,,312682000,,,98304000.0,,2.71,2.69,0.214,,,,,,,,,,,,,,,,,,,,,,,,,,,,,,,,,,,4338589000,,2737659000,,810138000.0,,,173119000.0,,,127011000.0,,,,,,,,,-245382000,,-25479000.0,-70755000.0,-44080000.0,4549000.0,,,72072000,80038000,,,1199810000,,39430000,,,,,,36000000.0,5279273000,,,,,,,,,,,,,25487808000,5479084000,,8800000.0,,4156765000.0,,,,,,,,,,,,,,,,,,,-1863794000.0,,-516661000.0,,1317544000.0,,637019000.0,,637019000.0,,,,,1.0,,,,,,,849568000,730000000000.0,,1127841000.0,8661716000.0,735800000000.0,9805081000.0,,,,,,,,,,,0.038,,,,47417000,,,,,243000.0,86000.0,271631000,-51036000.0,,,1700148000.0,13574000.0,198107000.0,,518466000,,272768000.0,,,,,1494315000.0,300000000.0,18400000.0,1805000,1314768000.0,,4104193000,,300000000.0,,2936000.0,,,,2429821000,8650198000.0,,893773000.0,,,,,,,,1888091000,39903000,,,4100000.0,6137135000.0,,-31678000.0,,,,,,699796000.0,,,,,,8200000.0,,,0.0,,,,600000.0,,,8200000.0,,,1482000.0,236406000,234924000,,,,,,,,
2021-12-02,False,231706504,,3532639000,11393000,1039222000,,,-1435000,3527285000,,19615000.0,,,,,,100000.0,25925302000,6181834000,,98421000,,,,,,,488662000,,488662000.0,-887915000.0,0.42,,,,,,202743000,487274000.0,,,5898400000.0,,,,,,,,,,,23434000.0,,,,781231000.0,,,,,,,,,,,,,,,,,,,,,,,,,,,,,,,,474945000,,,97313000.0,,2.09,2.08,0.222,,,,,,,,,,,,,,,,,,,,,,,,,,,,,,,,,,,4338589000,,2619439000,,626390000.0,,,139359000.0,,,120374000.0,,,,,,,,,-61756000,,36910000.0,-70422000.0,-34284000.0,5625000.0,,,70038000,160097000,,,1199780000,,39198000,,,,,,60500000.0,5298859000,,,,,,,,,,,,,25925302000,5740499000,,9000000.0,,4127426000.0,,,,,,,,,,,,,,,,,,,-2339193000.0,,-775438000.0,,2226716000.0,,487031000.0,,487031000.0,,,,,1.0,,,,,,,665588000,1110000000.0,,1157245000.0,8808514000.0,1110000000.0,9982666000.0,,,,,,,,,,,0.037,,,,44562000,,,,,243000.0,87000.0,277831000,-114922000.0,,,2059907000.0,13574000.0,295420000.0,,779406000,,273939000.0,,,,,1494315000.0,300000000.0,-425200000.0,3968000,1801799000.0,,4177871000,,300000000.0,,5712000.0,,,,2461208000,8517839000.0,,1373392000.0,,,,,,,,1953851000,59518000,,,2200000.0,6189801000.0,,-2849000.0,,,,,,359759000.0,,,,,,8300000.0,,,0.0,,,,700000.0,,,8300000.0,,,1535000.0,234026000,232491000,,,,,,,,
2022-03-18,True,228868368,54200000000.0,3738604000,8055000,1049139000,,3591647000.0,-1192000,3587914000,,78178000.0,,117200000.0,78178000.0,57774000.0,,100000.0,26327371000,6303843000,,143589000,,,,,,,344829000,,344829000.0,-1031748000.0,0.42,,0.875,1000000000.0,230016000.0,230016000.0,201265000,2400203000.0,,34300000.0,23407443000.0,,133900000.0,,472913000.0,384000.0,549558000.0,76261000.0,,,93114000.0,24652000.0,-38000.0,114359000.0,3556417000.0,825254000.0,,,21283000.0,,383000.0,2736398000.0,,,,2731163000.0,,16715000.0,11563000.0,30716000.0,16605000.0,552000.0,26984000.0,6971000.0,5235000.0,,,68780000.0,310011000.0,2588709000.0,,1353000.0,,15278000.0,572286000.0,34000000.0,635900000.0,641316000,,,392217000.0,,10.24,10.17,0.217,0.21,,,,-0.005,0.025,,0.013,215355000.0,87400000.0,,,,,,162772000.0,,,,,,,,,,,,,,,,,,,4338589000,0.0,10813006000,2600000.0,3063149000.0,,,663917000.0,,568267000.0,97394000.0,,643262000.0,,,-16495000.0,77086000.0,,39936000.0,98735000,,-37328000.0,-114359000.0,-14642000.0,7494000.0,,,47471000,550114000,,,1199750000,1200000.0,157526000,,159803000.0,,,296300000.0,180400000.0,5614325000,,,11941185000.0,5063197000.0,1529978000.0,1166717000.0,1295775000.0,1407824000.0,1477694000.0,,1866917000.0,,26327371000,5979357000,,6400000.0,,4172068000.0,,,,,,,,,,2726074000.0,61774000.0,6437000.0,506263000.0,6714000.0,906564000.0,,,,-2832002000.0,,-1065557000.0,,2865811000.0,,2399232000.0,,2399232000.0,,,,,1.0,,,46.0,,,18130.0,3220675000,1490000000.0,10074268000.0,1183559000.0,8890709000.0,1500000000.0,10092930000.0,,,,,,,,,,,0.037,18100000.0,381627000.0,68305000.0,46132000,,,,,971000.0,346000.0,197997000,-191040000.0,,,2549669000.0,2268000.0,392188000.0,,1070460000,,247295000.0,,,,,1494315000.0,300000000.0,54300000.0,4903000,2399232000.0,7937774000.0,4346127000,,300000000.0,,6402000.0,,,,2473999000,34220449000.0,,1778564000.0,,,,,,127719000.0,129692000.0,7592331000,78178000,11838143.0,,1700000.0,6261986000.0,,-64253000.0,28830000.0,,,,,2549669000.0,,7000000.0,,,,6191000.0,1445000.0,2658000.0,0.0,-882000.0,,2803000.0,200000.0,-281000.0,1456000.0,6200000.0,,280000000.0,1551000.0,235812000,234261000,,,,,,,,
2022-05-26,False,226997018,,3906852000,9051000,930260000,,,-1002000,3606414000,,26945000.0,,,,,,100000.0,26956308000,6736870000,,141202000,,,,,,,335613000,,335613000.0,-9216000.0,0.55,,,,,,198623000,552847000.0,,,6012989000.0,,,,,,,,,,,23691000.0,,,,907020000.0,,,,,,,,,,,,,,,,,,,,,,,,,,,,,,,,172563000,,,125262000.0,,2.42,2.41,0.218,,,,,,,,,,,,,,,,,,,,,,,,,,,,,,,,,,,4338589000,,2738363000,,706481000.0,,,153824000.0,,,33576000.0,,,,,,,,,172110000,,-116384000.0,-81679000.0,64814000.0,50000.0,,,34482000,538921000,,,1199720000,,39676000,,,,,,61400000.0,6087399000,,,,,,,,,,,,,26956308000,6951841000,,6500000.0,,4848097000.0,,,,,,,,,900635000.0,,,,,,,3947462000.0,,,-177888000.0,,-280844000.0,,449516000.0,,552657000.0,,552657000.0,,,,,1.0,,,,,,,746157000,389700000.0,,1205043000.0,8959174000.0,396600000.0,10183152000.0,,,,,,,,,,,0.037,,,,46949000,,,,,190000.0,87000.0,229187000,-68585000.0,,,746773000.0,,125262000.0,,281580000,,280282000.0,,,,,,,705300000.0,736000,552657000.0,,4451028000,,,,3034000.0,,,,2157589000,8751352000.0,,396628000.0,,,,,,,,1992206000,26945000,,,1700000.0,5961624000.0,,8119000.0,,,,,,746773000.0,,,,,,6200000.0,,,0.0,,,,300000.0,,,6200000.0,,,1132000.0,229609000,228477000,,,,,,,,
2022-08-25,False,225571729,,4358388000,6773000,1069926000,,,-966000,3627987000,,15148000.0,,,,,,100000.0,28239256000,7682892000,,139023000,,,,,,,326263000,,326263000.0,-18566000.0,0.55,,,,,,197372000,678066000.0,,,6377490000.0,,,,,,,,,,,22724000.0,,,,906846000.0,,,,,,,,,,,,,,,,,,,,,,,,,,,,,,,,349722000,,,124206000.0,,3.0,2.98,0.221,,,,,,,,,,,,,,,,,,,,,,,,,,,,,,,,,,,4338589000,,3048223000,,870328000.0,,,192298000.0,,,93283000.0,,,,,,,,,622346000,,22389000.0,-81419000.0,2829000.0,1609000.0,,,87244000,1528744000,,,1199700000,,43098000,,,,,,144400000.0,6935856000,,,,,,,,,,,,,28239256000,7566786000,,6500000.0,,5191335000.0,,,,,,,,,900635000.0,,,,,,,4290700000.0,,,-309964000.0,,-656618000.0,,948016000.0,,678030000.0,,678030000.0,,,,,1.0,,,,,,,913426000,787000000.0,,1231064000.0,9070328000.0,794700000.0,10319225000.0,,,,,,,,,,,0.038,,,,50663000,,,,,36000.0,86000.0,216105000,-214128000.0,,,1095396000.0,,249462000.0,,658784000,,327490000.0,,,,,,,1041233000.0,2166000,1230687000.0,,4648187000,,,,4696000.0,,,,2364098000,9425713000.0,,843900000.0,,,,,,,,2134797000,42093000,,,1700000.0,6188491000.0,,-6482000.0,,,,,,348623000.0,,,,,,6200000.0,,,0.0,,,,300000.0,,,6200000.0,,,1157000.0,227456000,226299000,,,,,,,,
2022-12-01,False,223574799,,4127076000,8006000,1110505000,,,-723000,3676077000,,15469000.0,,,,,,100000.0,29007158000,8017016000,,152579000,,,,,,,362731000,,362731000.0,17902000.0,0.55,,,,,,195629000,526410000.0,,,6579696000.0,,,,,,,,,,,37477000.0,,,,992479000.0,,,,,,,,,,,,,,,,,,,,,,,,,,,,,,,,532514000,,,122960000.0,,2.34,2.33,0.228,,,,,,,,,,,,,,,,,,,,,,,,,,,,,,,,,,,4338589000,,2885195000,,681449000.0,,,155282000.0,,,188082000.0,,,,,,,,,377478000,,54134000.0,-166965000.0,-90737000.0,4813000.0,,,81836000,1885434000,,,1199700000,,53681000,,,,,,147800000.0,7144722000,,,,,,,,,,,,,29007158000,6502647000,,10100000.0,,,,,,,,,,,,,,,,,,5985728000.0,,,-154465000.0,,-1075820000.0,,1248187000.0,,526167000.0,,526167000.0,,,,,1.0,,,,,,,735545000,1190000000.0,,1257060000.0,9195042000.0,1200000000.0,10469374000.0,,,,,,,,,,,0.039,,,,55029000,,,,,243000.0,87000.0,237456000,-365500000.0,-415000.0,,1641851000.0,16521000.0,372423000.0,,1078208000,,321481000.0,,,,,2296053000.0,,456800000.0,2388000,1756854000.0,,4927450000,,,,907731000.0,,,,2222823000,9464891000.0,,1314045000.0,,,,,,,,2149650000,57562000,,,1700000.0,6093806000.0,,-32851000.0,,,,,,546455000.0,,,,,,9700000.0,,,0.0,,,,400000.0,,,8800000.0,,,1170000.0,225697000,224527000,,,,,,,,
2023-03-24,True,219108477,55900000000.0,3552991000,8919000,1036919000,,3909423000.0,43000,3693871000,,72712000.0,,126000000.0,72671000.0,56334000.0,,100000.0,29083367000,7581009000,,150694000,,,,,,,381576000,,381576000.0,36747000.0,0.55,,0.875,1000000000.0,219105000.0,219105000.0,191718000,2417224000.0,,33400000.0,26024765000.0,,157300000.0,,400752000.0,279000.0,464593000.0,63562000.0,,,195529000.0,36431000.0,-24000.0,236032000.0,3916581000.0,1060906000.0,,,40527000.0,,31000.0,2864676000.0,,,,2855675000.0,,22756000.0,12029000.0,26534000.0,15309000.0,473000.0,7274000.0,7514000.0,9001000.0,,,176798000.0,307734000.0,2728507000.0,,1204000.0,,17870000.0,684468000.0,35700000.0,717800000.0,724877000,,,493732000.0,,10.73,10.68,0.225,0.21,,,,0.001,0.026,,0.012,214472000.0,119600000.0,,,,,,215052000.0,,,,,,,,,,,,,,,,,,,4338589000,0.0,11820098000,2100000.0,3116614000.0,,,700625000.0,,500814000.0,135775000.0,,654489000.0,,,1641000.0,82134000.0,,37639000.0,-194722000,,-25409000.0,-235299000.0,-37517000.0,6750000.0,,,65102000,1665352000,,,1199700000,4800000.0,211273000,,195312000.0,,,813600000.0,517300000.0,6760733000,,,12737264000.0,5271366000.0,1675193000.0,1255062000.0,1396714000.0,1518975000.0,1619954000.0,,2085564000.0,,29083367000,5887768000,,8300000.0,,,7009399000.0,,,,,,,,,3128329000.0,1516478000.0,1164532000.0,14378000.0,514524000.0,764355000.0,,,,-392462000.0,,-1555346000.0,,1984555000.0,,2415989000.0,,2415989000.0,,,,,1.0,,,47.0,,,19104.0,3328302000,1610000000.0,10651700000.0,1288939000.0,9362761000.0,1620000000.0,10670014000.0,,,,,,,,,,,0.039,13500000.0,389193000.0,,57746000,,,,,1235000.0,353000.0,220761000,-530530000.0,-415000.0,,2748014000.0,16925000.0,493726000.0,,1560582000,,302925000.0,,,,,2296053000.0,300000000.0,1447600000.0,5236000,2415989000.0,9145732000.0,5236309000,,300000000.0,,911330000.0,,,,1656140000,37844863000.0,,1836718000.0,,,,,,136911000.0,137800000.0,8491796000,72712000,11838143.0,,2400000.0,5541772000.0,,-33886000.0,,,,,,2748014000.0,,7800000.0,,,,7988000.0,1445000.0,463000.0,0.0,,,3499000.0,300000.0,28000.0,1239000.0,8000000.0,,310000000.0,1149000.0,226297000,225148000,,,,,,,,
2023-06-01,False,219341145,,3679170000,10999000,848757000,,,648000,3701564000,,,,,,,,100000.0,29803933000,8055460000,,160510000,,,,,,,313064000,,313064000.0,-68512000.0,0.59,,,,,,191921000,514985000.0,,,6387358000.0,,,,,,,,,,,34851000.0,,,,1111434000.0,,,,,,,,,,,,,,,,,,,,,,,,,,,,,,,,201907000,,,129402000.0,,2.35,2.34,0.218,,,,,,,,,,,,,,,,,,,,,,,,,,,,,,,,,,,4338589000,,2955474000,,657820000.0,,,143440000.0,,,50863000.0,,,,,,,,,116363000,,-176804000.0,-50442000.0,86992000.0,-2126000.0,,,56866000,601138000,,,1199700000,,83038000,,,,,,28100000.0,7335845000,,,,,,,,,,,,,29803933000,6100679000,,8500000.0,,,7028767000.0,,,,,,,,,,,,,,,,,,101975000.0,,-361602000.0,,191115000.0,,514380000.0,,514380000.0,,,,,1.0,,,,,,,740858000,424600000.0,,1311753000.0,9399833000.0,426300000.0,10726523000.0,,,,,,,,,,,0.04,,,,63527000,,,,,605000.0,86000.0,227969000,-28630000.0,,,746773000.0,,129401000.0,,363141000,,355688000.0,,,,,,,3068000.0,1539000,514380000.0,,5420134000,,,,4505000.0,,,,2041118000,9342832000.0,,386055000.0,,,,,,,,2214616000,25083000,,,2400000.0,5935251000.0,,17187000.0,,,,,,746773000.0,,,,,,8000000.0,,,0.0,,,,500000.0,,,8000000.0,,,914000.0,220107000,219193000,,210998000.0,500000000.0,250000000.0,250000000.0,,,
2023-08-31,False,219476497,,3681634000,7261000,1013594000,,,1015000,3724200000,,8810000.0,,,,,,100000.0,30395557000,8413979000,,171527000,,,,,,,353018000,,353018000.0,-28558000.0,0.59,,,,,,192039000,469202000.0,,,6751495000.0,,,,,,,,,,,45484000.0,,,,1119114000.0,,,,,,,,,,,,,,,,,,,,,,,,,,,,,,,,410287000,,,129502000.0,,2.14,2.13,0.229,,,,,,,,,,,,,,,,,,,,,,,,,,,,,,,,,,,4338589000,,3044686000,,607977000.0,,,139142000.0,,,151730000.0,,,,,,,,,107810000,,-12438000.0,-58147000.0,-17613000.0,-1412000.0,,,78358000,817001000,,,1199700000,,84337000,,,,,,20200000.0,7531459000,,,,,,,,,,,,,30395557000,6033922000,,12500000.0,,,7295215000.0,,,,,,,,,,,,,,,,,,9422000.0,,-764701000.0,,726721000.0,,468835000.0,,468835000.0,,,,,1.0,,,,,,,692314000,855300000.0,,1331433000.0,9409193000.0,861500000.0,10755172000.0,,,,,,,,,,,0.04,,,,63988000,,,,,367000.0,-26000.0,240408000,-57367000.0,,,1095396000.0,12448000.0,258885000.0,,767935000,,377772000.0,,,,,1498260000.0,,-1205400000.0,3234000,983215000.0,,5624129000,,,,8843000.0,,,,2380451000,9796181000.0,,745786000.0,,,,,,,,2352372000,33893000,,,3100000.0,6297705000.0,,-13944000.0,,,,,,348623000.0,,,,,,11700000.0,,,0.0,,,,800000.0,,,9600000.0,,,549000.0,219952000,219403000,,209055000.0,500000000.0,500000000.0,,,,
2023-12-07,False,219497254,,3651778000,9237000,1020759000,,,254000,3732376000,,6811000.0,,,,,,100000.0,30624626000,8271078000,,140724000,,,,,,,365447000,,365447000.0,-16129000.0,0.59,,,,,,192053000,275485000.0,,,6881554000.0,,,,,,,,,,,43483000.0,,,,1152125000.0,,,,,,,,,,,,,,,,,,,,,,,,,,,,,,,,625817000,,,129496000.0,,1.26,1.26,0.213,,,,,,,,,,,,,,,,,,,,,,,,,,,,,,,,,,,4338589000,,2812528000,,351185000.0,,,74939000.0,,,197555000.0,,,,,,,,,108757000,,3802000.0,-91158000.0,-61462000.0,-7238000.0,,,50846000,661611000,,,1199700000,,82289000,,,,,,11300000.0,7356065000,,,,,,,,,,,,,30624626000,6787090000,,15800000.0,,,6440845000.0,,,,,,,,750000000.0,,,,,,,,,,-222604000.0,,-1235544000.0,,1442019000.0,,276246000.0,,276246000.0,,,,,1.0,,,,,,,433474000,1300000000.0,,1355316000.0,9540573000.0,1300000000.0,10904323000.0,,,,,,,,,,,0.041,,,,62551000,,,,,-761000.0,0.0,252109000,-79001000.0,-415000.0,,1641851000.0,12438000.0,388381000.0,,1240507000,,352011000.0,,,,,1498260000.0,,-1303800000.0,4963000,1259461000.0,,5848385000,,,,14362000.0,,,,2527201000,9694082000.0,,1248662000.0,,,,,,,,2379054000,40704000,,,1900000.0,6451884000.0,,-1379000.0,,,,,,546455000.0,,,,,,14800000.0,,,0.0,,,,1000000.0,,,12600000.0,,,319000.0,219799000,219480000,,205619000.0,500000000.0,500000000.0,,,,
2024-03-25,True,219671316,36700000000.0,3587374000,10709000,971890000,,4510504000.0,493000,3757005000,,51891000.0,,130600000.0,51891000.0,40683000.0,,100000.0,30795591000,8010724000,,148137000,,,,,,,537283000,,537283000.0,155707000.0,0.59,,0.875,1000000000.0,219663000.0,219663000.0,192206000,1661724000.0,,35700000.0,26972585000.0,,109300000.0,,324339000.0,880000.0,384400000.0,59181000.0,,,72769000.0,41527000.0,-297000.0,73845000.0,4080332000.0,1133784000.0,,,1373000.0,,31000.0,2963548000.0,,,,2946548000.0,,22882000.0,13441000.0,5356000.0,17052000.0,306000.0,,8732000.0,17000000.0,,,199603000.0,306915000.0,2815466000.0,,1751000.0,,20275000.0,736322000.0,35900000.0,839900000.0,848793000,,,517999000.0,,7.57,7.55,0.216,0.21,,,,0.001,0.022,,0.016,145665000.0,69600000.0,,,,,,233349000.0,,,,,,,,,,,,,,,,,,,4338589000,0.0,11719024000,6700000.0,2119519000.0,,,458245000.0,,359578000.0,112262000.0,,445098000.0,,,-429000.0,47855000.0,,34279000.0,36940000,,-39189000.0,-72847000.0,25303000.0,-7599000.0,,,63576000,299066000,,,1199700000,12500000.0,326781000,,352473000.0,,,875100000.0,61600000.0,6994266000,,,13479370000.0,5481482000.0,1822383000.0,1318226000.0,1491141000.0,1627370000.0,1738768000.0,,2388788000.0,,30795591000,6725701000,,15400000.0,,,6231539000.0,768645000.0,,,,,,,,3614187000.0,768645000.0,1015222000.0,1165917000.0,17478000.0,518969000.0,,,,-542068000.0,,-1694023000.0,,2391798000.0,,1661274000.0,,1661274000.0,,,,,1.0,,,48.0,,,19986.0,2446300000,1750000000.0,11090582000.0,1387083000.0,9703499000.0,1760000000.0,11098228000.0,,,,,,,,,,,0.043,,399272000.0,,60628000,,,,,450000.0,31000.0,251949000,-88982000.0,-415000.0,,2748014000.0,12438000.0,517979000.0,,1700222000,,366913000.0,,,,,1498260000.0,,-1501900000.0,6199000,1661274000.0,10598226000.0,6087722000,,,,19723000.0,,,,2799415000,38691609000.0,,1804934000.0,,,,,,151317000.0,156600000.0,9272724000,51891000,11838143.0,,2100000.0,6749119000.0,,-11731000.0,,,,,,2748014000.0,,19400000.0,,,,14377000.0,,446000.0,0.0,,665000.0,8101000.0,1000000.0,710000.0,1931000.0,11500000.0,8000000.0,360000000.0,523000.0,219938000,219415000,,,500000000.0,500000000.0,,7100418000.0,1.01,13112000.0
