filing_date,annual,EntityCommonStockSharesOutstanding_shares,EntityPublicFloat_USD,AccountsPayableCurrent_USD,AccountsReceivableNetCurrent_USD,AccruedBonusesCurrentAndNoncurrent_USD,AccruedIncomeTaxesCurrent_USD,AccruedLiabilitiesCurrent_USD,AccruedVacationCurrentAndNoncurrent_USD,AccumulatedDepreciationDepletionAndAmortizationPropertyPlantAndEquipment_USD,AccumulatedOtherComprehensiveIncomeLossNetOfTax_USD,AdditionalPaidInCapital_USD,AdjustmentsToAdditionalPaidInCapitalEquityComponentOfConvertibleDebt_USD,AdjustmentsToAdditionalPaidInCapitalShareBasedCompensationRestrictedStockUnitsRequisiteServicePeriodRecognition_USD,AdjustmentsToAdditionalPaidInCapitalShareBasedCompensationStockOptionsRequisiteServicePeriodRecognition_USD,AdjustmentsToAdditionalPaidInCapitalSharebasedCompensationRequisiteServicePeriodRecognitionValue_USD,AdjustmentsToAdditionalPaidInCapitalTaxEffectFromShareBasedCompensation_USD,AdjustmentsToAdditionalPaidInCapitalWarrantIssued_USD,AdvertisingExpense_USD,AllocatedShareBasedCompensationExpense_USD,AllowanceForDoubtfulAccountsReceivable_USD,AllowanceForDoubtfulAccountsReceivableCurrent_USD,AllowanceForDoubtfulAccountsReceivableWriteOffs_USD,AmortizationOfDeferredCharges_USD,AmortizationOfFinancingCosts_USD,AmortizationOfIntangibleAssets_USD,AntidilutiveSecuritiesExcludedFromComputationOfEarningsPerShareAmount_shares,AssetImpairmentCharges_USD,Assets_USD,AssetsCurrent_USD,AvailableForSaleDebtSecuritiesAccumulatedGrossUnrealizedGainBeforeTax_USD,AvailableForSaleDebtSecuritiesAccumulatedGrossUnrealizedLossBeforeTax_USD,AvailableForSaleDebtSecuritiesAmortizedCostBasis_USD,AvailableForSaleSecurities_USD,AvailableForSaleSecuritiesAccumulatedGrossUnrealizedGainBeforeTax_USD,AvailableForSaleSecuritiesAccumulatedGrossUnrealizedLossBeforeTax_USD,AvailableForSaleSecuritiesAmortizedCost_USD,AvailableForSaleSecuritiesDebtSecurities_USD,AvailableForSaleSecuritiesDebtSecuritiesCurrent_USD,AvailableForSaleSecuritiesDebtSecuritiesNoncurrent_USD,AvailableforsaleSecuritiesGrossUnrealizedGainLoss1_USD,BusinessAcquisitionProFormaEarningsPerShareBasic_USD/shares,BusinessAcquisitionProFormaEarningsPerShareDiluted_USD/shares,BusinessAcquisitionsProFormaNetIncomeLoss_USD,BusinessAcquisitionsProFormaRevenue_USD,BusinessCombinationProFormaInformationEarningsOrLossOfAcquireeSinceAcquisitionDateActual_USD,BusinessCombinationProFormaInformationRevenueOfAcquireeSinceAcquisitionDateActual_USD,CapitalizedComputerSoftwareAccumulatedAmortization_USD,CapitalizedComputerSoftwareAmortization_USD,CapitalizedComputerSoftwareAmortization1_USD,CapitalizedComputerSoftwareGross_USD,CapitalizedComputerSoftwareNet_USD,CapitalLeasedAssetsGross_USD,CapitalLeaseObligationsCurrent_USD,CapitalLeaseObligationsNoncurrent_USD,CapitalLeasesFutureMinimumPaymentsDue_USD,CapitalLeasesFutureMinimumPaymentsDueCurrent_USD,CapitalLeasesFutureMinimumPaymentsDueInFiveYears_USD,CapitalLeasesFutureMinimumPaymentsDueInFourYears_USD,CapitalLeasesFutureMinimumPaymentsDueInThreeYears_USD,CapitalLeasesFutureMinimumPaymentsDueInTwoYears_USD,CapitalLeasesFutureMinimumPaymentsDueThereafter_USD,CapitalLeasesFutureMinimumPaymentsInterestIncludedInPayments_USD,CapitalLeasesFutureMinimumPaymentsPresentValueOfNetMinimumPayments_USD,CapitalLeasesIncomeStatementAmortizationExpense_USD,CapitalLeasesIncomeStatementInterestExpense_USD,CapitalLeasesLesseeBalanceSheetAssetsByMajorClassAccumulatedDeprecation_USD,CashAndCashEquivalentsAtCarryingValue_USD,CashAndCashEquivalentsFairValueDisclosure_USD,CashAndCashEquivalentsPeriodIncreaseDecrease_USD,CashCashEquivalentsAndShortTermInvestments_USD,CashCashEquivalentsRestrictedCashAndRestrictedCashEquivalents_USD,CashCashEquivalentsRestrictedCashAndRestrictedCashEquivalentsPeriodIncreaseDecreaseIncludingExchangeRateEffect_USD,CommonStockParOrStatedValuePerShare_USD/shares,CommonStockSharesAuthorized_shares,CommonStockSharesIssued_shares,CommonStockSharesOutstanding_shares,CommonStockValue_USD,ComprehensiveIncomeNetOfTax_USD,ContractWithCustomerLiability_USD,ContractWithCustomerLiabilityCurrent_USD,ContractWithCustomerLiabilityRevenueRecognized_USD,CostOfGoodsAndServicesSold_USD,CostOfRevenue_USD,CumulativeEffectOfNewAccountingPrincipleInPeriodOfAdoption_USD,CurrentFederalTaxExpenseBenefit_USD,CurrentForeignTaxExpenseBenefit_USD,CurrentIncomeTaxExpenseBenefit_USD,CurrentStateAndLocalTaxExpenseBenefit_USD,DebtIssuanceCostsIncurredDuringNoncashOrPartialNoncashTransaction_USD,DeferredCosts_USD,DeferredCostsCurrent_USD,DeferredCostsCurrentAndNoncurrent_USD,DeferredFederalIncomeTaxExpenseBenefit_USD,DeferredForeignIncomeTaxExpenseBenefit_USD,DeferredIncomeTaxAssetsNet_USD,DeferredIncomeTaxExpenseBenefit_USD,DeferredIncomeTaxLiabilities_USD,DeferredIncomeTaxLiabilitiesNet_USD,DeferredRevenue_USD,DeferredRevenueAdditions_USD,DeferredRevenueCurrent_USD,DeferredRevenueRevenueRecognized1_USD,DeferredStateAndLocalIncomeTaxExpenseBenefit_USD,DeferredTaxAssetsGoodwillAndIntangibleAssets_USD,DeferredTaxAssetsGross_USD,DeferredTaxAssetsLiabilitiesNet_USD,DeferredTaxAssetsLiabilitiesNetCurrent_USD,DeferredTaxAssetsNet_USD,DeferredTaxAssetsOperatingLossCarryforwards_USD,DeferredTaxAssetsOther_USD,DeferredTaxAssetsTaxCreditCarryforwardsAlternativeMinimumTax_USD,DeferredTaxAssetsTaxCreditCarryforwardsResearch_USD,DeferredTaxAssetsTaxDeferredExpenseCompensationAndBenefitsCompensatedAbsences_USD,DeferredTaxAssetsTaxDeferredExpenseCompensationAndBenefitsEmployeeBonuses_USD,DeferredTaxAssetsTaxDeferredExpenseCompensationAndBenefitsShareBasedCompensationCost_USD,DeferredTaxAssetsTaxDeferredExpenseReservesAndAccrualsAccruedLiabilities_USD,DeferredTaxAssetsTaxDeferredExpenseReservesAndAccrualsAllowanceForDoubtfulAccounts_USD,DeferredTaxAssetsTaxDeferredExpenseReservesAndAccrualsDeferredRent_USD,DeferredTaxAssetsUnrealizedCurrencyLosses_USD,DeferredTaxAssetsValuationAllowance_USD,DeferredTaxLiabilities_USD,DeferredTaxLiabilitiesFinancingArrangements_USD,DeferredTaxLiabilitiesGoodwillAndIntangibleAssetsIntangibleAssets_USD,DeferredTaxLiabilitiesGrossNoncurrent_USD,DeferredTaxLiabilitiesLeasingArrangements_USD,DeferredTaxLiabilitiesNoncurrent_USD,DeferredTaxLiabilitiesOther_USD,DeferredTaxLiabilitiesPropertyPlantAndEquipment_USD,DeferredTaxLiabilitiesUnrealizedCurrencyTransactionGains_USD,DeferredTaxLiabilityIntraEntityTransferAssetOtherThanInventory_USD,Depreciation_USD,DepreciationDepletionAndAmortization_USD,DerivativeLiabilitiesNoncurrent_USD,DividendsCommonStock_USD,EarningsPerShareBasic_USD/shares,EarningsPerShareBasicAndDiluted_USD/shares,EarningsPerShareDiluted_USD/shares,EffectiveIncomeTaxRateContinuingOperations_pure,EffectiveIncomeTaxRateReconciliationAtFederalStatutoryIncomeTaxRate_pure,EffectiveIncomeTaxRateReconciliationShareBasedCompensationExcessTaxBenefitAmount_USD,EffectiveIncomeTaxRateReconciliationTaxCutsAndJobsActOf2017Amount_USD,EffectOfExchangeRateOnCashAndCashEquivalents_USD,EffectOfExchangeRateOnCashCashEquivalentsRestrictedCashAndRestrictedCashEquivalents_USD,EmployeeRelatedLiabilitiesCurrent_USD,EmployeeRelatedLiabilitiesCurrentAndNoncurrent_USD,EmployeeServiceShareBasedCompensationNonvestedAwardsTotalCompensationCostNotYetRecognizedStockOptions_USD,ExcessTaxBenefitFromShareBasedCompensationFinancingActivities_USD,ExcessTaxBenefitFromShareBasedCompensationOperatingActivities_USD,FairValueMeasurementWithUnobservableInputsReconciliationRecurringBasisLiabilityGainLossIncludedInEarnings_USD,FairValueMeasurementWithUnobservableInputsReconciliationRecurringBasisLiabilityPurchases_USD,FairValueMeasurementWithUnobservableInputsReconciliationRecurringBasisLiabilitySettlements_USD,FairValueMeasurementWithUnobservableInputsReconciliationsRecurringBasisLiabilityValue_USD,FairValueOfAssetsAcquired_USD,FinanceLeaseInterestExpense_USD,FinanceLeaseInterestPaymentOnLiability_USD,FinanceLeaseLiability_USD,FinanceLeaseLiabilityCurrent_USD,FinanceLeaseLiabilityNoncurrent_USD,FinanceLeaseLiabilityPaymentsDue_USD,FinanceLeaseLiabilityPaymentsDueAfterYearFive_USD,FinanceLeaseLiabilityPaymentsDueNextTwelveMonths_USD,FinanceLeaseLiabilityPaymentsDueYearFive_USD,FinanceLeaseLiabilityPaymentsDueYearFour_USD,FinanceLeaseLiabilityPaymentsDueYearThree_USD,FinanceLeaseLiabilityPaymentsDueYearTwo_USD,FinanceLeaseLiabilityPaymentsRemainderOfFiscalYear_USD,FinanceLeaseLiabilityUndiscountedExcessAmount_USD,FinanceLeasePrincipalPayments_USD,FinanceLeaseRightOfUseAsset_USD,FinanceLeaseRightOfUseAssetAmortization_USD,FinanceLeaseWeightedAverageDiscountRatePercent_pure,FiniteLivedIntangibleAssetsAccumulatedAmortization_USD,FiniteLivedIntangibleAssetsAmortizationExpenseAfterYearFive_USD,FiniteLivedIntangibleAssetsAmortizationExpenseNextTwelveMonths_USD,FiniteLivedIntangibleAssetsAmortizationExpenseRemainderOfFiscalYear_USD,FiniteLivedIntangibleAssetsAmortizationExpenseYearFive_USD,FiniteLivedIntangibleAssetsAmortizationExpenseYearFour_USD,FiniteLivedIntangibleAssetsAmortizationExpenseYearThree_USD,FiniteLivedIntangibleAssetsAmortizationExpenseYearTwo_USD,FiniteLivedIntangibleAssetsGross_USD,FiniteLivedIntangibleAssetsNet_USD,ForeignCurrencyTransactionGainLossBeforeTax_USD,ForeignCurrencyTransactionGainLossUnrealized_USD,GainLossOnDispositionOfAssets1_USD,GainLossOnSaleOfInvestments_USD,GainsLossesOnExtinguishmentOfDebt_USD,GeneralAndAdministrativeExpense_USD,Goodwill_USD,GoodwillAcquiredDuringPeriod_USD,GoodwillForeignCurrencyTranslationGainLoss_USD,GoodwillImpairmentLoss_USD,GoodwillOtherChanges_USD,GoodwillOtherIncreaseDecrease_USD,GoodwillTranslationAdjustments_USD,GrossProfit_USD,ImpairmentOfIntangibleAssetsExcludingGoodwill_USD,ImpairmentOfIntangibleAssetsIndefinitelivedExcludingGoodwill_USD,IncomeLossFromContinuingOperationsBeforeIncomeTaxesDomestic_USD,IncomeLossFromContinuingOperationsBeforeIncomeTaxesExtraordinaryItemsNoncontrollingInterest_USD,IncomeLossFromContinuingOperationsBeforeIncomeTaxesForeign_USD,IncomeTaxExpenseBenefit_USD,IncomeTaxesPaid_USD,IncomeTaxReconciliationChangeInDeferredTaxAssetsValuationAllowance_USD,IncomeTaxReconciliationForeignIncomeTaxRateDifferential_USD,IncomeTaxReconciliationIncomeTaxExpenseBenefitAtFederalStatutoryIncomeTaxRate_USD,IncomeTaxReconciliationNondeductibleExpenseOther_USD,IncomeTaxReconciliationNondeductibleExpenseRestructuringCharges_USD,IncomeTaxReconciliationNondeductibleExpenseShareBasedCompensationCost_USD,IncomeTaxReconciliationOtherReconcilingItems_USD,IncomeTaxReconciliationStateAndLocalIncomeTaxes_USD,IncomeTaxReconciliationTaxCreditsResearch_USD,IncreaseDecreaseInAccountsPayable_USD,IncreaseDecreaseInAccountsReceivable_USD,IncreaseDecreaseInAccruedLiabilities_USD,IncreaseDecreaseInContractWithCustomerLiability_USD,IncreaseDecreaseInDeferredIncomeTaxes_USD,IncreaseDecreaseInDeferredRevenue_USD,IncreaseDecreaseInOtherNoncurrentAssets_USD,IncreaseDecreaseInOtherOperatingLiabilities_USD,IncreaseDecreaseInPrepaidDeferredExpenseAndOtherAssets_USD,IncreaseDecreaseInRestrictedCash_USD,IncrementalCommonSharesAttributableToCallOptionsAndWarrants_shares,IncrementalCommonSharesAttributableToConversionOfDebtSecurities_shares,IncrementalCommonSharesAttributableToParticipatingNonvestedSharesWithNonForfeitableDividendRights_shares,IncrementalCommonSharesAttributableToShareBasedPaymentArrangements_shares,IntangibleAssetsNetExcludingGoodwill_USD,InterestExpense_USD,InterestExpenseDebt_USD,InterestOnConvertibleDebtNetOfTax_USD,InterestPaid_USD,InterestPaidNet_USD,InvestmentIncomeInterestAndDividend_USD,LeaseAndRentalExpense_USD,LeaseCost_USD,LesseeOperatingLeaseLiabilityPaymentsDue_USD,LesseeOperatingLeaseLiabilityPaymentsDueAfterYearFive_USD,LesseeOperatingLeaseLiabilityPaymentsDueNextTwelveMonths_USD,LesseeOperatingLeaseLiabilityPaymentsDueYearFive_USD,LesseeOperatingLeaseLiabilityPaymentsDueYearFour_USD,LesseeOperatingLeaseLiabilityPaymentsDueYearThree_USD,LesseeOperatingLeaseLiabilityPaymentsDueYearTwo_USD,LesseeOperatingLeaseLiabilityPaymentsRemainderOfFiscalYear_USD,LesseeOperatingLeaseLiabilityUndiscountedExcessAmount_USD,Liabilities_USD,LiabilitiesAndStockholdersEquity_USD,LiabilitiesCurrent_USD,LongTermDebt_USD,LongTermInvestments_USD,MarketingExpense_USD,NetCashProvidedByUsedInFinancingActivities_USD,NetCashProvidedByUsedInInvestingActivities_USD,NetCashProvidedByUsedInOperatingActivities_USD,NetIncomeLoss_USD,NetIncomeLossAvailableToCommonStockholdersBasic_USD,NetIncomeLossAvailableToCommonStockholdersDiluted_USD,NoncashContributionExpense_USD,NonoperatingIncomeExpense_USD,NumberOfOperatingSegments_operating_segment,NumberOfOperatingSegments_segment,NumberOfReportableSegments_reportable_segment,NumberOfReportableSegments_segment,NumberOfReportingUnits_reporting_unit,NumberOfReportingUnits_unit,OperatingExpenses_USD,OperatingIncomeLoss_USD,OperatingLeaseCost_USD,OperatingLeaseExpense_USD,OperatingLeaseLiability_USD,OperatingLeaseLiabilityCurrent_USD,OperatingLeaseLiabilityNoncurrent_USD,OperatingLeasePayments_USD,OperatingLeaseRightOfUseAsset_USD,OperatingLeasesFutureMinimumPaymentsDue_USD,OperatingLeasesFutureMinimumPaymentsDueCurrent_USD,OperatingLeasesFutureMinimumPaymentsDueInFiveYears_USD,OperatingLeasesFutureMinimumPaymentsDueInFourYears_USD,OperatingLeasesFutureMinimumPaymentsDueInThreeYears_USD,OperatingLeasesFutureMinimumPaymentsDueInTwoYears_USD,OperatingLeasesFutureMinimumPaymentsDueThereafter_USD,OperatingLeaseWeightedAverageDiscountRatePercent_pure,OtherAccruedLiabilitiesCurrent_USD,OtherAssetsNoncurrent_USD,OtherComprehensiveIncomeForeignCurrencyTransactionAndTranslationAdjustmentNetOfTaxPortionAttributableToParent_USD,OtherComprehensiveIncomeLossAvailableForSaleSecuritiesAdjustmentBeforeTax_USD,OtherComprehensiveIncomeLossForeignCurrencyTransactionAndTranslationAdjustmentNetOfTax_USD,OtherComprehensiveIncomeLossNetOfTax_USD,OtherComprehensiveIncomeLossNetOfTaxPortionAttributableToParent_USD,OtherComprehensiveIncomeUnrealizedHoldingGainLossOnSecuritiesArisingDuringPeriodNetOfTax_USD,OtherComprehensiveIncomeUnrealizedHoldingGainLossOnSecuritiesArisingDuringPeriodTax_USD,OtherEmployeeRelatedLiabilitiesCurrentAndNoncurrent_USD,OtherLiabilitiesCurrent_USD,OtherLiabilitiesNoncurrent_USD,OtherNoncashExpense_USD,OtherNoncashIncomeExpense_USD,ParticipatingSecuritiesDistributedAndUndistributedEarningsLossDiluted_USD,PaymentsForRepurchaseOfCommonStock_USD,PaymentsForRepurchaseOfEquity_USD,PaymentsForRestructuring_USD,PaymentsOfDebtIssuanceCosts_USD,PaymentsOfStockIssuanceCosts_USD,PaymentsRelatedToTaxWithholdingForShareBasedCompensation_USD,PaymentsToAcquireAvailableForSaleSecurities_USD,PaymentsToAcquireAvailableForSaleSecuritiesDebt_USD,PaymentsToAcquireBusinessesNetOfCashAcquired_USD,PaymentsToAcquireIntangibleAssets_USD,PaymentsToAcquirePropertyPlantAndEquipment_USD,PaymentsToDevelopSoftware_USD,PreferredStockParOrStatedValuePerShare_USD/shares,PreferredStockSharesAuthorized_shares,PreferredStockValue_USD,PrepaidExpenseAndOtherAssetsCurrent_USD,ProceedsFromConvertibleDebt_USD,ProceedsFromIssuanceInitialPublicOffering_USD,ProceedsFromIssuanceOfCommonStock_USD,ProceedsFromPaymentsForOtherFinancingActivities_USD,ProceedsFromSaleAndMaturityOfAvailableForSaleSecurities_USD,ProceedsFromSaleMaturityAndCollectionsOfInvestments_USD,ProceedsFromSaleOfAvailableForSaleSecurities_USD,ProceedsFromSaleOfAvailableForSaleSecuritiesDebt_USD,ProceedsFromStockOptionsExercised_USD,ProFormaWeightedAverageSharesOutstandingDiluted_shares,PropertyPlantAndEquipmentAndFinanceLeaseRightOfUseAssetAccumulatedDepreciationAndAmortization_USD,PropertyPlantAndEquipmentAndFinanceLeaseRightOfUseAssetAfterAccumulatedDepreciationAndAmortization_USD,PropertyPlantAndEquipmentAndFinanceLeaseRightOfUseAssetBeforeAccumulatedDepreciationAndAmortization_USD,PropertyPlantAndEquipmentGross_USD,PropertyPlantAndEquipmentNet_USD,ProvisionForDoubtfulAccounts_USD,PurchaseObligation_USD,PurchaseObligationDueAfterFifthYear_USD,PurchaseObligationDueInFifthYear_USD,PurchaseObligationDueInFourthYear_USD,PurchaseObligationDueInNextTwelveMonths_USD,PurchaseObligationDueInSecondYear_USD,PurchaseObligationDueInThirdYear_USD,RepaymentsOfConvertibleDebt_USD,RepaymentsOfLongTermCapitalLeaseObligations_USD,ResearchAndDevelopmentExpense_USD,RestrictedCashAndCashEquivalentsNoncurrent_USD,RestrictedCashNoncurrent_USD,RestructuringAndRelatedCostExpectedCostRemaining1_USD,RestructuringAndRelatedCostExpectedNumberOfPositionsEliminated_position,RestructuringAndRelatedCostNumberOfPositionsEliminatedInceptionToDatePercent_pure,RestructuringCharges_USD,RestructuringCosts_USD,RestructuringReserve_USD,RestructuringReserveSettledWithoutCash2_USD,RetainedEarningsAccumulatedDeficit_USD,RevenueFromContractWithCustomerExcludingAssessedTax_USD,Revenues_USD,RightOfUseAssetObtainedInExchangeForFinanceLeaseLiability_USD,SalesAndExciseTaxPayableCurrent_USD,SalesAndExciseTaxPayableCurrentAndNoncurrent_USD,SalesRevenueNet_USD,SellingAndMarketingExpense_USD,ShareBasedCompensation_USD,ShareBasedCompensationArrangementByShareBasedPaymentAwardOptionsExercisableNumber_shares,ShareBasedCompensationArrangementByShareBasedPaymentAwardOptionsExercisableWeightedAverageExercisePrice_USD/shares,ShareBasedCompensationArrangementByShareBasedPaymentAwardOptionsExercisesInPeriodTotalIntrinsicValue_USD,ShareBasedCompensationArrangementByShareBasedPaymentAwardOptionsForfeituresInPeriod_shares,ShareBasedCompensationArrangementByShareBasedPaymentAwardOptionsGrantsInPeriodGross_shares,ShareBasedCompensationArrangementByShareBasedPaymentAwardOptionsGrantsInPeriodWeightedAverageGrantDateFairValue_USD/shares,ShareBasedCompensationArrangementByShareBasedPaymentAwardOptionsOutstandingIntrinsicValue_USD,ShareBasedCompensationArrangementByShareBasedPaymentAwardOptionsOutstandingNumber_shares,ShareBasedCompensationArrangementByShareBasedPaymentAwardOptionsOutstandingWeightedAverageExercisePrice_USD/shares,ShareBasedCompensationArrangementByShareBasedPaymentAwardOptionsVestedAndExpectedToVestOutstandingAggregateIntrinsicValue_USD,ShareBasedCompensationArrangementByShareBasedPaymentAwardOptionsVestedAndExpectedToVestOutstandingNumber_shares,ShareBasedCompensationArrangementByShareBasedPaymentAwardOptionsVestedAndExpectedToVestOutstandingWeightedAverageExercisePrice_USD/shares,ShareBasedCompensationArrangementByShareBasedPaymentAwardPlanModificationIncrementalCompensationCost_USD,ShareBasedCompensationArrangementByShareBasedPaymentAwardPlanModificationNumberOfEmployeesAffected_employee,ShareBasedCompensationArrangementsByShareBasedPaymentAwardOptionsExercisesInPeriodWeightedAverageExercisePrice_USD/shares,ShareBasedCompensationArrangementsByShareBasedPaymentAwardOptionsForfeituresInPeriodWeightedAverageExercisePrice_USD/shares,ShareBasedCompensationArrangementsByShareBasedPaymentAwardOptionsGrantsInPeriodWeightedAverageExercisePrice_USD/shares,SharebasedCompensationArrangementBySharebasedPaymentAwardOptionsExercisableIntrinsicValue1_USD,SharebasedCompensationArrangementBySharebasedPaymentAwardOptionsVestedInPeriodFairValue1_USD,SharesIssuedPricePerShare_USD/shares,StockholdersEquity_USD,StockholdersEquityNoteStockSplitConversionRatio1_pure,StockIssued1_USD,StockIssuedDuringPeriodSharesStockOptionsExercised_shares,StockIssuedDuringPeriodValueAcquisitions_USD,StockIssuedDuringPeriodValueConversionOfConvertibleSecurities_USD,StockIssuedDuringPeriodValueConversionOfConvertibleSecuritiesNetOfAdjustments_USD,StockIssuedDuringPeriodValueNewIssues_USD,StockIssuedDuringPeriodValueRestrictedStockAwardForfeitures_USD,StockIssuedDuringPeriodValueRestrictedStockAwardGross_USD,StockIssuedDuringPeriodValueRestrictedStockAwardNetOfForfeitures_USD,StockIssuedDuringPeriodValueStockOptionsExercised_USD,StockRepurchasedAndRetiredDuringPeriodShares_shares,StockRepurchasedAndRetiredDuringPeriodValue_USD,StockRepurchasedDuringPeriodShares_shares,StockRepurchasedDuringPeriodValue_USD,StockRepurchaseProgramAuthorizedAmount1_USD,StockRepurchaseProgramNumberOfSharesAuthorizedToBeRepurchased_shares,StockRepurchaseProgramRemainingAuthorizedRepurchaseAmount1_USD,StockRepurchaseProgramRemainingNumberOfSharesAuthorizedToBeRepurchased_shares,TaxesPayableCurrent_USD,TemporaryEquityCarryingAmountAttributableToParent_USD,TreasuryStockAcquiredAverageCostPerShare_USD/shares,TreasuryStockValueAcquiredParValueMethod_USD,UnamortizedDebtIssuanceExpense_USD,UndistributedEarningsLossAllocatedToParticipatingSecuritiesBasic_USD,UnrealizedGainLossOnDerivatives_USD,UnrealizedGainLossOnDerivativesAndCommodityContracts_USD,UnrecognizedTaxBenefits_USD,UnrecognizedTaxBenefitsDecreasesResultingFromPriorPeriodTaxPositions_USD,UnrecognizedTaxBenefitsDecreasesResultingFromSettlementsWithTaxingAuthorities_USD,UnrecognizedTaxBenefitsIncomeTaxPenaltiesAndInterestAccrued_USD,UnrecognizedTaxBenefitsIncomeTaxPenaltiesAndInterestExpense_USD,UnrecognizedTaxBenefitsIncreasesResultingFromAcquisition_USD,UnrecognizedTaxBenefitsIncreasesResultingFromCurrentPeriodTaxPositions_USD,UnrecognizedTaxBenefitsIncreasesResultingFromPriorPeriodTaxPositions_USD,UnrecognizedTaxBenefitsPeriodIncreaseDecrease_USD,UnrecognizedTaxBenefitsReductionsResultingFromLapseOfApplicableStatuteOfLimitations_USD,UnrecognizedTaxBenefitsThatWouldImpactEffectiveTaxRate_USD,WeightedAverageBasicSharesOutstandingProForma_shares,WeightedAverageNumberBasicSharesOutstandingAdjustmentProForma_shares,WeightedAverageNumberOfDilutedSharesOutstanding_shares,WeightedAverageNumberOfShareOutstandingBasicAndDiluted_shares,WeightedAverageNumberOfSharesOutstandingBasic_shares,DecreaseInUnrecognizedTaxBenefitsIsReasonablyPossible_USD,DeferredTaxLiabilityNotRecognizedAmountOfUnrecognizedDeferredTaxLiabilityUndistributedEarningsOfForeignSubsidiaries_USD,UnrecognizedTaxBenefitsDecreasesResultingFromForeignCurrencyTranslation_USD,DebtSecuritiesAvailableForSaleContinuousUnrealizedLossPosition12MonthsOrLonger_USD,DebtSecuritiesAvailableForSaleContinuousUnrealizedLossPosition12MonthsOrLongerAccumulatedLoss_USD,DebtSecuritiesAvailableForSaleContinuousUnrealizedLossPositionLessThan12Months_USD,DebtSecuritiesAvailableForSaleContinuousUnrealizedLossPositionLessThan12MonthsAccumulatedLoss_USD,AccretionAmortizationOfDiscountsAndPremiumsInvestments_USD,DeferredTaxAssetsInProcessResearchAndDevelopment_USD,IncomeTaxReconciliationNondeductibleExpenseImpairmentLosses_USD,InterestAndOtherIncome_USD,PreferredStockSharesOutstanding_shares,GoodwillAndIntangibleAssetImpairment_USD,PaymentsToAcquireInvestments_USD,TangibleAssetImpairmentCharges_USD,GainLossOnSaleOfBusiness_USD,IncomeTaxReconciliationDispositionOfBusiness_USD,NoncurrentAssets_USD,RestructuringAndRelatedCostNumberOfPositionsEliminatedPeriodPercent_pure,UnrecognizedTaxBenefitsIncreasesResultingFromForeignCurrencyTranslation_USD
2015-05-22,False,111784588,,7058000,14513000,,,21893000,,,11126000,112694000,,,2196000.0,,2472000.0,,,3974000,,2306000.0,,,31000.0,,65660696,,331362000,142288000,,,,,,,,,21533000,,,,,,,,,,,,,,,2181000.0,3542000.0,,,,,,,,,,,,,70739000,,1080000.0,,,,0.001,120000000,44834221,44834221,45000,-21526000,,,,20709000.0,,,,,,,,70422000.0,9687000.0,,,,,67768000.0,67800000.0,,,,3639000.0,,,,,,2932000.0,,,,,,,,,,,,,,,,,,,70849000.0,,,,,,4341000,1915000.0,,,-0.84,,,,,,-2865000.0,,,,,2472000.0,2472000.0,11000.0,0.0,0.0,6856000.0,1324000.0,,,,,,,,,,,,,,,,,,,,,,,,,,,,,-20853000.0,,-332000.0,,,20457000,28225000,,,,,,,37834000,,,,-25861000,,10725000,,,,,,,,,,,-419000.0,-46000.0,3969000.0,,80109000.0,216000.0,-182000.0,19713000.0,-3100000.0,,0.0,,,,4524000.0,,193000.0,,,,15000.0,,,,,,,,,,,,196248000,331362000,46866000,,,12210000.0,1675000,-6625000,8895000,-36586000,,,3200000.0,-21019000,,,,,,,42676000,-4842000,,,,,,,,,,,,,,,,,2124000,15056000.0,,,15060000.0,15060000.0,4000,,,,21569000,,,,,,,,1482000.0,,,5400000.0,,,1852000,2428000,,,,10789000,,,,,,,,3055000.0,1188000,97151751.0,,,,,78438000.0,767000,,,,,,,,,503000.0,10009000,5341000.0,,,,,,,,,-68963000,,58543000.0,,,,58543000.0,,,,,,,1018745.0,7.19,,,,,,,,,,,,,,,54902000,0.5,,,284000.0,,,,,,,1188000,,,,,,,,,,80212000.0,,,,,12000.0,12000.0,,,,,,,,,,,2400000.0,97151751.0,53448243.0,,43703508.0,43703508.0,,,,,,,,,,,,,,,,,,,,
2015-08-06,False,111896306,,5955000,14028000,,,27344000,,,6483000,394483000,,,4578000.0,,1382000.0,5070000.0,,2820000,,2706000.0,,9883000.0,73000.0,,24588460,,529128000,343357000,,,,,,,,,21542000,,,,,-3593000.0,44313000.0,,,,,,,,,4021000.0,6983000.0,,,,,,,,,,,,,268155000,,198496000.0,,,,0.001,1400000000,111892093,111892093,112000,-10997000,,,,21909000.0,,,,,,,,60539000.0,17605000.0,,,,,,67800000.0,,,,3990000.0,,,,,,3135000.0,,,,,,,,,,,,,,,,,,,70687000.0,,,,,,9073000,0.0,,,-0.07,,,,,,-2278000.0,,,,,1382000.0,1382000.0,-2554000.0,0.0,0.0,5251000.0,7356000.0,,,,,,,,,,,,,,,,,,,,,,,,,,,,,5805000.0,,-411000.0,,,17632000,28297000,,,,,,,39456000,,,,-1445000,,4909000,,,,,,,,,,,-929000.0,210000.0,8233000.0,,,529000.0,81000.0,-224000.0,-1373000.0,0.0,,,,,4035000.0,,351000.0,,,,43000.0,,,,,,,,,,,,203367000,529128000,52237000,,,15543000.0,199162000,-12020000,13632000,-6354000,,,3200000.0,2346000,,,,,,,43247000,-3791000,,,,,,,,,,,,,,,,,2113000,-4644000.0,,,10417000.0,-4643000.0,1000,,,,21656000,,,,,,,,2491000.0,,,13236000.0,0.0,,4544000,5123000,0.001,25000000.0,0.0,7965000,,199467000.0,0.0,,,,,10883000.0,2058000,,,,,,85446000.0,1642000,,,,,,,,,1254000.0,10072000,5341000.0,,,,,,,,,-75317000,,61365000.0,,,,61365000.0,,,,,,,,,,,,,,,,,,,,,,,325761000,0.5,0.0,,567000.0,80212000.0,,194128000.0,,,,2059000,,,,,,,,,,0.0,,,,,-3151000.0,-3139000.0,,,,,,,,,,,2900000.0,,,,96503149.0,,,,,,,,,,,,,,,,,,,,,
2015-11-05,False,112101830,,3200000,15976000,,,32861000,,,6251000,398639000,,,6901000.0,,2472000.0,5070000.0,,2923000,,2402000.0,,15093000.0,122000.0,,12255795,,538621000,349314000,,,,,,,,,20474000,,,,,-10887000.0,132483000.0,,,,,,,,,4431000.0,6483000.0,,,,,,,,,,,,,266283000,,196624000.0,,,,0.001,1400000000,111992315,111992315,112000,-7123000,,,,24165000.0,,,,,,,,55711000.0,17605000.0,,,,,,67800000.0,,,,4128000.0,,,,,,3134000.0,,,,,,,,,,,,,,,,,,,66227000.0,,,,,,14041000,0.0,,,-0.06,,,,,,-3291000.0,,,,,2472000.0,2472000.0,-2479000.0,0.0,0.0,5683000.0,8273000.0,,,,,,,,,,,,,,,,,,,,,,,,,,,,,-679000.0,,-476000.0,,,15250000,28366000,,,,,,,41531000,,,,-2796000,,4095000,,,,,,,,,,4500000.0,-3530000.0,1967000.0,17719000.0,,,671000.0,-152000.0,-5255000.0,-535000.0,0.0,,,,,3483000.0,,512000.0,,,,59000.0,,,,,,,,,,,,215827000,538621000,69614000,,,16542000.0,199043000,-18135000,19007000,-6891000,,,3200000.0,-1129000,,,,,,,43198000,-1667000,,,,,,,,,,,,,,,,,1751000,-235000.0,,,10185000.0,-232000.0,3000,,,7925000.0,21699000,,,,,,,,2919000.0,,,18552000.0,0.0,,9524000,7329000,0.001,25000000.0,0.0,8773000,,199467000.0,0.0,,,,,17270000.0,2285000,,,,,,94655000.0,1473000,,,,,,,,,2262000.0,11406000,5341000.0,,,,,,,,,-82208000,,65696000.0,,,,65696000.0,,,,,,,,,,,,,,,,,,,,,,,322794000,0.5,0.0,,851000.0,80212000.0,,194361000.0,,,,2285000,,,,,,,,,,0.0,,,,,3000.0,-3136000.0,,,,,,,,,,,5500000.0,,,,111329917.0,,,,,,,,,,,,,,,,,,,,,
2016-03-01,True,112699756,1018474398.0,14382000,20275000,,,31253000,,38091000.0,10805000,406020000,,1755000.0,9444000.0,,3944000.0,5070000.0,,10841000,2071000.0,2071000.0,,17132000.0,167000.0,2243000.0,28370974,,553061000,359054000,,,,21620000.0,0.0,16000.0,21636000.0,,21620000,,,-0.37,-0.37,-15403000.0,197395000.0,5700000.0,1800000.0,19676000.0,7272000.0,,33469000.0,13793000.0,17221000.0,5610000.0,7571000.0,15370000.0,7011000.0,0.0,0.0,2413000.0,5946000.0,0.0,2189000.0,13181000.0,3787000.0,1200000.0,4575000.0,271244000,,201585000.0,,,,0.001,1400000000,112563354,112563354,113000,-39324000,,,,96979000.0,,,24524000.0,579000.0,28946000.0,3843000.0,,51396000.0,17132000.0,,-2863000.0,-122000.0,,-2877000.0,71097000.0,,,,4712000.0,,108000.0,,19217000.0,,,9677000.0,7961000.0,1143000.0,717000.0,898000.0,146000.0,,3953000.0,,650000.0,,3035000.0,9540000.0,61420000.0,,,,,61420000.0,1022000.0,4490000.0,,,16307000.0,18550000,0.0,0.0,,-0.59,,,0.35,,,-3951000.0,,,,15800000.0,3944000.0,3944000.0,-3133000.0,0.0,0.0,2357000.0,11657000.0,,,,,,,,,,,,,,,,,,,3792000.0,0.0,2020000.0,,,,,851000.0,6663000.0,2871000.0,-21775000.0,,-1319000.0,,,68939000,27752000,0.0,,0.0,-3079000.0,,600000.0,176520000,,,25627000.0,-27994000,-53621000.0,26069000,7604000.0,7957000.0,11584000.0,-9798000.0,1314000.0,12168000.0,1571000.0,-223000.0,2575000.0,7684000.0,6728000.0,6739000.0,12395000.0,,,1279000.0,-225000.0,-4301000.0,266000.0,0.0,,,,,2871000.0,,1526000.0,,342000.0,,324000.0,5100000.0,,,,,,,,,,,222563000,553061000,80122000,,,66771000.0,199608000,-23283000,29211000,-54063000,,,3200000.0,-26110000,1.0,,1.0,,,,178404000,-1884000,,,,,,,,31885000.0,3716000.0,3604000.0,3951000.0,3901000.0,2912000.0,13801000.0,,,1626000,14746000.0,,,14739000.0,14739000.0,-7000,,,4903000.0,21646000,,,,188000.0,,,,4052000.0,,,26040000.0,0.0,,11116000,9719000,0.001,25000000.0,0.0,9521000,,199467000.0,0.0,,,,,23592000.0,3626000,,,,,143112000.0,105021000.0,1780000,,,,,,,,,3377000.0,42694000,5341000.0,,,,,,,,,-86440000,,273499000.0,,,,273499000.0,,,6873262.0,4.43,15100000.0,800855.0,1660170.0,,31932259.0,11068859.0,6.94,31678517.0,10574276.0,6.79,,,2.76,9.94,16.19,28485307.0,8300000.0,10.6,330498000,0.5,0.0,1315735.0,27723000.0,80212000.0,,194361000.0,,,,3626000,,,,,200000.0,23500.0,,,,0.0,,188000.0,,,-3133000.0,-3133000.0,22229000.0,0.0,0.0,,,,21797000.0,34000.0,,,6500000.0,,,,91122291.0,,,,,,,,,,,,,,,,,,,,,
2016-05-05,False,113073415,,13571000,19249000,,,22905000,,,3458000,411208000,,,2704000.0,,1034000.0,,,3237000,,1920000.0,,9493000.0,45000.0,,5008364,,549176000,340612000,,,,123358000.0,86000.0,10000.0,123282000.0,,111297000,,258000.0,,,,,,,,,,,,,6019000.0,6789000.0,,,,,,,,,,,,,158381000,,-112863000.0,,,,0.001,1400000000,113011624,113011624,113000,-6155000,,,,27911000.0,,,,,,,,41903000.0,17132000.0,,,,,,66000000.0,,,,5036000.0,,,,,,,,,,,,,,,,,,,,,,,,,61419000.0,,,,,,4731000,,,0.01,,0.01,,,,,-476000.0,,,,16900000.0,1034000.0,1034000.0,,0.0,0.0,2773000.0,982000.0,,,,,,,,,,,,,,,,,,,,,,,,,,,,,8120000.0,,-492000.0,,,19076000,28642000,,,,,,,53936000,,,,14806000,,13614000,,,,,,,,,,,173000.0,-799000.0,-10819000.0,,,279000.0,140000.0,903000.0,-472000.0,,78040.0,,618718.0,3161056.0,2416000.0,,538000.0,,,,441000.0,,,,,,,,,,,,219645000,549176000,77359000,,12061000.0,15847000.0,253000,-114426000,1786000,1192000,1185000.0,,0.0,8023000,,,,,,,47153000,6783000,,,,,,,,,,,,,,,,,1721000,-7439000.0,,,-7347000.0,-7347000.0,92000,,,4367000.0,22274000,,,,,,,,0.0,,,108289000.0,,,10870000,2168000,,,,9092000,,,,,,,,6901000.0,1223000,,,,,,116480000.0,341000,,,,,,,,,1355000.0,12230000,5341000.0,,,,,,,,,-85248000,,81847000.0,,,,81847000.0,,,7102871.0,5.13,2400000.0,194650.0,1012402.0,,32991516.0,11440216.0,7.18,32718638.0,10994483.0,7.02,,,2.74,11.21,8.35,29646421.0,3300000.0,,329531000,0.5,,446395.0,240000.0,,,,13000.0,,,1223000,,,,,,,,,,,,,,7000.0,0.0,0.0,,,,,,,,,,,9000000.0,,,115368566.0,,112129470.0,,,,,,,,,,,,,,,,,,,,
2016-08-04,False,113741588,,7574000,19507000,,,29448000,,,7485000,417981000,,1942000.0,6301000.0,,546000.0,,,4268000,,1772000.0,,9267000.0,91000.0,,13107472,,550956000,346777000,,,,110718000.0,95000.0,3000.0,110626000.0,,110718000,,573000.0,,,,,,,,,,,,,6347000.0,6098000.0,,,,,,,,,,,,,167482000,,-103762000.0,,,,0.001,1400000000,113672931,113672931,114000,-3284000,,,,29098000.0,,,,,,,,42128000.0,17132000.0,,,,,,66000000.0,,,,5199000.0,,,,,,,,,,,,,,,,,,,,,,,,,61420000.0,,,,,,9834000,,,,-0.06,,,,,,-2292000.0,,,,17900000.0,546000.0,546000.0,,0.0,0.0,1428000.0,2074000.0,,,,,,,,,,,,,,,,,,,,,,,,,,,,,-6386000.0,,-766000.0,,,22537000,28147000,,,,,,,56251000,,,,-3050000,,4261000,,,,,,,,,,,-5804000.0,-135000.0,1288000.0,,,469000.0,-593000.0,1442000.0,-453000.0,,,,,,1877000.0,,1803000.0,,,,470000.0,,,,,,,,,,,,217935000,550956000,74511000,,,17205000.0,-199000,-120306000,19035000,-7311000,,,0.0,-7719000,,,,,,,51582000,4669000,,,,,,,,,,,,,,,,,932000,4011000.0,,,-3320000.0,4027000.0,16000,,,2977000.0,22761000,1287000.0,,,180000.0,,,,0.0,,,108216000.0,,,26278000,5611000,,,,8972000,,0.0,,,,,,19799000.0,2894000,,,,,,125754000.0,681000,,,,,,,,,2810000.0,11840000,5341000.0,,,,,,,,,-92559000,,85349000.0,,,,85349000.0,,,7105222.0,5.67,3722306.0,636414.0,1322157.0,4.09,36195028.0,10718639.0,7.36,36075287.0,10512831.0,7.28,,,2.79,10.07,8.57,32475823.0,2873120.0,,333021000,0.5,,1035963.0,459000.0,,,,0.0,-180000.0,,2894000,,,,,,,,,,,,,,,0.0,0.0,22700000.0,,,,,,,,500000.0,,9100000.0,,,,113045888.0,,,,,,,,,,,,,,,,,,,,,
2016-11-03,False,115568802,,7323000,20886000,,,20037000,,42690000.0,5405000,433894000,,1942000.0,9504000.0,,1609000.0,,,4085000,,1997000.0,,12227000.0,137000.0,1600000.0,12723237,,569201000,353406000,,,,82338000.0,29000.0,3000.0,82312000.0,,82338000,,-840000.0,,,,,,,,,,,,,6563000.0,5325000.0,,,,,,,,,,,,,188030000,,-83214000.0,,,,0.001,1400000000,115340742,115340742,115000,-4479000,,,,29314000.0,,,,,,,,39169000.0,17132000.0,56300000.0,,,,3000000.0,,,,,5595000.0,,,,,,,,,,,,,,,,,,,,,,,,,62882000.0,,,,,,15620000,,,,-0.02,,,,,,-3218000.0,,,,15100000.0,1609000.0,1609000.0,,0.0,0.0,2315000.0,3088000.0,,,,,,,,,,,,,,,,,,,5483000.0,,,1136000.0,0.0,1771000.0,2500000.0,3365000.0,14255000.0,8772000.0,1337000.0,,-1134000.0,,,21942000,37765000,9407000.0,606000.0,,,,,58248000,,,,1964000,,4363000,,,,,,,,,,,-6059000.0,1750000.0,-466000.0,,,831000.0,-436000.0,2000000.0,-410000.0,,,,,,8772000.0,,2448000.0,,,,402000.0,,,,,,,,,,,,224745000,569201000,77578000,,,18736000.0,3753000,-111990000,28241000,-2399000,,,0.0,-709000,,,,,,,55575000,2673000,,,,,,,,,,,,,,,,,1040000,-2014000.0,,,-5400000.0,-2080000.0,-66000,,,3880000.0,23746000,3274000.0,,,633000.0,,,,0.0,,,108652000.0,7880000.0,,34153000,8441000,,,,10840000,,0.0,,,,,,47136000.0,7808000,,,,,,123708000.0,1215000,,,,,,,,,4382000.0,14897000,5341000.0,,,,,,,,,-94958000,,87562000.0,,,,87562000.0,,,6563414.0,5.95,8129031.0,873143.0,1478569.0,4.84,68001717.0,9713040.0,7.61,67355632.0,9523368.0,7.54,,,3.98,9.5,8.95,56041779.0,1702647.0,,344456000,0.5,6966000.0,1961245.0,681000.0,,,6965000.0,0.0,-633000.0,,7808000,,,,,,,,,,,,,,,0.0,0.0,,,,,,,,,,,,,,,113757212.0,,,,,,,,,,,,,,,,,,,,,
2017-02-28,True,116129719,1067009418.0,10978000,26426000,,,24179000,,46153000.0,18472000,442510000,,1942000.0,13960000.0,,3235000.0,5070000.0,,15901000,1999000.0,,,17132000.0,184000.0,3300000.0,12118394,551000.0,581193000,371032000,,,,100494000.0,2000.0,31000.0,100523000.0,,100494000,,-914000.0,,,-35401000.0,365786000.0,5700000.0,1800000.0,24155000.0,,6300000.0,43294000.0,19139000.0,22300000.0,6829000.0,5296000.0,13740000.0,7970000.0,0.0,38000.0,1296000.0,4436000.0,0.0,1615000.0,12125000.0,6300000.0,1600000.0,10900000.0,181592000,,-89652000.0,,,,0.001,1400000000,115973039,115973039,116000,-22234000,,,,123328000.0,,,22084000.0,580000.0,25287000.0,2623000.0,,34264000.0,17132000.0,51400000.0,2008000.0,-23000.0,,1738000.0,74953000.0,,,,5648000.0,,-247000.0,,23724000.0,19700000.0,,9885000.0,13084000.0,1418000.0,274000.0,898000.0,644000.0,,5692000.0,,611000.0,,0.0,13839000.0,65068000.0,,,,,65068000.0,2816000.0,6618000.0,1059000.0,,19200000.0,22525000,,0.0,,-0.26,,,0.35,,,-6791000.0,,,,,3235000.0,3235000.0,0.0,,,2067000.0,5030000.0,,,,,,,,,,,,,,,,,,,4209000.0,0.0,3407000.0,,,,1700000.0,2400000.0,11716000.0,7507000.0,-14951000.0,,-1143000.0,,,86180000,35657000,8660000.0,-600000.0,0.0,,-755000.0,,241639000,,,25910000.0,-2876000,-28786000.0,27025000,10559000.0,4911000.0,5849000.0,-1007000.0,267000.0,12168000.0,1412000.0,316000.0,1545000.0,2170000.0,-3585000.0,8192000.0,11193000.0,,,964000.0,-438000.0,4855000.0,6186000.0,0.0,,,,,7507000.0,,7204000.0,,2000000.0,,1702000.0,6000000.0,,,,,,,,,,,236436000,581193000,84008000,,,82799000.0,5810000,-135430000,46759000,-29901000,,,0.0,-20453000,1.0,,1.0,,,,224062000,17577000,,,,,,,,27294000.0,3026000.0,2718000.0,3471000.0,3817000.0,3787000.0,10475000.0,,,985000,7675000.0,,,7667000.0,7667000.0,-8000,,,6557000.0,24704000,5337000.0,,,1258000.0,,,,0.0,,,160504000.0,7880000.0,,35981000,11769000,,25000000.0,,15571000,,0.0,0.0,,,,,80704000.0,10568000,,,,,172560000.0,126407000.0,1770000,,,,,,,,,6086000.0,55083000,5341000.0,,,,,,,,,-116341000,,364967000.0,,,,364967000.0,,,6352071.0,6.29,19130000.0,893906.0,1700234.0,4.03,43613000.0,9339567.0,7.89,43364000.0,9166097.0,7.82,,,4.17,9.51,9.35,38257000.0,9533000.0,10.6,344757000,0.5,6966000.0,2535620.0,27723000.0,80212000.0,,6966000.0,0.0,-1258000.0,,10568000,,,,,,,,,,,,,,,0.0,0.0,23574000.0,0.0,0.0,,,,1071000.0,274000.0,,,11800000.0,,,,113562738.0,,,,,,,,,,,,,,,,,,,,,
2017-05-02,False,116516286,,6371000,25085000,,,22638000,,51176000.0,15495000,447648000,,,4348000.0,,,,,4885000,,1891000.0,,0.0,56000.0,,13090569,,530739000,355240000,,,,105771000.0,2000.0,53000.0,105822000.0,,81145000,,-277000.0,,,,,,,,,,,,,6748000.0,4610000.0,,,,,,,,,,,,,194807000,,13215000.0,,,,0.001,1400000000,116268470,116268470,116000,-3398000,,,,34659000.0,,-51364000.0,,,,,,0.0,0.0,,,,,,,,,,5777000.0,,,,,,,,,,,,,,,,,,,,,,,,,65034000.0,,,,,,6938000,,,0.0,0.0,0.0,,,,,-456000.0,,,,,,,,,,2007000.0,1068000.0,,,,,,,,,,,,,,,,,,,5674000.0,,,,,,,,,,2780000.0,,-49000.0,,,22763000,35970000,,,,,,,62232000,,,,-1473000,,-1052000,,,,,,,,,,,-3404000.0,-1093000.0,-2234000.0,,,109000.0,28000.0,677000.0,4385000.0,,0.0,,618718.0,0.0,6062000.0,,2591000.0,,,,439000.0,,,,,,,,,,,,235691000,530739000,81153000,,,23454000.0,-2032000,12394000,3309000,-421000,-421000.0,,,628000,,,,,,,64333000,-2101000,,,,,,,,,,,,,,,,,958000,-2955000.0,,,-2977000.0,-2977000.0,-22000,,,5327000.0,25308000,2145000.0,,,797000.0,,,,,,,23240000.0,,,2700000,3956000,,,,19911000,,,,,,,,42290000.0,600000,,,,,,127168000.0,332000,,,,,,,,,1835000.0,18116000,5341000.0,,,,,,,,,-168211000,,96891000.0,,,,96891000.0,,,6627302.0,6.73,1732000.0,62280.0,1251451.0,4.66,34332000.0,10320768.0,8.28,,,,,,2.89,12.63,10.51,31339000.0,3790000.0,,295048000,,,207970.0,902000.0,,,,,-797000.0,,600000,,,,,,,,,,,,,,0.0,,,,,,,,,,,,,,,,115696024.0,115696024.0,115696024.0,,,,,,,,,,,,,,,,,,,,
2017-08-07,False,118257427,,7595000,24990000,,,30377000,,56667000.0,2125000,462578000,,2838000.0,11117000.0,,,,,8162000,,2278000.0,,0.0,110000.0,,6850653,,554317000,376228000,,,,113100000.0,0.0,40000.0,113140000.0,,60353000,,-302000.0,,,,,,,,,,,,,7345000.0,6191000.0,,,,,,,,,,,,,226885000,,45293000.0,,,,0.001,1400000000,117849400,117849400,118000,-1701000,,,,35724000.0,,-51364000.0,,,,,,0.0,0.0,,,,,,,,,,5789000.0,,,,,,,,,,,,,,,,,,,,,,,,,65028000.0,,,,,,13598000,,,0.1,,0.1,,,,,832000.0,,,,,,,,,,0.0,5152000.0,,,,,,,,,,,,,,,,,,,3274000.0,,,,,,,,,,16103000.0,,-89000.0,,,28411000,37438000,,,,,,,65968000,,,,2232000,,-9437000,,,,,,,,,,,-2282000.0,-1008000.0,3928000.0,,,27000.0,54000.0,1251000.0,13172000.0,,,,,,5301000.0,,2696000.0,,,,543000.0,,,,,,,,,,,,246038000,554317000,88324000,,,27521000.0,-618000,29631000,15448000,11669000,11652000.0,12501000.0,,13950000,,,,,,,77686000,-11718000,,,,,,,,,,,,,,,,,935000,-13381000.0,,,-16347000.0,-13370000.0,11000,,,2134000.0,25827000,4368000.0,,-17000.0,2028000.0,,2388000.0,,,,,29462000.0,,,3593000,6604000,,,,28916000,,,,,,,,69290000.0,6376000,,,,,,129074000.0,863000,,,,,,,,,3742000.0,21754000,5341000.0,,,245.0,0.23,11260000.0,11260000.0,7204000.0,1668000.0,-156542000,,101692000.0,,,,101692000.0,,,6069330.0,7.87,11135000.0,718334.0,5473601.0,4.73,71404000.0,12502507.0,9.47,,,,,,4.0,10.8,10.77,45027000.0,6695000.0,,308279000,,,1592327.0,1683000.0,,,,,-2029000.0,,6376000,,,,,,,,,,,,,,17000.0,,,,,,,,,,,,,,,,120723938.0,120723938.0,116933216.0,,,,,,,,,,,,,,,,,,,,
2017-11-08,False,121714269,,7241000,27172000,,,26288000,,62806000.0,-4102000,482936000,,2838000.0,18061000.0,,,,,7521000,,2851000.0,,0.0,164000.0,,2396510,,574062000,400383000,,,,115566000.0,12000.0,12000.0,115566000.0,,50407000,,-384000.0,,,,,,,,,,,,,6548000.0,5160000.0,,,,,,,,,,,,,260288000,,78696000.0,,,,0.001,1400000000,121067352,121067352,121000,19575000,,,,36383000.0,,-51364000.0,,,,,,0.0,0.0,,,,,,,,,,6322000.0,,,,,,,,,,,,,,,,,,,,,,,,,40580000.0,,,,,,20620000,,,0.22,,0.21,,,,,1685000.0,,,,,,,,,,0.0,5422000.0,,,,,,,,,,,,,,,,,,,2500000.0,,,,,,,,,,8069000.0,,-395000.0,,,22094000,38216000,,,,,,,69997000,,,,13240000,,-12562000,,,,,,,,,,,-2574000.0,2139000.0,-66000.0,,,512000.0,48000.0,-23740000.0,663000.0,,,,,,4700000.0,,2908000.0,,,,654000.0,,,,,,,,,,,,225847000,574062000,94089000,,,23520000.0,6871000,37818000,32322000,25802000,25777000.0,25802000.0,,5815000,,,,,,,62572000,7425000,,,,,,,,,,,,,,,,,879000,-6267000.0,,,-22574000.0,-6227000.0,40000,,,2499000.0,25971000,6752000.0,,-25000.0,4897000.0,,4565000.0,,,,,46808000.0,0.0,,3872000,8042000,,,,17325000,,,,,,,,96540000.0,21936000,,,,,,124543000.0,2059000,,,,,,,,,5838000.0,16958000,5341000.0,,1274000.0,245.0,0.23,1766000.0,1766000.0,3440000.0,965000.0,-130740000,,106380000.0,,,,106380000.0,,,3301191.0,10.48,31361000.0,1271472.0,5852326.0,6.5,55423000.0,9321232.0,10.96,,,,,,4.77,10.98,11.01,21307000.0,5943000.0,,348215000,,0.0,4599189.0,2408000.0,,,,,-4897000.0,,21936000,,,,,,,,,,,,,,25000.0,,,,,,,,,,,,,,,,123224559.0,123224559.0,119592191.0,,,,,,,,,,,,,,,,,,,,
2018-03-01,True,121502754,1748789745.0,13622000,33677000,,,28743000,,66226000.0,-6379000,499441000,,2838000.0,,23462000.0,3235000.0,5070000.0,78400000.0,26559000,2687000.0,,,0.0,463000.0,3400000.0,5338022,3162000.0,605583000,439264000,,,,61387000.0,11000.0,8000.0,61384000.0,,25108000,,-426000.0,,,-35401000.0,365786000.0,,,29991000.0,,8209000.0,48333000.0,18342000.0,27700000.0,5798000.0,4115000.0,11171000.0,6697000.0,0.0,0.0,918000.0,3556000.0,0.0,1258000.0,9913000.0,7700000.0,1600000.0,18600000.0,315442000,,133850000.0,,,,0.001,1400000000,121769238,121769238,122000,56949000,,,,150986000.0,,-51364000.0,-6397000.0,476000.0,-5842000.0,79000.0,,0.0,0.0,,-34948000.0,33000.0,,-43693000.0,41524000.0,,,,6262000.0,,-8778000.0,,28918000.0,,,17897000.0,17431000.0,1691000.0,274000.0,3597000.0,573000.0,,3776000.0,,384000.0,,527000.0,11021000.0,23627000.0,,,23786000.0,,,891000.0,6850000.0,0.0,,23800000.0,27197000,,0.0,0.69,,0.68,,0.35,,,1155000.0,,,,,,,,,,0.0,5586000.0,,,,,,,,,,,,,,,,,,,3100000.0,,2400000.0,,,,0.0,1700000.0,7200000.0,4100000.0,29105000.0,,-520000.0,,,91486000,38541000,0.0,,0.0,,2884000.0,,290245000,,0.0,-16583000.0,32265000,48848000.0,-49535000,1003000.0,-4673000.0,-11878000.0,11308000.0,168000.0,0.0,-12584000.0,20000.0,-691000.0,1098000.0,2837000.0,8826000.0,3207000.0,,47972000.0,434000.0,28000.0,5561000.0,4429000.0,,,,,,4100000.0,,11130000.0,,7555000.0,,2394000.0,4100000.0,,,,,,,,,,,208689000,605583000,102477000,,,109085000.0,3439000,61836000,67420000,81800000,81720000.0,82571000.0,0.0,20369000,1.0,,1.0,,,,278349000,11896000,,,,,,,,24980000.0,3907000.0,2608000.0,2819000.0,3566000.0,3912000.0,8168000.0,,,720000,-24898000.0,,,-24851000.0,,47000,,,3394000.0,18262000,3117000.0,,-80000.0,10301000.0,6417000.0,2615000.0,,0.0,,62348000.0,,0.0,,3948000,9208000,0.001,25000000.0,0.0,20379000,,0.0,,,,,137340000.0,,33838000,,,,,183843000.0,117617000.0,2497000,77329000.0,0.0,17000000.0,16000000.0,14320000.0,13332000.0,16677000.0,,7798000.0,74616000,,5341000.0,800000.0,245.0,0.23,871000.0,13897000.0,1342000.0,354000.0,-96290000,,441231000.0,,,,441231000.0,,,2294818.0,10.48,52693000.0,1518548.0,5887183.0,4.85,74996000.0,7947939.0,11.02,,,,,,5.87,11.36,11.04,22912000.0,19826000.0,,396894000,0.5,0.0,5760263.0,3132000.0,80212000.0,,6966000.0,0.0,-6417000.0,,33838000,,,586231.0,10301000.0,100000000.0,,89699000.0,,,,17.57,,,80000.0,0.0,0.0,17013000.0,7411000.0,,,,,732000.0,118000.0,,,17000000.0,,,122267673.0,,118538687.0,,,,,,,,,,,,,,,,,,,,
2018-05-09,False,119475520,,8094000,31292000,,,35384000,,71291000.0,-6281000,542554000,,,,5990000.0,,,,6454000,,3075000.0,,,122000.0,,653945,,870165000,704997000,,,,74513000.0,0.0,34000.0,74547000.0,,67526000,,80000.0,,,,,,,,,,,,,4861000.0,3231000.0,,,,,,,,,,,,,533855000,,,,539196000.0,218413000.0,0.001,1400000000,119954600,119954600,120000,13065000,,,,41295000.0,,,,,,,977000.0,,,,,,,,,,6464000.0,18151000.0,6464000.0,17949000.0,,,,,,,,,,,,,,,,,,,32303000.0,,,,,,,,,,,6320000,,,0.11,,0.1,,,,,,1085000.0,,,,,,,,,,29000.0,,,,,,,,,,,,,,,,,,,3700000.0,,,,,,,,,,1850000.0,,4000.0,,,18904000,39228000,,,,,,,79617000,,,,12981000,,14000,,,,,,,,,,,-6620000.0,-1684000.0,5550000.0,,-91000.0,157000.0,-7000.0,2095000.0,2461000.0,,,,,,3500000.0,,3764000.0,,,,1097000.0,,,,,,,,,,,,485678000,870165000,106556000,265415000.0,,26194000.0,236560000,-45653000,26421000,12967000,12954000.0,12967000.0,,-817000,,,,,,,65819000,13798000,,,,,,,,,,,,,,,,,714000,124000.0,,,98000.0,,-26000,,,3167000.0,18132000,1077000.0,,-13000.0,68586000.0,1780000.0,793000.0,9127000.0,,,,59811000.0,,,192000,3097000,0.001,25000000.0,0.0,23738000,345000000.0,,,,,,,17447000.0,10249000,,,,,,116385000.0,912000,,,,,,,,,1850000.0,20721000,,5341000.0,,245.0,0.23,-151000.0,-151000.0,398000.0,0.0,-151906000,,120912000.0,,,,120912000.0,,,1551029.0,9.95,9799000.0,108541.0,622476.0,12.31,119764000.0,7573968.0,12.27,,,,,,11.54,13.85,26.76,28082000.0,2930000.0,,384487000,,,887906.0,714000.0,,54184000.0,,,-1780000.0,,10249000,2807393.0,68586000.0,,,100000000.0,,21113000.0,,,,24.43,,,13000.0,,,,,,,,,,,,,,,,125772315.0,,121267092.0,,,,,,,,,,,,,,,,,,,,
2018-08-07,False,119753433,,14760000,30615000,,,35447000,,75969000.0,-6548000,546121000,,,,14450000.0,,,,8617000,,3568000.0,,,475000.0,700000.0,760627,,865310000,666233000,12000.0,26000.0,235687000.0,,,,,235673000.0,209689000,,,,,,,,,,,,,,,4376000.0,2806000.0,,,,,,,,,,,,,357820000,,,567509000.0,363161000.0,42378000.0,0.001,1400000000,119545384,119545384,120000,3112000,6440000.0,6440000.0,18476000.0,45409000.0,,,,,,,406000.0,,,,,,,,,,,,,,,,,,,,,,,,,,,,,,,,32292000.0,,,,,,,,,,,12677000,,,0.03,,0.03,,,,,,-2175000.0,,,,,,,,,,690000.0,,,,,,,,,,,,,,,,,,,4446000.0,19280000.0,,2969000.0,3532000.0,3532000.0,3532000.0,5232000.0,42523000.0,38077000.0,-4450000.0,,-26000.0,,,21707000,37959000,,,,,,,86978000,,,,4625000,,1246000,,,,,,,,,,,368000.0,-922000.0,5975000.0,233000.0,377000.0,,-32000.0,4245000.0,-2545000.0,,,,,,38077000.0,,6125000.0,,,,2438000.0,,,,,,,,,,,,495219000,865310000,113499000,269133000.0,,28941000.0,205491000,-227450000,66512000,3379000,3376000.0,3379000.0,,-8137000,,,,,,,74216000,12762000,,,,,,,,,,,,,,,,,676000,-276000.0,922000.0,,-267000.0,,9000,,,2925000.0,17464000,4335000.0,,-3000.0,89661000.0,7898000.0,287000.0,9561000.0,,,,234149000.0,,35323000.0,304000,8146000,0.001,25000000.0,0.0,18558000,345000000.0,,,,,,,50472000.0,10725000,,,,,,117024000.0,1961000,,,,,,,,,3421000.0,23568000,,5341000.0,,245.0,0.23,-41000.0,-41000.0,70000.0,0.0,-169602000,132387000.0,,,,,,,,2814740.0,10.57,1397000.0,148365.0,742709.0,13.51,224619000.0,7594641.0,12.61,,,,,,11.32,13.07,28.11,89010000.0,11469000.0,,370091000,,,947642.0,1433000.0,,54214000.0,,,-7898000.0,,10725000,722941.0,21113000.0,,,100000000.0,,0.0,,,,29.15,,7400000.0,3000.0,,,17000000.0,,,,,,,,,,17000000.0,,,125551759.0,,119450194.0,,,,,,,,,,,,,,,,,,,,
2018-11-07,False,120460043,,14130000,36385000,,,37191000,,80248000.0,-7087000,551293000,,,,23288000.0,,,,8916000,,4641000.0,,,831000.0,1500000.0,60363,,907368000,707949000,14000.0,23000.0,224412000.0,,,,,224403000.0,221409000,,,,,,,,,,,,,,,4284000.0,2791000.0,,,,,,,,,,,,,362727000,,,584136000.0,368068000.0,47285000.0,0.001,1400000000,120244674,120244674,120000,19355000,,7180000.0,-6300000.0,46947000.0,,,,,,,,,,,,,,,,,,,,,,,,,,,,,,,,,,,,,,,30851000.0,,,,,,,,,,,19116000,,,0.17,,0.15,,,,,,-2694000.0,,,,,,,,,,1909000.0,,,,,,,,,,,,,,,,,,,5924000.0,19150000.0,,1478000.0,3508000.0,3508000.0,3508000.0,5208000.0,42284000.0,36360000.0,-373000.0,,-26000.0,,,20748000,37802000,,,,,,,103419000,,,,14596000,,-5298000,,,,,,,,,,,-80000.0,6631000.0,8178000.0,991000.0,4038000.0,,-32000.0,4678000.0,-1155000.0,,,,,,36360000.0,,6135000.0,,,,2367000.0,,,,,,,,,,,,512749000,907368000,128931000,272790000.0,,39516000.0,197025000,-244178000,97132000,19894000,19884000.0,19894000.0,,-4141000,,,,,,,84682000,18737000,,,,,,,,,,,,,,,,,673000,-544000.0,1575000.0,,-539000.0,,5000,,,2676000.0,17378000,7632000.0,,-10000.0,89661000.0,17136000.0,13000.0,9962000.0,,,,359182000.0,,35323000.0,442000,13674000,0.001,25000000.0,0.0,23958000,345000000.0,,,,,,,164443000.0,15573000,,,,,,119243000.0,3617000,,,,,,,,,4748000.0,24418000,,5341000.0,,245.0,0.23,-57000.0,-57000.0,0.0,,-149707000,150366000.0,,,,,,,,2842638.0,,13493000.0,245909.0,768263.0,25.0,275193000.0,7115407.0,12.7,,,,1000000.0,,11.49,15.4,28.86,116034000.0,8783000.0,,394619000,,,1354886.0,2158000.0,,54214000.0,,,-17136000.0,,15573000,4116565.0,89661000.0,,,100000000.0,,0.0,,,,24.28,,7000000.0,10000.0,,,18000000.0,,,,,,,,1000000.0,,18000000.0,,,129086137.0,,119870711.0,,,,,,,,,,,,,,,,,,,,
2019-02-28,True,119566393,4991820388.0,26545000,12244000,12906000.0,,49158000,3787000.0,85440000.0,-7813000,562033000,,2838000.0,,36729000.0,3235000.0,,129100000.0,38231000,4720000.0,,,0.0,1191000.0,4300000.0,612236,0.0,901851000,680289000,12000.0,44000.0,265109000.0,,,,,265077000.0,257302000,,,,,-35401000.0,365786000.0,,,,,,,,29700000.0,3884000.0,2095000.0,6627000.0,4392000.0,0.0,0.0,481000.0,1754000.0,0.0,648000.0,5979000.0,5900000.0,1000000.0,24400000.0,366985000,,51543000.0,624287000.0,372326000.0,,0.001,1400000000,119771702,119771702,120000,76057000,,7478000.0,-6300000.0,,190762000.0,-51364000.0,709000.0,600000.0,731000.0,-578000.0,,,,,-3343000.0,-23297000.0,23464000.0,-23144000.0,48400000.0,30455000.0,,,,,3496000.0,12109000.0,43082000.0,,,41409000.0,13347000.0,1301000.0,274000.0,7567000.0,744000.0,,6623000.0,43000.0,545000.0,529000.0,0.0,1673000.0,6991000.0,7283000.0,,,,,362000.0,6933000.0,92000.0,33730000.0,22400000.0,26742000,,0.0,0.64,,0.61,,,12000000.0,,,-5995000.0,,,,,,,,,,2122000.0,,,,,,,,,,,,,,,,,,,7378000.0,15503000.0,5178000.0,,3477000.0,3477000.0,3477000.0,3477000.0,41967000.0,34589000.0,-6487000.0,-5997000.0,-136000.0,2887000.0,,82883000,37482000,,-1059000.0,0.0,,,,412931000,0.0,0.0,36157000.0,55078000,18921000.0,-22413000,966000.0,-28733000.0,-298000.0,11566000.0,-329000.0,0.0,-11717000.0,-198000.0,3839000.0,4115000.0,13364000.0,-17215000.0,23079000.0,1331000.0,22414000.0,,-43000.0,9099000.0,4785000.0,,,,,,,22178000.0,,,,10002000.0,8957000.0,3800000.0,,,,,,,,,,,500953000,901851000,112062000,276486000.0,,,144006000,-285393000,198925000,77491000,77454000.0,77491000.0,,-19708000,1.0,,1.0,,,,338145000,74786000,,,,,,,,32017000.0,4904000.0,4205000.0,4180000.0,4185000.0,4783000.0,9760000.0,,10000.0,507000,,,-1399000.0,-1434000.0,,-35000,0.0,2406000.0,3925000.0,19864000,10968000.0,,-37000.0,134647000.0,,13000.0,9962000.0,,24065000.0,,514286000.0,0.0,35494000.0,1019000,19537000,0.001,25000000.0,0.0,22686000,345000000.0,,,-128000.0,,284943000.0,,,18253000,,,,,205619000.0,120179000.0,4124000,61070000.0,0.0,0.0,17000000.0,10696000.0,17374000.0,16000000.0,,6057000.0,97249000,,5341000.0,,245.0,0.23,-57000.0,-249000.0,0.0,354000.0,-153442000,603693000.0,,,,12232000.0,,158013000.0,,3032251.0,10.94,34268000.0,265367.0,797201.0,13.33,239177000.0,6890994.0,12.91,,,,7000000.0,,11.49,15.68,29.87,111071000.0,32717000.0,,400898000,,0.0,1588779.0,3754000.0,,53323000.0,6966000.0,0.0,,,18253000,916083.0,45000000.0,,,200000000.0,,155000000.0,,,,49.11,,6700000.0,37000.0,,,18819000.0,61000.0,,500000.0,300000.0,,921000.0,946000.0,,,18800000.0,,,127084785.0,,120146076.0,,,,,,,,,,,,,,,,,,,,
2019-05-09,False,120184386,,17325000,10789000,5651000.0,,40123000,3113000.0,93159000.0,-8775000,570906000,,,,8616000.0,,,,8082000,,5822000.0,,,,,286125,,981168000,724001000,57000.0,2000.0,297936000.0,,,,,297991000.0,276432000,,,,,,,,,,,,,,,3884000.0,2095000.0,6627000.0,4392000.0,0.0,0.0,481000.0,1754000.0,0.0,648000.0,5979000.0,,,,345674000,,,622106000.0,351015000.0,-21311000.0,0.001,1400000000,119933386,119933386,120000,30617000,,7787000.0,7100000.0,,52658000.0,7116000.0,,,,,200000.0,,,,,,23000000.0,,,32637000.0,,,,,,,,,,,,,,,,,,,,,,,,,,,,,,,,,,10142000,,,0.26,,0.24,,,,,,-1458000.0,,,,,,,,,,,870000.0,864000.0,69537000.0,9927000.0,59610000.0,80622000.0,27715000.0,,10599000.0,10530000.0,10911000.0,11351000.0,9516000.0,11085000.0,2745000.0,68810000.0,3370000.0,0.044,8794000.0,,,,,,,,,33839000.0,1062000.0,171000.0,,,,24647000,37034000,,,,,,,116681000,,,,31437000,,-142000,,,,,,,,,,,,,,,142000.0,,,,,,,,,,,4653000.0,,,,,3385000.0,,5458000.0,31092000.0,9782000.0,,4214000.0,4190000.0,4192000.0,4801000.0,3913000.0,4009000.0,561155000,981168000,148675000,280226000.0,,,-29307000,-22004000,31458000,31579000,31564000.0,31579000.0,,-206000,,1.0,,1.0,,,85038000,31643000,1277000.0,,27083000.0,4247000.0,22836000.0,800000.0,24471000.0,32017000.0,4904000.0,4205000.0,4180000.0,4185000.0,4783000.0,9760000.0,0.0426,2796000.0,26303000,,,-1061000.0,-962000.0,,99000,0.0,3603000.0,9266000.0,40007000,2928000.0,,-15000.0,27492000.0,,,1192000.0,,5672000.0,,158883000.0,,,683000,3390000,0.001,25000000.0,0.0,26859000,0.0,,,1864000.0,,140952000.0,,,5930000,,,,,,131650000.0,1182000,,,,,,,,,,24947000,,5341000.0,,,,,,,,-142238000,169339000.0,,202000.0,,10384000.0,,35444000.0,8082000.0,2954939.0,,28523000.0,98150.0,275000.0,29.55,340424000.0,6533151.0,15.23,,,,,,11.09,28.36,69.89,166136000.0,6083000.0,,420013000,,,534693.0,,,54184000.0,,,,,5930000,5565060.0,172500000.0,,,200000000.0,,127500000.0,,,,32.84,,,15000.0,,,19900000.0,,,500000.0,100000.0,,,,1100000.0,,19900000.0,,,130237875.0,,119679149.0,,,,,,,,,,,,,,,,,,,,
2019-08-02,False,120459900,,20504000,10585000,11246000.0,6687000.0,55687000,822000.0,101248000.0,-7415000,573611000,,,,11280000.0,,,,10837000,,2868000.0,,,,,1054776,,1021775000,743653000,434000.0,0.0,299677000.0,,,,,300111000.0,274673000,,,,,,,,,,,,,,,3884000.0,2095000.0,6627000.0,4392000.0,0.0,0.0,481000.0,1754000.0,0.0,648000.0,5979000.0,,,,359159000,,,659270000.0,364500000.0,-7826000.0,0.001,1400000000,120335524,120335524,120000,19583000,,8011000.0,7500000.0,,58605000.0,7116000.0,,,,,0.0,,,,,,23319000.0,,,32642000.0,,,,,,,,,,,,,,,,,,,,,,,,,,,,,,,,,,19952000,,,0.15,,0.14,,,,,,-561000.0,,,,,,,,,,,823000.0,1681000.0,66715000.0,9306000.0,57409000.0,77221000.0,27715000.0,,10599000.0,10547000.0,10960000.0,11400000.0,6000000.0,10506000.0,5475000.0,65621000.0,3320000.0,0.0437,10332000.0,,,,,,,,,33142000.0,-192000.0,1240000.0,,,,29883000,37342000,,,,,,,122490000,,,,16369000,,-1854000,,,,,,,,,,,,,,,1996000.0,,,,,,,,,,,4678000.0,,,,,3391000.0,,5541000.0,29422000.0,9756000.0,,4201000.0,4177000.0,4182000.0,4793000.0,2313000.0,3789000.0,579474000,1021775000,166510000,284011000.0,25438000.0,,-40604000,-47955000,81294000,18223000,18214000.0,18223000.0,,-1479000,,1.0,,1.0,,,104642000,17848000,1272000.0,,25633000.0,3995000.0,21638000.0,2390000.0,23410000.0,32017000.0,4904000.0,4205000.0,4180000.0,4185000.0,4783000.0,9760000.0,0.0426,,25131000,,,982000.0,1360000.0,,378000,,2604000.0,8413000.0,38902000,6314000.0,,-9000.0,27492000.0,,,1392000.0,,16157000.0,,305391000.0,,0.0,3747000,4669000,0.001,25000000.0,0.0,34647000,0.0,,,2072000.0,,265852000.0,,,7840000,,,,,,128409000.0,4146000,,,,,,,,,,28765000,,5341000.0,,,,,,,,-124015000,181095000.0,,333000.0,,14013000.0,,45994000.0,18919000.0,3256827.0,11.65,8373000.0,186644.0,320888.0,25.0,293334000.0,6336348.0,15.46,,,,,,11.38,28.31,68.84,161917000.0,12108000.0,,442301000,,,688890.0,,,30000.0,,,,,1910000,5565060.0,172500000.0,,,200000000.0,,127500000.0,,,,32.84,,,9000.0,,,19800000.0,,,800000.0,300000.0,,,,1000000.0,,19800000.0,,,130807743.0,,120198526.0,,,,,,,,,,,,,,,,,,,,
2019-10-31,False,118488696,,23416000,12494000,14469000.0,6196000.0,70325000,791000.0,108972000.0,-11523000,637176000,,,,12323000.0,,,,12137000,,5291000.0,,,,,4876812,,1499198000,945840000,371000.0,0.0,184564000.0,,,,,184935000.0,180170000,4765000.0,,,,,,,,,,,,,,3884000.0,2095000.0,6627000.0,4392000.0,0.0,0.0,481000.0,1754000.0,0.0,648000.0,5979000.0,,,,671769000,,,,677110000.0,304784000.0,0.001,1400000000,118449657,118449657,119000,10693000,,7434000.0,7500000.0,,68949000.0,7116000.0,,,,,900000.0,,,,,,22380000.0,,,83130000.0,,,,,,,,,,,,,,,,,,,,,,,,,,,,,,,,,,32760000,,,0.12,,0.12,,,,,,-3488000.0,,,,,,,,,,,778000.0,2452000.0,64346000.0,8770000.0,55576000.0,74112000.0,27720000.0,,10599000.0,10613000.0,11080000.0,11521000.0,2579000.0,9766000.0,8177000.0,62687000.0,3252000.0,0.0435,13005000.0,,,,,,,,,202102000.0,-1949000.0,-25000.0,,,,32203000,138474000,102039000.0,1047000.0,,,,,128998000,,,,10089000,,-4712000,,,,,,,,,,,,,,,6708000.0,,,,,,,,,,,5077000.0,,,,,2883000.0,,5539000.0,31242000.0,9913000.0,,4929000.0,4890000.0,4884000.0,5483000.0,1143000.0,3800000.0,1109936000,1499198000,154707000,776127000.0,,,388188000,-208255000,128339000,14801000,14801000.0,14801000.0,,-4143000,,2.0,,1.0,,2.0,114766000,14232000,1383000.0,,27442000.0,4491000.0,22951000.0,3811000.0,25278000.0,32017000.0,4904000.0,4205000.0,4180000.0,4185000.0,4783000.0,9760000.0,0.0426,,27034000,,,-3948000.0,-4108000.0,,-160000,97000.0,3058000.0,7289000.0,40396000,9836000.0,,0.0,154790000.0,,,11142000.0,,23605000.0,,318221000.0,271353000.0,1898000.0,5889000,6242000,0.001,25000000.0,0.0,43934000,650000000.0,,,3148000.0,,395348000.0,,,8934000,,,,,,153262000.0,7464000,,,,,,,,,,32465000,,5341000.0,,,,,,,,-236510000,197947000.0,,657000.0,,25236000.0,,50098000.0,31056000.0,3500255.0,11.63,3787000.0,197518.0,360258.0,25.4,260259000.0,6279454.0,15.71,,,,5200000.0,,11.54,29.87,68.1,157057000.0,7047000.0,,389262000,,,774280.0,,,115891000.0,,,,,1094000,5615781.0,175298000.0,,,200000000.0,,124702000.0,0.0,,,31.2,,,0.0,,,20700000.0,,,1000000.0,,,500000.0,,1900000.0,,20700000.0,,,126243168.0,,120351095.0,,,,,,,,,,,,,,,,,,,,
2020-02-27,True,117949068,7314888157.0,26324000,15386000,19561000.0,,88345000,602000.0,85440000.0,-8699000,642628000,,2838000.0,,45697000.0,,,175200000.0,44395000,5033000.0,,,,2006000.0,9600000.0,10535628,0.0,1542352000,921038000,286000.0,71000.0,471840000.0,,,,,472055000.0,373959000,89343000.0,,,,,,,,,,,,,,3884000.0,2095000.0,6627000.0,4392000.0,0.0,0.0,481000.0,1754000.0,0.0,648000.0,5979000.0,,,,443293000,,,,448634000.0,76308000.0,0.001,1400000000,118342772,118342772,119000,95008000,,7617000.0,7500000.0,,271036000.0,,-3967000.0,352000.0,-2562000.0,1053000.0,,,,,-19734000.0,8612000.0,14257000.0,-12686000.0,119978000.0,64497000.0,,,,,-1564000.0,3572000.0,70621000.0,,,69738000.0,19599000.0,3944000.0,,13133000.0,,4065000.0,7642000.0,,,0.0,,883000.0,50240000.0,22839000.0,39500000.0,,17596000.0,,80000.0,,,,38400000.0,48031000,,0.0,0.8,,0.76,-0.189,0.21,,-4197000.0,,-1846000.0,,,22600000.0,,,,,,,,3205000.0,3181000.0,61886000.0,8275000.0,53611000.0,70948000.0,17037000.0,,10678000.0,10599000.0,10677000.0,11152000.0,10805000.0,9062000.0,10833000.0,59696000.0,13124000.0,0.0431,16967000.0,123496000.0,15148000.0,,15148000.0,15148000.0,15148000.0,15148000.0,217559000.0,199236000.0,3006000.0,5708000.0,-1667000.0,4182000.0,,121134000,138731000,101703000.0,-454000.0,0.0,,,,547343000,0.0,0.0,14544000.0,80646000,66102000.0,-15248000,2084000.0,0.0,-5454000.0,16936000.0,1784000.0,,-16281000.0,-25000.0,973000.0,9864000.0,-953000.0,12656000.0,37410000.0,191000.0,15248000.0,,-4045000.0,-3887000.0,14156000.0,,,,,,,24320000.0,,,,3206000.0,13199000.0,3800000.0,22883000.0,29989000.0,5688000.0,,4298000.0,4981000.0,4942000.0,4928000.0,5152000.0,3533000.0,1135718000,1542352000,188528000,785126000.0,,,359607000,-488373000,206920000,95894000,95894000.0,95894000.0,,-8115000,,2.0,,1.0,,2.0,458582000,88761000,5405000.0,5400000.0,26456000.0,4134000.0,22322000.0,4889000.0,24362000.0,32017000.0,4904000.0,4205000.0,4180000.0,4185000.0,4783000.0,9760000.0,0.0426,,29542000,,,-1078000.0,-886000.0,,192000,65000.0,3172000.0,8181000.0,43956000,19108000.0,,0.0,176985000.0,,1093000.0,11904000.0,,32547000.0,,661821000.0,270409000.0,1963000.0,7528000,7750000,0.001,25000000.0,0.0,38614000,650000000.0,,,8265000.0,,461098000.0,,,9791000,,,,,205619000.0,120179000.0,10963000,97710000.0,0.0,0.0,700000.0,34153000.0,30735000.0,32122000.0,,6057000.0,121878000,,5341000.0,,245.0,0.23,-249000.0,0.0,0.0,2987000.0,-227414000,818379000.0,,849000.0,,39250000.0,,215570000.0,44395000.0,3835279.0,12.3,42758000.0,217803.0,462563.0,26.75,185900000.0,6294919.0,16.26,,,,7000000.0,,11.64,30.11,64.29,123671000.0,41997000.0,,406634000,,,840835.0,,,115980000.0,,,,,9791000,425078.0,176985000.0,,,200000000.0,,102500000.0,0.0,,,52.21,,,0.0,,,19933000.0,2423000.0,3080000.0,200000.0,-100000.0,1334000.0,1847000.0,3620000.0,,184000.0,19400000.0,,,125720073.0,,119665248.0,,,,,,,,,,,,,,,,,,,,
2020-05-07,False,118677964,,10557000,11712000,6209000.0,,68885000,,131114000.0,-10699000,657311000,,,,13985000.0,,,,13811000,,6734000.0,1983000.0,,,,18693668,,1517642000,906952000,2018000.0,930000.0,460923000.0,,,,,462011000.0,361640000,94080000.0,,,,,,,,,,,,,,,,,,,,,,,,,,,,442354000,,,,447695000.0,-939000.0,0.001,1400000000,118376782,118376782,118000,10522000,,8250000.0,7300000.0,,82416000.0,0.0,,,,,,,,,,,15232000.0,,,63126000.0,,,,,,,,,,,,,,,,,,,,,,,,,,,,,,,,,,15163000,,,0.11,,0.1,-0.292,,,,,-4018000.0,,,,,,,,,,,,,,8000000.0,51458000.0,,,,,,,,,,2566000.0,,,,13377000.0,,,,,,,,,194874000.0,-9318000.0,-8157000.0,,,,33987000,138305000,,,,,,,145639000,,,,9693000,,-2829000,,,,,,,,,,,,,,,2829000.0,,,,,,,,,,,9967000.0,,,,,3613000.0,,,,,,,,,,,,1110795000,1517642000,158849000,794129000.0,,,-32678000,6093000,29664000,12522000,12522000.0,12522000.0,,-15672000,,,,,,,120274000,25365000,,,,,,,,,,,,,,,,,28339000,,,-2671000.0,-2000000.0,,671000,205000.0,8935000.0,7985000.0,43233000,,-530000.0,0.0,24992000.0,,,14000.0,,4198000.0,,101501000.0,,,567000,1261000,0.001,25000000.0,0.0,36074000,,,,-5804000.0,,109422000.0,,,4896000,,,,,,,3684000,,,,,,,,,,37782000,,5341000.0,,,,,,,,-239883000,228055000.0,,135000.0,,29289000.0,,48505000.0,13811000.0,3708091.0,12.38,20425000.0,535.0,590601.0,16.68,139464000.0,6437099.0,19.04,,,,,,10.93,69.89,42.56,97817000.0,7385000.0,,406847000,,,447886.0,,,,,,,,4896000,2467400.0,24992000.0,,,200000000.0,,77500000.0,,,,49.63,,,0.0,,,20100000.0,,,200000.0,,,0.0,,200000.0,,19600000.0,,,123119053.0,,118138186.0,,,,,,,,,,,,,,,,,,,,
2020-08-06,False,119327613,,15978000,16527000,,,134016000,,141307000.0,-7699000,675213000,,,,16975000.0,,,,16725000,,6182000.0,4755000.0,,,,7865370,,1762031000,1194335000,1714000.0,21000.0,437109000.0,,,,,438802000.0,365659000,73143000.0,,,,,,,,,,,,,,,,,,,,,,,,,,,,677524000,,,,682865000.0,234231000.0,0.001,1400000000,119140637,119140637,119000,99425000,,9181000.0,7600000.0,,111381000.0,,,,,,,,,,,,8336000.0,,,66301000.0,,,,,,,,,,,,,,,,,,,,,,,,,,,,,,,,,,29334000,,,0.81,,0.75,0.107,,,,,-93000.0,,23363000.0,,,,,,,,,,,,8073000.0,49258000.0,,,,,,,,,,4927000.0,,,,17293000.0,,,,,,,,,191685000.0,1470000.0,-10394000.0,,,,38276000,138757000,,,,,,,317356000,,,,112316000,,15891000,,,,,,,,,,,,,,,-7389000.0,,,,,,,,,,,10026000.0,,3969000.0,,,1732000.0,,,,,,,,,,,,1237856000,1762031000,279579000,803227000.0,,,-38503000,22732000,250095000,96425000,96425000.0,100394000.0,,-6824000,,,,,,,198216000,119140000,,,,,,,,,,,,,,,,,24247000,2538000.0,,,,3000000.0,462000,142000.0,,8474000.0,39491000,,-1845000.0,0.0,24992000.0,,,14000.0,,10551000.0,,181198000.0,,,209000,2043000,0.001,25000000.0,0.0,30768000,,,,-10196000.0,206182000.0,,,,12177000,,,126187000.0,,,,5904000,,,,,,,,,,45233000,,5341000.0,,,,,,,,-143458000,428737000.0,,370000.0,,,,114707000.0,30536000.0,3638011.0,13.37,32034000.0,14490.0,645300.0,28.97,515046000.0,5967730.0,19.93,,,,,,12.71,32.15,45.26,337836000.0,19022000.0,,524175000,,,957999.0,,,,,,,,7281000,2467400.0,24992000.0,,,200000000.0,,77500000.0,,64320000.0,,49.63,,,0.0,,,21200000.0,,,200000.0,,,0.0,,1300000.0,,20700000.0,,,134408041.0,,118865885.0,,,,,,,,,,,,,,,,,,,,
2020-10-29,False,126090966,,22130000,16311000,,,174206000,,152335000.0,-1888000,886295000,102131000.0,,,17448000.0,,,,17128000,,7392000.0,7213000.0,,,,8255110,,2214505000,1697831000,877000.0,2000.0,415390000.0,,,,,416265000.0,379586000,36679000.0,,,,,,,,,,,,,,,,,,,,,,,,,,,,1144974000,,,,1150315000.0,701681000.0,0.001,1400000000,125660433,118342772,126000,97572000,,10508000.0,7600000.0,,120168000.0,,,,,,795000.0,,,,,,1819000.0,,,63448000.0,,,,,,,,,,,,,,,,,,,,,,,,,,,,,,,,,,45088000,,,0.75,,0.7,0.055,,,,,4175000.0,,32221000.0,,,,,,,,,,,,8345000.0,47147000.0,,,,,,,,,,7056000.0,,,,21437000.0,,,,,,,,,189120000.0,-1464000.0,-8559000.0,,,-16855000.0,40454000,139740000,,,,,,,331310000,,,,90393000,,-1368000,,,,,,,,,,,,,,,-5755000.0,,,,,,,8623473.0,,,,10615000.0,,4494000.0,,,1158000.0,,,,,,,,,,,,1547838000,2214505000,340942000,1054604000.0,,,220574000,41643000,435289000,91761000,91761000.0,96255000.0,,-27776000,,,,,,,213141000,118169000,,,,,,,,,,,,,,,,,25834000,6441000.0,,,,5811000.0,-630000,-189000.0,,12383000.0,41697000,,-3231000.0,,191162000.0,,,9764000.0,,19811000.0,,300880000.0,0.0,0.0,388000,3685000,0.001,25000000.0,0.0,43590000,650000000.0,,,-8268000.0,346596000.0,,,,18486000,,,118141000.0,,,,9572000,,,,,,,,137166000.0,,45908000,,5341000.0,,,,,,,,-217866000,451478000.0,,641000.0,,,,126779000.0,47664000.0,3558264.0,13.07,42278000.0,14490.0,654296.0,50.68,564636000.0,5576933.0,20.4,,,,,,13.61,32.15,46.38,386299000.0,8855000.0,,666667000,,,1357792.0,,151310000.0,,,,,-9260000.0,6309000,2467400.0,166170000.0,,,200000000.0,,77500000.0,,72798000.0,,49.63,,,,,,22100000.0,,,200000.0,,,0.0,,2200000.0,,21300000.0,,,137560385.0,,121978272.0,,,,,,,,,,,,,,,,,,,,
2021-02-26,True,126049276,12574335258.0,40883000,22605000,,,232352000,,,5951000,883166000,102131000.0,,,66350000.0,,,442200000.0,65114000,,9757000.0,10309000.0,,2751000.0,15200000.0,8629553,,2404489000,1894781000,478000.0,10000.0,480243000.0,,,,,480711000.0,425119000,39094000.0,,,,,,,,,,,,,,,,,,,,,,,,,,,,1244099000,,,,1249440000.0,800806000.0,0.001,1400000000,125835931,125835931,126000,363896000,,11264000.0,7600000.0,,464745000.0,,4854000.0,5455000.0,14262000.0,3953000.0,,,,,-7684000.0,14428000.0,115000.0,2201000.0,112315000.0,58481000.0,,,,,-4543000.0,1223000.0,55347000.0,,,53949000.0,3087000.0,4645000.0,,10925000.0,,8592000.0,9616000.0,,,,,1398000.0,58366000.0,30632000.0,37155000.0,,16092000.0,,241000.0,,,,43000000.0,58189000,,0.0,2.88,,2.69,0.045,,,3923000.0,,13947000.0,,43879000.0,,,,,,,,,2576000.0,2551000.0,53516000.0,8537000.0,44979000.0,60090000.0,6280000.0,10661000.0,10757000.0,10678000.0,10739000.0,10975000.0,,6574000.0,9211000.0,50261000.0,10190000.0,0.0426,25705000.0,109484000.0,15593000.0,,15593000.0,15593000.0,15593000.0,15593000.0,213154000.0,187449000.0,-6522000.0,-7349000.0,795000.0,-2729000.0,-16855000.0,156035000,140810000,0.0,2079000.0,0.0,,,,1260880000,,0.0,206481000.0,365709000,159228000.0,16463000,8535000.0,0.0,-13193000.0,76799000.0,1719000.0,,-45391000.0,176000.0,7693000.0,15156000.0,14550000.0,22540000.0,146634000.0,3312000.0,-2202000.0,,-4816000.0,-5612000.0,16963000.0,,,,,,,42025000.0,,17880000.0,,3405000.0,7102000.0,3800000.0,19935000.0,24046000.0,1945000.0,5343000.0,3321000.0,3687000.0,4427000.0,5323000.0,,2328000.0,1662065000,2404489000,454664000,1062299000.0,,,119282000,-11379000,678956000,349246000,349246000.0,367126000.0,,-58300000,,2.0,,1.0,,,836871000,424009000,5847000.0,,21718000.0,4516000.0,17202000.0,5519000.0,19563000.0,,,,,,,,0.0426,5374000.0,24404000,14468000.0,,,,14650000.0,182000,73000.0,,14822000.0,41642000,39169000.0,,0.0,268653000.0,,,10531000.0,,47716000.0,,499237000.0,0.0,880000.0,1445000,5665000,0.001,25000000.0,0.0,56152000,650000000.0,,,-8073000.0,495848000.0,,,,25319000,,158771000.0,112495000.0,271266000.0,,,15033000,44934000.0,,,,7551000.0,36330000.0,1053000.0,137168000.0,6057000.0,180080000,,5341000.0,,,,,,,,-146819000,1725625000.0,,,109662000.0,,,500756000.0,65114000.0,3548994.0,14.21,151785000.0,14490.0,654296.0,18.18,800453000.0,5099952.0,20.97,,,,7000000.0,2.0,13.8,32.15,46.38,580969000.0,60622000.0,,742424000,,,1834773.0,,151311000.0,,,,,-47716000.0,25319000,618841.0,268653000.0,,,250000000.0,,250000000.0,0.0,,,125.22,,,0.0,,,23738000.0,278000.0,0.0,,,0.0,2507000.0,1576000.0,,0.0,23700000.0,,,136414592.0,,121251588.0,,,,,,,,,,,,,,,,,,,,
2021-05-06,False,127102598,,16386000,22991000,,19665000.0,218157000,,,-5368000,664240000,,,,20976000.0,,,,20351000,,10811000.0,,,,,147945,,2497411000,1893619000,374000.0,241000.0,910954000.0,,,,,1822650000.0,502569000,137655000.0,,,,,,,,,,,,,,,,,,,,,,,,,,,,1163678000,1163678000.0,,,1169019000.0,-80421000.0,0.001,1400000000,126785568,125835931,127000,132447000,,12260000.0,10800000.0,,142917000.0,,,,,,,,,,,,7723000.0,,,33000.0,,,,,,,,,,,,,,,,,,,,,,,,,,,,,,,,,,13080000,,,1.14,,1.0,0.089,,,,,-8498000.0,18207000.0,,,,,,,,,,,,,8639000.0,43042000.0,,,,,,,,,,2421000.0,,,,29132000.0,,,,,,,,,182312000.0,7797000.0,4395000.0,,,,52182000,139745000,,,,,,,407729000,,,,157728000,,13962000,,,,,,,,,,,,,,,3068000.0,,,,,,,11782955.0,,,,1685000.0,,784000.0,,,979000.0,,,,,,,,,,,,1813637000,2497411000,427045000,1302345000.0,,,-39378000,-181010000,148465000,143766000,143766000.0,144550000.0,,7091000,,,,,,,257092000,150637000,,,,,,,,,,,,,,,,,23056000,-11064000.0,,,,-11319000.0,-255000,-80000.0,,13499000.0,41172000,,-1184000.0,,0.0,,,25000.0,,14802000.0,,268972000.0,,,526000,3226000,0.001,25000000.0,0.0,46277000,,,,1259000.0,91714000.0,,,,3930000,,156287000.0,107960000.0,,,,4601000,,,,,,,,27319000.0,,53706000,,5341000.0,,,,,,,,24775000,550646000.0,,,103191000.0,,,151204000.0,20351000.0,3656240.0,14.02,44354000.0,9547.0,174663.0,95.71,880289000.0,5047775.0,28.04,,,,,,18.08,49.36,223.23,686096000.0,8976000.0,,683774000,,,217293.0,,-291000.0,,,,,-14802000.0,3930000,,24992000.0,,,250000000.0,,250000000.0,,,,,,,,,,24700000.0,,,,,,,,1000000.0,,23800000.0,,,144714686.0,,126214735.0,,,,,,,,,,,,,,,,,,,,
2021-08-05,False,126576797,,26752000,20283000,,20484000.0,209823000,,,-2636000,590232000,,,,28381000.0,,,,27440000,,11420000.0,,,,,866920,,3290416000,2690980000,257000.0,99000.0,2587252000.0,,,,,2587410000.0,430727000,102801000.0,,,,,,,,,,,,,,,,,,,,,,,,,,,,2053882000,2053882000.0,,,2059223000.0,809783000.0,0.001,1400000000,126522519,125835931,127000,100986000,,12312000.0,11300000.0,,148969000.0,,,,,,,,,,,,46106000.0,,,33000.0,,,,,,,,,,,,,,,,,,,,,,,,,,,,,,,,,,26065000,,,0.77,,0.68,0.006,,,,,-5486000.0,28579000.0,,,,,,,,,,,,,8691000.0,40969000.0,,,,,,,,,,4887000.0,,,,33133000.0,,,,,,,,,178854000.0,-2272000.0,3306000.0,,,,61599000,140045000,,,,,,,379931000,,,,85754000,,-12500000,,,,,,,,,,,,,,,21128000.0,,,,,,,11990375.0,,,,1882000.0,,934000.0,,,803000.0,,,,,,,,,,,,2759663000,3290416000,407000000,2273331000.0,,,625310000,-80203000,270162000,98254000,98254000.0,99188000.0,,-3351000,,,,,,,290826000,89105000,,,,,,,,,,,,,,,,,20475000,2714000.0,,,,2732000.0,18000,5000.0,,13027000.0,38330000,100000.0,-2280000.0,,180000000.0,,,12566000.0,,56493000.0,,268972000.0,,,1917000,7084000,0.001,25000000.0,0.0,49693000,1000000000.0,,,72000.0,197770000.0,,,,8037000,,136382000.0,105814000.0,,,,9890000,525000000.0,,,,,,,43853000.0,,61753000,,5341000.0,,,,,,,,-56970000,528900000.0,,,91353000.0,,,167474000.0,47791000.0,3935329.0,15.17,18888000.0,26500.0,184648.0,78.48,877144000.0,4918305.0,28.13,,,,,,23.65,45.41,220.13,750331000.0,26759000.0,,530753000,,,339795.0,,-131000.0,,,,,-41691000.0,4107000,,180000000.0,,,250000000.0,,250000000.0,,,,,,,,,,25400000.0,,,,,,,,1700000.0,,24500000.0,,,144867491.0,,126977990.0,,,,,,,,,,,,,,,,,,,,
2021-11-04,False,126780745,,13367000,23884000,,18401000.0,245300000,,,-69412000,624374000,102131000.0,,,45705000.0,,,,42256000,,9402000.0,,,,,248108,,3502138000,1077334000,151000.0,83000.0,907707000.0,,,,,907775000.0,197430000,90350000.0,,,,,,,,,,,,,,,,,,,,,,,,,,,,619402000,619402000.0,,,624743000.0,-624697000.0,0.001,1400000000,126503754,126503754,127000,23154000,,12518000.0,11300000.0,,153660000.0,,,,,,476000.0,,,,,,103809000.0,,,94158000.0,,,,,,,,,,,,,,,,,,,,,,,,,,,,,,,,,,49276000,,,0.71,,0.62,-0.014,,,,,-9095000.0,44955000.0,,,,,,,,,,,,,8757000.0,38700000.0,,,,,,,,,,7321000.0,,,,42598000.0,,,,,,,,,613104000.0,2698000.0,7159000.0,,,0.0,89579000,1385214000,1290108000.0,-45704000.0,,,,,378769000,,,,83799000,,-6131000,66105000.0,,,,,,,,,,,,,,78631000.0,,,,,,,14716766.0,,,,2779000.0,,1594000.0,,,139000.0,,,,,,,,,,,,2968516000,3502138000,471007000,2274351000.0,,,558167000,-1534861000,361092000,89930000,89930000.0,91524000.0,,58000,,4.0,,1.0,4.0,,295028000,83741000,,,,,,,,,,,,,,,,,28084000,-66709000.0,,,,-66776000.0,-67000,-21000.0,,23383000.0,90300000,4356000.0,-4324000.0,,234427000.0,,,12849000.0,,69147000.0,,343902000.0,1690823000.0,1862000.0,5740000,11519000,0.001,25000000.0,0.0,68936000,1000000000.0,,,-93000.0,518985000.0,,,,10867000,,144916000.0,198902000.0,,,,12993000,525000000.0,,,,,,,43863000.0,,73521000,,5341000.0,,,,,,,,-21467000,532429000.0,,,107906000.0,,,131928000.0,90047000.0,3813551.0,15.25,29247000.0,29964.0,194148.0,96.83,857569000.0,4770204.0,28.75,,,,,,22.0,47.86,219.12,734923000.0,13561000.0,,533622000,,,493932.0,,-422000.0,,,,,-14393000.0,2830000,267350.0,54427000.0,,,250000000.0,,195569000.0,,,,203.58,,,,,,26600000.0,,,,,,,,2900000.0,,25600000.0,,,147413915.0,,126633789.0,,,,,,,,,,,,,,,,,,,,
2022-02-25,True,127032946,25872000000.0,28007000,27266000,,,328118000,,,-75014000,631762000,102131000.0,,,139280000.0,,,559300000.0,139910000,,7730000.0,18058000.0,,3719000.0,28400000.0,733716,,3831809000,1341501000,23000.0,557000.0,1070180000.0,,,,,1069646000.0,204416000,85034000.0,,,,,,,,,,,,,,,,,,,,,,,,,,,,780196000,780196000.0,,,785537000.0,-463903000.0,0.001,1400000000,127022118,127022118,127000,412542000,,12339000.0,11300000.0,,654512000.0,,23118000.0,31227000.0,67099000.0,12754000.0,,,,,-53328000.0,-20781000.0,95863000.0,-88952000.0,208316000.0,79484000.0,,,,,-14843000.0,1585000.0,226529000.0,16379000.0,,224695000.0,48689000.0,14651000.0,,367000.0,,11850000.0,19319000.0,,,,,1834000.0,58366000.0,0.0,173097000.0,,34612000.0,,607000.0,0.0,,,45800000.0,74267000,,0.0,3.88,,3.4,-0.046,,,-5155000.0,,-10234000.0,66477000.0,,,,,,,,,,3044000.0,3025000.0,112701000.0,2418000.0,110283000.0,174367000.0,135879000.0,6917000.0,100000.0,10759000.0,10897000.0,9815000.0,,61666000.0,8864000.0,109131000.0,9139000.0,0.0472,53152000.0,392462000.0,43006000.0,,42684000.0,43006000.0,43006000.0,43006000.0,660322000.0,607170000.0,13670000.0,14071000.0,,-3154000.0,0.0,282531000,1371064000,1276042000.0,-45788000.0,0.0,,,,1674602000,,0.0,274354000.0,471654000,197300000.0,-21853000,94160000.0,,-26215000.0,99047000.0,833000.0,,-83207000.0,-537000.0,11134000.0,23396000.0,-14169000.0,19256000.0,84789000.0,1441000.0,88952000.0,,25159000.0,40423000.0,44186000.0,,,,,,,9885000.0,,4900000.0,,6054000.0,2137000.0,,19696000.0,67628000.0,41837000.0,5723000.0,1297000.0,6173000.0,5806000.0,6792000.0,,19864000.0,3203190000,3831809000,615588000,2275418000.0,,,452749000,-1557969000,651551000,493507000,,498407000.0,,5922000,,4.0,,1.0,,,1208870000,465732000,6320000.0,,47764000.0,4018000.0,43746000.0,6442000.0,45951000.0,,,,,,,,0.0446,,50774000,-80203000.0,,,,-80965000.0,-762000,-240000.0,,24500000.0,122417000,,475000.0,,302774000.0,,,13300000.0,,118167000.0,,418518000.0,1699974000.0,,11248000,16922000,0.001,25000000.0,0.0,109417000,1000000000.0,,,2048000.0,590630000.0,,,,22706000,,157043000.0,275062000.0,432105000.0,,,16031000,487745000.0,0.0,70000000.0,130000000.0,79567000.0,97178000.0,111000000.0,43900000.0,,271535000,,5341000.0,,,,,,,,71744000,2329114000.0,,,136360000.0,,,654804000.0,139910000.0,3497104.0,16.72,206709000.0,29964.0,198193.0,95.0,810321000.0,4273725.0,29.52,,,,,,22.83,47.86,218.93,707278000.0,96592000.0,,628619000,,,994456.0,,-423000.0,,,,,-119553000.0,22706000,554718.0,302774000.0,,,250000000.0,,127200000.0,,9688000.0,,221.33,,,,,,28842000.0,0.0,0.0,,,0.0,5024000.0,122000.0,,0.0,27900000.0,,,146683324.0,,127224974.0,2600000.0,200000000.0,42000.0,,,,,,,,,,,,,,,,,
2022-05-05,False,127119018,,15734000,20645000,,,241349000,,,-91031000,672486000,,,,51014000.0,,,,49271000,,8407000.0,,,,,2051569,,3745175000,1295137000,11000.0,2277000.0,1046098000.0,,,,,1043832000.0,225983000,61612000.0,,,,,,,,,,,,,,,,,,,,,,,,,,,,756237000,756237000.0,,,761578000.0,-23959000.0,0.001,1400000000,126969418,126969418,127000,70092000,,12503000.0,11800000.0,,172995000.0,,,,,,,,,,,,102991000.0,,,77027000.0,,,,,,,,,,,,,,,,,,,,,,,,,,,,,,,,,,24754000,,,0.68,,0.6,-0.001,,,,,-1065000.0,28878000.0,,,,,,,,,,,,,2455000.0,108857000.0,,,,,,,,,,1598000.0,,,,63686000.0,,,,,,,,,595305000.0,,5567000.0,,,,78200000,1364414000,,,,,,,406271000,,,,85987000,,-122000,,,,,,,,,,,,,,,10517000.0,,,,,,,14716054.0,,,,,,1592000.0,,,,,,,,,,,,,,,3068308000,3745175000,483205000,2276480000.0,,,-72283000,-10155000,59544000,86109000,,87701000.0,,1672000,,,,,,,321956000,84315000,,,,,,,,,,,,,,,,,49042000,-14703000.0,,,,-16017000.0,-1314000,-418000.0,,20015000.0,122739000,,-3321000.0,,62568000.0,,,25000.0,,12288000.0,,76416000.0,,,3212000,6005000,0.001,25000000.0,0.0,101123000,,,,807000.0,75478000.0,,,,3394000,,169358000.0,271333000.0,,,,3109000,,,,,,,,5000.0,,89476000,,5341000.0,,,,,,,,95285000,579266000.0,,,100715000.0,,,154280000.0,49271000.0,,,,,,,,,,,,,,,,,,,,,676867000,,,,,-291000.0,,,,,-13684000.0,3394000,420398.0,62568000.0,,,250000000.0,,64643000.0,,20315000.0,,148.83,,,,,,29500000.0,,,,,,,,700000.0,,28400000.0,,,146677879.0,,127149293.0,2600000.0,,,,,,,,,,,,,,,,,,,
2022-07-28,False,126608897,,17929000,20133000,,,218029000,,,-237126000,712053000,,,,63997000.0,,,,64357000,,7568000.0,,,,,5835259,0.0,3607100000,1320222000,5000.0,2929000.0,1127245000.0,,,,,1124321000.0,247816000,46944000.0,,,,,,,,,,,,,,,,,,,,,,,,,,,,758874000,758874000.0,,,764215000.0,-21322000.0,0.001,1400000000,126741612,126741612,127000,-72972000,,11873000.0,12300000.0,,171421000.0,,,,,,,,,,,,105331000.0,,,68639000.0,,,,,,,,,,,,,,,,,,,,,,,,,,,,,,,,,,49781000,,,0.58,,0.51,-0.001,,,,,-13503000.0,34844000.0,,,,,,,,,,,,,3709000.0,107287000.0,,,,,,,,,,3188000.0,,,,71546000.0,,,,,,,,,550925000.0,,10164000.0,,,,74990000,1269155000,,,,,,,413714000,,,,73162000,,39000,24856000.0,,,,,,,,,,,,,,14941000.0,,,,,,,14716008.0,,,,,,1591000.0,,,,,,,,,,,,,,,3025805000,3607100000,449902000,2277519000.0,,,-166645000,-26472000,185298000,73123000,,74714000.0,,601000,,,,,,,341153000,72561000,,,,,,,,,,,,,,,,,47485000,-145596000.0,,,,-146095000.0,-499000,-159000.0,,17818000.0,122458000,,-4658000.0,,124736000.0,,,25000.0,,39787000.0,,133642000.0,,,5633000,11567000,0.001,25000000.0,0.0,112855000,0.0,,,-4335000.0,124370000.0,,,,5458000,,180162000.0,261697000.0,,,,5409000,,,,,,,,32000.0,,102095000,,5341000.0,,,,,,,,106241000,585135000.0,,,81604000.0,,,164068000.0,113628000.0,,,,,,,,,,,,,,,,,,,,,581295000,,,,,-131000.0,,,,,-26493000.0,2064000,690992.0,62168000.0,,,600000000.0,,602465000.0,,9438000.0,,89.97,,,,,,29700000.0,,,,,,,,900000.0,,28800000.0,,,145683336.0,,127088053.0,3700000.0,,,,,,,,,,,,,,,,,,,
2022-11-03,False,125688316,,16841000,21765000,,,249964000,,,-372858000,773887000,,,,67342000.0,,,,52905000,,6675000.0,,,,,23737030,,2450311000,1352113000,10000.0,3241000.0,1152970000.0,,,,,1149739000.0,251165000,32138000.0,,,,,,,,,,,,,,,,,,,,,,,,,,,,789990000,789990000.0,,,795331000.0,9794000.0,0.001,1400000000,125661777,125661777,126000,-1098800000,,12225000.0,12300000.0,,174401000.0,,,,,,0.0,,,,,,115068000.0,,,62155000.0,,,,,,,,,,,,,,,,,,,,,,,,,,,,,,,,,,73908000,,,-7.62,,-7.62,-0.018,,,,,-29722000.0,52694000.0,,,,,,,,,,,,,4827000.0,106330000.0,,,,,,,,,,4755000.0,,,,78531000.0,,,,,,,,,517018000.0,,17585000.0,,,,74544000,135922000,0.0,-190120000.0,1045022000.0,,,,420068000,,,,-949017000,,14051000,25071000.0,,,,,,,,,,,,,,25955000.0,,,,,,,0.0,,,,,,0.0,,,,,,,,,,,,,,,3056553000,2450311000,497246000,2278585000.0,,,-322410000,-29936000,391862000,-963068000,,-963068000.0,,5763000,,4.0,,1.0,,,1374848000,-954780000,,,,,,,,,,,,,,,,,42806000,-135493000.0,,,,-135732000.0,-239000,68000.0,,17896000.0,112237000,,-6519000.0,,275308000.0,,,25000.0,,48018000.0,,205841000.0,0.0,6400000.0,8351000,16912000,0.001,25000000.0,0.0,93700000,0.0,,,-2483000.0,207568000.0,,,,8212000,,189875000.0,249905000.0,,,,7621000,,,,,,,,33000.0,,108040000,,5341000.0,,,,,,,,-1007397000,594469000.0,,,94260000.0,,,147242000.0,166533000.0,,,,,,,,,,,,,,,,,,,,,-606242000,,,,,-422000.0,,,,,-8261000.0,2754000,1503505.0,150572000.0,,,600000000.0,,451870000.0,,9356000.0,,100.15,,,,,,30200000.0,,,,,,,,1400000.0,,29300000.0,,,126349250.0,,126349250.0,3700000.0,,,27658000.0,1015000.0,171714000.0,1900000.0,,,,,,,,,,,,,
2023-02-23,True,124649062,9212000000.0,28757000,27888000,,,331234000,,,-314217000,815085000,102131000.0,,,248114000.0,,,581100000.0,230888000,,8303000.0,11891000.0,,,41300000.0,22924462,,2634961000,1513743000,38000.0,2439000.0,758873000.0,,,,,756472000.0,250413000,29137000.0,,,,,,,,,,,,,,,,,,,,,,,,,,,,921278000,388446000.0,,,926619000.0,141082000.0,0.001,1400000000,125054278,125054278,125000,-933491000,,14008000.0,12300000.0,,744592000.0,,46700000.0,24877000.0,87613000.0,16036000.0,,,,,-18753000.0,-28684000.0,121506000.0,-55303000.0,180475000.0,44735000.0,,,,,-7866000.0,1924000.0,260770000.0,76771000.0,,257246000.0,66410000.0,13443000.0,,0.0,,9478000.0,25151000.0,,,,,3524000.0,,,147790000.0,,31864000.0,,821000.0,,,,55500000.0,96702000,,0.0,-5.48,,-5.48,-0.049,,,3588000.0,,-6022000.0,63718000.0,,,,,,,,,,5392000.0,5387000.0,110430000.0,4731000.0,105699000.0,166774000.0,134997000.0,9036000.0,882000.0,100000.0,10760000.0,10999000.0,,56344000.0,6307000.0,102169000.0,7174000.0,0.0473,92179000.0,330490000.0,41134000.0,,40734000.0,40802000.0,41123000.0,41123000.0,627585000.0,535406000.0,-206000.0,-1238000.0,,,0.0,312260000,137724000,0.0,-188318000.0,1045022000.0,,,,1821519000,,,225685000.0,-661978000,-887663000.0,32310000,41679000.0,,-89903000.0,-139015000.0,,,-12863000.0,3894000.0,10516000.0,19603000.0,532000.0,14056000.0,6439000.0,1905000.0,55303000.0,,-7390000.0,14416000.0,-23840000.0,,,,,,,14168000.0,,0.0,,9534000.0,,,22037000.0,60016000.0,41565000.0,5783000.0,272000.0,778000.0,5428000.0,6190000.0,,17698000.0,3182235000,2634961000,631755000,2279640000.0,,,-506484000,-30024000,683612000,-694288000,,-694288000.0,,-3418000,,4.0,,1.0,4.0,,2480079000,-658560000,8251000.0,,42318000.0,4233000.0,38085000.0,7871000.0,38784000.0,,,,,,,,0.0454,,42360000,-237784000.0,,,,-239203000.0,-1419000,-448000.0,,19064000.0,120406000,,-5193000.0,,425727000.0,,,25000.0,,79163000.0,,270345000.0,0.0,,10237000,20506000,0.001,25000000.0,0.0,80203000,0.0,,,-10242000.0,277520000.0,,,,15024000,,204189000.0,249744000.0,453933000.0,,,12464000,388336000.0,6969000.0,1295000.0,71295000.0,61319000.0,115148000.0,132310000.0,44000.0,,412398000,,5341000.0,,,,,,,,-1048267000,2566111000.0,,,129591000.0,,,710399000.0,230888000.0,3041998.0,23.07,87892000.0,10704.0,9916.0,40.84,322230000.0,3456317.0,31.99,,,,,,18.4,126.22,76.05,301224000.0,195929000.0,,-547274000,,,816620.0,,-423000.0,,,,,-79813000.0,15024000,3958155.0,425727000.0,,,600000000.0,,301400000.0,,10134000.0,,107.56,,,,,,35158000.0,509000.0,107000.0,,,,5206000.0,1754000.0,,,34100000.0,,,126778626.0,,126778626.0,2100000.0,,28000.0,57544000.0,1607000.0,121544000.0,546000.0,-652000.0,63901000.0,274492000.0,10956000.0,0.0,,,,,,,,
2023-05-04,False,123351909,,19901000,26274000,,,240025000,,,-297849000,913672000,,,,70987000.0,,,,68683000,,9933000.0,,,,,1683566,,2500541000,1344946000,249000.0,1674000.0,500466000.0,,,,,499041000.0,252666000,57028000.0,,,,,,,,,,,,,,,,,,,,,,,,,,,,786796000,189347000.0,,,792137000.0,-134482000.0,0.001,1400000000,122953145,122953145,123000,90905000,,14506000.0,13400000.0,,195453000.0,,,,,,,,,,,,128679000.0,,,44379000.0,,,,,,,,,,,,,,,,,,,,,,,,,,,,,,,,,,23172000,,,0.6,,0.53,0.083,,,,,4532000.0,36981000.0,,,,,,,,,,,,,4713000.0,104144000.0,,,,,,,,,,1575000.0,,,,103793000.0,,,,,,,,,534466000.0,,-3611000.0,,,,79987000,138061000,,,,,,,445424000,,,,81271000,,6734000,,,,,,,,,,,,,,,8968000.0,,,,,,,14715195.0,,,,,,1595000.0,,,,,,,,,,,,,,,3040729000,2500541000,499113000,2280663000.0,,,-158548000,-36097000,55631000,74537000,,76132000.0,,3072000,,,,,,,367225000,78199000,,,,,,,,,,,,,,,,,43668000,15627000.0,,,,16368000.0,741000,233000.0,,17614000.0,112430000,,99000.0,,148182000.0,,,2045000.0,,9194000.0,,116896000.0,,,2249000,5957000,0.001,25000000.0,0.0,76856000,,,,-512000.0,89005000.0,,,,3005000,,216747000.0,248352000.0,,,,4969000,,,,,,,,45000.0,,115924000,,5341000.0,,,,,,,,-1156134000,640877000.0,,,94813000.0,,,171314000.0,68683000.0,,,,,,,,,,,,,,,,,,,,,-540188000,,,,,-1000.0,,,,,-9628000.0,3005000,1205151.0,148182000.0,,,600000000.0,,153232000.0,,17338000.0,,122.96,,,,,,36300000.0,,,,,,,,1100000.0,,35200000.0,,,142965820.0,,124336969.0,2100000.0,,,46280000.0,1130000.0,76192000.0,383000.0,,,,,,,,,,,,,
2023-08-03,False,123013800,,14997000,22594000,,,231673000,,,-286624000,957738000,,,,80791000.0,,,,77281000,,10425000.0,,,,,6363093,68091000.0,2568752000,1413756000,6000.0,1861000.0,577118000.0,,,,,575263000.0,235263000,73983000.0,,,,,,,,,,,,,,,,,,,,,,,,,,,,841512000,266017000.0,,,846853000.0,-79766000.0,0.001,1400000000,123249136,123249136,123000,73140000,,14411000.0,14000000.0,,188638000.0,,,,,,,,,,,,170477000.0,,,28982000.0,,,,,,,,,,,,,,,,,,,,,,,,,,,,,,,,,,46118000,,,0.5,,0.45,-0.574,,,,,7287000.0,53939000.0,,,,,,,,,,,,,4674000.0,102618000.0,,,,,,,,,,3150000.0,,,,176005000.0,,,,,,,,,474201000.0,,-2289000.0,,,,86661000,138076000,,,,,,,440238000,,,,5414000,,-56501000,29299000.0,,,,,,,,,,,,,,67568000.0,,,,,,,14714080.0,,,,,,1595000.0,,,,,,,,,,,,,,,3032927000,2568752000,503219000,2281684000.0,,,-236242000,-42713000,191902000,61915000,,63510000.0,,7786000,,,,,,,442610000,-2372000,,,,,,,,,,,,,,,,,49789000,11552000.0,,,,11225000.0,-327000,-103000.0,,16317000.0,116424000,,1395000.0,,187037000.0,,,2186000.0,,49256000.0,,,,,3852000,12603000,0.001,25000000.0,0.0,93240000,,,,-278000.0,,171307000.0,,,5755000,,235203000.0,243129000.0,,,,10258000,,,,,,,,90000.0,,121988000,,5341000.0,,,,,,,,-1135412000,628876000.0,,,83452000.0,,,165870000.0,145964000.0,,,,,,,,,,,,,,,,,,,,,-464175000,,,,,0.0,,,,,-39474000.0,2750000,411421.0,41194000.0,,,1000000000.0,,1114369000.0,,12689000.0,,94.44,,,,,,37100000.0,,,,,,,,1900000.0,,36000000.0,,,141010561.0,,123463325.0,2100000.0,,,36111000.0,799000.0,136184000.0,879000.0,,,,,,60236000.0,197565000.0,7855000.0,,,,,
2023-11-02,False,119746254,,14150000,19410000,,,271973000,,,-303753000,1028335000,,,,76370000.0,,,,70118000,,10147000.0,,,,,6863686,0.0,2449197000,1343861000,24000.0,1362000.0,527046000.0,,,,,525708000.0,234930000,76600000.0,,,,,,,,,,,,,,,,,,,,,,,,,,,,741958000,214178000.0,,,741958000.0,-184661000.0,0.001,1400000000,119662608,119662608,120000,70721000,,14984000.0,14000000.0,,188827000.0,,,,,,,,,,,,146380000.0,,,25496000.0,,,,,,,,,,,,,,,,,,,,,,,,,,,,,,,,,,68290000,,,0.72,,0.64,-0.221,,,,,-252000.0,68425000.0,,,,,,,,,,,,,5221000.0,101114000.0,,,,,,,,,,4723000.0,,,,113638000.0,,,,,,,,,452881000.0,,4113000.0,,,,84051000,137461000,,,0.0,,,,447475000,,,,96967000,,9117000,29598000.0,,,,,,,,,,,,,,45255000.0,,,,,,,14714080.0,,,,,,1583000.0,,,,,,,,,,,,,,,3071725000,2449197000,548817000,2282751000.0,,,-540834000,-53983000,410408000,87850000,,89433000.0,,8411000,,,,,,,358919000,88556000,,,,,,,,,,,,,,,,,46208000,-17516000.0,,,,-17129000.0,387000,130000.0,,20531000.0,113547000,,-327000.0,,483987000.0,,,2215000.0,,58008000.0,,,,12000.0,7740000,19594000,0.001,25000000.0,0.0,125605000,,,,-259000.0,,261589000.0,,,8448000,,230000000.0,245806000.0,,,,14390000,,,,,,,,90000.0,,113932000,,0.0,,,,,,,,-1347230000,636302000.0,,,92229000.0,,,160936000.0,216082000.0,,,,,,,,,,,,,,,,,,,,,-622528000,,,,,-1000.0,,,,,-8466000.0,2693000,3915279.0,299671000.0,,,1000000000.0,,817360000.0,,17244000.0,,75.84,,,,,,46500000.0,,,,,,,,11300000.0,,45200000.0,,,138890567.0,,121807908.0,7800000.0,,,57544000.0,1607000.0,121544000.0,546000.0,,,,,,0.0,288226000.0,0.0,-2630000.0,,,,
2024-02-22,True,118492441,10400000000.0,29920000,24734000,,,353553000,,,-267470000,1081026000,,,,300687000.0,,,624300000.0,284558000,,10149000.0,17788000.0,,,39700000.0,4893842,68091000.0,2685400000,1570446000,38000.0,2439000.0,758873000.0,,,,,756472000.0,236118000,86676000.0,,,,,,,,,,,,,,,,,,,,,,,,,,,,914323000,388446000.0,,,914323000.0,-12296000.0,0.001,1400000000,119068884,119068884,119000,354315000,,14635000.0,14000000.0,,828675000.0,,13737000.0,27243000.0,35338000.0,-5642000.0,,,,,-20925000.0,-34337000.0,137776000.0,-50086000.0,170551000.0,13192000.0,,,,,5176000.0,2424000.0,299289000.0,124584000.0,,295135000.0,75967000.0,16737000.0,,3242000.0,,10616000.0,25690000.0,,,,,4154000.0,,,118378000.0,,30556000.0,,512000.0,21105000.0,,,51600000.0,91323000,,,2.51,,2.24,-0.05,,,,,12031000.0,95842000.0,,,,,,,,,,5190000.0,5174000.0,105699000.0,6079000.0,99620000.0,156854000.0,124404000.0,10115000.0,10593000.0,882000.0,100000.0,10760000.0,,51155000.0,6278000.0,95381000.0,6809000.0,0.0473,125932000.0,269853000.0,38079000.0,,35680000.0,37690000.0,37758000.0,38080000.0,583072000.0,457140000.0,-6348000.0,-7400000.0,,,,343242000,138377000,,653000.0,0.0,,,,1919702000,,,167924000.0,292820000,124896000.0,-14748000,42676000.0,10285000.0,-40506000.0,61492000.0,,,15167000.0,5634000.0,4329000.0,19034000.0,2582000.0,16066000.0,34439000.0,457000.0,50086000.0,,2409000.0,4783000.0,47490000.0,,,,,,,14042000.0,,6336000.0,,9315000.0,,,20216000.0,63296000.0,42717000.0,6549000.0,4300000.0,1310000.0,1855000.0,6565000.0,,17252000.0,3229115000,2685400000,710781000,2283817000.0,,,-656533000,-73307000,705513000,307568000,,313904000.0,,12979000,,3.0,,1.0,,,1639861000,279841000,6832000.0,,46044000.0,4939000.0,41105000.0,6482000.0,42153000.0,,,,,,,,0.044,,45191000,44977000.0,,,,46747000.0,1770000,574000.0,,41207000.0,121705000,,1901000.0,,576968000.0,,1849000.0,2215000.0,,83441000.0,,,0.0,12000.0,12938000,26958000,0.001,25000000.0,0.0,129884000,0.0,,,-1769000.0,,309451000.0,,,14228000,,244052000.0,249794000.0,493846000.0,,,19634000,420792000.0,,,,134245000.0,191547000.0,95000000.0,90000.0,,469332000,,0.0,,225.0,0.11,26600000.0,26577000.0,24340000.0,,-1357390000,2748377000.0,,,126284000.0,,,759196000.0,284558000.0,2650630.0,27.44,44266000.0,65356.0,8131.0,51.65,158476000.0,2775931.0,32.08,,,,,,22.83,123.29,95.06,156256000.0,278537000.0,,-543715000,,,623161.0,,-1000.0,,,,,-83195000.0,14228000,6879844.0,582475000.0,,,1000000000.0,,724400000.0,,10623000.0,,83.86,,,,,,51673000.0,0.0,0.0,,,,10225000.0,6278000.0,,3000.0,49900000.0,,,140145406.0,,122503366.0,7800000.0,,28000.0,20808000.0,72000.0,153750000.0,264000.0,,100996000.0,0.0,35999000.0,,,342850000.0,,-2630000.0,-55934000.0,175258000.0,0.13,15000.0
