filing_date,annual,EntityCommonStockSharesOutstanding_shares,EntityPublicFloat_USD,AcceleratedShareRepurchasesSettlementPaymentOrReceipt_USD,AccountsPayableCurrent_USD,AccountsReceivableNetCurrent_USD,AccumulatedDeferredInvestmentTaxCredit_USD,AccumulatedOtherComprehensiveIncomeLossNetOfTax_USD,AdjustmentsRelatedToTaxWithholdingForShareBasedCompensation_USD,AdjustmentsToAdditionalPaidInCapitalShareBasedCompensationRestrictedStockUnitsRequisiteServicePeriodRecognition_USD,AdjustmentsToAdditionalPaidInCapitalSharebasedCompensationRequisiteServicePeriodRecognitionValue_USD,AllocatedShareBasedCompensationExpense_USD,AllowanceForDoubtfulAccountsReceivable_USD,AllowanceForDoubtfulAccountsReceivableCurrent_USD,AllowanceForDoubtfulAccountsReceivableRecoveries_USD,AllowanceForDoubtfulAccountsReceivableWriteOffs_USD,AlternativeInvestmentsFairValueDisclosure_USD,AmortizationOfRegulatoryAsset_USD,AmountOfDilutiveSecuritiesStockOptionsAndRestrictiveStockUnits_USD,AmountOfRestrictedNetAssetsForConsolidatedAndUnconsolidatedSubsidiaries_USD,AntidilutiveSecuritiesExcludedFromComputationOfEarningsPerShareAmount_shares,AssetRetirementObligation_USD,AssetRetirementObligationAccretionExpense_USD,AssetRetirementObligationCurrent_USD,AssetRetirementObligationLiabilitiesIncurred_USD,AssetRetirementObligationLiabilitiesSettled_USD,AssetRetirementObligationRevisionOfEstimate_USD,AssetRetirementObligationsNoncurrent_USD,Assets_USD,AssetsCurrent_USD,AssetsNoncurrent_USD,BusinessAcquisitionProFormaEarningsPerShareDiluted_USD/shares,CapitalLeaseObligations_USD,CapitalLeaseObligationsCurrent_USD,CapitalLeaseObligationsIncurred_USD,CapitalLeaseObligationsNoncurrent_USD,CapitalLeasesBalanceSheetAssetsByMajorClassNet_USD,CapitalLeasesFutureMinimumPaymentsDue_USD,CapitalLeasesFutureMinimumPaymentsDueCurrent_USD,CapitalLeasesFutureMinimumPaymentsDueInFiveYears_USD,CapitalLeasesFutureMinimumPaymentsDueInFourYears_USD,CapitalLeasesFutureMinimumPaymentsDueInThreeYears_USD,CapitalLeasesFutureMinimumPaymentsDueInTwoYears_USD,CapitalLeasesFutureMinimumPaymentsDueThereafter_USD,CapitalLeasesFutureMinimumPaymentsInterestIncludedInPayments_USD,CapitalLeasesFutureMinimumPaymentsPresentValueOfNetMinimumPayments_USD,CapitalLeasesLesseeBalanceSheetAssetsByMajorClassAccumulatedDeprecation_USD,CashAcquiredFromAcquisition_USD,CashAndCashEquivalentsAtCarryingValue_USD,CashCashEquivalentsRestrictedCashAndRestrictedCashEquivalents_USD,CashCashEquivalentsRestrictedCashAndRestrictedCashEquivalentsPeriodIncreaseDecreaseIncludingExchangeRateEffect_USD,CashSurrenderValueOfLifeInsurance_USD,ClassOfWarrantOrRightExercisePriceOfWarrantsOrRights1_USD/shares,CommonStockDividendsPerShareDeclared_USD/shares,CommonStockParOrStatedValuePerShare_USD/shares,CommonStockSharesAuthorized_shares,CommonStockSharesIssued_shares,CommonStockSharesOutstanding_shares,CommonStockValue_USD,ComprehensiveIncomeNetOfTax_USD,ComprehensiveIncomeNetOfTaxIncludingPortionAttributableToNoncontrollingInterest_USD,CostOfTransmission_USD,CostsAndExpenses_USD,CumulativeEffectOfNewAccountingPrincipleInPeriodOfAdoption_USD,CurrentFederalTaxExpenseBenefit_USD,CurrentIncomeTaxExpenseBenefit_USD,CurrentStateAndLocalTaxExpenseBenefit_USD,DebtInstrumentUnamortizedDiscountPremiumAndDebtIssuanceCostsNet_USD,DecommissioningFundInvestments_USD,DeferredFederalIncomeTaxExpenseBenefit_USD,DeferredIncomeTaxExpenseBenefit_USD,DeferredIncomeTaxesAndTaxCredits_USD,DeferredIncomeTaxLiabilities_USD,DeferredIncomeTaxLiabilitiesNet_USD,DeferredStateAndLocalIncomeTaxExpenseBenefit_USD,DeferredTaxAssetsGross_USD,DeferredTaxAssetsNet_USD,DeferredTaxAssetsOperatingLossCarryforwardsDomestic_USD,DeferredTaxAssetsOther_USD,DeferredTaxAssetsRegulatoryAssetsAndLiabilities_USD,DeferredTaxAssetsStateTaxes_USD,DeferredTaxAssetsTaxCreditCarryforwardsAlternativeMinimumTax_USD,DeferredTaxAssetsTaxCreditCarryforwardsGeneralBusiness_USD,DeferredTaxAssetsTaxDeferredExpenseCompensationAndBenefitsEmployeeCompensation_USD,DeferredTaxAssetsTaxDeferredExpenseReservesAndAccrualsAccruedLiabilities_USD,DeferredTaxAssetsValuationAllowance_USD,DeferredTaxLiabilities_USD,DeferredTaxLiabilitiesNoncurrent_USD,DeferredTaxLiabilitiesOther_USD,DeferredTaxLiabilitiesPropertyPlantAndEquipment_USD,DefinedContributionPlanCostRecognized_USD,Depreciation_USD,DepreciationAndAmortization_USD,DerivativeFairValueOfDerivativeNet_USD,DerivativeNotionalAmount_USD,DividendsCommonStockCash_USD,DividendsPaidinkind_USD,DividendsPayableCurrent_USD,DividendsShareBasedCompensation_USD,EarningsPerShareBasic_USD/shares,EarningsPerShareBasicAndDiluted_USD/shares,EarningsPerShareDiluted_USD/shares,EffectiveIncomeTaxRateContinuingOperations_pure,EffectiveIncomeTaxRateReconciliationAtFederalStatutoryIncomeTaxRate_pure,EffectiveIncomeTaxRateReconciliationChangeInDeferredTaxAssetsValuationAllowance_pure,EffectiveIncomeTaxRateReconciliationChangeInEnactedTaxRate_pure,EffectiveIncomeTaxRateReconciliationMinorityInterestIncomeExpense_pure,EffectiveIncomeTaxRateReconciliationNondeductibleExpenseDepreciation_pure,EffectiveIncomeTaxRateReconciliationNondeductibleExpenseLifeInsurance_pure,EffectiveIncomeTaxRateReconciliationNondeductibleExpenseShareBasedCompensationCost_pure,EffectiveIncomeTaxRateReconciliationOtherAdjustments_pure,EffectiveIncomeTaxRateReconciliationStateAndLocalIncomeTaxes_pure,EffectiveIncomeTaxRateReconciliationTaxCreditsInvestment_pure,EffectiveIncomeTaxRateReconciliationTaxCreditsOther_pure,ElectricUtilityRevenue_USD,EmployeeRelatedLiabilitiesCurrent_USD,EmployeeServiceShareBasedCompensationTaxBenefitFromCompensationExpense_USD,EnergyRelatedInventory_USD,EnergyRelatedInventoryCoal_USD,EnergyRelatedInventoryPetroleum_USD,FairValueAssetsMeasuredOnRecurringBasisChangeInUnrealizedGainLoss_USD,FairValueInvestmentsEntitiesThatCalculateNetAssetValuePerShareUnfundedCommittments_USD,FinanceLeaseInterestExpense_USD,FinanceLeaseInterestPaymentOnLiability_USD,FinanceLeaseLiability_USD,FinanceLeaseLiabilityCurrent_USD,FinanceLeaseLiabilityNoncurrent_USD,FinanceLeaseLiabilityPaymentsDue_USD,FinanceLeaseLiabilityPaymentsDueAfterYearFive_USD,FinanceLeaseLiabilityPaymentsDueNextTwelveMonths_USD,FinanceLeaseLiabilityPaymentsDueYearFive_USD,FinanceLeaseLiabilityPaymentsDueYearFour_USD,FinanceLeaseLiabilityPaymentsDueYearThree_USD,FinanceLeaseLiabilityPaymentsDueYearTwo_USD,FinanceLeaseLiabilityPaymentsRemainderOfFiscalYear_USD,FinanceLeaseLiabilityUndiscountedExcessAmount_USD,FinanceLeasePrincipalPayments_USD,FinanceLeaseRightOfUseAsset_USD,FinanceLeaseRightOfUseAssetAmortization_USD,FinanceLeaseWeightedAverageDiscountRatePercent_pure,GainLossOnInvestments_USD,Goodwill_USD,GuaranteeObligationsMaximumExposure_USD,IncomeLossFromContinuingOperationsBeforeIncomeTaxesMinorityInterestAndIncomeLossFromEquityMethodInvestments_USD,IncomeLossFromContinuingOperationsIncludingPortionAttributableToNoncontrollingInterest_USD,IncomeLossFromEquityMethodInvestments_USD,IncomeTaxExpenseBenefit_USD,IncomeTaxesPaidNet_USD,IncomeTaxesReceivable_USD,IncreaseDecreaseInAccountsPayable_USD,IncreaseDecreaseInAccountsReceivable_USD,IncreaseDecreaseInAccruedTaxesPayable_USD,IncreaseDecreaseInAllowanceForEquityFundsUsedDuringConstruction_USD,IncreaseDecreaseInOtherCurrentLiabilities_USD,IncreaseDecreaseInOtherNoncurrentLiabilities_USD,IncreaseDecreaseInOtherOperatingAssets_USD,IncreaseDecreaseInOtherOperatingLiabilities_USD,IncreaseDecreaseInPrepaidDeferredExpenseAndOtherAssets_USD,InterestExpense_USD,InterestPaid_USD,InterestPaidNet_USD,InterestPayableCurrent_USD,InterestRateCashFlowHedgeGainLossToBeReclassifiedDuringNext12MonthsNet_USD,InvestmentIncomeNonoperating_USD,LeaseCost_USD,LesseeOperatingLeaseLiabilityPaymentsDue_USD,LesseeOperatingLeaseLiabilityPaymentsDueAfterYearFive_USD,LesseeOperatingLeaseLiabilityPaymentsDueNextTwelveMonths_USD,LesseeOperatingLeaseLiabilityPaymentsDueYearFive_USD,LesseeOperatingLeaseLiabilityPaymentsDueYearFour_USD,LesseeOperatingLeaseLiabilityPaymentsDueYearThree_USD,LesseeOperatingLeaseLiabilityPaymentsDueYearTwo_USD,LesseeOperatingLeaseLiabilityPaymentsRemainderOfFiscalYear_USD,LesseeOperatingLeaseLiabilityUndiscountedExcessAmount_USD,LiabilitiesAndStockholdersEquity_USD,LiabilitiesCurrent_USD,LiabilitiesNoncurrent_USD,LifeInsuranceCorporateOrBankOwnedAmount_USD,LineOfCreditFacilityCurrentBorrowingCapacity_USD,LineOfCreditFacilityRemainingBorrowingCapacity_USD,LongTermDebtCurrent_USD,LongTermDebtMaturitiesRepaymentsOfPrincipalInNextTwelveMonths_USD,LongTermDebtMaturitiesRepaymentsOfPrincipalInYearFive_USD,LongTermDebtMaturitiesRepaymentsOfPrincipalInYearFour_USD,LongTermDebtMaturitiesRepaymentsOfPrincipalInYearThree_USD,LongTermDebtMaturitiesRepaymentsOfPrincipalInYearTwo_USD,LongTermDebtNoncurrent_USD,MinorityInterest_USD,MinorityInterestDecreaseFromDistributionsToNoncontrollingInterestHolders_USD,NetCashProvidedByUsedInFinancingActivities_USD,NetCashProvidedByUsedInInvestingActivities_USD,NetCashProvidedByUsedInOperatingActivities_USD,NetIncomeLoss_USD,NetIncomeLossAttributableToNoncontrollingInterest_USD,NetIncomeLossAvailableToCommonStockholdersDiluted_USD,NoncontrollingInterestDecreaseFromDeconsolidation_USD,NonoperatingIncomeExpense_USD,NuclearFuelNetOfAmortization_USD,NumberOfReportableSegments_segment,NumberOfReportingUnits_reporting_unit,OperatingIncomeLoss_USD,OperatingLeaseCost_USD,OperatingLeaseLiability_USD,OperatingLeaseLiabilityCurrent_USD,OperatingLeaseLiabilityNoncurrent_USD,OperatingLeasePayments_USD,OperatingLeaseRightOfUseAsset_USD,OperatingLeasesFutureMinimumPaymentsDue_USD,OperatingLeasesFutureMinimumPaymentsDueCurrent_USD,OperatingLeasesFutureMinimumPaymentsDueInFiveYears_USD,OperatingLeasesFutureMinimumPaymentsDueInFourYears_USD,OperatingLeasesFutureMinimumPaymentsDueInThreeYears_USD,OperatingLeasesFutureMinimumPaymentsDueInTwoYears_USD,OperatingLeasesFutureMinimumPaymentsDueThereafter_USD,OperatingLeasesRentExpenseNet_USD,OperatingLeaseWeightedAverageDiscountRatePercent_pure,OperatingLossCarryforwards_USD,OperatingLossCarryforwardsValuationAllowance_USD,OtherAssetsNoncurrent_USD,OtherComprehensiveIncomeDefinedBenefitPlansNetUnamortizedGainLossArisingDuringPeriodNetOfTax_USD,OtherComprehensiveIncomeDefinedBenefitPlansNetUnamortizedGainLossArisingDuringPeriodTax_USD,OtherComprehensiveIncomeLossCashFlowHedgeGainLossAfterReclassificationAndTax_USD,OtherComprehensiveIncomeLossCashFlowHedgeGainLossAfterReclassificationBeforeTax_USD,OtherComprehensiveIncomeLossCashFlowHedgeGainLossAfterReclassificationTax_USD,OtherComprehensiveIncomeLossCashFlowHedgeGainLossBeforeReclassificationAfterTax_USD,OtherComprehensiveIncomeLossCashFlowHedgeGainLossBeforeReclassificationAndTax_USD,OtherComprehensiveIncomeLossCashFlowHedgeGainLossBeforeReclassificationTax_USD,OtherComprehensiveIncomeLossCashFlowHedgeGainLossReclassificationAfterTax_USD,OtherComprehensiveIncomeLossDerivativesQualifyingAsHedgesNetOfTax_USD,OtherComprehensiveIncomeLossNetOfTax_USD,OtherComprehensiveIncomeLossNetOfTaxPortionAttributableToNoncontrollingInterest_USD,OtherComprehensiveIncomeLossPensionAndOtherPostretirementBenefitPlansAdjustmentNetOfTax_USD,OtherComprehensiveIncomeLossPensionAndOtherPostretirementBenefitPlansNetUnamortizedGainLossArisingDuringPeriodBeforeTax_USD,OtherComprehensiveIncomeLossReclassificationAdjustmentFromAOCIOnDerivativesNetOfTax_USD,OtherComprehensiveIncomeLossReclassificationAdjustmentFromAOCIPensionAndOtherPostretirementBenefitPlansForNetGainLossNetOfTax_USD,OtherComprehensiveIncomeUnrealizedGainLossOnDerivativesArisingDuringPeriodBeforeTax_USD,OtherComprehensiveIncomeUnrealizedGainLossOnDerivativesArisingDuringPeriodNetOfTax_USD,OtherComprehensiveIncomeUnrealizedGainLossOnDerivativesArisingDuringPeriodTax_USD,OtherExpenses_USD,OtherLiabilitiesCurrent_USD,OtherLiabilitiesNoncurrent_USD,OtherNoncashIncomeExpense_USD,OtherNonoperatingExpense_USD,OtherNonoperatingIncome_USD,OtherReceivablesGrossCurrent_USD,PaymentsForHedgeFinancingActivities_USD,PaymentsForProceedsFromOtherInvestingActivities_USD,PaymentsForRepurchaseOfCommonStock_USD,PaymentsOfDividends_USD,PaymentsOfStockIssuanceCosts_USD,PaymentsToAcquireLifeInsurancePolicies_USD,PaymentsToAcquirePropertyPlantAndEquipment_USD,PaymentsToInvestInDecommissioningFund_USD,PaymentsToMinorityShareholders_USD,PensionAndOtherPostretirementDefinedBenefitPlansLiabilitiesNoncurrent_USD,PreferredStockSharesAuthorized_shares,PrepaidExpenseAndOtherAssetsCurrent_USD,ProceedsFromDecommissioningFund_USD,ProceedsFromDerivativeInstrumentFinancingActivities_USD,ProceedsFromDerivativeInstrumentInvestingActivities_USD,ProceedsFromIssuanceOfCommonStock_USD,ProceedsFromIssuanceOfLongTermDebt_USD,ProceedsFromLifeInsurancePolicies_USD,ProceedsFromPaymentsForOtherFinancingActivities_USD,ProceedsFromRepaymentsOfShortTermDebt_USD,ProceedsFromShortTermDebt_USD,ProfitLoss_USD,PropertyPlantAndEquipmentNet_USD,ProvisionForDoubtfulAccounts_USD,PublicUtilitiesAllowanceForFundsUsedDuringConstructionAdditions_USD,PublicUtilitiesAllowanceForFundsUsedDuringConstructionCapitalizedCostOfEquity_USD,PublicUtilitiesPropertyPlantAndEquipmentAccumulatedDepreciation_USD,PublicUtilitiesPropertyPlantAndEquipmentConstructionWorkInProgress_USD,PublicUtilitiesPropertyPlantAndEquipmentDisclosureOfCompositeDepreciationRateForPlantsInService_pure,PublicUtilitiesPropertyPlantAndEquipmentPlantInService_USD,ReceivablesNetCurrent_USD,RegulatedEntityOtherAssetsNoncurrent_USD,RegulatoryAssets_USD,RegulatoryAssetsCurrent_USD,RegulatoryAssetsNoncurrent_USD,RegulatoryLiabilities_USD,RegulatoryLiabilityCurrent_USD,RegulatoryLiabilityNoncurrent_USD,RepaymentsOfLongTermCapitalLeaseObligations_USD,RepaymentsOfLongTermDebt_USD,RepaymentsOfShortTermDebt_USD,RestrictedCashAndCashEquivalents_USD,RestrictedCashCurrent_USD,RetainedEarningsAccumulatedDeficit_USD,RevenueFromContractWithCustomerExcludingAssessedTax_USD,Revenues_USD,RightOfUseAssetObtainedInExchangeForFinanceLeaseLiability_USD,RightOfUseAssetObtainedInExchangeForOperatingLeaseLiability_USD,ShareBasedCompensation_USD,ShareBasedCompensationArrangementByShareBasedPaymentAwardAcceleratedCompensationCost_USD,ShareBasedCompensationArrangementByShareBasedPaymentAwardEquityInstrumentsOtherThanOptionsNonvestedNumber_shares,ShareBasedCompensationArrangementByShareBasedPaymentAwardFairValueAssumptionsExpectedDividendRate_pure,ShareBasedCompensationArrangementByShareBasedPaymentAwardFairValueAssumptionsExpectedVolatilityRateMaximum_pure,ShareBasedCompensationArrangementByShareBasedPaymentAwardFairValueAssumptionsRiskFreeInterestRateMaximum_pure,ShortTermBankLoansAndNotesPayable_USD,ShortTermLeaseCost_USD,StockholdersEquity_USD,StockholdersEquityIncludingPortionAttributableToNoncontrollingInterest_USD,StockholdersEquityOther_USD,StockIssued1_USD,StockIssuedDuringPeriodValueAcquisitions_USD,StockIssuedDuringPeriodValueNewIssues_USD,StockIssuedDuringPeriodValueRestrictedStockAwardGross_USD,StockRepurchasedAndRetiredDuringPeriodShares_shares,StockRepurchasedAndRetiredDuringPeriodValue_USD,StockRepurchasedDuringPeriodShares_shares,StockRepurchasedDuringPeriodValue_USD,StockRepurchaseProgramAuthorizedAmount1_USD,StockRepurchaseProgramNumberOfSharesAuthorizedToBeRepurchased_shares,TaxCreditCarryforwardAmount_USD,TaxesExcludingIncomeAndExciseTaxes_USD,TaxesPayableCurrent_USD,TransfersAccountedForAsSecuredBorrowingsAssetsCarryingAmount_USD,TransfersAccountedForAsSecuredBorrowingsAssociatedLiabilitiesCarryingAmount_USD,UnrecordedUnconditionalPurchaseObligationBalanceOnFifthAnniversary_USD,UnrecordedUnconditionalPurchaseObligationBalanceOnFirstAnniversary_USD,UnrecordedUnconditionalPurchaseObligationBalanceOnFourthAnniversary_USD,UnrecordedUnconditionalPurchaseObligationBalanceOnSecondAnniversary_USD,UnrecordedUnconditionalPurchaseObligationBalanceOnThirdAnniversary_USD,UnrecordedUnconditionalPurchaseObligationBalanceSheetAmount_USD,UnrecordedUnconditionalPurchaseObligationDueAfterFiveYears_USD,UtilitiesOperatingExpenseMaintenanceAndOperations_USD,ValuationAllowanceDeferredTaxAssetChangeInAmount_USD,VariableLeaseCost_USD,WeightedAverageNumberDilutedSharesOutstandingAdjustment_shares,WeightedAverageNumberOfDilutedSharesOutstanding_shares,WeightedAverageNumberOfSharesOutstandingBasic_shares,OtherAssetsCurrent_USD,DerivativeInstrumentsNotDesignatedAsHedgingInstrumentsAssetAtFairValue_USD,PaymentsForProceedsFromDerivativeInstrumentInvestingActivities_USD,AssetImpairmentCharges_USD,DebtInstrumentInterestRateStatedPercentage_pure,AdditionalCollateralAggregateFairValue_USD,CollateralAlreadyPostedAggregateFairValue_USD,CreditDerivativeMaximumExposureUndiscounted_USD,DerivativeAssetsCurrent_USD,DerivativeAssetsNoncurrent_USD,DerivativeInstrumentsNotDesignatedAsHedgingInstrumentsGainLossNet_USD,DerivativeLiabilitiesCurrent_USD,DerivativeLiabilitiesNoncurrent_USD,DerivativeNetLiabilityPositionAggregateFairValue_USD
2018-08-08,False,217687849,,,327600000,,379900000,,17200000.0,,21800000,19300000.0,,,,,85200000.0,,-100000.0,5800000000.0,0.0,700300000.0,10800000.0,72400000,7400000.0,8200000.0,-127000000.0,627900000,26659300000,2937300000,,,,,100000.0,,,,,,,,,,,,,1154200000.0,1280100000,1280200000,1276700000,,,0.4,0.0,600000000,271687743,215800074.0,9718100000,,,68400000.0,766500000,,8600000,9000000,400000,,498200000,9500000,-53200000,-45000000,,,-62700000,,,,,,,,,,,,,1436300000.0,,,,,128000000,,,115500000,,0.0,,0.56,0.56,0.56,-0.756,0.21,0.011,-0.891,0.003,-0.055,-0.019,-0.029,0.018,0.062,0.006,0.055,893400000.0,,2900000.0,539900000,,182900000.0,-14400000,5100000,,,,,,,,,,,,,,,,,,,,2333700000,112300000.0,58000000,,1400000,-45000000,0,,-41700000,24700000,67800000,1700000,-1600000,,17300000,57900000.0,29200000,58400000,93800000.0,,82000000,,1600000.0,,,,,,,,,,,26659300000,3077900000,12686000000,,2229300000,1126000000,819300000.0,,,,,,6641100000.0,-42700000,5700000.0,32600000,846900000,397200000,101800000,2600000,101700000.0,,-10500000,,,,126900000,,,,,,,,,,,,,,,,,,359600000,,,,,,,,,,,,,,,,,,,,,244600000,228800000,400000,13800000,1700000,67700000,,6600000,,228300000,,,435200000,96000000,0.0,959100000,12000000.0,85900000,101100000,140600000.0,,0.0,0.0,4700000,-17200000,242600000,,104400000,18819900000,,,,,,,,488700000.0,,,,1537900000,,89500000,2361800000,1900000.0,0,,100000.0,,1220000000,,,,,20000000,14600000.0,204825.0,,,,1079300000,,10938100000,10895400000,1500000,200000,6979900000.0,600000.0,,,,,,,,,56600000,210300000,195000000,195000000,,,,,,,,283800000,,,100000,181000000,180900000,,,,,,,,,,,,,,
2018-11-07,False,263455083,,450000000.0,303700000,,378900000,,17200000.0,,25200000,4300000.0,,,,,85900000.0,,-200000.0,5200000000.0,0.0,692300000.0,22100000.0,69600000,7400000.0,15900000.0,-138600000.0,622700000,26075200000,2319000000,,,,,100000.0,,,,,,,,,,,,,1154200000.0,679700000,679800000,676300000,,,1.26,0.0,600000000,264797584,215800074.0,9236400000,,,58400000.0,1049400000,,-30300000,-28800000,1500000,,518000000,70600000,93900000,47800000,,,23300000,,,,,,,,,,,,,1536000000.0,,,,,193900000,,,237500000,,0.0,600000.0,1.32,1.32,1.32,0.152,0.21,0.0,0.001,0.004,,0.024,0.0,0.008,0.046,0.006,0.075,1582500000.0,,-1500000.0,520900000,163100000.0,,18300000,4800000,,,,,,,,,,,,,,,,,,,,2333500000,111300000.0,419700000,,2000000,64100000,600000,20800000.0,-58500000,34900000,119000000,2400000,38900000,,-26000000,33900000.0,3400000,89100000,148700000.0,,119600000,,4900000.0,,,,,,,,,,,26075200000,2659200000,12767200000,,2500000000,1800000000,709600000.0,,,,,,6639800000.0,-40100000,5700000.0,-1090100000,574800000,1191600000,355000000,2600000,354800000.0,81900000.0,-24300000,,,,533100000,,,,,,,,,,,,,,,,,,379700000,,,,,,,,,,,,,,,,,,,,,225800000,231900000,1900000,30800000,1600000,82400000,,15200000,486100000.0,350400000,,,698300000,107000000,0.0,949700000,12000000.0,73600000,110200000,140600000.0,,,22900000.0,6500000,-17200000,-166700000,,357600000,18836000000,,,,,,,,496500000.0,,,332500000.0,1518100000,,117200000,2357100000,2900000.0,127400000,,100000.0,,1452500000,1567000000.0,,,,25200000,14600000.0,204825.0,,,,675900000,,10688900000,10648800000,600000,400000,6979900000.0,600000.0,,6900000.0,486100000.0,,,,60000000.0,,83000000,282100000,195000000,195000000,,,,,,,,330400000,,,200000,268800000,268600000,,,,,,,,,,,,,,
2019-02-22,True,254630033,15236578926.0,475000000.0,451500000,,373200000,-3000000.0,17200000.0,,29900000,30700000.0,,9200000.0,,,,,,5100000000.0,0.0,687100000.0,34900000.0,49800000,7400000.0,22400000.0,-150100000.0,637300000,25598100000,1681000000,4965400000.0,,,3900000.0,1200000.0,45100000.0,162300000.0,74800000.0,6400000.0,4000000.0,4700000.0,5300000.0,5800000.0,48600000.0,25800000.0,49000000.0,160000000.0,1154200000.0,160300000,160300000,156800000,1441700000.0,,1.735,0.0,600000000,255326252,215800074.0,8685200000,532800000.0,543000000.0,,3342300000,3300000.0,-67400000,-65200000,2200000,57200000.0,472100000,160100000,127800000,124200000,3568800000.0,,-32300000,1996900000.0,1969600000.0,383300000.0,193500000.0,478100000.0,62500000.0,73400000.0,508100000.0,215400000.0,82600000.0,27300000.0,1599200000.0,1599200000.0,131400000.0,3164900000.0,16300000.0,567900000.0,618800000,5400000.0,,362100000,,0.0,1000000.0,2.5,0.07,2.5,0.097,0.21,0.004,-0.087,0.004,,0.019,0.004,-0.002,0.049,0.006,0.064,,,1400000.0,511000000,168900000.0,,-53600000,4300000,,,,,,,,,,,,,,,,,,,,2338900000,111300000.0,599600000,546000000.0,5400000,59000000,-900000,68000000.0,56700000,-265100000,-76400000,3100000,92000000,,-66800000,-15900000.0,128100000,279600000,255900000.0,,110900000,,8800000.0,,,,,,,,,,,25598100000,2867200000,12740200000,134800000.0,2500000000,1737300000,705400000.0,701100000.0,439500000.0,287500000.0,432000000.0,251100000.0,6636300000.0,-37500000,5700000.0,-1538400000,197400000,1497800000,18500000,10200000,,81900000.0,-54400000,133100000.0,,,150100000,,,,,,,185900000.0,24200000.0,12400000.0,15200000.0,18400000.0,20700000.0,95000000.0,24500000.0,,,7100000.0,396500000,1000000.0,400000.0,,,,,,,,-4000000.0,-3000000.0,10200000.0,-1000000.0,1400000.0,,,-5400000.0,-4000000.0,-1400000.0,30900000.0,171900000,236700000,2000000,78700000,15500000,95000000,,17600000,1042300000.0,475000000,,,1069700000,117500000,,987600000,12000000.0,79100000,117700000,,140600000.0,,290900000.0,6800000,-21300000,-104000000,,21100000,18782500000,,13500000.0,3100000.0,9694100000.0,685200000.0,0.03,26916700000.0,193700000.0,,2061800000.0,303900000.0,1757900000,2329000000.0,110200000,2218800000,,395800000,,0.0,,1346000000,4224000000.0,1199800000.0,,,29900000,14600000.0,204825.0,,,,738600000,,10028200000,9990700000,400000,500000,6979900000.0,600000.0,,16400000.0,1042300000.0,,,,60000000.0,333800000.0,269100000,133600000,365000000,365000000,137400000.0,608700000.0,137300000.0,430500000.0,156100000.0,1987400000.0,517400000.0,1115800000,500000.0,,200000,214100000,213900000,,,,,,,,,,,,,,
2019-05-08,False,244098475,,-450000000.0,293700000,,372400000,-13200000.0,,,5400000,,,9800000.0,,,,,,5400000000.0,,,,52600000,,,,645800000,26060700000,1927600000,5123900000.0,,49000000.0,3900000.0,,45100000.0,,74800000.0,6400000.0,4000000.0,4700000.0,5300000.0,5800000.0,48600000.0,25800000.0,,,,133600000,547900000,387600000,,,0.475,,600000000,244838786,,8110400000,89300000.0,93200000.0,,1007300000,,11900000,11300000,-600000,,518300000,-7300000,-1000000,-2000000,,,6300000,,,,,,,,,,,,,1603800000.0,,,,,213600000,-19200000.0,,119800000,,,,0.39,0.39,0.39,0.082,0.21,-0.07,,0.003,,0.018,-0.001,0.002,0.046,0.005,0.039,,,,466500000,132200000.0,,40500000,4000000,700000.0,700000.0,50200000.0,4200000.0,46000000.0,77800000.0,48400000.0,,4800000.0,5700000.0,6500000.0,7000000.0,5400000.0,27600000.0,1100000.0,,1100000.0,0.057,,2338900000,,110500000,,2200000,9300000,-100000,56700000.0,-119400000,-26600000,100200000,200000,-74700000,,-12800000,-2800000.0,-35500000,91100000,59300000.0,,150200000,,3200000.0,82900000.0,123800000.0,52400000.0,,9400000.0,12400000.0,15300000.0,18700000.0,15600000.0,20800000.0,26060700000,3335400000,13333600000,,2500000000,1664900000,701100000.0,,,,,,7125900000.0,-31200000,1400000.0,296900000,-271400000,362100000,99500000,3900000,,,-8000000,,1.0,,209600000,6400000.0,103000000.0,16100000.0,86900000.0,5800000.0,,185900000.0,24200000.0,12400000.0,15200000.0,18400000.0,20700000.0,95000000.0,,0.039,,,535100000,,,-10200000.0,-13800000.0,-3600000.0,,,,,,-10200000.0,3900000.0,,,,,,,,6300000.0,178500000,323400000,1300000,19400000,8200000,77500000,,-1300000,578300000.0,119800000,,2100000.0,309000000,17900000,,994300000,,66200000,15400000,,,,494000000.0,40900000,-4500000,572400000,,103400000,18838100000,,,,,,,,164800000.0,,,266500000.0,1731600000,,34500000,2249200000,,1100000,,414300000.0,414300000.0,1325700000,1185100000.0,1216900000.0,2300000.0,2200000.0,5400000,,,,,,1311000000,800000.0,9422900000,9391700000,300000,500000,,,,10500000.0,,,578300000.0,450000000.0,60000000.0,,93300000,222500000,359000000,359000000,,,,,,,,306900000,,73900000.0,200000,253000000,252800000,,,,,,,,,,,,,,
2019-08-07,False,235467484,,,278100000,,371400000,-29000000.0,,,4000000,,,9200000.0,,,,,,5200000000.0,,,,55100000,,,,648200000,25718400000,1539400000,5086400000.0,,49000000.0,3900000.0,,45100000.0,,74800000.0,6400000.0,4000000.0,4700000.0,5300000.0,5800000.0,48600000.0,25800000.0,,,0.0,107000000,107000000,-53300000,,,0.475,,600000000,235465848,,7563000000,123900000.0,128800000.0,,950000000,,8700000,8500000,-200000,,535700000,9800000,17000000,13900000,,1630600000.0,7200000,,,,,,,,,,,,,,,,,,215400000,-40400000.0,,115800000,500000.0,,,0.57,0.57,0.57,0.145,0.21,0.0,0.0,0.005,,0.018,0.003,0.004,0.029,0.005,0.04,,,,488700000,150900000.0,,16600000,3600000,600000.0,1400000.0,49400000.0,4800000.0,44600000.0,75900000.0,48400000.0,,4800000.0,5700000.0,6500000.0,7000000.0,3500000.0,26500000.0,2200000.0,,600000.0,0.058,,2336600000,,166900000,,2100000,24400000,-17700000,30400000.0,-136000000,78300000,99900000,400000,-121100000,,-41100000,-4000000.0,-36200000,95400000,173900000.0,,80700000,,2600000.0,85500000.0,117100000.0,52400000.0,,9400000.0,12400000.0,15300000.0,18700000.0,8900000.0,20400000.0,25718400000,3482800000,13380900000,,2500000000,1227600000,1100000.0,,,,,,7122500000.0,-28400000,2100000.0,-157500000,-529500000,633700000,139700000,4900000,,,-9400000,,1.0,1.0,271700000,6700000.0,96700000.0,14400000.0,82300000.0,12900000.0,,185900000.0,24200000.0,12400000.0,15200000.0,18400000.0,20700000.0,95000000.0,,0.039,,,512400000,,,-15800000.0,-21200000.0,-5400000.0,,,,,,-15800000.0,4900000.0,,,,,,,,4000000.0,244700000,355500000,2400000,18100000,6100000,92700000,,6000000,1128700000.0,235600000,,17000000.0,572400000,27000000,,1001500000,,80200000,24500000,,0.0,,493300000.0,68400000,-7300000,1500500000,,144600000,18923300000,,,,,,,,278400000.0,,,242700000.0,1701700000,,44000000,2232400000,,701100000,,0.0,,1349100000,1194400000.0,1221700000.0,2300000.0,2200000.0,9400000,,,,,,2239000000,700000.0,8883100000,8854700000,300000,-300000,6979900000.0,,,20000000.0,,,550400000.0,,60000000.0,,91600000,195800000,312000000,312000000,,,,,,,,288600000,,76900000.0,200000,243400000,243200000,,,,,,,,,,,,,,
2019-11-06,False,227903192,,,311300000,,370300000,-50700000.0,,,3500000,,,8900000.0,,,,,,5000000000.0,0.0,,,58200000,,,,659100000,25907500000,1512300000,5255300000.0,,49000000.0,3900000.0,,45100000.0,,74800000.0,6400000.0,4000000.0,4700000.0,5300000.0,5800000.0,48600000.0,25800000.0,,,0.0,50100000,50100000,-110200000,,,0.475,,600000000,227901556,,7066900000,345100000.0,349200000.0,,1038900000,,-31200000,-32000000,-800000,,541000000,75500000,98500000,111400000,,1729600000.0,23000000,,,,,,,,,,,,,,,,,,216100000,,500000000.0,111900000,900000.0,,,1.56,1.56,1.56,0.15,0.21,0.0,0.0,0.004,,0.016,-0.003,-0.005,0.04,0.005,0.039,,,,454400000,118500000.0,,2100000,3600000,1000000.0,2000000.0,48300000.0,4800000.0,43500000.0,74200000.0,48400000.0,,4800000.0,5700000.0,6500000.0,7000000.0,1800000.0,25900000.0,3300000.0,,2300000.0,0.058,,2336600000,,432800000,,3600000,65500000,-13100000,65300000.0,-111500000,68400000,155300000,900000,-77700000,,-56100000,-22500000.0,-65700000,90800000,,240800000.0,110700000,-5200000.0,1800000.0,80200000.0,113600000.0,52500000.0,,9400000.0,12400000.0,15400000.0,18900000.0,5000000.0,18900000.0,25907500000,2075100000,15242500000,,2500000000,2127100000,251100000.0,,,,,,8749200000.0,-29400000,5100000.0,-785400000,-772100000,1447300000,366800000,4100000,,,-15100000,,1.0,1.0,538700000,4800000.0,94700000.0,15200000.0,79500000.0,17400000.0,,185900000.0,24200000.0,12400000.0,15200000.0,18400000.0,20700000.0,95000000.0,,0.039,,,508000000,,,-21700000.0,,,-21900000.0,-29400000.0,-7500000.0,-200000.0,,-21700000.0,4100000.0,,,,,,,,6000000.0,208400000,338400000,3600000,19700000,2800000,102300000,69800000.0,-200000,1628700000.0,347500000,,17200000.0,849100000,37400000,8500000.0,1149600000,,73900000,32300000,,0.0,,2374000000.0,99100000,-5300000,-378000000,1000000000.0,370900000,18976100000,,,,,,,,268800000.0,,,204800000.0,1869700000,,59600000,2227500000,,701100000,1000000000.0,0.0,,1603100000,1566300000.0,1577600000.0,2300000.0,3000000.0,12900000,,,,,,360600000,800000.0,8619300000,8589900000,-400000,-300000,6979900000.0,,,27500000.0,,,500000000.0,,60000000.0,,91500000,287900000,395000000,395000000,,,,,,,,311600000,,71300000.0,400000,235000000,234600000,,,,,,,,,,,,,,
2020-03-02,True,226659013,14138041261.0,,528800000,,375400000,-50000000.0,,,16300000,15500000.0,,10500000.0,,,,9000000.0,,5000000000.0,0.0,674100000.0,27100000.0,71300000,0.0,17800000.0,-22300000.0,602800000,25975900000,1467700000,5161800000.0,2.67,,,,,,,,,,,,,,,,0.0,23200000,23200000,-137100000,1370000000.0,,1.93,,600000000,226641443,215800074.0,7070400000,622900000.0,638600000.0,,3962000000,,-39500000,-24500000,15000000,80700000.0,573200000,93200000,120700000,121500000,3468400000.0,1744400000.0,27500000,1741500000.0,1724000000.0,163400000.0,183200000.0,466300000.0,64400000.0,37900000.0,548900000.0,197000000.0,80400000.0,17500000.0,1744400000.0,,119800000.0,3107100000.0,17600000.0,786300000.0,861700000,,500000000.0,462500000,,,1900000.0,2.8,0.28,2.79,0.124,0.21,-0.01,0.0,0.004,,0.018,-0.001,-0.004,0.05,0.005,0.049,,,3000000.0,481600000,146400000.0,,82200000,3300000,2900000.0,2800000.0,52800000.0,4900000.0,47900000.0,78900000.0,46200000.0,8100000.0,4700000.0,5800000.0,6700000.0,7400000.0,,26100000.0,5000000.0,302800000.0,5200000.0,0.056,11000000.0,2336600000,110200000.0,772800000,,9800000,97000000,-5200000,85500000.0,16900000,23100000,-8200000,2200000,-59400000,,-79800000,-75500000.0,-43400000,374000000,,329500000.0,122300000,-5200000.0,,348900000.0,116500000.0,44700000.0,20500000.0,9200000.0,11000000.0,14100000.0,17000000.0,,18500000.0,25975900000,2335900000,15094700000,132900000.0,2500000000,1921100000,251100000.0,251100000.0,800000000.0,439500000.0,387500000.0,432000000.0,8746700000.0,-26600000,8600000.0,-805800000,-1080300000,1749000000,63900000,15700000,,,-39000000,128500000.0,,1.0,165800000,23800000.0,98000000.0,15600000.0,82400000.0,21700000.0,104500000.0,,,,,,,,,0.038,132400000.0,7100000.0,511500000,-600000.0,-200000.0,-46400000.0,,,-47900000.0,-64400000.0,-16500000.0,-1500000.0,0.0,-47000000.0,15700000.0,600000.0,-800000.0,0.0,,0.0,0.0,0.0,21300000.0,220800000,340700000,3200000,76900000,26900000,127800000,69800000.0,5100000,1628700000.0,462500000,,18300000.0,1210100000,55800000,8600000.0,1017600000,12000000.0,78200000,47300000,,0.0,,2372700000.0,161700000,-6700000,-176700000,1000000000.0,66700000,19184400000,,16700000.0,2200000.0,10293700000.0,839200000.0,0.03,27768800000.0,228500000.0,,1972200000.0,231700000.0,1740500000,2311600000.0,63300000,2248300000,,701100000,1000000000.0,,,1551500000,5019600000.0,1131600000.0,8300000.0,10400000.0,16300000,14600000.0,204825.0,0.0345,0.18,0.026,561900000,4000000.0,8571900000,8545300000,400000,-300000,6979900000.0,,,28800000.0,,,1628700000.0,,60000000.0,379000000.0,365500000,145100000,339000000,339000000,78200000.0,681900000.0,157600000.0,226700000.0,160800000.0,1842200000.0,537000000.0,1218500000,9800000.0,313000000.0,400000,239900000,239500000,,,,,,,,,,,,,,
2020-05-06,False,226740469,,,298100000,189200000.0,373200000,-48700000.0,,,4600000,,11500000.0,11500000.0,3300000.0,5000000.0,,,,,0.0,,,69000000,,,,611600000,26184700000,1732800000,,,,,,,,,,,,,,,,,,,304400000,304400000,281200000,,,0.505,,600000000,226738748,,7072200000,70700000.0,73500000.0,,919200000,,2400000,2000000,-400000,,497400000,6000000,8800000,8100000,,1796700000.0,2800000,,,,,,,,,,,,,,,,,,218500000,,500000000.0,114500000,,,700000.0,0.31,0.31,0.31,0.122,0.21,0.0,,0.003,,0.016,0.001,-0.002,0.023,0.005,0.045,,71400000.0,,498900000,166400000.0,,-88300000,3200000,,,,,,,,,,,,,,,,,,,-800000.0,2336600000,,80100000,,2200000,10100000,200000,110500000.0,-153400000,-42600000,83000000,1800000,-9400000,-3800000.0,-39400000,,-400000,96200000,,86500000.0,137300000,-5200000.0,,,,,,,,,,,,26184700000,2397700000,15281600000,,2500000000,1417700000,,,,,,,,-23800000,1400000.0,294000000,-333400000,320600000,69400000,2800000,,,-21200000,,1.0,,197500000,,,,,,,,,,,,,,,,,,519900000,,,1300000.0,,,0.0,0.0,0.0,-1300000.0,,1300000.0,2800000.0,,,,,,,,,142300000,337900000,-300000,22700000,2300000,133200000,69800000.0,4000000,0.0,114500000,,2000000.0,354400000,18800000,,1012600000,,79600000,15000000,,,,0.0,30800000,-6400000,493100000,,72200000,19223200000,2700000.0,,,,,,,,5068400000.0,,228200000.0,1714500000,,56400000,2156100000,,1100000,,0.0,,1505700000,1085900000.0,1116700000.0,3100000.0,2600000.0,4600000,,,,,,1055000000,,8529200000,8505400000,-200000,900000,,,,,,,578300000.0,,,,92300000,226300000,322000000,322000000,,,,,,,,288200000,,,400000,227500000,227100000,,,,,,,,,,,,,,
2020-08-05,False,226827540,,,332800000,396000000.0,188200000,-49800000.0,,,4100000,,18000000.0,18000000.0,6800000.0,10900000.0,,,,,0.0,,,66700000,,,,619100000,26250400000,1790400000,,,,,,,,,,,,,,,,,,,176200000,176200000,153000000,,,0.505,,600000000,226825105,,7073500000,132300000.0,135200000.0,,913000000,,-21000000,-27900000,-6900000,,557400000,30800000,64200000,69700000,,1602200000.0,33400000,,,,,,,,,,,,,,,,,,221600000,,500000000.0,114600000,,,400000.0,0.59,0.59,0.59,0.198,0.21,0.0,0.081,0.003,,0.016,-0.004,0.0,0.036,0.005,0.046,,61100000.0,,520300000,168100000.0,,58400000,2600000,,,,,,,,,,,,,,,,,,,3100000.0,2336600000,,168000000,,2000000,33700000,200000,112700000.0,-123600000,115400000,27900000,4600000,-84400000,-24200000.0,-66000000,,-13900000,99500000,,185300000.0,92800000,-5200000.0,,,,,,,,,,,,26250400000,2086100000,15637400000,,2500000000,2003200000,,,,,,,,-20900000,2100000.0,231700000,-601200000,522500000,133400000,2900000,,,-4200000,,1.0,1.0,271700000,,,,,,,,,,,,,,,,,,501100000,,,-1000000.0,,,0.0,0.0,0.0,1000000.0,,-1100000.0,2900000.0,100000.0,,,100000.0,,,,,147200000,357900000,-500000,14900000,7600000,176100000,69800000.0,1500000,0.0,229000000,,16100000.0,635600000,36900000,,1007600000,,80500000,30300000,,,,889500000.0,58600000,-10800000,-94900000,,136300000,19191800000,11600000.0,,,,,,,,5109700000.0,,207700000.0,1714600000,,51700000,2581200000,,251100000,,,,1524100000,1146100000.0,1184700000.0,3500000.0,3800000.0,8700000,,,,,,467000000,,8547800000,8526900000,-100000,900000,,,,,,9414920.0,550400000.0,,,,90900000,200200000,297000000,297000000,,,,,,,,272700000,,,400000,227600000,227200000,,,,,,,,,,,,,,
2020-11-05,False,226831800,,,358900000,318500000.0,188300000,-48400000.0,,,3400000,,15200000.0,15200000.0,10000000.0,20800000.0,,,,,0.0,948800000.0,28700000.0,66500000,,11000000.0,257000000.0,882300000,26881200000,1914700000,,,,,,,,,,,,,,,,,,,361600000,361600000,338400000,,,0.505,,600000000,226832410,,7077000000,365900000.0,368900000.0,,995900000,,-16400000,-16800000,-400000,,587500000,46600000,68100000,136500000,,1682900000.0,21500000,,,,,,,,,,,,,,,,,,218000000,,500000000.0,114500000,,,600000.0,1.6,,1.6,0.12,0.21,-0.004,0.0,0.003,,0.016,0.0,0.0,0.035,0.007,0.046,,69900000.0,,512100000,153700000.0,,28400000,2500000,,,,,,,,,,,,,,,,,,,1700000.0,2336600000,,415600000,,1900000,50000000,-73800000,53900000.0,-87500000,68600000,192300000,9900000,-43900000,-21200000.0,-88400000,,-20900000,94800000,,267800000.0,118600000,-5300000.0,,,,,,,,,,,,26881200000,2098200000,15998800000,,2500000000,2278700000,,,,,,,,-17900000,5100000.0,-53400000,-1029900000,1421700000,364500000,3000000,,,-11300000,,1.0,1.0,521700000,,,,,,,,,,,,,,,,,,527500000,,,1400000.0,,,0.0,0.0,0.0,-1400000.0,,1400000.0,3000000.0,0.0,,,0.0,,,,,176100000,331300000,-700000,20100000,7100000,181200000,0.0,9900000,0.0,343600000,,16400000.0,1058100000,50300000,0.0,1047800000,,67700000,44200000,,,,889300000.0,60600000,-11800000,-361900000,0.0,367500000,19624100000,15500000.0,,,,,,,,5185700000.0,,205900000.0,1734100000,,35100000,2589800000,,251100000,0.0,,,1773500000,1483500000.0,1517600000.0,5000000.0,4100000.0,12100000,,,,,,200000000,,8802100000,8784200000,-100000,900000,,,,,,7569029.0,500000000.0,,,,91000000,305800000,395000000,395000000,,,,,,,,304600000,,,200000,227500000,227300000,,,,,,,,,,,,,,
2021-02-26,True,226944941,13410149293.0,,654000000,273900000.0,186700000,-49400000.0,,,16000000,15500000.0,19300000.0,19300000.0,12500000.0,28600000.0,,9000000.0,,5700000000.0,,941900000.0,36900000.0,40200000,,18400000.0,249300000.0,901700000,27114800000,1624300000,,2.67,,,,,,,,,,,,,,,,0.0,144900000,144900000,121700000,1369600000.0,,2.05,,600000000,226836670,215800074.0,7080000000,618900000.0,630600000.0,,3769500000,,-26800000,-24700000,2100000,84900000.0,652100000,73100000,132900000,126900000,3206400000.0,1664800000.0,59800000,1556000000.0,1541600000.0,51000000.0,181000000.0,,145900000.0,0.0,379600000.0,227600000.0,152700000.0,14400000.0,1664800000.0,,157700000.0,2693700000.0,17400000.0,804700000.0,880100000,,500000000.0,465000000,,,2000000.0,2.72,0.22,2.72,0.14,0.21,-0.002,0.019,0.003,,0.016,0.001,-0.002,0.043,0.006,0.046,,55500000.0,2200000.0,504500000,145000000.0,,45200000,2200000,3100000.0,2800000.0,51300000.0,6000000.0,45300000.0,75000000.0,42400000.0,8800000.0,4600000.0,5300000.0,6600000.0,7300000.0,,23700000.0,5600000.0,314100000.0,7700000.0,0.056,10800000.0,2336600000,140000000.0,723900000,,8300000,102200000,-46500000,62900000.0,134300000,4900000,6700000,17200000,-98900000,-82000000.0,-119500000,,-16900000,383900000,,367600000.0,123400000,-5400000.0,,332400000.0,101600000.0,37300000.0,18500000.0,7900000.0,10400000.0,12200000.0,15300000.0,,14400000.0,27114800000,2355800000,16040500000,132000000.0,2500000000,2165300000,436400000.0,432000000.0,636000000.0,800000000.0,439500000.0,387500000.0,9190900000.0,-14900000,8600000.0,-98400000,-1533700000,1753800000,51000000,11700000,,,-36100000,155900000.0,,1.0,153000000,22900000.0,,,,22200000.0,93200000.0,,,,,,,,,0.037,42200000.0,7100000.0,527700000,-2300000.0,-700000.0,3000000.0,,,0.0,0.0,0.0,-3000000.0,,600000.0,11700000.0,2400000.0,-3000000.0,,100000.0,,,,19600000.0,182600000,308200000,-800000,78200000,31300000,177900000,0.0,11100000,0.0,465000000,,19100000.0,1560300000,65600000,0.0,1149400000,12000000.0,71900000,56500000,,0.0,,888800000.0,65900000,-13600000,-246900000,,54000000,19951000000,24900000.0,33700000.0,17200000.0,10998400000.0,1153500000.0,0.03,28914800000.0,,5384600000.0,2074400000.0,206200000.0,1868200000,2664900000.0,26100000,2638800000,,251100000,,,,1702800000,4781600000.0,1094400000.0,5600000.0,6900000.0,16000000,14600000.0,204825.0,0.0293,0.17,0.0072,315000000,2100000.0,8733400000,8718500000,500000,900000,6979900000.0,,,45200000.0,,,1628700000.0,,60000000.0,379600000.0,364200000,143800000,360000000,360000000,168300000.0,509000000.0,178800000.0,206600000.0,217100000.0,1809500000.0,529700000.0,1163000000,-3100000.0,296600000.0,300000,227500000,227200000,,,,,,,,,,,,,,
2021-05-06,False,229267502,,,345300000,247500000.0,185200000,-48000000.0,,400000.0,2600000,,23600000.0,23600000.0,3500000.0,4000000.0,,,,,,,,31300000,,,,914000000,28020100000,2001900000,,,,,,,,,,,,,,,,,,,482000000,482000000,337100000,,64.7,0.535,,600000000,226995620,,7081500000,193000000.0,196000000.0,,1294200000,,1100000,3000000,1900000,,686500000,17700000,21500000,20000000,,1707600000.0,3800000,,,,,,,,,,,,,,,,,,219300000,,,121400000,,,200000.0,0.84,,0.84,0.106,0.21,,,0.003,,0.01,-0.002,-0.016,0.019,0.004,0.031,,57300000.0,,492300000,127500000.0,,26700000,1900000,,,,,,,,,,,,,,,,,,,1600000.0,2336600000,,215600000,,2000000,23000000,2600000,59900000.0,-242400000,-26300000,90400000,7500000,50600000,-5800000.0,324600000,,82600000,94000000,,78600000.0,148200000,,,,,,,,,,,,,28020100000,3244400000,15981300000,,2500000000,1203500000,,,,,,,,-11900000,,840900000,-475200000,-28600000,191600000,3000000,,,-8100000,,1.0,,317700000,,,,,,,,,,,,,,,,,,547700000,,,1400000.0,,,,,,-1400000.0,,1400000.0,3000000.0,,,,,,,,,144800000,300600000,-200000,20900000,11200000,205100000,,3600000,,121400000,,1000000.0,467700000,44600000,,1136300000,,99300000,40900000,,,,,800000,-3100000,980000000,,194600000,20102200000,4800000.0,,,,,,,,5762800000.0,,255900000.0,2192000000,,92800000,2647000000,,1100000,,,,1772800000,1462400000.0,1611900000.0,200000.0,2200000.0,3100000,,,,,,1295000000,,8806300000,8794400000,400000,700000,,,2900000.0,,,,,,,,94900000,231200000,365000000,365000000,,,,,,,,275500000,,,300000,227600000,227300000,,,,,,,,,,,,,,
2021-08-05,False,229297836,,,390000000,398400000.0,184100000,-46600000.0,,500000.0,3800000,,,20000000.0,6500000.0,8200000.0,,,,,,,,28700000,,,,926800000,28008800000,1729600000,,,,,,,,,,,,,,,,,,,58400000,58400000,-86500000,,64.7,0.535,,600000000,229296214,,7197600000,186700000.0,189700000.0,,940900000,,4900000,2500000,-2400000,,729400000,15000000,18200000,37100000,,1745300000.0,3200000,,,,,,,,,,,,,,,,,,225200000,,,122600000,,,500000.0,0.81,0.81,0.81,0.094,0.21,,0.0,0.003,,0.011,0.001,-0.001,0.001,0.005,0.031,,59800000.0,,538100000,155500000.0,,37400000,1700000,,,,,,,,,,,,,,,,,,,8400000.0,2336600000,,205800000,,2100000,19600000,400000,57700000.0,-232300000,102900000,62400000,14300000,-28200000,43100000.0,322100000,,88000000,93800000,,179900000.0,94400000,,,,,,,,,,,,,28008800000,2703900000,16327800000,,2500000000,1586200000,,,,,,,,-8900000,,607100000,-918200000,224600000,185300000,3000000,,,4300000,,1.0,1.0,295300000,,,,,,,,,,,,,,,,,,523300000,,,1400000.0,,,,,,-1400000.0,,1400000.0,3000000.0,0.0,,,0.0,,,,,169600000,306500000,-500000,18800000,14700000,224900000,,7000000,,244000000,700000.0,13500000.0,891100000,53000000,,1136700000,,78300000,44900000,,,112500000.0,497700000.0,1500000,-4900000,598000000,,188300000,20324100000,2400000.0,,,,,,,,5803700000.0,,272700000.0,2214400000,,48500000,2731100000,,351100000,,,,1835000000,1208100000.0,1236200000.0,600000.0,2400000.0,7300000,,,,,,913000000,,8986000000,8977100000,100000,700000,,112500000.0,2900000.0,,,,,,,,97900000,201000000,326000000,326000000,,,,,,,,259900000,,,400000,229700000,229300000,,,,,,,,,,,,,,
2021-11-03,False,229302700,,,437000000,335100000.0,182700000,-45300000.0,,400000.0,3600000,,,19000000.0,9200000.0,17100000.0,,,,,0.0,,,26500000,,,,920100000,28182100000,1801800000,,,,,,,,,,,,,,,,,,,25300000,25300000,-119600000,,64.7,0.535,,600000000,229301079,,7201800000,450700000.0,453800000.0,,1015800000,,-6500000,-4300000,2200000,,732000000,61300000,62900000,98600000,,1829300000.0,1600000,,,,,,,,,,,,,,,,,,225000000,,,122700000,,,400000.0,1.96,,1.95,0.112,0.21,0.0,0.0,0.003,,0.01,0.0,0.003,0.005,0.004,0.031,,50900000.0,,545000000,150300000.0,,300000,1700000,,,,,,,,,,,,,,,,,,,8800000.0,2336600000,,507700000,,2000000,57200000,1700000,63300000.0,-206800000,39600000,169500000,20800000,-14100000,45800000.0,308700000,,167900000,93600000,,257000000.0,118400000,,,,,,,,,,,,,28182100000,2670600000,16199500000,,2500000000,1878700000,,,,,,,,-5800000,,193500000,-1349100000,1036000000,449400000,3100000,,,600000,,1.0,1.0,600700000,,,,,,,,,,,,,,,,,,554300000,,,1300000.0,,,,,,-1300000.0,,1300000.0,3100000.0,0.0,,,0.0,,,,,164100000,304800000,4500000,19200000,11000000,183300000,,4100000,,366700000,700000.0,13500000.0,1394700000,108400000,,988700000,,106600000,95300000,,,112500000.0,497300000.0,76300000,-7300000,301600000,,452500000,20603900000,7600000.0,,,,,,,,5626800000.0,,331500000.0,2003900000,,73100000,2676600000,,351100000,,,,2161300000,1580100000.0,1616500000.0,600000.0,8100000.0,11400000,,,,,,620500000,,9317800000,9312000000,-200000,700000,,112500000.0,2900000.0,,,,,,,,96200000,313700000,395000000,395000000,,,,,,,,265200000,,,500000,230200000,229700000,,,,,,,,,,,,,,
2022-02-25,True,229311689,13704717320.0,,639700000,221600000.0,181400000,-44000000.0,,1800000.0,13800000,15600000.0,,32900000.0,12000000.0,26400000.0,,9000000.0,,5700000000.0,,960100000.0,43400000.0,19500000,,38700000.0,13500000.0,940600000,28520500000,1710300000,,,,,,,,,,,,,,,,,,,26200000,26200000,-118700000,1363000000.0,64.7,2.178,,600000000,229299900,,7205500000,885100000.0,897300000.0,,4231800000,,15600000,15200000,-400000,80500000.0,768700000,92800000,107500000,102200000,3263900000.0,1861900000.0,14700000,1414800000.0,1402000000.0,40200000.0,200000000.0,,146900000.0,,375200000.0,158300000.0,157600000.0,12800000.0,1861900000.0,,136300000.0,2701100000.0,25600000.0,813600000.0,896400000,,500000000.0,497900000,,,1700000.0,3.84,,3.83,0.116,0.21,0.0,0.0,0.003,,0.01,0.0,-0.004,0.01,0.004,0.028,,51600000.0,-100000.0,566700000,160900000.0,,95500000,1700000,2500000.0,2600000.0,46300000.0,,,67600000.0,38500000.0,7800000.0,4400000.0,4700000.0,5500000.0,6700000.0,,21300000.0,5300000.0,,5100000.0,0.056,59900000.0,2336600000,904000000.0,1001100000,,8200000,117400000,-19600000,28000000.0,-55100000,-69900000,41400000,29400000,-19400000,-31700000.0,251500000,,299800000,372600000,,356900000.0,118800000,-5400000.0,,315600000.0,91300000.0,30300000.0,18800000.0,5900000.0,8500000.0,12500000.0,15300000.0,,7300000.0,28520500000,3102900000,16175900000,130700000.0,2500000000,1339900000,389300000.0,387500000.0,350000000.0,636000000.0,800000000.0,439500000.0,9297900000.0,-2700000,8600000.0,443400000,-1913800000,1351700000,879700000,12200000,,,18800000,152500000.0,,1.0,1354900000,21800000.0,,,,20700000.0,,,,,,,,,,0.022,33600000.0,7100000.0,563400000,-100000.0,0.0,5500000.0,,,0.0,0.0,0.0,-5500000.0,,5400000.0,12200000.0,100000.0,-100000.0,,0.0,,,,,184600000,310000000,13800000,87400000,46300000,160700000,0.0,-38400000,0.0,497900000,700000.0,14200000.0,1972500000,158200000,0.0,879100000,12000000.0,49300000,115700000,,,112500000.0,497300000.0,77000000,-9300000,840500000,,891900000,21002600000,28000000.0,44100000.0,29400000.0,11515500000.0,1350600000.0,0.03,30289900000.0,,5659800000.0,2415200000.0,424100000.0,1991100000,2775700000.0,70700000,2705000000,,432000000,,,,2082900000,5329100000.0,5586700000.0,1400000.0,16400000.0,15600000,,,0.0399,0.32,0.0024,1159300000,5900000.0,9244400000,9241700000,200000,700000,,112500000.0,2900000.0,,,,1628700000.0,,,373600000.0,380500000,150400000,319000000,319000000,165100000.0,466100000.0,158800000.0,247100000.0,188200000.0,1740600000.0,515300000.0,1107500000,-1500000.0,280300000.0,600000,229600000,229000000,75400000.0,,,,,,,,,,,,,
2022-05-05,False,229478276,,,396100000,185200000.0,182500000,-42600000.0,,200000.0,4300000,,24400000.0,24400000.0,3500000.0,7900000.0,,,,,,,,19000000,,,,950800000,28739900000,1722000000,,,,,,,,,,,,,,,,,,,22200000,22200000,-4000000,,,0.5725,,600000000,229476558,,7206400000,123900000.0,127000000.0,,970800000,,11500000,11100000,-400000,,733200000,-3900000,-700000,400000,,1885600000.0,3200000,,,,,,,,,,,,,,,,,,229000000,,,131300000,,,800000.0,0.53,,0.53,0.084,0.21,,,0.003,,0.005,0.009,-0.019,0.014,0.002,0.037,,50200000.0,,612700000,189200000.0,,-43700000,1700000,,,,,,,,,,,,,,,,,,,-9600000.0,2336600000,,135000000,,2100000,11500000,-100000,16900000.0,-157200000,-29800000,108700000,7400000,-13700000,19300000.0,-13900000,,48000000,91800000,,76700000.0,143300000,,,,,,,,,,,,,28739900000,3391300000,16111100000,,2500000000,1607000000,587300000.0,,,,,,9247100000.0,400000,,262200000,-531300000,265100000,122500000,3100000,,,-26300000,,1.0,,253100000,,,,,,,,,,,,,,,,,,586400000,,,1400000.0,,,,,,-1400000.0,,1400000.0,3100000.0,,,,,,,,,160700000,309100000,-300000,24900000,8200000,136000000,,900000,,131300000,,2900000.0,524700000,12600000,,884300000,,44900000,8700000,,,,247400000.0,1100000,-6400000,-267100000,,125600000,21157700000,-4100000.0,,,,,,,,5714200000.0,,425300000.0,2058000000,,56500000,2651700000,,100000000,,,,2073300000,1167400000.0,1223900000.0,2400000.0,1600000.0,4500000,,,,,,1392200000,,9237100000,9237500000,-400000,200000,,,2900000.0,,,,,,,,101900000,248000000,338000000,338000000,,,,,,,,252200000,,,400000,230200000,229800000,76800000.0,14500000.0,2700000.0,,,,,,,,,,,
2022-08-04,False,229521999,,,474300000,384400000.0,180500000,-41200000.0,,200000.0,6300000,,27100000.0,27100000.0,6000000.0,13500000.0,,,,,0.0,,,18500000,,,,959800000,29188800000,1922100000,,,,,,,,,,,,,,,,,,,22400000,22400000,-3800000,,,0.5725,,600000000,229515301,,7212500000,195900000.0,199000000.0,,1111000000,,13500000,15600000,2100000,,687600000,8400000,8200000,6900000,,1913500000.0,-200000,,,,,,,,,,,,,,,,,,232100000,,,131400000,,,400000.0,0.85,,0.84,0.101,0.21,,,0.003,,0.005,0.001,-0.001,0.005,0.002,0.04,,73900000.0,,636500000,194300000.0,,-43700000,1700000,,,,,,,,,,,,,,,,,,,-900000.0,2336600000,,218300000,,1400000,22100000,800000,2100000.0,-75900000,131900000,87700000,12800000,-61600000,23100000.0,-35100000,,27800000,99300000,,178900000.0,92200000,,,,,,,,,,,,,29188800000,3859700000,16018300000,,2500000000,970700000,349500000.0,,,,,,9196700000.0,3500000,,536200000,-1128900000,588900000,194500000,3100000,,,-17900000,,1.0,1.0,335500000,,,,,,,,,,,,,,,,,,572800000,,,1300000.0,,,,,,-1300000.0,,1400000.0,3100000.0,-100000.0,,,-100000.0,,,,,189800000,303500000,-600000,22900000,5900000,212000000,,-100000,,262700000,,15500000.0,1116400000,19400000,,886300000,,52300000,19400000,,,0.0,246900000.0,2900000,-7500000,369100000,,197600000,21468600000,1700000.0,,,,,,,,5653800000.0,,411500000.0,2056800000,,73800000,2578000000,,387500000,,,,2136000000,1346700000.0,1446500000.0,2400000.0,6200000.0,11000000,,,,,,2028500000,,9307300000,9310800000,100000,0,,112500000.0,2900000.0,,,,,,,,100300000,212200000,347000000,347000000,,,,,,,,282800000,,,500000,230400000,229900000,65900000.0,,15100000.0,,,,,,,,,,,
2022-11-04,False,229536385,,,398200000,383700000.0,178900000,-39800000.0,,200000.0,4000000,,24700000.0,24700000.0,8500000.0,21600000.0,,7100000.0,,,0.0,,,18000000,,,,966000000,29247600000,1905700000,,,,,,,,,,,,,,,,,,,24700000,24700000,-1500000,,,0.5725,,600000000,229532136,,7216600000,429600000.0,432600000.0,,1330700000,,-4200000,1800000,6000000,,613500000,50900000,49300000,54600000,,1982100000.0,-1600000,,,,,,,,,,,,,,,,,,233200000,,,131400000,,,600000.0,1.86,,1.86,0.103,0.21,,,0.003,,0.013,0.0,0.0,0.007,0.002,0.037,,72200000.0,,615200000,155600000.0,,-82300000,1500000,,,,,,,,,,,,,,,,,,,13100000.0,2336600000,,478700000,,2000000,49500000,8000000,7500000.0,-142600000,127800000,204800000,18300000,-43200000,31800000.0,-92800000,,-16100000,102300000,,305500000.0,88600000,,,,,,,,,,,,,29247600000,3671700000,15960400000,,2500000000,1276900000,349500000.0,,,,,,9197200000.0,6500000,,145900000,-1625100000,1477700000,428200000,3000000,,,2600000,,1.0,1.0,578400000,,,,,,,,,,,,,,,,,,570300000,,,1400000.0,,,,,,-1400000.0,,1400000.0,3000000.0,0.0,,,0.0,,,,,218600000,304400000,-900000,16700000,6200000,197300000,,-7800000,,394100000,,15500000.0,1614600000,28500000,,889300000,,47500000,22300000,,,0.0,246900000.0,3400000,-9500000,62900000,,431200000,21686900000,4900000.0,,,,,,,,5512500000.0,,365900000.0,1992100000,,74600000,2442500000,,387500000,,,,2432200000,1846700000.0,1909100000.0,7000000.0,8200000.0,15200000,,,,,,1722300000,,9609000000,9615500000,-100000,0,,112500000.0,2900000.0,,,,,,,,100700000,334700000,395000000,395000000,,,,,,,,266200000,,,700000,230600000,229900000,66200000.0,,15100000.0,6000000.0,0.0506,,,,,,,,,
2023-02-24,True,229568060,14786156340.0,,600800000,315300000.0,174600000,-34500000.0,,700000.0,18100000,18800000.0,31400000.0,31400000.0,11200000.0,28800000.0,,,,5800000000.0,,1153200000.0,44300000.0,40400000,,13000000.0,161800000.0,1112800000,29489900000,1842000000,,,,,,,,,,,,,,,,,,,25200000,25200000,-1000000,1387400000.0,64.7,2.33,,600000000,229546105,,7219700000,762200000.0,774500000.0,,4591900000,,31900000,40200000,8300000,79600000.0,653300000,17200000,13800000,7300000,3287100000.0,1996600000.0,-3400000,1303300000.0,1290500000.0,31700000.0,248100000.0,,145600000.0,,311000000.0,86200000.0,169700000.0,12800000.0,1996600000.0,,126900000.0,2770900000.0,25300000.0,836100000.0,929400000,,,534800000,,,2300000.0,3.27,,3.27,0.058,0.21,0.0,0.0,0.003,,0.012,0.002,-0.005,0.003,0.006,0.04,,81100000.0,2600000.0,672900000,180700000.0,,-145600000,1500000,2400000.0,2400000.0,46500000.0,5700000.0,40800000.0,67600000.0,36800000.0,8000000.0,4900000.0,5400000.0,5800000.0,6700000.0,,21100000.0,5900000.0,315000000.0,5300000.0,0.055,9400000.0,2336600000,804000000.0,805200000,,7300000,47500000,21600000,9300000.0,2100000,59800000,32200000,22500000,800000,83800000.0,-81000000,,3100000,404000000,,393700000.0,124300000,,,352500000.0,82500000.0,25000000.0,17600000.0,6400000.0,7900000.0,10600000.0,15000000.0,,6400000.0,29489900000,3493800000,16502800000,130800000.0,2500000000,1167000000,439100000.0,439500000.0,621900000.0,350000000.0,636000000.0,1300000000.0,9905700000.0,9600000,,349300000,-2152200000,1801900000,752700000,12300000,,,-58000000,165800000.0,,1.0,1267200000,21900000.0,76100000.0,16100000.0,60000000.0,21100000.0,77400000.0,,,,,,,,,0.024,25400000.0,7100000.0,534500000,3800000.0,1200000.0,5500000.0,,,,,,-5500000.0,,9500000.0,12300000.0,-4000000.0,5000000.0,,-200000.0,,,,,198400000,287900000,-700000,97300000,29900000,200900000,,-18800000,,534800000,700000.0,16500000.0,2166500000,50500000,,458400000,12000000.0,47800000,27300000,,,0.0,567700000.0,35200000,-11100000,172900000,,765000000,22136500000,16100000.0,38300000.0,22500000.0,12304900000.0,1421200000.0,0.03,32129300000.0,,5370700000.0,2214300000.0,368000000.0,1846300000,2722200000.0,155400000,2566800000,,410900000,,,,2298500000,5589200000.0,5859100000.0,7000000.0,12200000.0,18800000,,,0.0376,0.32,0.0145,1332300000,4900000.0,9483700000,9493300000,-600000,0,,112500000.0,2900000.0,,,,,,,311000000.0,398100000,163000000,359000000,359000000,114600000.0,371300000.0,190400000.0,214600000.0,187900000.0,1502300000.0,423500000.0,1085300000,,318000000.0,400000,230300000,229900000,44500000.0,,15100000.0,,0.0506,34300000.0,7100000.0,54400000.0,25200000.0,25100000.0,84600000.0,25800000.0,26700000.0,47100000.0
