filing_date,annual,EntityCommonStockSharesOutstanding_shares,EntityPublicFloat_USD,AccountsPayable_USD,AccountsPayableCurrent_USD,AccountsReceivableNetCurrent_USD,AccruedIncomeTaxesCurrent_USD,AccruedIncomeTaxesNoncurrent_USD,AccruedIncomeTaxesPayable_USD,AccruedLiabilities_USD,AccruedLiabilitiesCurrent_USD,AccumulatedDepreciationDepletionAndAmortizationPropertyPlantAndEquipment_USD,AccumulatedOtherComprehensiveIncomeLossForeignCurrencyTranslationAdjustmentNetOfTax_USD,AccumulatedOtherComprehensiveIncomeLossNetOfTax_USD,AdditionalPaidInCapital_USD,AdditionalPaidInCapitalCommonStock_USD,AdjustmentsNoncashItemsToReconcileNetIncomeLossToCashProvidedByUsedInOperatingActivitiesOther_USD,AdjustmentsToAdditionalPaidInCapitalSharebasedCompensationRequisiteServicePeriodRecognitionValue_USD,AdjustmentsToAdditionalPaidInCapitalTaxEffectFromShareBasedCompensation_USD,AdjustmentToAdditionalPaidInCapitalIncomeTaxEffectFromShareBasedCompensationNet_USD,AllowanceForDoubtfulAccountsReceivableCurrent_USD,AmortizationOfIntangibleAssets_USD,AntidilutiveSecuritiesExcludedFromComputationOfEarningsPerShareAmount_shares,Assets_USD,AssetsCurrent_USD,AssetsOfDisposalGroupIncludingDiscontinuedOperationCurrent_USD,BuildingsAndImprovementsGross_USD,CapitalizedContractCostGross_USD,CashAndCashEquivalentsAtCarryingValue_USD,CashAndCashEquivalentsPeriodIncreaseDecrease_USD,CashCashEquivalentsRestrictedCashAndRestrictedCashEquivalents_USD,CashCashEquivalentsRestrictedCashAndRestrictedCashEquivalentsPeriodIncreaseDecreaseIncludingExchangeRateEffect_USD,CommitmentsAndContingencies_USD,CommonStockDividendsPerShareCashPaid_USD/shares,CommonStockDividendsPerShareDeclared_USD/shares,CommonStockParOrStatedValuePerShare_USD/shares,CommonStockSharesAuthorized_shares,CommonStockSharesIssued_shares,CommonStockSharesOutstanding_shares,CommonStockValue_USD,ComprehensiveIncomeNetOfTax_USD,ComprehensiveIncomeNetOfTaxAttributableToNoncontrollingInterest_USD,ComprehensiveIncomeNetOfTaxIncludingPortionAttributableToNoncontrollingInterest_USD,ConstructionInProgressGross_USD,ContractWithCustomerLiabilityCurrent_USD,CostsAndExpenses_USD,CumulativeEffectOfNewAccountingPrincipleInPeriodOfAdoption_USD,CurrentFederalTaxExpenseBenefit_USD,CurrentForeignTaxExpenseBenefit_USD,CurrentIncomeTaxExpenseBenefit_USD,CurrentStateAndLocalTaxExpenseBenefit_USD,DeferredFederalIncomeTaxExpenseBenefit_USD,DeferredForeignIncomeTaxExpenseBenefit_USD,DeferredIncomeTaxAssetsNet_USD,DeferredIncomeTaxExpenseBenefit_USD,DeferredIncomeTaxesAndTaxCredits_USD,DeferredIncomeTaxLiabilities_USD,DeferredIncomeTaxLiabilitiesNet_USD,DeferredStateAndLocalIncomeTaxExpenseBenefit_USD,DeferredTaxAssetsCapitalLossCarryforwards_USD,DeferredTaxAssetsGross_USD,DeferredTaxAssetsLiabilitiesNet_USD,DeferredTaxAssetsLiabilitiesNetCurrent_USD,DeferredTaxAssetsLiabilitiesNetNoncurrent_USD,DeferredTaxAssetsNetCurrent_USD,DeferredTaxAssetsOther_USD,DeferredTaxAssetsOtherComprehensiveLoss_USD,DeferredTaxAssetsPropertyPlantAndEquipment_USD,DeferredTaxAssetsTaxDeferredExpenseCompensationAndBenefitsShareBasedCompensationCost_USD,DeferredTaxAssetsTaxDeferredExpenseReservesAndAccrualsAccruedLiabilities_USD,DeferredTaxAssetsTaxDeferredExpenseReservesAndAccrualsAllowanceForDoubtfulAccounts_USD,DeferredTaxAssetsTaxDeferredExpenseReservesAndAccrualsSelfInsurance_USD,DeferredTaxLiabilities_USD,DeferredTaxLiabilitiesDeferredExpenseOtherCapitalizedCosts_USD,DeferredTaxLiabilitiesLeasingArrangements_USD,DeferredTaxLiabilitiesNoncurrent_USD,DeferredTaxLiabilitiesOther_USD,DeferredTaxLiabilitiesOtherComprehensiveIncome_USD,DeferredTaxLiabilitiesUndistributedForeignEarnings_USD,DefinedContributionPlanCostRecognized_USD,DefinedContributionPlanEmployerDiscretionaryContributionAmount_USD,DepreciationAndAmortization_USD,DepreciationDepletionAndAmortization_USD,DirectOperatingCosts_USD,Dividends_USD,DividendsCommonStockCash_USD,EarningsPerShareBasic_USD/shares,EarningsPerShareDiluted_USD/shares,EffectiveIncomeTaxRateContinuingOperations_pure,EffectiveIncomeTaxRateReconciliationAtFederalStatutoryIncomeTaxRate_pure,EffectOfExchangeRateOnCashAndCashEquivalents_USD,EffectOfFourthQuarterEventsAmount_USD,EmployeeServiceShareBasedCompensationNonvestedAwardsTotalCompensationCostNotYetRecognized_USD,EmployeeServiceShareBasedCompensationNonvestedAwardsTotalCompensationCostNotYetRecognizedPeriodForRecognition_Year,EmployeeServiceShareBasedCompensationNonvestedAwardsTotalCompensationCostNotYetRecognizedPeriodForRecognition_years,EmployeeServiceShareBasedCompensationTaxBenefitFromCompensationExpense_USD,ExcessTaxBenefitFromShareBasedCompensationFinancingActivities_USD,ExcessTaxBenefitFromShareBasedCompensationOperatingActivities_USD,FederalIncomeTaxExpenseBenefitContinuingOperations_USD,FiniteLivedIntangibleAssetsAccumulatedAmortization_USD,FiniteLivedIntangibleAssetsUsefulLifeMaximum_Year,FiniteLivedIntangibleAssetsUsefulLifeMaximum_years,ForeignCurrencyTransactionGainLossBeforeTax_USD,ForeignIncomeTaxExpenseBenefitContinuingOperations_USD,GainLossOnDispositionOfAssets_USD,GainsLossesOnSalesOfAssets_USD,Goodwill_USD,GrossProfit_USD,IncomeLossFromContinuingOperationsBeforeIncomeTaxesDomestic_USD,IncomeLossFromContinuingOperationsBeforeIncomeTaxesExtraordinaryItemsNoncontrollingInterest_USD,IncomeLossFromContinuingOperationsBeforeIncomeTaxesForeign_USD,IncomeLossFromContinuingOperationsBeforeIncomeTaxesMinorityInterestAndIncomeLossFromEquityMethodInvestments_USD,IncomeTaxExpenseBenefit_USD,IncomeTaxesPaid_USD,IncomeTaxesPaidNet_USD,IncomeTaxReconciliationForeignIncomeTaxRateDifferential_USD,IncomeTaxReconciliationIncomeTaxExpenseBenefitAtFederalStatutoryIncomeTaxRate_USD,IncomeTaxReconciliationNondeductibleExpenseOther_USD,IncomeTaxReconciliationNondeductibleExpenseShareBasedCompensationCost_USD,IncomeTaxReconciliationOtherAdjustments_USD,IncomeTaxReconciliationOtherReconcilingItems_USD,IncomeTaxReconciliationStateAndLocalIncomeTaxes_USD,IncomeTaxReconciliationTaxCreditsForeign_USD,IncreaseDecreaseInAccountsAndOtherReceivables_USD,IncreaseDecreaseInAccountsPayableAndAccruedLiabilities_USD,IncreaseDecreaseInContractWithCustomerAsset_USD,IncreaseDecreaseInContractWithCustomerLiability_USD,IncreaseDecreaseInDeferredRevenue_USD,IncreaseDecreaseInIncomeTaxesPayableNetOfIncomeTaxesReceivable_USD,IncreaseDecreaseInOtherNoncurrentAssetsAndLiabilitiesNet_USD,IncreaseDecreaseInOtherOperatingAssets_USD,IncreaseDecreaseInOtherOperatingCapitalNet_USD,IntangibleAssetsNetExcludingGoodwill_USD,InterestExpense_USD,InterestPaid_USD,InvestmentIncomeInterest_USD,LaborAndRelatedExpense_USD,Land_USD,LeaseAndRentalExpense_USD,LeaseCost_USD,LesseeOperatingLeaseLiabilityPaymentsDue_USD,LesseeOperatingLeaseLiabilityPaymentsDueAfterYearFive_USD,LesseeOperatingLeaseLiabilityPaymentsDueNextRollingTwelveMonths_USD,LesseeOperatingLeaseLiabilityPaymentsDueYearFive_USD,LesseeOperatingLeaseLiabilityPaymentsDueYearFour_USD,LesseeOperatingLeaseLiabilityPaymentsDueYearThree_USD,LesseeOperatingLeaseLiabilityPaymentsDueYearTwo_USD,LesseeOperatingLeaseLiabilityPaymentsRemainderOfFiscalYear_USD,LesseeOperatingLeaseLiabilityUndiscountedExcessAmount_USD,LettersOfCreditOutstandingAmount_USD,LiabilitiesAndStockholdersEquity_USD,LiabilitiesCurrent_USD,LineOfCreditFacilityAmountOutstanding_USD,LineOfCreditFacilityMaximumBorrowingCapacity_USD,MinorityInterest_USD,MinorityInterestDecreaseFromDistributionsToNoncontrollingInterestHolders_USD,MinorityInterestDecreaseFromRedemptions_USD,NetCashProvidedByUsedInFinancingActivities_USD,NetCashProvidedByUsedInInvestingActivities_USD,NetCashProvidedByUsedInOperatingActivities_USD,NetIncomeLoss_USD,NetIncomeLossAttributableToNoncontrollingInterest_USD,NetIncomeLossAvailableToCommonStockholdersBasic_USD,NetIncomeLossAvailableToCommonStockholdersDiluted_USD,NewAccountingPronouncementOrChangeInAccountingPrincipleCumulativeEffectOfChangeOnEquityOrNetAssets1_USD,NonoperatingIncomeExpense_USD,OccupancyNet_USD,OperatingIncomeLoss_USD,OperatingLeaseCost_USD,OperatingLeaseLiability_USD,OperatingLeaseLiabilityCurrent_USD,OperatingLeaseLiabilityNoncurrent_USD,OperatingLeasePayments_USD,OperatingLeaseRightOfUseAsset_USD,OperatingLeasesFutureMinimumPaymentsDue_USD,OperatingLeasesFutureMinimumPaymentsDueCurrent_USD,OperatingLeasesFutureMinimumPaymentsDueInFiveYears_USD,OperatingLeasesFutureMinimumPaymentsDueInFourYears_USD,OperatingLeasesFutureMinimumPaymentsDueInThreeYears_USD,OperatingLeasesFutureMinimumPaymentsDueInTwoYears_USD,OperatingLeasesFutureMinimumPaymentsDueThereafter_USD,OperatingLeasesFutureMinimumPaymentsRemainderOfFiscalYear_USD,OperatingLeasesRentExpenseNet_USD,OperatingLeaseWeightedAverageDiscountRatePercent_pure,OtherAdjustmentsForNoncashItemsIncludedInIncomeLossFromContinuingOperations_USD,OtherAssetsCurrent_USD,OtherAssetsNoncurrent_USD,OtherComprehensiveIncomeForeignCurrencyTransactionAndTranslationAdjustmentNetOfTaxPeriodIncreaseDecrease_USD,OtherComprehensiveIncomeForeignCurrencyTransactionAndTranslationGainLossArisingDuringPeriodNetOfTax_USD,OtherComprehensiveIncomeForeignCurrencyTransactionAndTranslationReclassificationAdjustmentRealizedUponSaleOrLiquidationNetOfTax_USD,OtherComprehensiveIncomeForeignCurrencyTranslationAdjustmentTax_USD,OtherComprehensiveIncomeForeignCurrencyTranslationGainLossArisingDuringPeriodTax_USD,OtherComprehensiveIncomeForeignCurrencyTranslationReclassificationAdjustmentRealizedUponSaleOrLiquidationTax_USD,OtherComprehensiveIncomeLossForeignCurrencyTransactionAndTranslationReclassificationAdjustmentFromAOCIRealizedUponSaleOrLiquidationNetOfTax_USD,OtherComprehensiveIncomeLossForeignCurrencyTransactionAndTranslationReclassificationAdjustmentFromAOCIRealizedUponSaleOrLiquidationTax_USD,OtherComprehensiveIncomeLossForeignCurrencyTransactionAndTranslationReclassificationAdjustmentRealizedUponSaleOrLiquidationNetOfTax_USD,OtherComprehensiveIncomeLossForeignCurrencyTranslationAdjustmentTax_USD,OtherComprehensiveIncomeLossForeignCurrencyTranslationReclassificationAdjustmentRealizedUponSaleOrLiquidationTax_USD,OtherComprehensiveIncomeLossNetOfTax_USD,OtherComprehensiveIncomeLossNetOfTaxPeriodIncreaseDecrease_USD,OtherComprehensiveIncomeReclassificationAdjustmentForSaleOfSecuritiesIncludedInNetIncomeNetOfTax_USD,OtherComprehensiveIncomeReclassificationAdjustmentForSaleOfSecuritiesIncludedInNetIncomeTax_USD,OtherComprehensiveIncomeUnrealizedHoldingGainLossOnSecuritiesArisingDuringPeriodNetOfTax_USD,OtherComprehensiveIncomeUnrealizedHoldingGainLossOnSecuritiesArisingDuringPeriodTax_USD,OtherCostAndExpenseOperating_USD,OtherNoncashIncomeExpense_USD,OtherNonoperatingIncomeExpense_USD,PaymentsForProceedsFromDepositsOnRealEstateAcquisitions_USD,PaymentsForProceedsFromOtherInvestingActivities_USD,PaymentsForProceedsFromShortTermInvestments_USD,PaymentsForRepurchaseOfCommonStock_USD,PaymentsOfDividendsCommonStock_USD,PaymentsOfDividendsMinorityInterest_USD,PaymentsRelatedToTaxWithholdingForShareBasedCompensation_USD,PaymentsToAcquireProductiveAssets_USD,PaymentsToAcquireShortTermInvestments_USD,PaymentsToMinorityShareholders_USD,PreferredStockParOrStatedValuePerShare_USD/shares,PreferredStockSharesAuthorized_shares,PreferredStockSharesIssued_shares,PreferredStockValue_USD,PrepaidExpenseAndOtherAssetsCurrent_USD,PrepaidExpenseAndOtherAssetsNoncurrent_USD,PriorPeriodReclassificationAdjustment_USD,ProceedsFromIncomeTaxRefunds_USD,ProceedsFromMaturitiesPrepaymentsAndCallsOfHeldToMaturitySecurities_USD,ProceedsFromRepaymentsOfLinesOfCredit_USD,ProceedsFromRepaymentsOfShortTermDebt_USD,ProceedsFromSaleOfPropertyPlantAndEquipment_USD,ProceedsFromStockPlans_USD,ProfitLoss_USD,PropertyPlantAndEquipmentGross_USD,PropertyPlantAndEquipmentNet_USD,ProvisionForDoubtfulAccounts_USD,RetainedEarningsAccumulatedDeficit_USD,RevenueFromContractWithCustomerExcludingAssessedTax_USD,Revenues_USD,RevenuesFromTransactionsWithOtherOperatingSegmentsOfSameEntity_USD,RightOfUseAssetObtainedInExchangeForOperatingLeaseLiability_USD,SegmentReportingInformationRevenue_USD,SegmentReportingInformationRevenueFromExternalCustomers_USD,SellingAndMarketingExpense_USD,ShareBasedCompensation_USD,ShareBasedCompensationArrangementByShareBasedPaymentAwardEquityInstrumentsOtherThanOptionsForfeitedInPeriod_shares,ShareBasedCompensationArrangementByShareBasedPaymentAwardEquityInstrumentsOtherThanOptionsForfeituresWeightedAverageGrantDateFairValue_USD/shares,ShareBasedCompensationArrangementByShareBasedPaymentAwardEquityInstrumentsOtherThanOptionsGrantsInPeriod_shares,ShareBasedCompensationArrangementByShareBasedPaymentAwardEquityInstrumentsOtherThanOptionsGrantsInPeriodWeightedAverageGrantDateFairValue_USD/shares,ShareBasedCompensationArrangementByShareBasedPaymentAwardEquityInstrumentsOtherThanOptionsNonvestedWeightedAverageGrantDateFairValue_USD/shares,ShareBasedCompensationArrangementByShareBasedPaymentAwardEquityInstrumentsOtherThanOptionsVestedInPeriod_shares,ShareBasedCompensationArrangementByShareBasedPaymentAwardEquityInstrumentsOtherThanOptionsVestedInPeriodWeightedAverageGrantDateFairValue_USD/shares,ShareBasedCompensationArrangementByShareBasedPaymentAwardFairValueAssumptionsExpectedDividendRate_pure,ShareBasedCompensationArrangementByShareBasedPaymentAwardFairValueAssumptionsExpectedTermMaximum_years,ShareBasedCompensationArrangementByShareBasedPaymentAwardFairValueAssumptionsExpectedTermMinimum_years,ShareBasedCompensationArrangementByShareBasedPaymentAwardFairValueAssumptionsExpectedVolatilityRateMaximum_pure,ShareBasedCompensationArrangementByShareBasedPaymentAwardFairValueAssumptionsExpectedVolatilityRateMinimum_pure,ShareBasedCompensationArrangementByShareBasedPaymentAwardFairValueAssumptionsRiskFreeInterestRate_pure,ShareBasedCompensationArrangementByShareBasedPaymentAwardFairValueAssumptionsRiskFreeInterestRateMaximum_pure,ShareBasedCompensationArrangementByShareBasedPaymentAwardFairValueAssumptionsRiskFreeInterestRateMinimum_pure,ShareBasedCompensationArrangementByShareBasedPaymentAwardNonOptionEquityInstrumentsOutstandingNumber_shares,ShareBasedCompensationArrangementByShareBasedPaymentAwardOptionsExercisableNumber_shares,ShareBasedCompensationArrangementByShareBasedPaymentAwardOptionsExercisableWeightedAverageExercisePrice_USD/shares,ShareBasedCompensationArrangementByShareBasedPaymentAwardOptionsExercisesInPeriod_shares,ShareBasedCompensationArrangementByShareBasedPaymentAwardOptionsExercisesInPeriodTotalIntrinsicValue_USD,ShareBasedCompensationArrangementByShareBasedPaymentAwardOptionsExercisesInPeriodWeightedAverageExercisePrice_USD,ShareBasedCompensationArrangementByShareBasedPaymentAwardOptionsExpirationsInPeriod_shares,ShareBasedCompensationArrangementByShareBasedPaymentAwardOptionsExpirationsInPeriodWeightedAverageExercisePrice_USD,ShareBasedCompensationArrangementByShareBasedPaymentAwardOptionsForfeituresInPeriod_shares,ShareBasedCompensationArrangementByShareBasedPaymentAwardOptionsForfeituresInPeriodWeightedAverageExercisePrice_USD,ShareBasedCompensationArrangementByShareBasedPaymentAwardOptionsGrantsInPeriod_shares,ShareBasedCompensationArrangementByShareBasedPaymentAwardOptionsGrantsInPeriodGross_shares,ShareBasedCompensationArrangementByShareBasedPaymentAwardOptionsGrantsInPeriodWeightedAverageExercisePrice_USD,ShareBasedCompensationArrangementByShareBasedPaymentAwardOptionsGrantsInPeriodWeightedAverageGrantDateFairValue_USD/shares,ShareBasedCompensationArrangementByShareBasedPaymentAwardOptionsOutstandingIntrinsicValue_USD,ShareBasedCompensationArrangementByShareBasedPaymentAwardOptionsOutstandingNumber_shares,ShareBasedCompensationArrangementByShareBasedPaymentAwardOptionsOutstandingWeightedAverageExercisePrice_USD/shares,ShareBasedCompensationArrangementByShareBasedPaymentAwardOptionsVestedAndExpectedToVestExercisableAggregateIntrinsicValue_USD,ShareBasedCompensationArrangementByShareBasedPaymentAwardOptionsVestedAndExpectedToVestExercisableWeightedAverageRemainingContractualTerm_Year,ShareBasedCompensationArrangementByShareBasedPaymentAwardOptionsVestedAndExpectedToVestExercisableWeightedAverageRemainingContractualTerm_years,ShareBasedCompensationArrangementByShareBasedPaymentAwardOptionsVestedAndExpectedToVestOutstandingWeightedAverageRemainingContractualTerm_Year,ShareBasedCompensationArrangementByShareBasedPaymentAwardOptionsVestedAndExpectedToVestOutstandingWeightedAverageRemainingContractualTerm_years,ShareBasedCompensationArrangementsByShareBasedPaymentAwardOptionsExercisesInPeriodWeightedAverageExercisePrice_USD/shares,ShareBasedCompensationArrangementsByShareBasedPaymentAwardOptionsExpirationsInPeriodWeightedAverageExercisePrice_USD/shares,ShareBasedCompensationArrangementsByShareBasedPaymentAwardOptionsForfeituresInPeriodWeightedAverageExercisePrice_USD/shares,ShareBasedCompensationArrangementsByShareBasedPaymentAwardOptionsGrantsInPeriodWeightedAverageExercisePrice_USD/shares,ShortTermInvestments_USD,StateAndLocalIncomeTaxExpenseBenefitContinuingOperations_USD,StockholdersEquity_USD,StockholdersEquityIncludingPortionAttributableToNoncontrollingInterest_USD,StockIssuedDuringPeriodSharesEmployeeStockPurchasePlans_shares,StockIssuedDuringPeriodSharesStockOptionsExercised_shares,StockIssuedDuringPeriodValueEmployeeStockPurchasePlan_USD,StockIssuedDuringPeriodValueShareBasedCompensation_USD,StockIssuedDuringPeriodValueStockOptionsExercised_USD,StockRepurchasedDuringPeriodShares_shares,StockRepurchasedDuringPeriodValue_USD,TaxCutsAndJobsActOf2017ChangeInTaxRateDeferredTaxLiabilityIncomeTaxBenefit_USD,TaxCutsAndJobsActOf2017MeasurementPeriodAdjustmentIncomeTaxExpenseBenefit_USD,TreasuryStockAcquiredAverageCostPerShare_USD/shares,UnrecordedUnconditionalPurchaseObligationBalanceSheetAmount_USD,VariableLeaseCost_USD,WeightedAverageNumberDilutedSharesOutstandingAdjustment_shares,WeightedAverageNumberOfDilutedSharesOutstanding_shares,WeightedAverageNumberOfSharesOutstandingBasic_shares,GoodwillImpairmentLoss_USD,EffectOfExchangeRateOnCashCashEquivalentsRestrictedCashAndRestrictedCashEquivalentsIncludingDisposalGroupAndDiscontinuedOperations_USD,ProceedsFromLinesOfCredit_USD,RepaymentsOfLinesOfCredit_USD,EffectiveIncomeTaxRateReconciliationFdiiAmount_USD
2009-08-07,False,212131761,9034153929.0,397735000.0,,577302000,,,19236000.0,156757000.0,,249336000,,-6668000.0,4706000.0,,,,,,15212000,,,2073944000,1534908000,,,,915982000,32303000.0,,,0.0,0.19,,0.01,,212061173,212061173,2121000,,,,,,808433000,,,,,,,,,,-12695000.0,,,,,,,,,8506000.0,,,,,,,,,,,45533000.0,,,,,,10244000.0,,,,,0.25,0.25,,,14911000.0,,,,,,2073000.0,2073000.0,,,,,,,,6000.0,7927000,,,,,91377000.0,37563000,59746000.0,,,,,,,,,,-60379000,-20329000,,,,,,1308000.0,,5607000.0,64000.0,65000.0,2433000,189565000,,,,,,,,,,,,,,2073944000,573728000,,,9115000,,,-53095000,-14599000,85086000,54070000,,,,,4450000,,86927000,,,,,,,,,,,,,,,,,365000.0,32482000.0,29140000.0,,,,,,,,,,,,,,,,,,19810000,,2081000,,109000,13000.0,23760000,40276000.0,0.0,,7166000,,,,,0,0.0,,,,,,,0.0,33000.0,8868000,,,496362000,-1075000,1445409000,,895360000.0,,,,,5547000,11371000,,,,,,,,,,,,,,,,,,,,,,,,,,,,,,,,,,,,,,,,,,636000.0,,1445568000,,,,,,,,,,,,,,,216653968,212116679,,,,,
2009-11-09,False,212049756,,,486663000.0,684248000,17593000.0,,,,150880000.0,259059000,,13000.0,6751000.0,,365000.0,,,,14208000,,,2216887000,1676520000,,,,947269000,31287000.0,,,,0.0,,0.01,,211984747,211984747,2120000,,,,,,941081000,,,,,,,,,,-6701000.0,,,,,,,,,7806000.0,,,,,,,,,,,41796000.0,,,,,,9923000.0,,,,,0.27,0.27,,,9493000.0,,,,,,246000.0,246000.0,,,,,,,,-8000.0,7927000,,,,,99327000.0,41763000,46607000.0,,,,,,,,,,94025000,71711000,,,,,,803000.0,,5380000.0,325000.0,317000.0,2214000,194743000,,,,,,,,,,,,,,2216887000,655136000,,,7909000,,,-9759000,-10909000,42462000,57752000,-188000.0,,,,3081000,,96246000,,,,,,,,,,,,,,,,,,36568000.0,30857000.0,,,,,,,,,,,,,,,,,,20876000,,1192000,,-438000,-17000.0,34103000,0.0,1009000.0,,9514000,,,,,0,0.0,,,,,,,,48000.0,25107000,57564000.0,,496203000,-778000,1503162000,,1037327000.0,,,,,6541000,10794000,,,,,,,,,,,,,,,,,,,,,,,,,,,,,,,,,,,,,,,,,,629000.0,,1512046000,1519955000.0,,,,,,,,,,,,,,216684079,212241480,,,,,
2010-02-26,True,212121958,6961475550.0,,546675000.0,810369000,16166000.0,,,,145545000.0,264372000,,604000.0,18265000.0,,,39135000.0,5726000.0,,14235000,1520000.0,,2323722000,1787830000,,372470000.0,,925929000,184901000.0,,,,0.38,,0.01,320000000.0,212025494,212025494,2120000,,,255575000.0,16258000.0,,3707282000,,,,,,,,,,-1609000.0,,,,,,,,,8338000.0,,,,,,,,,,,53989000.0,,,,,,40035000.0,,,,80555000.0,1.13,1.11,,,12797000.0,,,,,,5726000.0,5726000.0,,,,,,,42000.0,,7927000,,,,,402872000.0,162475000,158745000.0,,,,,,,,,,1077000,29910000,,,,,,,-159000.0,4938000.0,499000.0,497000.0,10177000,774214000,165528000.0,,,,,,,,,,,,,2323722000,708386000,,,8340000,4398000.0,,-117348000,-41348000,330800000,240217000,180000.0,,,,17871000,,385001000,,,,,,,,,,,,,,,,,,42539000.0,27326000.0,15178000.0,,,8672000.0,,,,,,,,,,443000.0,286000.0,44000.0,28000.0,82917000,,8193000,,1901000,-26000.0,84509000,80555000.0,1084000.0,,34700000,,,0.01,2000000.0,0,0.0,,,,,,,,276000.0,46925000,240397000.0,760073000.0,495701000,804000,1532018000,,4092283000.0,,,,,26295000,39135000,,,,,,,,,,,,,,,,,,,,,,,,,,,,,,,,,,,,,,,,,,655000.0,,1553007000,1561347000.0,,,20512000.0,,29344000.0,,84509000.0,,,,,,,216533240,212112744,,,,,
2010-05-07,False,212888523,,,567885000.0,817936000,18419000.0,,,,162133000.0,263694000,,-2515000.0,27671000.0,,478000.0,,,,15081000,,,2422079000,1892949000,,,,1041648000,115719000.0,,,,,,0.01,,212569202,212569202,2126000,,,,,,1100568000,,,,,,,,,,-7728000.0,,,,,,,,,8494000.0,,,,,,,,,,,44706000.0,,,,,,9395000.0,,,,,0.29,0.28,,,-1870000.0,,,,,,4012000.0,4012000.0,,,,,,,295000.0,,7927000,,,,,102838000.0,41528000,19996000.0,,,,,,,,,,12965000,43169000,,,,,,1811000.0,,4541000.0,87000.0,87000.0,1775000,199848000,,,,,,,,,,,,,,2422079000,748437000,,,8389000,,,-1787000,-7747000,127123000,61247000,63000.0,,,,2297000,,100541000,,,,,,,,,,,,,,,,,,24158000.0,27679000.0,,,,,,,,,,,,,,,,,,25777000,,609000,,188000,36000.0,18019000,,,,7582000,,,,,0,0.0,,,,,,,,59000.0,12220000,61310000.0,,488983000,2443000,1593265000,,1201109000.0,,,,,7035000,11198000,,,,,,,,,,,,,,,,,,,,,,,,,,,,,,,,,,,,,,,,,,713000.0,,1620547000,1628936000.0,,,,,,,,,,,,,,216630436,212192710,,,,,
2010-08-06,False,212176095,,,659237000.0,1016575000,28356000.0,,,,176943000.0,264468000,,-17043000.0,6572000.0,,367000.0,22201000.0,8119000.0,,13391000,,11114502.0,2546542000,2022407000,,,,960300000,-81348000.0,,,,0.2,,0.01,,212018342,212018342,2120000,75789000.0,-1000.0,75788000.0,,,1378274000,,,,,,,,,,10814000.0,,,,,,,,,8141000.0,,,,,,,,,,,47198000.0,,,,,,9110000.0,,,,42397000.0,0.43,0.42,,,-12267000.0,,,,,52000.0,4107000.0,4107000.0,,,,,,,109000.0,,7927000,418858000.0,,,,150117000.0,59708000,56846000.0,,,,,,,,,,219602000,121941000,,,,,,-2947000.0,,4218000.0,151000.0,152000.0,1484000,221105000,,,,,,,,,,,,,,2546542000,864536000,,,8388000,8058000.0,,-80919000,-8708000,20546000,90318000,91000.0,90318000.0,90318000.0,,11621000,,138496000,,,,,,,,,,,,,,,,,,36686000.0,28163000.0,-14621000.0,,,7970000.0,,,,,,,,,,,,,,23898000,,10288000,,707000,-6000.0,53649000,42397000.0,,,8118000,,,,,0,0.0,,,,,,,,111000.0,11020000,90409000.0,,483827000,-618000,1634771000,,1516770000.0,,,,1516770000.0,7550000,11003000,,,,,,,,0.0108,,,,,,,,,,,,,,,,,,2634885.0,,,14.51,,,,,,,,,,,,,705000.0,,1626420000,1634808000.0,,,,,23240000.0,,71668000.0,,,,,,4128602.0,216460977,212332375,,,,,
2010-11-08,False,212356370,,,700585000.0,1082733000,31761000.0,,,,188919000.0,275384000,,4802000.0,5823000.0,,387000.0,33047000.0,11589000.0,,15379000,,10975415.0,2716183000,2183645000,,,,1057226000,96926000.0,,,,0.0,,0.01,,212090154,212090154,2121000,117950000.0,71000.0,118021000.0,,,1507938000,,,,,,,,,,-565000.0,,,,,,,,,8325000.0,,,,,,,,,,,58800000.0,,,,,,9085000.0,,,,42397000.0,0.45,0.44,,,20975000.0,,,,,39000.0,3470000.0,3470000.0,,,,,,,57000.0,,7927000,458743000.0,,,,159494000.0,63456000,52407000.0,,,,,,,,,,34203000,25330000,,,,,,4095000.0,,3965000.0,140000.0,140000.0,1679000,235357000,,,,,,,,,,,,,,2716183000,921265000,,,7496000,963000.0,,-27557000,-9510000,113018000,96105000,-67000.0,96105000.0,96105000.0,,-127000,,159621000,,,,,,,,,,,,,,,,,,34760000.0,27600000.0,21983000.0,,,11984000.0,,,,,,,,,,,,,,27508000,,-1666000,,-1208000,-137000.0,67782000,0.0,963000.0,,10953000,,,,,0,0.0,,,,,,,,98000.0,37718000,96038000.0,,493046000,1284000,1715876000,,1667559000.0,,,,1667559000.0,7877000,10846000,,,,,,,,,,,,,,,,,,,,,,,,,,2634885.0,,,14.51,,,,,,,,,,,,,601000.0,,1728622000,1736118000.0,,,20550000.0,,40408000.0,,139450000.0,,,,,,3950094.0,216342380,212392286,,,,,
2011-02-28,True,212197775,7209494453.0,,652161000.0,1003884000,31948000.0,,,,177869000.0,281651000,,8125000.0,13412000.0,,,43743000.0,23863000.0,,14636000,1413000.0,10675403.0,2679179000,2140355000,,372788000.0,,1084465000,158536000.0,,,,0.4,,0.01,320000000.0,212047774,212047774,2120000,,,351652000.0,29166000.0,,5420343000,,76745000.0,118991000.0,209294000.0,13558000.0,10197000.0,,,10569000.0,10569000.0,,,372000.0,0.0,22306000.0,60341000.0,,,8706000.0,8079000.0,,,5450000.0,6503000.0,1561000.0,713000.0,-82647000.0,,,69047000.0,-82000.0,-4453000.0,-78112000.0,6127000.0,,36900000.0,,,,84872000.0,0.45,0.45,,,13785000.0,,78000000.0,3.0,,187000.0,23863000.0,23863000.0,86942000.0,18921000.0,15.0,,2026000.0,118991000.0,321000.0,,7927000,453362000.0,196382000.0,,367686000.0,564068000.0,219863000,171618000.0,,,197424000.0,,10254000.0,,3131000.0,9054000.0,,188823000,130138000,,,,,,1352000.0,,3716000.0,576000.0,110000.0,7002000,894132000,163291000.0,54024000.0,,,,,,,,,,,,2679179000,861978000,0.0,21857000.0,7248000,1051000.0,,-208588000,-42179000,395518000,96502000,33000.0,344172000.0,344172000.0,,16838000,77209000.0,547230000,,,,,,,128154000.0,39244000.0,8031000.0,15414000.0,23282000.0,30740000.0,11443000.0,,,,,42776000.0,28533000.0,7447000.0,,,4122000.0,,,,,,,,,,,,,,105260000,,10412000,,319000,-188000.0,246312000,84872000.0,1051000.0,,42408000,,,0.01,2000000.0,0,,,,,,,,,360000.0,99784000,96448000.0,780299000.0,498648000,3414000,1717249000,,1582135000.0,,,,5967573000.0,32055000,43743000,,,,,,,,,,,,,,,,,8195427.0,26.78,-4752741.0,135000000.0,16.67,-76062.0,41.55,-347031.0,41.5,2634885.0,,40.64,14.51,333824000.0,16293671.0,34.11,227981000.0,3.58,,5.79,,,,,,524000.0,13930000.0,1740906000,1748154000.0,,,20550000.0,,29344000.0,,246312000.0,,,,180202000.0,,4162690.0,216446656,212283966,,,,,
2011-05-09,False,212370229,,,687988000.0,1006980000,44606000.0,,,,182391000.0,290787000,,16958000.0,14350000.0,,,10472000.0,2246000.0,,16586000,,4564830.0,2836732000,2280825000,,,,1238471000,154006000.0,,,,,,0.01,,212034197,212034197,2120000,,,100028000.0,,,1313618000,,,,,,,,,,-1936000.0,,,,,,,,,9382000.0,,,,,,,,,,,72627000.0,,,,,,9174000.0,,,,,0.43,0.42,,,8320000.0,,,,,38000.0,2246000.0,2246000.0,,,,,,,30000.0,,7927000,453915000.0,,,,150453000.0,59246000,,26276000.0,,,,,,,,,-6683000,30187000,,,,33577000.0,,1415000.0,,3402000.0,214000.0,4000.0,2320000,237815000,,,,,,,,,,,,,,2836732000,914985000,,,7211000,,,-9534000,-22613000,177833000,91232000,-25000.0,91232000.0,91232000.0,,3223000,21381000.0,147230000,,,,,,,,,,,,,,,,,,25380000.0,30149000.0,8821000.0,,,4841000.0,,,,,,,,,,,,,,29152000,-307000.0,1117000,,1442000,89000.0,19584000,,,,21125000,,,,,0,0.0,,,,,,,,43000.0,7804000,91207000.0,,514429000,1853000,1808481000,,1460848000.0,,,1460848000.0,,9163000,10472000,,,,,,,,,,,,,,,,,,,,,,,,,,,,,,,,,,,,,,,,,,612000.0,,1841909000,1849120000.0,,,,,7804000.0,,19584000.0,,,,,,3774526.0,215863386,212088860,,,,,
2011-08-05,False,212085663,,,688854000.0,1028015000,35858000.0,,,,196813000.0,292556000,,22459000.0,2698000.0,,,20708000.0,4531000.0,,12991000,,7413458.0,2878004000,2313042000,,,,1225830000,-12641000.0,,,,0.25,0.25,0.01,,211992082,211992082,2120000,100501000.0,-109000.0,100392000.0,,,1429093000,,,,,,,,,,1601000.0,,,,,,,,,9469000.0,,,,,,,,,,,77329000.0,,,,,,9257000.0,,,,-53014000.0,0.45,0.44,,,7481000.0,,,,,39000.0,2285000.0,2285000.0,,,,,,,21000.0,,7927000,472561000.0,,,,155215000.0,60195000,,91035000.0,,,,,,,,,14173000,7943000,,,,-33665000.0,,-3896000.0,,3159000.0,229000.0,13000.0,2312000,249114000,,,,,,,,,,,,,,2878004000,921525000,,,7102000,,,-80598000,-17581000,78057000,95000000,20000.0,95000000.0,95000000.0,,2940000,21354000.0,152275000,,,,,,,,,,,,,,,,,,48657000.0,30476000.0,5372000.0,,,3014000.0,,,,,,,,,,,,,,30539000,-311000.0,857000,,64000,449000.0,45690000,53014000.0,,,17110000,,,,,0,0.0,,,,,,,,42000.0,15821000,95020000.0,,523400000,-63000,1844771000,,1581368000.0,0.0,,1581368000.0,,10022000,10236000,,,,,,,,0.0097,7.71,5.5,0.4,0.38,,0.0248,0.0217,,,,,,,,,,,2998390.0,,,19.35,,,,,,,,,,,,,1071000.0,,1872048000,1879150000.0,,,,,23625000.0,,65274000.0,,,,,,3522879.0,215659043,212136164,,,,,
2011-11-07,False,212029613,,,655092000.0,997705000,32234000.0,,,,178175000.0,290720000,,-1417000.0,3641000.0,,,33446000.0,5068000.0,,11211000,,8550014.0,2883169000,2312613000,,,,1260814000,34984000.0,,,,0.0,0.25,0.01,,211979262,211979262,2120000,82728000.0,59000.0,82787000.0,,,1442610000,,,,,,,,,,-9328000.0,,,,,,,,,10161000.0,,,,,,,,,,,55610000.0,,,,,,9199000.0,,,,53014000.0,0.5,0.5,,,-24477000.0,,,,,40000.0,537000.0,537000.0,,,,,,,3000.0,,7927000,493846000.0,,,,177159000.0,70283000,,65856000.0,,,,,,,,,4312000,-24070000,,,,10505000.0,,8344000.0,,2916000.0,279000.0,48000.0,2888000,258512000,,,,,,,,,,,,,,2883169000,865501000,,,6339000,822000.0,,-12617000,-21227000,93305000,106604000,272000.0,106604000.0,106604000.0,,13401000,21352000.0,163758000,,,,,,,,,,,,,,,,,,43450000.0,30861000.0,-24707000.0,,-618000.0,13476000.0,,-391000.0,,,,,,,,,,,,31683000,-1210000.0,10792000,,1193000,-561000.0,43298000,0.0,822000.0,,20619000,,,,,0,0.0,,,,,,,,24000.0,30966000,106876000.0,,528852000,-629000,1951375000,,1606368000.0,,,1606368000.0,,9342000,12738000,,,,,,,,,,,,,,0.0284,0.0019,,,,,,,,,,,2998390.0,,,19.35,,,,,,,,,,,,,483000.0,,1955719000,1962058000.0,,,24224000.0,,30367000.0,,108572000.0,,,,,,2461332.0,214717451,212256119,,,,,
2012-02-28,True,212077956,10685897706.0,,606628000.0,934752000,20072000.0,,,,169445000.0,296481000,,-2964000.0,13260000.0,,,44278000.0,5300000.0,,10381000,1156000.0,7321670.0,2866827000,2286883000,,400487000.0,,1294356000,209891000.0,,,,0.5,,0.01,320000000.0,212003662,212003662,2120000,,,374728000.0,34316000.0,,5532171000,,100479000.0,135152000.0,255850000.0,20219000.0,-4335000.0,0.0,,-4065000.0,-4065000.0,,,270000.0,,25943000.0,-50198000.0,,,10415000.0,8138000.0,1625000.0,,4651000.0,9220000.0,1074000.0,192000.0,76141000.0,,,60613000.0,71000.0,0.0,76070000.0,6312000.0,,36776000.0,,,,106011000.0,0.44,0.43,,0.35,-9810000.0,,92000000.0,,3.2,156000.0,5300000.0,5300000.0,96144000.0,20123000.0,,15.0,1930000.0,135152000.0,-360000.0,,7927000,476155000.0,212308000.0,,425720000.0,638028000.0,251785000,,266621000.0,,223310000.0,,12877000.0,,2280000.0,13318000.0,,-46915000,-40819000,,,,-3237000.0,,6503000.0,,2630000.0,970000.0,296000.0,10235000,993358000,167037000.0,58978000.0,,,,,,,,,,,103813000.0,2866827000,796145000,0.0,15128000.0,6431000,955000.0,,-157091000,-80339000,457131000,92843000,564000.0,385679000.0,385679000.0,,19701000,84665000.0,618327000,,,,,,,118585000.0,44971000.0,6605000.0,9450000.0,18436000.0,31917000.0,7206000.0,,,,,,,-12131000.0,,-616000.0,6471000.0,,-393000.0,,,,,,,,,,,,124377000,,10436000,,1510000,-29000.0,112071000,106011000.0,955000.0,,78115000,,,0.01,2000000.0,0,0.0,46888000.0,30581000.0,,,,,,193000.0,56646000,93140000.0,835287000.0,538806000,1327000,1991222000,,1501914000.0,,,6150498000.0,,38974000,44278000,,,,,,,,,,,,,,0.0284,0.0019,,8422318.0,32.07,,47000000.0,20.2,25327.0,38.76,409163.0,42.59,2998390.0,,52.8,19.35,98668000.0,17252229.0,38.45,89452000.0,,3.48,,5.85,,,,,472000.0,20489000.0,2003638000,2010069000.0,6565359.0,1605342.0,24224000.0,,,,112071000.0,,,,377345000.0,,2916069.0,215033580,212117511,,,,,
2012-05-07,False,212405452,,,629503000.0,934866000,28219000.0,,,,170535000.0,306524000,,7064000.0,18338000.0,,,10600000.0,3426000.0,,9805000,,7359424.0,3001223000,2410198000,,,,1412915000,118559000.0,,,,,,0.01,,212275083,212275083,2123000,86735000.0,149000.0,86884000.0,,,1286099000,,,,,,,,,,5481000.0,,,,,,,,,9754000.0,,,,,,,,,,,70932000.0,,,,,,9545000.0,,,,,0.36,0.36,,,9079000.0,,,,,39000.0,3426000.0,3426000.0,,,,,,,65000.0,,10215000,446571000.0,,,,129108000.0,52386000,,26512000.0,,,,,,,,,-12968000,13559000,,,,20274000.0,,-1924000.0,,,620000.0,187000.0,3360000,246132000,,,,,,,,,,,,,,3001223000,828257000,,,6580000,,,-5519000,-32398000,147397000,76707000,15000.0,76707000.0,76707000.0,,3837000,21176000.0,125271000,,,,,,,,,,,,,,,,,,,,10162000.0,,,5499000.0,,,,,,,,,10162000.0,,,,,35784000,-282000.0,1097000,,-358000,15780000.0,21865000,,,,17088000,,,,,0,0.0,36386000.0,30487000.0,,,,,,112000.0,12920000,76722000.0,,550323000,-467000,2067929000,,1411370000.0,,,1411370000.0,,8663000,10600000,,,,,,,,,,,,,,,,,,,,,,,,,,0.0,,,,,,,,,,,,,,,,16277000.0,,2095454000,2102034000.0,,,,,12920000.0,,21865000.0,,,,,,2101848.0,214199510,212097662,,,,,
2012-08-08,False,210542529,,,672836000.0,983131000,25948000.0,,,,184114000.0,309467000,,-4345000.0,1013000.0,,,21526000.0,4232000.0,,8731000,,15444641.0,2992372000,2405397000,,,,1364247000,-48668000.0,,,,0.28,0.28,0.01,,210503675,210503675,2105000,72546000.0,22000.0,72568000.0,,,1372549000,,,,,,,,,,-5739000.0,,,,,,,,,10234000.0,,,,,,,,,,,59417000.0,,,,,,9670000.0,,,,59358000.0,0.4,0.39,,,-11984000.0,,,,,336000.0,806000.0,806000.0,,,,,,,65000.0,,10003000,453651000.0,,,,138913000.0,54892000,,77583000.0,,,,,,,,,63260000,70674000,,,,-14132000.0,,-1642000.0,,,222000.0,233000.0,3050000,249925000,,,,,,,,,,,,,,2992372000,882898000,,,6602000,,,-135471000,5973000,92814000,83955000,66000.0,83955000.0,83955000.0,,6510000,20853000.0,132403000,,,,,,,,,,,,,,,,,,,,,-11453000.0,,,,,,,,6257000.0,,-11453000.0,,,,,,31940000,-271000.0,3682000,,232000,-15878000.0,84401000,59358000.0,,,9814000,,,,,0,0.0,47409000.0,30218000.0,,,,,,141000.0,7482000,84021000.0,,546754000,-388000,2044682000,,1504952000.0,,,1504952000.0,,8860000,10926000,,,,,,,,0.013,,,,,,0.0143,0.0089,,,,,,,,,,,2822990.0,,,13.53,,,,,,,,,,,,,376000.0,,2043455000,2050057000.0,,,,,20402000.0,,106266000.0,,,,,,1488830.0,213212912,211724082,,,,,
2012-11-07,False,208981760,,,667395000.0,1015350000,23943000.0,,,,174862000.0,317896000,,5267000.0,118000.0,,,32846000.0,,4000000.0,9167000,,15265732.0,3032187000,2439995000,,,,1367642000,3395000.0,,,,0.0,0.28,0.01,,208950205,208950205,2090000,98102000.0,257000.0,98359000.0,,,1386565000,,,,,,,,,4588000.0,,,,,,,,,,10955000.0,,,,,,,,,,,70288000.0,,,,,,10030000.0,,,,59358000.0,0.42,0.42,,,8136000.0,,,,,996000.0,59000.0,59000.0,,,,,,,13000.0,,9774000,465138000.0,,,,148980000.0,60253000,,50911000.0,,,,,,,,,23520000,-23267000,,,,6819000.0,,7195000.0,,,182000.0,27000.0,2831000,252899000,,,,,,,,,,,,,,3032187000,866200000,,,5682000,1177000.0,,-63746000,-10161000,69166000,88490000,237000.0,88490000.0,88490000.0,,3881000,21304000.0,145099000,,,,,,,,,,,,,,,,,,,,,8982000.0,,,,,,,650000.0,,350000.0,9632000.0,,,,,,27959000,-1273000.0,1232000,,32000,,87227000,0.0,1177000.0,,10170000,,,,,0,0.0,46048000.0,30808000.0,,,,,,41000.0,24599000,88727000.0,,551610000,463000,2082542000,,1531664000.0,,,1531664000.0,,7847000,11320000,,,,,,,,,,,,,,0.0143,0.0019,,,,,,,,,,,2822990.0,,,13.53,,,,,,,,,,,,,,,2090017000,2095699000.0,,,23391000.0,,21610000.0,,193493000.0,,,,,,1261839.0,211397602,210135763,,,,,
2013-02-27,True,206497492,8018868890.0,,641593000.0,1031376000,21970000.0,,,,178995000.0,325595000,,5734000.0,1283000.0,,,44058000.0,5111000.0,,9383000,,15044514.0,2954125000,2357599000,,446381000.0,,1260842000,-33514000.0,,,,0.56,,0.01,640000000.0,206392013,206392013,2064000,342058000.0,-278000.0,341780000.0,11765000.0,,5450145000,,86606000.0,106475000.0,205785000.0,12704000.0,11864000.0,0.0,,11639000.0,,98063000.0,,-225000.0,,31168000.0,,,,12102000.0,,0.0,8122000.0,9382000.0,10144000.0,1111000.0,983000.0,66895000.0,,,78997000.0,135000.0,3141000.0,94787000.0,,7523000.0,39940000.0,,,,117263000.0,0.41,0.4,,0.35,6401000.0,,91000000.0,,,2016000.0,5401000.0,5401000.0,98470000.0,,,,-4525000.0,106475000.0,,,7927000,458738000.0,179483000.0,,370910000.0,550393000.0,217424000,,207174000.0,,192638000.0,,12061000.0,,4614000.0,8111000.0,,89856000,30625000,,,,1441000.0,,63000.0,,,1251000.0,515000.0,12763000,995052000,169985000.0,57260000.0,,,,,,,,,,,98600000.0,2954125000,842558000,204000.0,15466000.0,4871000,1282000.0,,-363047000,-46994000,370126000,84208000,-391000.0,333360000.0,333360000.0,,19595000,88044000.0,530798000,,,,,,,108301000.0,42152000.0,3615000.0,8827000.0,13668000.0,25546000.0,14493000.0,,,,,,,,8164000.0,,,,,,,647000.0,,348000.0,8811000.0,,,,,,136080000,-4864000.0,8083000,,-632000,,302414000,117263000.0,1282000.0,,47626000,,,0.01,2000000.0,0,0.0,53279000.0,32395000.0,,,,,,,52511000,83499000.0,881799000.0,556204000,-90000,2018618000,,1532957000.0,,,5980943000.0,,34184000,44058000,,,,,,,,,,,,,,0.0143,0.0019,,8449041.0,36.42,,39000000.0,,222302.0,,385309.0,,2822990.0,,,13.53,52718000.0,17833764.0,40.51,50178000.0,,,,,17.82,42.95,44.75,40.74,,12479000.0,2027699000,2032570000.0,7339020.0,1634494.0,23392000.0,,,,302414000.0,,,,86929000.0,,1512226.0,211935171,210422945,,,,,
2013-05-03,False,206609606,,,629190000.0,982119000,27278000.0,,,,175212000.0,331538000,,-4265000.0,5962000.0,,,11005000.0,,934000.0,10093000,,13054133.0,3017799000,2430826000,,,,1394687000,133845000.0,,,,,,0.01,,206475743,206475743,2065000,70316000.0,281000.0,70597000.0,,,1281967000,,,,,,,,,7122000.0,,,,,,,,,,11867000.0,,,,,,,,,,,81498000.0,,,,,,11278000.0,,,,,0.39,0.39,,,-7562000.0,,,,,649000.0,1099000.0,1099000.0,,,,,,,,,7927000,445284000.0,,,,133292000.0,52682000,,26951000.0,,,,,,,,,-38856000,-1390000,,,,18218000.0,,485000.0,,,,,3243000,248417000,,,,,,,,,,,,,,3017799000,831680000,,,1926000,,3733000.0,-13383000,-10474000,165264000,80315000,295000.0,80315000.0,80315000.0,,4774000,21657000.0,128518000,,,,,,,,,,,,,,,,,,,,,-10013000.0,,,,,,,,,,-10013000.0,,,,,,28157000,-208000.0,1531000,,444000,-38000.0,17681000,,,,10068000,,7730000.0,,,0,0.0,42153000.0,32348000.0,,,,,,,10929000,80610000.0,,546698000,941000,2098933000,,1410485000.0,,,1410485000.0,,7257000,11005000,,,,,,,,,,,,,,,,,,,,,,,,,,0.0,,,,,,,,,,,,,,,,,,2102695000,2104621000.0,0.0,,,,10929000.0,,17681000.0,,,,,,1138768.0,207613863,206475095,,,,,
2013-08-08,False,206402005,,,645196000.0,1018337000,18228000.0,,,,196789000.0,334988000,,-15105000.0,3534000.0,,,22045000.0,,1516000.0,8933000,,17456059.0,3063665000,2475778000,,,,1286109000,-108578000.0,,,,0.3,0.3,0.01,,206321425,206321425,2063000,81475000.0,175000.0,81650000.0,,,1356874000,,,,,,,,,5818000.0,,,,,,,,,,11999000.0,,,,,,,,,,,81510000.0,,,,,,,11674000.0,,,61899000.0,0.45,0.45,,,-11557000.0,,,,,900000.0,584000.0,584000.0,,,,,,,,,7927000,,,,,150974000.0,58311000,,85195000.0,,,,,,,,,48223000,45080000,,,,-33692000.0,,91000.0,,,,,3070000,255569000,,,,,,,,,,,,,,3063665000,860213000,,,2101000,,3733000.0,-75367000,-105680000,84026000,92315000,348000.0,92315000.0,92315000.0,,7395000,22132000.0,143579000,,,,,,,,,,,,,,,,,,,,,-11013000.0,,,-5938000.0,,,,,,,-11013000.0,,,,,,27819000,-241000.0,4325000,,-1264000,89803000.0,21600000,61899000.0,,,17141000,,0.0,,,0,0.0,69431000.0,30377000.0,,,,,,,7548000,92663000.0,,549583000,100000,2129349000,,1500453000.0,,,,,8328000,11040000,,,,,,,,0.015,,,,,,0.0115,0.0071,,,,,,,,,,,2775450.0,,,11.17,,,,,,,,,,,,,89902000.0,,2119841000,2121942000.0,0.0,,,,18477000.0,,39281000.0,,,,,,748070.0,207192534,206444464,,,,,
2013-11-07,False,205580335,,,656674000.0,1027572000,24175000.0,,,,183130000.0,337154000,,-6236000.0,2443000.0,,,33060000.0,,1280000.0,10187000,,15314114.0,3098563000,2498211000,,,,1310330000,24221000.0,,,,0.0,0.3,0.01,,205455991,205455991,2055000,101269000.0,211000.0,101480000.0,,,1388776000,,,,,,,,,-33185000.0,,,,,,,,,,12670000.0,,,,,,,,,,,53854000.0,,,,,,,12629000.0,,,61899000.0,0.45,0.45,,,6500000.0,,,,,943000.0,0.0,0.0,,,,,,,,,7927000,,,,,150492000.0,57763000,,147248000.0,,,,,,,,,5115000,-8875000,,,,30114000.0,,4702000.0,,,,,2967000,261613000,,,,,,,,,,,,,,3098563000,863979000,,,1151000,1161000.0,3733000.0,-53471000,-25101000,96293000,92400000,329000.0,92400000.0,92400000.0,,4179000,21851000.0,146313000,,,,,,,,,,,,,,,,,,,,,8751000.0,,,4859000.0,,0.0,-350000.0,,,,8751000.0,,,,,,31313000,-187000.0,1212000,,-306000,9925000.0,85925000,0.0,1161000.0,,15482000,,0.0,,,0,0.0,47811000.0,30300000.0,,,,,,,33615000,92729000.0,,562125000,1496000,2181317000,,1535089000.0,,,,,8306000,11015000,,,,,,,,,,,,,,0.014,0.0012,,,,,,,,,,,2779700.0,,,11.17,,,,,,,,,,,,,99828000.0,,2179579000,2180730000.0,800461.0,,23977000.0,,28115000.0,,125206000.0,,,,,,852598.0,207368792,206516194,,,,,
2014-02-27,True,202649005,7709373062.0,,648156000.0,1073500000,21743000.0,,,,200301000.0,348282000,,-6265000.0,1647000.0,,,43813000.0,,2174000.0,8695000,,15220785.0,3014812000,2415269000,,467342000.0,,1247652000,-13190000.0,,,,0.6,,0.01,640000000.0,202553220,202553220,2025000,336527000.0,1064000.0,337591000.0,4344000.0,,5528184000,,104224000.0,121621000.0,243560000.0,17715000.0,-19811000.0,0.0,,-20975000.0,,83321000.0,,-1164000.0,,43436000.0,,,,18396000.0,,3432000.0,9852000.0,11621000.0,16973000.0,756000.0,802000.0,39885000.0,,,58281000.0,135000.0,0.0,83186000.0,,7768000.0,,48071000.0,,,123292000.0,0.41,0.41,,0.35,-11892000.0,,82000000.0,,,3473000.0,2339000.0,2339000.0,84413000.0,,,,-822000.0,121621000.0,,,7927000,,192850000.0,,379746000.0,572596000.0,222585000,,235368000.0,,200408000.0,,9927000.0,,1492000.0,10758000.0,,64575000,44150000,,,,8435000.0,,2015000.0,,,,,11810000,1032601000,171072000.0,57226000.0,,,,,,,,,,,82162000.0,3014812000,870200000,,,1548000,1161000.0,3180000.0,-332028000,-76806000,407536000,83496000,1485000.0,348526000.0,348526000.0,,20523000,98437000.0,552073000,,,,,,,103575000.0,41226000.0,5800000.0,7922000.0,14844000.0,24918000.0,8865000.0,,,,,,,,-12420000.0,,,-6574000.0,,0.0,0.0,,,,-12420000.0,,,,,,118428000,-844000.0,8713000,,-2806000,,261936000,123292000.0,1161000.0,,53411000,116116000.0,7730000.0,0.01,2000000.0,0,0.0,49384000.0,28552000.0,11272000.0,,89915000.0,,,,59752000,84009000.0,911346000.0,563064000,2116000,2087376000,,1625859000.0,,,,,33243000,43813000,,,,,,,,,,,,,,0.014,0.0012,,8821695.0,39.53,,24000000.0,,237009.0,,359525.0,,2779700.0,,,11.17,88006000.0,18530140.0,41.02,46729000.0,,,,,24.12,38.41,43.25,35.33,26337000.0,16551000.0,2084783000,2086331000.0,8139481.0,1483190.0,23977000.0,,,,261936000.0,,,,71793000.0,,900817.0,206895473,205994656,,,,,
2014-05-08,False,197374388,,,677582000.0,1062924000,27754000.0,,,,196157000.0,356919000,,-8691000.0,728000.0,,,10294000.0,,489000.0,7208000,,14995490.0,2925504000,2334993000,,,,1131046000,-116606000.0,,,,,,0.01,,197166665,197166665,1972000,81398000.0,420000.0,81818000.0,,,1356442000,,,,,,,,,7194000.0,,,,,,,,,,18248000.0,,,,,,,,,,,63997000.0,,,,,,,12382000.0,,,,0.42,0.42,,,-4790000.0,,,,,944000.0,489000.0,489000.0,,,,,,,,,7927000,,,,,137619000.0,53424000,,27496000.0,,,,,,,,,-12228000,29546000,,,,18205000.0,,-1279000.0,,,,,2697000,255942000,,,,,,,,,,,,,,2925504000,901493000,,,1883000,85000.0,3733000.0,-218429000,-67244000,173857000,83824000,371000.0,83824000.0,83824000.0,,2416000,25162000.0,135203000,,,,,,,,,,,,,,,,,,,,,-2377000.0,,,-1329000.0,,,,,,,-2377000.0,,,,,,27724000,-138000.0,-281000,,-1670000,,226725000,,85000.0,,8760000,81130000.0,0.0,,,0,0.0,36284000.0,26513000.0,2723000.0,,20976000.0,,,,7892000,84195000.0,,556071000,-1115000,1964122000,,1491645000.0,,,,,8173000,10294000,,,,,,,,,,,,,,,,,,,,,,,,,,0.0,,,,,,,,,,,,,,,,86491000.0,,1958131000,1960014000.0,0.0,,,,7892000.0,,226725000.0,,,,,,725468.0,201843858,201118390,,,,,
2014-08-07,False,195108033,,,717141000.0,1150531000,24337000.0,,,,220753000.0,366800000,,-3609000.0,2701000.0,,,22171000.0,,984000.0,7550000,,15673784.0,2929940000,2310470000,,,,970561000,-160485000.0,,,,0.32,0.32,0.01,,195036823,195036823,1951000,96384000.0,440000.0,96824000.0,,,1456698000,,,,,,,,,2891000.0,,,,,,,,,,19148000.0,,,,,,,,,,,70572000.0,,,,,,,12417000.0,,,62807000.0,0.46,0.46,,,4137000.0,,,,,1183000.0,495000.0,495000.0,,,,,,,,,7927000,,,,,148397000.0,56669000,,105963000.0,,,,,,,,,84618000,61377000,,,,-47370000.0,,3485000.0,,,,,2764000,260767000,,,,,,,,,,,,,,2929940000,962231000,,,2323000,85000.0,3733000.0,-171578000,-37930000,44886000,91302000,426000.0,91302000.0,91302000.0,,5954000,25401000.0,142443000,,,,,,,,,,,,,,,,,,,,,4985000.0,,,2723000.0,,-111000.0,-61000.0,,,,5096000.0,,,,,,34395000,-68000.0,3190000,27101000.0,1536000,,131391000,62807000.0,0.0,,9635000,15301000.0,0.0,,,0,0.0,84081000.0,55315000.0,2771000.0,,15643000.0,,,,22125000,91728000.0,,556228000,496000,1893771000,,1599141000.0,,,,,9291000,11877000,,,,,,,,0.015,,,,,,0.0227,0.0227,,,,,,,,,,,2289600.0,,,14.08,,,,,,,,,,,,,86149000.0,,1894814000,1897137000.0,0.0,,,,30017000.0,,358116000.0,,,,,,674331.0,197126243,196451912,,,,,
2014-11-06,False,193030610,,,746193000.0,1183167000,22059000.0,,,,194546000.0,369575000,,-21778000.0,1055000.0,,,32220000.0,,1031000.0,7248000,,16576091.0,2926053000,2317972000,,,,990480000,19919000.0,,,,0.0,0.32,0.01,,193019604,193019604,1930000,84212000.0,234000.0,84446000.0,,,1545974000,,,,,,,,,-2085000.0,,,,,,,,,,20782000.0,,,,,,,,,,,59325000.0,,,,,,,12741000.0,,,62807000.0,0.53,0.53,,,-16174000.0,,,,,988000.0,47000.0,47000.0,,,,,,,,,7927000,,,,,164260000.0,61463000,,61899000.0,,,,,,,,,58984000,23113000,,,,2050000.0,,3646000.0,,,,,2793000,272548000,,,,,,,,,,,,,,2926053000,962798000,,,2557000,85000.0,-843000.0,-88545000,37947000,86691000,102381000,416000.0,102381000.0,102381000.0,,5129000,26396000.0,159131000,,,,,,,,,,,,,,,,,,,,,-18351000.0,,,-9954000.0,,0.0,-61000.0,,,,-18351000.0,,,,,,33200000,-139000.0,2336000,0.0,-370000,,117044000,0.0,0.0,,8255000,40275000.0,0.0,,,0,0.0,83226000.0,54788000.0,2877000.0,,86107000.0,,,,28452000,102797000.0,,545366000,564000,1920166000,,1705105000.0,,,,,9240000,10049000,,,,,,,,,,,,,,0.0227,0.0011,,,,,,,,,,,2289600.0,,,14.08,,,,,,,,,,,,,40317000.0,,1901373000,1903930000.0,671775.0,,23800000.0,,34669000.0,,475160000.0,,,,,,582196.0,195001267,194419071,,,,,
2015-02-26,True,191752027,8510744390.0,,770238000.0,1236042000,21077000.0,,,,192468000.0,371756000,-37817000.0,,1113000.0,,,42533000.0,,1061000.0,7119000,,17017272.0,2890905000,2289250000,,467115000.0,,927107000,-320545000.0,,,,0.64,,0.01,640000000.0,191655690,191655690,1916000,345336000.0,2155000.0,347491000.0,4907000.0,,5970073000,,93345000.0,127567000.0,238005000.0,17093000.0,-6023000.0,0.0,,-6576000.0,,82262000.0,,-553000.0,,67027000.0,,,,20279000.0,,20719000.0,10905000.0,15122000.0,17769000.0,957000.0,1555000.0,15235000.0,,,35514000.0,0.0,,82262000.0,,8262000.0,,49292000.0,,,124634000.0,0.52,0.51,,0.35,-31066000.0,,86000000.0,,,4356000.0,1115000.0,1115000.0,87322000.0,,,,-3762000.0,127567000.0,,,7927000,,211588000.0,,399301000.0,610889000.0,231429000,,254439000.0,,213811000.0,,8069000.0,,-1202000.0,10751000.0,,206887000,153424000,,,,-12998000.0,,3270000.0,,,,,10773000,1065329000,166252000.0,58050000.0,,,,,,,,,,,73902000.0,2890905000,983783000,,,3200000,503000.0,-841000.0,-605534000,-78911000,394966000,99381000,2572000.0,376888000.0,376888000.0,,16241000,102810000.0,594648000,,,,,,,123328000.0,40693000.0,8457000.0,14737000.0,19838000.0,30542000.0,9061000.0,,,,,,,,-32080000.0,,,-17348000.0,,-111000.0,-61000.0,,,,-31969000.0,,,,,,131223000,-340000.0,5468000,27101000.0,338000,,550781000,124634000.0,503000.0,,37472000,136726000.0,0.0,0.01,2000000.0,0,0.0,65486000.0,55313000.0,,,122726000.0,,,,69269000,100740000.0,910171000.0,538415000,763000,1903196000,,1768830000.0,,,,,38125000,42533000,,,,,,,,,,,,,,0.0227,0.0011,,9521129.0,42.48,,18000000.0,,221863.0,,474851.0,,3008200.0,,,14.44,77856000.0,19373601.0,41.92,35127000.0,,,,,31.1,45.35,41.67,42.47,40336000.0,16540000.0,1868408000,1871608000.0,8811256.0,1462188.0,23800000.0,,,,550781000.0,,,,44090000.0,,621391.0,196768067,196146676,,,,,
2015-05-07,False,191274205,,,749246000.0,1253639000,26163000.0,,,,203810000.0,373011000,-57091000.0,,5241000.0,,,9907000.0,,1466000.0,6932000,,9490380.0,2943778000,2352160000,,,,1033144000,106037000.0,,,,,,0.01,,191120214,191120214,1911000,87430000.0,297000.0,87727000.0,,,1508643000,,,,,,,,,11937000.0,,,,,,,,,,20402000.0,,,,,,,,,,,37028000.0,,,,,,,11529000.0,,,,0.56,0.55,,,-17687000.0,,,,,1243000.0,1480000.0,1480000.0,,,,,,,,,7927000,,,,,171649000.0,64317000,,28261000.0,,,,,,,,,46790000,14895000,,,,23132000.0,,-3569000.0,,,,,2732000,278878000,,,,,,,,,,,,,,2943778000,979219000,,,2640000,857000.0,,-41697000,31027000,134394000,106704000,628000.0,106704000.0,106704000.0,,2766000,25388000.0,168883000,,,,,,,,,,,,,,,,,,,,,-19605000.0,,,-10560000.0,,,,,,,-19605000.0,,,,,,35561000,-86000.0,34000,,-198000,,77368000,,857000.0,,9445000,22000.0,,,,0,0.0,44914000.0,54703000.0,,,40296000.0,,,,35048000,107332000.0,,528988000,277000,1974830000,,1677526000.0,,,,,9247000,9907000,,,,,,,,,,,,,,,,,,,,,,,,,,0.0,,,,,,,,,,,,,,,,61000.0,,1924891000,1927531000.0,0.0,,,,35048000.0,,77368000.0,,,,,,1079343.0,192707093,191627750,,,,,
2015-08-06,False,189159975,,,738323000.0,1194180000,26821000.0,,,,228537000.0,381393000,-52778000.0,,2349000.0,,,21570000.0,,1331000.0,7369000,,8406717.0,2932375000,2334755000,,,,985727000,-47417000.0,,,,0.36,0.36,0.01,,189117916,189117916,1891000,122073000.0,472000.0,122545000.0,,,1508837000,,,,,,,,,8986000.0,,,,,,,,,,20930000.0,,,,,,,,,,,48961000.0,,,,,,,11420000.0,,,68781000.0,0.62,0.61,,,2272000.0,,,,,1491000.0,366000.0,366000.0,,,,,,,,,7927000,,,,,189156000.0,70827000,,101389000.0,,,,,,,,,-63234000,8038000,,,,-39000000.0,,1187000.0,,,,,2636000,287065000,,,,,,,,,,,,,,2932375000,993681000,,,3112000,857000.0,,-171505000,-59912000,181728000,117760000,569000.0,117760000.0,117760000.0,,6440000,24971000.0,182716000,,,,,,,,,,,,,,,,,,,,,4216000.0,,,2363000.0,,0.0,-61000.0,,,,4216000.0,,,,,,35440000,-27000.0,3804000,0.0,14000,,128137000,68781000.0,0.0,,12912000,46986000.0,,,,0,0.0,86871000.0,53572000.0,,,0.0,,,,25047000,118329000.0,,536121000,584000,1935159000,,1691553000.0,,,,,10529000,11663000,,,,,,,,0.016,,,,,0.0179,,,,,,,,,,,,,2919750.0,,,13.42,,,,,,,,,,,,,47047000.0,,1886621000,1889733000.0,0.0,,,,60095000.0,,205505000.0,,,,,,1238965.0,191917973,190679008,,,,,
2015-11-05,False,186413350,,,718555000.0,1166300000,27876000.0,,,,208771000.0,379996000,-74079000.0,,874000.0,,,32489000.0,,1191000.0,7309000,,8379877.0,2827018000,2235460000,,,,968683000,-17044000.0,,,,0.0,0.36,0.01,,186183201,186183201,1862000,97009000.0,35000.0,97044000.0,,,1459439000,,,,,,,,,-7611000.0,,,,,,,,,,20862000.0,,,,,,,,,,,29624000.0,,,,,,,11475000.0,,,68781000.0,0.63,0.62,,,-20932000.0,,,,,1571000.0,0.0,0.0,,,,,,,,,7927000,,,,,191474000.0,72738000,,60374000.0,,,,,,,,,-2466000,-19622000,,,,19978000.0,,3801000.0,,,,,2666000,295566000,,,,,,,,,,,,,,2827018000,955202000,,,3147000,857000.0,-843000.0,-155364000,26576000,132676000,118310000,426000.0,118310000.0,118310000.0,,-419000,25747000.0,191893000,,,,,,,,,,,,,,,,,,,,,-21692000.0,,,-11669000.0,,0.0,-61000.0,,,,-21692000.0,,,,,,34930000,-2000.0,-3085000,0.0,2666000,,209970000,0.0,0.0,,9546000,0.0,,,,0,0.0,71355000.0,55738000.0,,,38788000.0,,,,54606000,118736000.0,,527893000,134000,1910388000,,1651332000.0,,,,,10370000,10919000,,,,,,,,,,,,,,0.0204,0.003,,,,,,,,,,,2955750.0,,,13.44,,,,,,,,,,,,,8260000.0,,1839045000,1842192000.0,699438.0,,25850000.0,,88851000.0,,415475000.0,,,,,,1217374.0,189641774,188424400,,,,,
2016-02-25,True,182101972,8643828563.0,,645304000.0,1112260000,29498000.0,,,,186571000.0,385023000,-81238000.0,,31000.0,,,43415000.0,,1068000.0,7820000,,8330000.0,2582438000,1993370000,,468607000.0,,807796000,-119311000.0,,,,0.72,,0.01,640000000.0,182067000,182067000,1821000,413802000.0,1605000.0,415407000.0,3494000.0,,5895148000,,95046000.0,147174000.0,259193000.0,16973000.0,17631000.0,0.0,,17999000.0,,100170000.0,9528000.0,368000.0,,90642000.0,,,,16861000.0,,44519000.0,10349000.0,18910000.0,14473000.0,1041000.0,1350000.0,,,,26389000.0,,,100170000.0,,8658000.0,,46012000.0,,,135673000.0,0.62,0.61,,0.35,-41625000.0,6000000.0,93000000.0,,,6010000.0,1850000.0,1850000.0,112677000.0,,,,7820000.0,147174000.0,,,7927000,,236932000.0,,499757000.0,736689000.0,277192000,,239367000.0,,257841000.0,,5241000.0,,2838000.0,11272000.0,,-62619000,-84164000,,,,18382000.0,,-653000.0,,,,,10421000,1143511000,162923000.0,58133000.0,,,,,,,,,,,75788000.0,2582438000,861373000,,,2683000,2122000.0,-841000.0,-634972000,-7426000,564712000,114449000,2274000.0,457223000.0,457223000.0,,15205000,102470000.0,721484000,,,,,,,130838000.0,47113000.0,7051000.0,14330000.0,23603000.0,31953000.0,6788000.0,,,,,,,,-44090000.0,,,-23801000.0,,0.0,0.0,,,,-44090000.0,,,,,,132310000,24000.0,4784000,0.0,3337000,,629991000,135673000.0,2122000.0,,44383000,47026000.0,0.0,0.01,2000000.0,0,0.0,56413000.0,56417000.0,,,87320000.0,,,,130964000,115100000.0,909747000.0,524724000,2173000,1771379000,,1596221000.0,,,,,41990000,43415000,,,,,,,,,,,,,,0.0204,0.003,,8918000.0,44.36,,31000000.0,,184000.0,,593000.0,,2956000.0,,,13.44,60057000.0,18732000.0,43.39,23546000.0,,,,,37.33,47.88,42.21,47.27,40000.0,17341000.0,1691993000,1694676000.0,9511000.0,2819000.0,25850000.0,,,,629991000.0,,,,69926000.0,,1282000.0,190223000,188941000,,,,,
2016-05-04,False,182059031,,,623699000.0,1010667000,28432000.0,,,,202284000.0,396497000,-71772000.0,,3851000.0,,,10831000.0,,-966000.0,8919000,,9414000.0,2679743000,2087480000,,,,1013917000,206121000.0,,,,,,0.01,,181562000,181562000,1816000,106050000.0,577000.0,106627000.0,,,1266646000,,,,,,,,,9896000.0,,,,,,,,,,18203000.0,,,,,,,,,,,42817000.0,,,,,,,11329000.0,,,,0.53,0.53,,,13419000.0,,,,,1730000.0,0.0,0.0,,,,,,,,,7927000,,,,,155484000.0,58437000,,37984000.0,,,,,,,,,-112710000,-15344000,,,,10925000.0,,2055000.0,,,,,2779000,283355000,,,,,,,,,,,,,,2679743000,854415000,,,3260000,857000.0,,-28657000,-14594000,235953000,96584000,463000.0,96584000.0,96584000.0,,3658000,26859000.0,151826000,,,,,,,,,,,,,,,,,,,,,9580000.0,,,5187000.0,,,,,,,9580000.0,,,,,,34268000,-36000.0,879000,,524000,,70292000,,0.0,,14035000,52000.0,,,,0,0.0,44693000.0,57395000.0,,,17000.0,,,,41635000,97047000.0,,526941000,578000,1845356000,,1418472000.0,,,,,9432000,10831000,,,,,,,,,,,,,,,,,,,,,,,,,,0.0,,,,,,,,,,,,,,,,,,1779251000,1782511000.0,0.0,,,,41635000.0,,70292000.0,,,,,,1008000.0,183018000,182010000,,,,,
2016-08-04,False,181052055,,,642056000.0,1051373000,26149000.0,,,,225821000.0,400396000,-82012000.0,,184000.0,,,23788000.0,,-2444000.0,8938000,,9602000.0,2707138000,2126845000,,,,980264000,-33653000.0,,,,0.4,0.4,0.01,,180841000,180841000,1808000,105812000.0,330000.0,106142000.0,,,1296300000,,,,,,,,,-6115000.0,,,,,,,,,,19683000.0,,,,,,,,,,,33607000.0,,,,,,,11642000.0,,,73000000.0,0.64,0.63,,,-9345000.0,,,,,2049000.0,132000.0,132000.0,,,,,,,,,7927000,,,,,183357000.0,66918000,,108369000.0,,,,,,,,,48344000,51422000,,,,-34734000.0,,-1361000.0,,,,,2890000,293532000,,,,,,,,,,,,,,2707138000,894026000,,,3590000,857000.0,,-120495000,-8865000,105052000,116052000,387000.0,116052000.0,116052000.0,,4493000,27079000.0,178864000,,,,,,,,,,,,,,,,,,,,,-10297000.0,,,-5612000.0,,,,,,,-10297000.0,,,,,,31749000,6000.0,1603000,,-4416000,,96115000,73000000.0,0.0,,13279000,2000.0,,,,0,0.0,75525000.0,31629000.0,,,0.0,,,,48488000,116439000.0,,540737000,562000,1855935000,,1475164000.0,,,,,10251000,12957000,,,,,,,,0.017,,,,,0.0131,,,,,,,,,,,,,2972000.0,,,9.57,,,,,,,,,,,,,,,1775915000,1779505000.0,0.0,,,,90123000.0,,166407000.0,,,,,,1379000.0,183132000,181753000,,,,,
2016-11-08,False,180374649,,,698620000.0,1108516000,21437000.0,,,,207547000.0,406181000,-81644000.0,,475000.0,,,34264000.0,,-2533000.0,10238000,,8646000.0,2813797000,2235686000,,,,1042700000,62436000.0,,,,0.0,0.4,0.01,,180278000,180278000,1803000,107949000.0,260000.0,108209000.0,,,1395131000,,,,,,,,,-1439000.0,,,,,,,,,,19573000.0,,,,,,,,,,,32260000.0,,,,,,,11882000.0,,,73000000.0,0.59,0.59,,,1853000.0,,,,,2149000.0,107000.0,107000.0,,,,,,,,,7927000,,,,,171112000.0,63163000,,58696000.0,,,,,,,,,58279000,38070000,,,,7197000.0,,1395000.0,,,,,2924000,291204000,,,,,,,,,,,,,,2813797000,927604000,,,3850000,857000.0,,-44061000,-11042000,115686000,107581000,368000.0,107581000.0,107581000.0,,3849000,27091000.0,167263000,,,,,,,196245000.0,52357000.0,,23957000.0,31909000.0,42465000.0,29125000.0,16432000.0,,,,,,,260000.0,,,202000.0,,,,,,,260000.0,,,,,,37685000,-11000.0,925000,,-1617000,,101690000,0.0,0.0,,12659000,0.0,,,,0,0.0,64897000.0,30200000.0,,,0.0,,,,57522000,107949000.0,,539984000,1321000,1929449000,,1562394000.0,,,,,10134000,10476000,,,,,,,,0.017,,,,,,0.0142,0.0051,,,,,,,,,,,2973000.0,,,9.57,,,,,,,,,,,,,,,1850083000,1853933000.0,703000.0,,28136000.0,,119509000.0,,268097000.0,,,,148000000.0,,1515000.0,182692000,181177000,,,,,
2017-02-23,True,180120731,8814080920.0,,726571000.0,1190130000,17858000.0,,,,185502000.0,406652000,-104592000.0,,2642000.0,,,45217000.0,,-2664000.0,9247000,,9211000.0,2790871000,2218579000,,467096000.0,,974435000,166639000.0,,,,0.8,,0.01,640000000.0,179857000,179857000,1799000,407453000.0,1337000.0,408790000.0,7604000.0,,5427874000,,85330000.0,137076000.0,238488000.0,16082000.0,16903000.0,0.0,,15835000.0,,120170000.0,,-1068000.0,,106443000.0,,16861000.0,,,,57207000.0,10650000.0,21758000.0,15153000.0,497000.0,1178000.0,,,,13727000.0,,,120170000.0,,9681000.0,,46796000.0,,,145123000.0,0.61,0.61,,0.35,-10847000.0,,81000000.0,,,8178000.0,386000.0,386000.0,102233000.0,,,,7955000.0,137076000.0,,,7927000,,243754000.0,,443102000.0,686856000.0,254323000,,254312000.0,,240400000.0,,3629000.0,,535000.0,9759000.0,,102297000,102716000,,,,-12370000.0,,-1988000.0,,,,,11580000,1157635000,172310000.0,62294000.0,,,,,,,,,,,63968000.0,2790871000,929931000,,,2575000,1335000.0,3000.0,-298417000,-53196000,529099000,110590000,1726000.0,430807000.0,430807000.0,,16693000,108812000.0,670163000,,,,,,,214257000.0,58502000.0,16847000.0,28056000.0,35986000.0,46642000.0,28224000.0,,,,,,,,-23743000.0,,,-12687000.0,,0.0,0.0,,,,-23743000.0,,,,,,138867000,3540000.0,5113000,0.0,-6157000,,337658000,145123000.0,1335000.0,,59316000,54000.0,,0.01,2000000.0,0,0.0,54014000.0,27793000.0,,,17000.0,,,,185313000,111098000.0,943224000.0,536572000,2607000,1944789000,,1642007000.0,,,,,41763000,45217000,,,,,,,,,,,,,,0.0142,0.0051,,7334000.0,44.21,,29000000.0,,248000.0,,351000.0,,2973000.0,,,9.57,151274000.0,17374000.0,44.25,64181000.0,,,,,42.17,49.38,43.48,47.39,,15014000.0,1844638000,1847213000.0,10214000.0,3732000.0,28136000.0,,,,337658000.0,,,,76306000.0,,1422000.0,182704000,181282000,,,,,
2017-05-04,False,180164709,,,701122000.0,1126488000,20427000.0,,,,205255000.0,394154000,-95678000.0,,4721000.0,,,10623000.0,,-966000.0,9911000,,3751000.0,2902719000,2401796000,80000000.0,,,1156043000,181608000.0,,,,,,0.01,,179924000,179924000,1800000,102178000.0,249000.0,102427000.0,,,1399018000,,,,,,,,,5593000.0,,,,,,,,,,,,,,,,,,,,,24195000.0,,,,,,,11927000.0,,,,0.52,0.51,,,7904000.0,,,,,2213000.0,,,,,,,,,,,7927000,,,,,149153000.0,55586000,,29146000.0,,,,,,,,,-75454000,-18324000,,,,19824000.0,,3565000.0,,,,,2741000,292580000,,,,,,,,,,,,,,2902719000,926804000,,,2824000,,,-8543000,-13432000,195679000,93264000,303000.0,93264000.0,93264000.0,,3039000,28130000.0,146114000,,,,,,,,,,,,,,,,,,,,,8860000.0,,,4876000.0,,,,,,,8860000.0,,,,,,37939000,351000.0,298000,,671000,,53908000,,,,12761000,,,,,0,0.0,119265000.0,29392000.0,,,,,,,45365000,93567000.0,,463604000,931000,2038053000,,1545132000.0,,,,,10915000,10623000,,,,,,,,,,,,,,,,,,,,,,,,,,,0.0,,,,,,,,,,,,,,,,,1948896000,1951720000.0,0.0,,,,45365000.0,,53908000.0,,,,,,2032000.0,182094000,180062000,,,,,
2017-08-08,False,180738046,,,774941000.0,1215278000,21329000.0,,,,211376000.0,405043000,-86507000.0,,11152000.0,,,27826000.0,,-2444000.0,10504000,,3002000.0,3022756000,2494316000,80000000.0,,,1114910000,-41133000.0,,,,0.42,0.42,0.01,,179637000,179637000,1796000,118022000.0,-31000.0,117991000.0,,,1504039000,,,,,,,,,7261000.0,,,,,,,,,,,,,,,,,,,,,36473000.0,,,,,,,12042000.0,,,75726000.0,0.6,0.6,,,6270000.0,,,,,3663000.0,,,,,,,,,,,7927000,,,,,173810000.0,65055000,,103508000.0,,,,,,,,,73142000,52623000,,,,-47159000.0,,-3290000.0,,,,,3380000,318529000,,,,,,,,,,,,,,3022756000,1007646000,,,2793000,,,-108277000,-20340000,81214000,108851000,-96000.0,108851000.0,108851000.0,,5570000,29163000.0,168240000,,,,,,,,,,,,,,,,,,,,,9236000.0,,,5016000.0,,,,,,,9236000.0,,,,,,24706000,174000.0,2190000,,-40000,,84052000,75726000.0,,,20380000,,,,,0,0.0,164128000.0,29737000.0,,,,,,,51501000,108755000.0,,490776000,515000,2049403000,,1672279000.0,,,,,10953000,17203000,,,,,,,,0.017,,,,,0.0131,,,,,,,,,,,,,,,,9.57,,,,,,,,,,,,,,,1975844000,1978637000.0,0.0,,,,96866000.0,,137960000.0,,,,,,2021000.0,182033000,180012000,,,,,
2017-11-07,False,177702850,,,836055000.0,1349854000,23853000.0,,,,216146000.0,413219000,-78960000.0,,1464000.0,,,39036000.0,,-2533000.0,11217000,,1000.0,3068881000,2518921000,80000000.0,,,1033444000,-81466000.0,,,,0.0,0.42,0.01,,177559000,177559000,1776000,127810000.0,285000.0,128095000.0,,,1615271000,,,,,,,,,-28854000.0,,,,,,,,,,,,,,,,,,,,,11746000.0,,,,,,,12272000.0,,,75726000.0,0.67,0.66,,,4758000.0,,,,,2311000.0,,,,,,,,,,,7927000,,,,,190435000.0,69829000,,58257000.0,,,,,,,,,126102000,61833000,,,,38149000.0,,5872000.0,,,,,3444000,319050000,,,,,,,,,,,,,,3068881000,1076054000,,,3078000,,,-136861000,-34723000,85360000,120263000,343000.0,120263000.0,120263000.0,,3540000,30533000.0,186895000,,,,,,,252276000.0,,27696000.0,41565000.0,53209000.0,65813000.0,47009000.0,16984000.0,,,,,,,7489000.0,,,4128000.0,,,,,,,7489000.0,,,,,,39784000,-377000.0,96000,,261000,,202776000,0.0,,,34462000,,,,,0,0.0,135623000.0,28963000.0,,,,,,,65915000,120606000.0,,513070000,1741000,2053723000,,1802166000.0,,,,,10608000,11210000,,,,,,,,,,,,,,,,,,,,,,,,,,,,,,,,,,,,,,,,,,,,1978003000,1981081000.0,682000.0,,28767000.0,,134014000.0,,340736000.0,,,,62000000.0,,2372000.0,181788000,179416000,,,,,
2018-02-23,True,176541563,10086694774.0,,866305000.0,1414741000,20494000.0,29516000.0,,,206320000.0,420282000,-73964000.0,,546000.0,,,50908000.0,,-2664000.0,12858000,,19000.0,3117008000,2541452000,,416597000.0,,1051099000,76664000.0,,,,0.84,,0.01,640000000.0,176374000,176374000,1764000,519973000.0,844000.0,520817000.0,61083000.0,,6220688000,,101821000.0,149596000.0,271907000.0,20490000.0,-42474000.0,0.0,,-43695000.0,,43136000.0,,-1221000.0,,56343000.0,,,13207000.0,,,24448000.0,4804000.0,17326000.0,8075000.0,628000.0,1062000.0,,,,0.0,,,43136000.0,,18210000.0,,49310000.0,,,150495000.0,0.94,0.92,,0.35,24275000.0,,69000000.0,,,7029000.0,,,59347000.0,,,,-13315000.0,149596000.0,,,7927000,,276714000.0,,441881000.0,718595000.0,228212000,,249704000.0,-25374000.0,251508000.0,,63000.0,-13894000.0,3384000.0,12525000.0,,184771000,114631000,,,,16264000.0,,5365000.0,,,,,13204000,1267120000,147261000.0,,,,,,,,,,,,75311000.0,3117008000,1093119000,,,2515000,904000.0,3000.0,-424565000,-11685000,488639000,166967000,1038000.0,489345000.0,489345000.0,,18335000,119732000.0,700260000,,,,,,,259895000.0,72148000.0,19024000.0,30925000.0,45466000.0,57776000.0,34556000.0,,68920000.0,,,,,,30434000.0,,,16761000.0,,,,,,,30434000.0,,,,,,138477000,4382000.0,5131000,,1074000,,478258000,150495000.0,904000.0,,95016000,12000.0,,0.01,2000000.0,0,0.0,75612000.0,29219000.0,,,12000.0,,,84405000.0,205092000,167455000.0,945485000.0,525203000,5356000,2063512000,,1901371000.0,,,,,44290000,50908000,12000.0,54.04,593000.0,54.11,54.11,0.0,0.0,0.017,,,,,,0.0142,0.0051,581000.0,6615000.0,43.44,,55000000.0,,65000.0,,328000.0,,0.0,,,9.57,263431000.0,12961000.0,44.36,140569000.0,,,,,43.86,46.27,44.23,0.0,,19269000.0,1991858000,1994373000.0,10896000.0,4020000.0,28767000.0,,,,478258000.0,,,,56116000.0,,2419000.0,181666000,179247000,,,,,
2018-05-09,False,174680101,,,812200000.0,1326168000,17233000.0,31334000.0,,,222212000.0,433280000,-64992000.0,,1198000.0,,,11267000.0,,,12688000,,0.0,3212481000,2638091000,,,120861000.0,1132901000,81802000.0,,,,,,0.01,,174308000,174308000,1743000,144664000.0,387000.0,145051000.0,,147236000.0,1661444000,,,,,,,,,2853000.0,,,,,,,,,7402000.0,,,,,,,,,,,,,,,,,,,13922000.0,,,,0.77,0.76,0.311,,6515000.0,,,,,1517000.0,,,,,,,,,,,7927000,,,,,197756000.0,61556000,,38519000.0,,,,,,,,,-100647000,-45844000,,,-7401000.0,19509000.0,,-1134000.0,,,,,4314000,339895000,,,,,,,,,,,,,,3212481000,1198881000,,,2797000,,,-145963000,-14227000,235477000,135692000,508000.0,135692000.0,135692000.0,-22462000.0,4938000,36913000.0,192818000,,,,,,,253000000.0,,,,,,,,,,,,,,8851000.0,,,5512000.0,,,,,,,8851000.0,,,,,,41325000,-48000.0,624000,,431000,,172360000,,,,13796000,,,,,0,0.0,58161000.0,27993000.0,,,,,,,26397000,136200000.0,,531068000,-265000,2041520000,1854262000.0,,,,,,10965000,11267000,,,0.0,,,,,,,,,,,,,,,,,,,,,,,,0.0,,,,,,,,,,,,,,,,,1979469000,1982266000.0,0.0,,,,26397000.0,,172360000.0,,,,,,3516000.0,179416000,175900000,,,,,
2018-08-08,False,174335501,,,832011000.0,1337716000,19244000.0,0.0,,,227148000.0,435159000,-90712000.0,,1607000.0,,,29269000.0,,,12272000,,0.0,3132832000,2564141000,,,136133000.0,1020854000,-112047000.0,,,,0.45,0.45,0.01,,173577000,173577000,1736000,114885000.0,10000.0,114895000.0,,161870000.0,1773975000,,,,,,,,,3235000.0,,,,,,,,,16779000.0,,,,,,,,,,,,,,,,,,,13576000.0,,79180000.0,,0.8,0.79,0.258,,-24322000.0,,,,,,,,,,,,,,,,7927000,,,,,189904000.0,48958000,,85612000.0,,,,,,,,,46876000,58075000,20019000.0,20294000.0,,-38059000.0,,1202000.0,,,,,5153000,350948000,,,,,,,,,,,,,,3132832000,1240273000,,,2807000,,,-222604000,-13677000,148556000,140605000,341000.0,140605000.0,140605000.0,-22462000.0,6320000,38071000.0,183584000,,,,,,,250000000.0,,,,,,,,,,,,,,-26051000.0,,,-15171000.0,,,,,,,-26051000.0,,,,,,45579000,-56000.0,1167000,,1564000,,235572000,79180000.0,,3215000.0,12113000,,,,,0,0.0,69438000.0,28438000.0,,,,,,,95363000,140946000.0,,515547000,528000,1977121000,1957559000.0,,,,,,10788000,18002000,,,,,,,,,,,,,,,,,,,,,,,,,,,,,,,,,,,,,,,,,,,,1889752000,1892559000.0,0.0,,,,,,407932000.0,,,,,,3849000.0,178603000,174754000,,,,,
2018-11-07,False,172590076,,,934509000.0,1528524000,19139000.0,0.0,,,228785000.0,441433000,-101098000.0,,1832000.0,,,43171000.0,,,13696000,,,3334800000,2746473000,,,168090000.0,990612000,-30242000.0,,,,0.0,0.45,0.01,,172564000,172564000,1726000,152305000.0,-167000.0,152138000.0,,195035000.0,1887793000,,,,,,,,,-23610000.0,,,,,,,,,43293000.0,,,,,,,,,,,,,,,,,,,13335000.0,,79180000.0,,0.94,0.92,0.218,,-5071000.0,,,,,,,,,,,,,,,,7927000,,,,,208424000.0,45357000,,59313000.0,,,,,,,,,210092000,115629000,34623000.0,36256000.0,,9292000.0,,-930000.0,,,,,4704000,351577000,,,,,,,,,,,,,,3334800000,1377468000,,,1483000,633000.0,613000.0,-101268000,-10624000,86721000,162692000,375000.0,162692000.0,162692000.0,-22462000.0,5270000,38202000.0,203154000,,,,,,,294050000.0,,31585000.0,41107000.0,58479000.0,70736000.0,72412000.0,19731000.0,,,,,,,-10929000.0,,,-2904000.0,,,,,,,-10929000.0,,,,,,44414000,-666000.0,566000,,-1109000,,147828000,0.0,633000.0,0.0,11733000,,613000.0,,,0,0.0,59247000.0,26779000.0,,,,,,,47806000,163067000.0,,510328000,1969000,2053389000,2090947000.0,,,,,,10632000,13902000,,,,,,,,,,,,,,,,,,,,,,,,,,,,,,,,,,,,,,,,,,,,1955849000,1957332000.0,666000.0,,33292000.0,,,,555760000.0,,,,90000000.0,,3779000.0,177173000,173394000,,,,,
2019-02-22,True,171669558,12614798720.0,,902259000.0,1581530000,18424000.0,0.0,,,215813000.0,446977000,-105481000.0,,1896000.0,,,56147000.0,,-2664000.0,15345000,,9200000.0,3314559000,2734816000,,473663000.0,159510000.0,923735000,-127364000.0,,,,0.9,,0.01,640000000.0,171582000,171582000,1716000,586682000.0,718000.0,587400000.0,2582000.0,190343000.0,7341802000,-22462000.0,45996000.0,151312000.0,210570000.0,13262000.0,-9759000.0,0.0,,-12031000.0,,31173000.0,,-2272000.0,,71638000.0,,,40465000.0,,,37299000.0,5134000.0,19011000.0,7726000.0,1443000.0,1025000.0,,,,,,,31173000.0,,19600000.0,,54019000.0,,,156840000.0,1.04,1.02,,0.21,-24031000.0,,56000000.0,,,,,,36237000.0,,,,-1853000.0,151312000.0,,,7927000,,313178000.0,,505151000.0,818329000.0,198539000,,239255000.0,19008000.0,171849000.0,3126000.0,,0.0,-266000.0,8682000.0,20300000.0,214971000,86036000,42097000.0,43928000.0,,-19691000.0,,2781000.0,,,,,19153000,1393259000,144521000.0,,,,,,,,,,,,67579000.0,3314559000,1326839000,,,882000,1796000.0,688000.0,-627738000,-48399000,572804000,179210000,1591000.0,618199000.0,618199000.0,,21766000,152813000.0,796563000,,,,,,,317825000.0,75227000.0,26580000.0,38352000.0,47552000.0,62974000.0,67140000.0,,89377000.0,,,,,,-32390000.0,,,-13364000.0,,,,,,,-32390000.0,,,,,,178373000,-647000.0,2613000,,1172000,,647898000,156840000.0,1796000.0,3248000.0,47474000,27000.0,688000.0,0.01,2000000.0,0,0.0,70041000.0,27246000.0,,,59000.0,,,215000.0,182732000,179577000.0,951082000.0,504105000,3808000,2088707000,2235597000.0,,,,,,45346000,56147000,,,,,,,,0.017,,,,,,0.0142,0.0051,,6570000.0,43.89,,92000000.0,,34000.0,,152000.0,,0.0,,,9.57,219719000.0,9353000.0,44.6,158995000.0,,,,,43.68,43.36,45.68,0.0,,10990000.0,1986838000,1987720000.0,11562000.0,3422000.0,33291000.0,,,,647898000.0,,,,49912000.0,,3700000.0,177833000,174133000,,,,,
2019-05-08,False,171995902,,,768665000.0,1353725000,23502000.0,,,,220085000.0,457513000,-103986000.0,,3978000.0,,,13382000.0,,,12727000,,,3642912000,2728994000,,,131535000.0,1189429000,265694000.0,,,,,,0.01,,171648000,171648000,1716000,141194000.0,282000.0,141476000.0,,157040000.0,1832450000,-22462000.0,,,,,,,,2108000.0,,,,,,,,,37781000.0,,,,,,,,,,,,,,,,,,,13393000.0,,,,0.81,0.8,0.283,,2535000.0,,,,,,,,,,,,,,,,7927000,,,,,195372000.0,55261000,,37253000.0,,,,,,,,,-230477000,-122283000,-31259000.0,-36725000.0,,16993000.0,-2467000.0,,,,,,6106000,356910000,,,26349000.0,419542000.0,142322000.0,,43512000.0,52367000.0,58219000.0,67926000.0,55196000.0,71356000.0,,3642912000,1227927000,,,1164000,,,-17144000,-9180000,289483000,139699000,412000.0,139699000.0,139699000.0,,7771000,41523000.0,187601000,19955000.0,348186000.0,58635000.0,289551000.0,19246000.0,349140000.0,317825000.0,75227000.0,26580000.0,38352000.0,47552000.0,62974000.0,67140000.0,,,0.0499,,,,,1365000.0,,,521000.0,,,,,,,1365000.0,,,,,,43611000,-189000.0,1665000,,-255000,,44334000,,,,9435000,,,,,0,0.0,54305000.0,18217000.0,,,,,,,27190000,140111000.0,,500853000,-1888000,2222562000,2020051000.0,,,18636000.0,,,11076000,13382000,,,0.0,,,,,,,,,,,,,,,,,,,,,,,,,,,,,,,,,,,,,,,,,2124270000,2125434000.0,0.0,,,,,,44334000.0,,,,,6394000.0,3570000.0,175388000,171818000,,,,,
2019-08-07,False,170720139,,,811144000.0,1382070000,19891000.0,,,,217463000.0,465983000,-104096000.0,,,12433000.0,,23824000.0,,,13391000,,,3646990000,2711460000,,,143651000.0,1082650000,-106779000.0,,,,0.5,0.5,0.01,,170040000,170040000,1701000,153039000.0,257000.0,153296000.0,,169055000.0,1843378000,-22462000.0,,,,,,,,3697000.0,,,,,,,,,33617000.0,,,,,,,,,,,,,,,,,,,12677000.0,,,85184000.0,0.9,0.88,0.236,,-377000.0,,,,,,,,,,,,,,,,7927000,,,200979000.0,,,47449000,,97715000.0,,,,,,,,,28187000,39900000,13010000.0,13003000.0,,-49606000.0,1676000.0,,,,,,6516000,356351000,,,26576000.0,455726000.0,169715000.0,,49930000.0,58276000.0,64607000.0,74341000.0,38857000.0,78683000.0,,3646990000,1278820000,,,1421000,,,-250160000,-11949000,155707000,153149000,381000.0,153149000.0,153149000.0,,8778000,40897000.0,192201000,20093000.0,377043000.0,61267000.0,315776000.0,20046000.0,377423000.0,317825000.0,75227000.0,26580000.0,38352000.0,47552000.0,62974000.0,67140000.0,,,0.0496,,,,,-769000.0,,,-82000.0,,-535000.0,-145000.0,,,,-234000.0,,,,,,47926000,29000.0,2262000,,-1038000,,190589000,85184000.0,,6674000.0,12987000,,,,,0,0.0,103089000.0,17330000.0,,,,,,,32287000,153530000.0,,499233000,1584000,2140935000,2035579000.0,,,43398000.0,,,11643000,23824000,,,,,,,,,,,,,,,,,,,,,,,,,,,,,,,,,,,,,,,,,,,,2050973000,2052394000.0,0.0,,,,,,190589000.0,,,,,6483000.0,3463000.0,174466000,171003000,,,,,
2019-11-06,False,170301245,,,744002000.0,1319032000,17273000.0,,,,207752000.0,468059000,-118774000.0,,,23301000.0,,12155000.0,,,11853000,,,3706453000,2769213000,,,130690000.0,1215970000,,1215970000.0,133320000.0,0.0,0.5,0.5,0.01,,170243000,170243000,1702000,145543000.0,481000.0,146024000.0,,152717000.0,1868305000,,,,,,,,,-5822000.0,,,,,,,,,44351000.0,,,,,,,,,,,,,,,,,,,12386000.0,1400499000.0,,85184000.0,0.94,0.92,0.249,,-11604000.0,,,,,,,,,,,,,,,,7927000,,,213946000.0,,,53319000,,61201000.0,,,,,,,,,-43885000,-58816000,-10301000.0,-13211000.0,,-671000.0,744000.0,,,,,,5501000,356331000,,,27774000.0,451996000.0,174492000.0,,52427000.0,61044000.0,67505000.0,77416000.0,19112000.0,76574000.0,,3706453000,1183586000,,,1902000,633000.0,613000.0,-1286000,-15289000,161499000,160221000,406000.0,160221000.0,160221000.0,-22462000.0,7396000,41987000.0,206550000,20784000.0,375422000.0,61842000.0,313580000.0,19642000.0,374231000.0,317825000.0,75227000.0,26580000.0,38352000.0,47552000.0,62974000.0,67140000.0,,,0.0494,,,,,-14603000.0,,,-5803000.0,,0.0,-145000.0,,,,-14603000.0,,,,,,46969000,-652000.0,1895000,,-232000,,61999000,85184000.0,633000.0,6674000.0,15521000,,613000.0,,,0,0.0,103521000.0,16578000.0,,,,,,,60713000,160627000.0,,494153000,757000,2301156000,2074855000.0,,,14630000.0,,,10133000,12155000,,,,,,,,,,,,,,,,,,,,,,,,,,,,,,,,,,,,,,,,,,,,2207385000,2209287000.0,,,37875000.0,,,,61999000.0,,,,,6990000.0,3068000.0,173483000,170415000,,,,,
2020-02-21,True,169764263,12821403723.0,,735695000.0,1315091000,23627000.0,,,,189446000.0,478906000,-131187000.0,,,3203000.0,,61543000.0,,,11143000,,,3691884000,2769923000,,478361000.0,131783000.0,1230491000,,1230491000.0,306756000.0,,1.0,,0.01,640000000.0,169622000,169622000,1696000,564689000.0,1309000.0,565998000.0,794000.0,154183000.0,7408734000,-22462000.0,35324000.0,150261000.0,199296000.0,13711000.0,3149000.0,0.0,,4482000.0,,85806000.0,,1333000.0,,93840000.0,,,8034000.0,,,9248000.0,5802000.0,18569000.0,5333000.0,916000.0,1006000.0,,1840000.0,,,,,31615000.0,,19624000.0,,50950000.0,5538958000.0,,170553000.0,0.81,0.79,,0.21,-1122000.0,,50000000.0,,,,,,38473000.0,,,,-9251000.0,150261000.0,,,7927000,,327878000.0,795794000.0,467916000.0,795794000.0,203778000,,222083000.0,26599000.0,167117000.0,2838000.0,,,-1972000.0,11885000.0,15700000.0,-265919000,-181987000,-28811000.0,-37097000.0,,-18472000.0,-4830000.0,,,,,,22803000,1422315000,145172000.0,,107755000.0,467226000.0,145661000.0,81713000.0,44302000.0,56570000.0,66099000.0,72881000.0,,75512000.0,,3691884000,1168318000,,,2191000,1796000.0,688000.0,-418042000,-46015000,771935000,137326000,1621000.0,590395000.0,590395000.0,22000000.0,29102000,166182000.0,180340000,81912000.0,391714000.0,65367000.0,326347000.0,79040000.0,390035000.0,317825000.0,75227000.0,26580000.0,38352000.0,47552000.0,62974000.0,67140000.0,,89377000.0,0.0478,,,,,-26553000.0,,,25731000.0,,-535000.0,-145000.0,,,,-26018000.0,,,,,,186327000,-941000.0,6299000,,-428000,,389060000,170553000.0,1796000.0,6674000.0,47022000,,688000.0,0.01,2000000.0,0,0.0,92558000.0,16621000.0,,4000000.0,,,,579000.0,148245000,137748000.0,978250000.0,499344000,-1000,2321316000,2044941000.0,,,103788000.0,,,44002000,61543000,,,,,,,,,,,,,,,,,6159000.0,44.62,,79000000.0,,10000.0,,62000.0,,,0.0,,,224309000.0,6763000.0,44.85,205731000.0,,,,,43.85,45.98,46.89,0.0,,15044000.0,2195028000,2197219000.0,12147000.0,2518000.0,37875000.0,,,,389060000.0,116200000.0,0.0,,96380000.0,25843000.0,3310000.0,174209000,170899000,,,,,
2020-05-07,False,166426186,,,700944000.0,1268798000,21864000.0,,,,201756000.0,481490000,-169746000.0,,,682000.0,,11156000.0,,,3578000,,,3509967000,2618817000,,,143986000.0,1111973000,,1111973000.0,-118518000.0,,,,0.01,,166193000,166193000,1662000,83785000.0,148000.0,83933000.0,,170866000.0,1742809000,6074000.0,,,,,,,,-5139000.0,,,,,,,,,9680000.0,,,,,,,,,,,,,,,,,,,12660000.0,1286728000.0,,,0.73,0.71,0.266,,-16011000.0,,,,,,,,,,,,,,,,7927000,,,167246000.0,,,44464000,,35304000.0,,,,,,,,,-16680000,917000,16068000.0,21201000.0,,10488000.0,11930000.0,,,,,,4807000,342040000,,,,,,,,,,,,,,3509967000,1159178000,,,2339000,,,-261237000,-6270000,165000000,122344000,438000.0,122344000.0,122344000.0,,8191000,42524000.0,159055000,,,63748000.0,313644000.0,,372748000.0,,,,,,,,,,,,,,,-38849000.0,,,1174000.0,,,,,,,-38849000.0,,,,,,50614000,-433000.0,3384000,,143000,,283240000,,,1396000.0,6127000,,,,,0,0.0,94060000.0,16207000.0,,,,,,,23399000,122782000.0,,484588000,1820000,2202208000,1901864000.0,,,,,,8243000,11156000,,,0.0,,,,,,,,,,,,,,,,,,,,,,,,,,,,,,,,,,,,,,,,,2034806000,2037145000.0,,,,22003000.0,,,283240000.0,,,,,,2715000.0,171450000,168735000,,,,,
2020-08-06,False,167659204,,,755971000.0,1460324000,32287000.0,,,,257923000.0,494773000,-153158000.0,,,12221000.0,,21638000.0,,,5347000,,,3810177000,2858271000,,,147932000.0,1180455000,,1180455000.0,68482000.0,,0.52,0.52,0.01,,166816000,166816000,1668000,200457000.0,141000.0,200598000.0,,172148000.0,2333006000,,,,,,,,5300000.0,9287000.0,,,,,,,,,,,,,,,,,,,,,,,,,,,,14109000.0,1831041000.0,,86815000.0,1.1,1.09,0.266,,1726000.0,,,,,,,,,,,,,,,,7927000,,,250982000.0,,,66794000,,38504000.0,,,,,,,,,185055000,106760000,2333000.0,-595000.0,,20154000.0,-16061000.0,,,,,,2559000,395107000,,,,,,,,,,,,,,3810177000,1288069000,,,2480000,,,-97783000,-22182000,186721000,183869000,319000.0,183869000.0,183869000.0,,3356000,41375000.0,247626000,,,69740000.0,360510000.0,,424516000.0,,,,,,,,,,,,,,,16410000.0,,,-5148000.0,,0.0,-145000.0,,,,16410000.0,,,,,,48261000,-118000.0,797000,,68000,,30985000,86815000.0,,9170000.0,22114000,,,,,0,0.0,69560000.0,16401000.0,,,,,,,29187000,184188000.0,,497762000,2389000,2298387000,2580632000.0,,,,,,3113000,21638000,,,,,,,,,,,,,,,,,,,,,,,,,,,,,,,,,,,,,,,,,,,,2159118000,2161598000.0,,,,20017000.0,,,30985000.0,,,,,,2523000.0,169290000,166767000,,,,,
2020-11-04,False,169265692,,,888761000.0,1582424000,33100000.0,,,,236826000.0,510103000,-135281000.0,,,145924000.0,,12297000.0,,,5171000,,,4358554000,3409902000,,,232351000.0,1465510000,,1465510000.0,285055000.0,,0.52,0.52,0.01,,169231000,169231000,1692000,209184000.0,-36000.0,209148000.0,,267266000.0,2212852000,,,,,,,,3130000.0,-1276000.0,,,,,,,,,,,,,,,,,,,,,,,,,,,,15851000.0,1730418000.0,,86815000.0,1.14,1.12,0.246,,10030000.0,,,,,,,,,,,,,,,,7927000,,,254429000.0,,,62710000,,106434000.0,,,,,,,,,106065000,94263000,81486000.0,91638000.0,,-41286000.0,17373000.0,,,,,,1504000,373613000,,,,,,,,,,,,,,4358554000,1496708000,,,2444000,,,121430000,-8004000,161599000,191307000,412000.0,191307000.0,191307000.0,,2484000,42484000.0,251945000,,,70755000.0,357373000.0,,422002000.0,,,,,,,,,,,,,,,17429000.0,,,4200000.0,,0.0,-145000.0,,,,17429000.0,,,,,,47541000,-2919000.0,980000,,-1174000,,314225000,86815000.0,,10566000.0,9178000,,,,,0,0.0,129617000.0,16404000.0,,,,,,,121430000,191719000.0,,499189000,398000,2489694000,2464797000.0,,,,,,2945000,12297000,,,,,,,,,,,,,,,,,,,,,,,,,,,,,,,,,,,,,,,,,,,,2502029000,2504473000.0,,,,121430000.0,,,314225000.0,,,,,,2425000.0,170735000,168310000,,,,,
2021-02-19,True,169370882,12607970514.0,,1136859000.0,1998055000,45437000.0,,,,257021000.0,516988000,-99753000.0,,,157496000.0,,62498000.0,,,5579000,,,4927503000,3963544000,,492747000.0,327448000.0,1527791000,,1527791000.0,297300000.0,,1.04,,0.01,640000000.0,169294000,169294000,1693000,727574000.0,1399000.0,728973000.0,1292000.0,379722000.0,9176044000,,37551000.0,193996000.0,249979000.0,18432000.0,8440000.0,0.0,0.0,8371000.0,,94587000.0,7048000.0,-69000.0,,87539000.0,8034000.0,,,,,4604000.0,8123000.0,14265000.0,6242000.0,954000.0,1128000.0,7048000.0,917000.0,49865000.0,,,,43805000.0,,20713000.0,,56959000.0,7188790000.0,,174929000.0,1.17,1.16,,0.21,19852000.0,,54000000.0,,,,,,45991000.0,,,,-25398000.0,193996000.0,,,7927000,,325009000.0,956564000.0,631555000.0,956564000.0,258350000,,239849000.0,48584000.0,200879000.0,4324000.0,,,-1483000.0,14507000.0,16700000.0,647193000,430495000,189447000.0,217699000.0,,8502000.0,630000.0,,,,,,10415000,1538104000,150030000.0,,118293000.0,506454000.0,157576000.0,89317000.0,50006000.0,55981000.0,70654000.0,82920000.0,,68265000.0,,4927503000,1893043000,,,3590000,1796000.0,688000.0,-331537000,-46027000,655012000,198620000,2074000.0,696140000.0,696140000.0,,16127000,169863000.0,281811000,91436000.0,438189000.0,74004000.0,364185000.0,90101000.0,432723000.0,,,,,,,,,89377000.0,0.0408,,,,,30759000.0,,,4254000.0,,0.0,-145000.0,,,,30759000.0,,,,,,203892000,-3960000.0,5712000,,-1516000,,332387000,174929000.0,1796000.0,10566000.0,47543000,,688000.0,0.01,2000000.0,0,0.0,110250000.0,16884000.0,,4000000.0,,,,,186345000,199525000.0,1023413000.0,506425000,5584000,2600201000,3169188000.0,,,109515000.0,,,18436000,62498000,,,,,,,,,,,,,,,,,3553000.0,44.49,,117000000.0,,17000.0,,4000.0,,,0.0,,,179836000.0,3553000.0,44.49,179836000.0,,,,,45.26,43.63,47.27,0.0,,18363000.0,2659637000,2663227000.0,12824000.0,3189000.0,,175779000.0,,118591000.0,332387000.0,,,43.82,118671000.0,26857000.0,2563000.0,170896000,168333000,,,,,
2021-05-06,False,168885812,,,1295178000.0,2227039000,64170000.0,,,,311767000.0,523829000,-115486000.0,,,101269000.0,,11185000.0,,,5941000,,,5454997000,4494195000,,,387845000.0,1793393000,,1793393000.0,265602000.0,,,,0.01,,168808000,168808000,1688000,271487000.0,266000.0,271753000.0,,447779000.0,2972025000,,,,,,,,,8151000.0,,,12039000.0,,,,,,,,,,,,,,,,,,,,,,,,,12987000.0,2406004000.0,,,1.7,1.67,0.263,,-14202000.0,,,,,,,,,,,,,,,,7927000,,,390461000.0,,,102511000,,46607000.0,,,,,,,,,252914000,233153000,71258000.0,79590000.0,,46638000.0,1488000.0,,,,,,1946000,452105000,,,,,,,,,,,,,,5454997000,2195022000,,,3856000,,,-67515000,-8425000,355744000,287220000,730000.0,287220000.0,287220000.0,,4946000,45280000.0,385515000,,,76128000.0,369286000.0,,438667000.0,,,,,,,,,,,,,,,-16197000.0,,,-3393000.0,,,,,,,-16197000.0,,,,,,52579000,-551000.0,3000000,,34000,,85997000,,,1275000.0,8391000,,,,,0,0.0,85918000.0,16832000.0,,,,,,,19757000,287950000.0,,497376000,1199000,2887323000,3357540000.0,,,,,,3070000,11185000,,,0.0,,,,,,,,,,,,,,,,,,,,,,,,,,,,,,,,,,,,,,,,,2874794000,2878650000.0,,,,18482000.0,,,85997000.0,,,,,,2337000.0,171551000,169214000,,,,,
2021-08-05,False,169891158,,,1408572000.0,2647516000,57608000.0,,,,319696000.0,534790000,-106066000.0,,,79357000.0,,30909000.0,,,6104000,,,5953171000,4985262000,,,534692000.0,1674121000,,1674121000.0,-119272000.0,,0.58,0.58,0.01,,169169000,169169000,1692000,325792000.0,341000.0,326133000.0,,619140000.0,3198448000,,,,,,,,,1850000.0,,,13961000.0,,,,,,,,,,,,,,,,,,,,,,,,,12675000.0,2598633000.0,,98387000.0,1.87,1.84,0.237,,8699000.0,,,,,,,,,,,,,,,,7927000,,,415482000.0,,,98508000,,143959000.0,,,,,,,,,410783000,100118000,150382000.0,174504000.0,,-47994000.0,-1164000.0,,,,,,2188000,481186000,,,,,,,,,,,,,,5953171000,2485226000,,,4197000,,,-152041000,-6401000,30471000,316372000,602000.0,316372000.0,316372000.0,,4837000,45366000.0,410645000,,,80210000.0,370333000.0,,443708000.0,,,,,,,,,,,,,,,9159000.0,,,221000.0,,,,,,,9159000.0,,,,,,57416000,-346000.0,2649000,,-138000,,62472000,98387000.0,,13893000.0,6539000,,,,,0,0.0,128933000.0,16992000.0,,,,,,,22711000,316974000.0,,499282000,1090000,3104471000,3609093000.0,,,,,,3172000,30909000,,,,,,,,,,,,,,,,,,,,,,,,,,,,,,,,,,,,,,,,,,,,3079454000,3083651000.0,,,,8818000.0,,,62472000.0,,,,,,2467000.0,171677000,169210000,,,,,
2021-11-04,False,169403822,,,1806977000.0,3330398000,67332000.0,,,,342151000.0,533450000,-122800000.0,,,74925000.0,,15204000.0,,,7285000,,,7076383000,6111539000,,,841689000.0,1820106000,,1820106000.0,145985000.0,,0.58,0.58,0.01,,169392000,169392000,1694000,342334000.0,668000.0,343002000.0,,977660000.0,3829624000,,,,,,,,,-7658000.0,,,5651000.0,,,,,,,,,,,,,,,,,,,,,,,,,12753000.0,3185490000.0,,98387000.0,2.12,2.09,0.27,,-7573000.0,,,,,,,,,,,,,,,,7927000,,,492832000.0,,,132922000,,104617000.0,,,,,,,,,714300000,436343000,328932000.0,381192000.0,,33378000.0,14884000.0,,,,,,2462000,519611000,,,,,,,,,,,,,,7076383000,3275482000,,,3234000,1631000.0,,-13786000,-10027000,177371000,359068000,842000.0,359068000.0,359068000.0,,3195000,46730000.0,489637000,,,81362000.0,374658000.0,,448228000.0,,,,,,,,,,,,,,,-16908000.0,,,-1592000.0,,,,,,,-16908000.0,,,,,,60803000,-626000.0,733000,,157000,,76595000,98387000.0,1631000.0,4000.0,9870000,,,,,0,0.0,119346000.0,17112000.0,,,,7479000.0,,,56965000,359910000.0,,491577000,3739000,3463539000,4319261000.0,,,,,,4237000,15204000,,,,,,,,,,,,,,,,,,,,,,,,,,,,,,,,,,,,,,,,,,,,3417358000,3420592000.0,,,,56961000.0,,,76595000.0,,,,,,1932000.0,171565000,169633000,,,,,
2022-03-15,True,167398064,21309503040.0,,2012461000.0,3810286000,86166000.0,,,,403625000.0,541677000,-130414000.0,,,3160000.0,,69385000.0,,,6686000,,,7609929000,6635045000,,494797000.0,987266000.0,1728692000,,1728692000.0,200901000.0,,1.16,,0.01,640000000.0,167210000,167210000,1672000,1384831000.0,1606000.0,1386437000.0,4764000.0,1142026000.0,14614191000,,126840000.0,328137000.0,509461000.0,54484000.0,-3981000.0,0.0,729000.0,-3690000.0,,105640000.0,7048000.0,291000.0,,106369000.0,729000.0,,,,,8729000.0,9182000.0,11291000.0,6504000.0,2168000.0,1430000.0,7048000.0,0.0,64080000.0,,,,41560000.0,,22587000.0,,51312000.0,12058155000.0,,195766000.0,8.37,8.27,,0.21,-17402000.0,,52000000.0,,,,,,122859000.0,,,,-11806000.0,328137000.0,,,7927000,,823009000.0,1924616000.0,1101607000.0,,505771000,,442549000.0,46644000.0,404169000.0,8981000.0,-6238000.0,,8943000.0,43272000.0,27900000.0,1869827000,1041805000,700273000.0,803837000.0,,57867000.0,12097000.0,,,,,,8807000,2062351000,147310000.0,,137826000.0,530886000.0,153090000.0,97047000.0,51708000.0,66112000.0,73346000.0,89583000.0,,63226000.0,,7609929000,3726297000,,,3565000,1631000.0,,-613546000,-36645000,868494000,1415492000,3353000.0,1415492000.0,1415492000.0,,15290000,186287000.0,1909326000,98219000.0,467660000.0,82019000.0,385641000.0,95804000.0,459158000.0,,,,,,,,,,0.0371,,,,,-32408000.0,,,-5275000.0,,-535000.0,-145000.0,,,,-32408000.0,,,,,,240060000,-3790000.0,6483000,,398000,,514594000,195766000.0,1631000.0,15172000.0,36247000,,,0.01,2000000.0,0,,108801000.0,19200000.0,,4000000.0,,7512000.0,,,106105000,1418845000.0,1029547000.0,487870000,7540000,3620008000,16523517000.0,,,117409000.0,,,16026000,69385000,,,,,,,,,,,,,,,,,2329000.0,44.07,,82000000.0,,4000.0,,0.0,,,0.0,,,210128000.0,2329000.0,44.07,210128000.0,,,,,45.28,51.32,,0.0,,54775000.0,3494426000,3497991000.0,13523000.0,1220000.0,,90933000.0,,122969000.0,514594000.0,,,,300000000.0,39607000.0,2105000.0,171250000,169145000,0.0,,,,
2022-05-09,False,167753884,,,1980439000.0,3934856000,96205000.0,,,,607882000.0,553048000,-137429000.0,,,13343000.0,,11603000.0,,,5677000,,,7955993000,6962729000,,,817435000.0,2139626000,,2139626000.0,410934000.0,,,,0.01,,167477000,167477000,1675000,339094000.0,2374000.0,341468000.0,,952370000.0,4202538000,,,,,,,,5573000.0,-3236000.0,,,,,,,,,,,,,,,,,,,,,,,,,,,,12975000.0,3516111000.0,,,2.07,2.05,0.258,,-6438000.0,,,,,,,,,,,,,,,,7927000,,,471179000.0,,,121699000,,77960000.0,,,,,,,,,132348000,140191000,-173930000.0,-193357000.0,,46259000.0,-8410000.0,,,,,,1892000,538940000,,,,,,,,,,,,,,7955993000,3721972000,,,5939000,,,17759000,-14333000,413946000,346109000,3371000.0,346109000.0,346109000.0,,9419000,50928000.0,461760000,,,85076000.0,384690000.0,,458637000.0,,,,,,,,,,,,,,,-8012000.0,,,1500000.0,,,,,,,-8012000.0,,,,,,79536000,-455000.0,7527000,,-79000,,0,,,7482000.0,14412000,,,,,0,0.0,70812000.0,17002000.0,,,,19490000.0,,,5751000,349480000.0,,504125000,-416000,3965803000,4664298000.0,,,,,,4048000,11603000,,,,,,,,,,,,,,,,,,,,,,,,,,,,,,,,,,,,,,,,,,,,3843392000,3849331000.0,,,,-1731000.0,,,85997000.0,,,,,,1717000.0,169216000,167499000,,,,,
2022-08-04,False,163595482,,,1914979000.0,3469833000,66864000.0,,,,473644000.0,554252000,-193834000.0,,,137000.0,,25518000.0,,,7636000,,945000.0,7361142000,6330149000,,,745577000.0,1976971000,,1976971000.0,-162655000.0,,,0.67,0.01,,162931000,162931000,1629000,321400000.0,4076000.0,325476000.0,,867467000.0,4097330000,,,,,,,,19413000.0,-8622000.0,,,,,,,,,,,,,,,,,,,,,,,,,,,,14254000.0,3440948000.0,109828000.0,,2.29,2.27,0.249,,,,,,,,,,,,,,,,,,7927000,,,508808000.0,,,126582000,,236791000.0,,,,,,,,,-378291000,-133171000,-37138000.0,-45574000.0,,-93430000.0,1001000.0,,,,,,2720000,508222000,,,,,,,,,,,,,,7361142000,3411066000,,,10015000,,,-636491000,-38292000,558646000,377805000,4421000.0,377805000.0,377805000.0,,2826000,51598000.0,505982000,,,88112000.0,414813000.0,,491630000.0,,,,,,,,,,,,,,,-56750000.0,,,-6281000.0,,,,,,,-56750000.0,,,,,,76421000,1746000.0,106000,,134000,,549065000,109828000.0,,11851000.0,38158000,,,,,0,0.0,137768000.0,16695000.0,,,,28571000.0,,,5682000,382226000.0,,495328000,4763000,3717316000,4603312000.0,,,,,,5887000,25518000,,,,,,,,,,,,,,,,,,,,,,,,,,,,,,,,,,,,,,,,,,,,3525248000,3535263000.0,,,,-6169000.0,,,549065000.0,,,,,,1382000.0,166474000,165092000,,-46518000.0,,,
2022-11-08,False,159136384,,,1544757000.0,2748322000,74507000.0,,,,404207000.0,548585000,-258129000.0,,,118000.0,,14175000.0,,,9760000,,976000.0,6607526000,5587556000,,,499935000.0,2154534000,,2154534000.0,177563000.0,,,0.67,0.01,,159128000,159128000,1591000,349914000.0,-259000.0,349655000.0,,594244000.0,3835223000,,,,,,,,27295000.0,-3070000.0,,,,,,,,,,,,,,,,,,,,,,,,,,,,15187000.0,3194273000.0,0.0,,2.56,2.54,0.226,,,,,,,,,,,,,,,,,,7927000,,,534856000.0,,,120694000,,150960000.0,,,,,,,,,-634421000,-350922000,-226087000.0,-249895000.0,,-31397000.0,5369000.0,,,,,,7835000,499341000,,,,,,,,,,,,,,6607526000,2706250000,,,9213000,543000.0,,-428816000,-16518000,670384000,414209000,-47000.0,414209000.0,414209000.0,,7933000,52715000.0,526923000,,,88535000.0,409883000.0,,486980000.0,,,,,,,,,,,,,,,-64507000.0,,,-5648000.0,,,,,,,-64507000.0,,,,,,67468000,-1435000.0,98000,,590000,,469041000,0.0,543000.0,0.0,15928000,,,,,0,0.0,184765000.0,16827000.0,,,,,,,61885000,414162000.0,,480941000,5570000,3738600000,4362146000.0,,,,,,6239000,14175000,,,,,,,,,,,,,,,,,,,,,,,,,,,,,,,,,,,,,,,,,,,,3482180000,3491393000.0,,,,61884000.0,,,469041000.0,,,,,,1221000.0,163250000,162029000,,-47487000.0,0.0,21117000.0,
2023-03-01,True,154398044,15790525926.0,,1108996000.0,2107645000,47075000.0,,,,479262000.0,567758000,-202553000.0,,,139000.0,,64397000.0,,,9466000,,1072000.0,5590434000,4518017000,,505525000.0,257545000.0,2034131000,,2034131000.0,305439000.0,,1.34,,0.01,640000000.0,154313000,154313000,1543000,1285260000.0,1894000.0,1287154000.0,4029000.0,323101000.0,15246913000,,149840000.0,295546000.0,508526000.0,63140000.0,-27904000.0,0.0,37449000.0,-33240000.0,,105217000.0,,-5336000.0,,142666000.0,37449000.0,,,,,12184000.0,10280000.0,9707000.0,9601000.0,3550000.0,1592000.0,,,68675000.0,,,,36542000.0,,24774000.0,,57338000.0,12576897000.0,213799000.0,,8.33,8.26,,0.21,,,52000000.0,,,,,,121936000.0,,,,-1616000.0,295546000.0,,,7927000,,987186000.0,1835891000.0,848705000.0,,475286000,,566533000.0,32293000.0,385537000.0,,454000.0,,3318000.0,45665000.0,41600000.0,-1592341000,-798123000,-714960000.0,-798356000.0,,-55129000.0,-12580000.0,,,,23277000.0,,25554000,2056387000,139635000.0,,155411000.0,585327000.0,159363000.0,112010000.0,56552000.0,71776000.0,88513000.0,97113000.0,,66862000.0,,5590434000,2054055000,,,3514000,1945000.0,,-1684540000,-87714000,2129675000,1357399000,3206000.0,1357399000.0,1357399000.0,,11520000,209532000.0,1824371000,107858000.0,518465000.0,95621000.0,422844000.0,106772000.0,507503000.0,,,,,,,,,,0.0363,,,,,-73451000.0,,,-5037000.0,,,,,,,-73451000.0,,,,,,322466000,-1252000.0,9243000,,890000,,1581908000,213799000.0,1945000.0,19335000.0,86824000,,,0.01,2000000.0,0,0.0,118696000.0,17622000.0,,,,,,,80980000,1360605000.0,1069674000.0,501916000,11050000,3310892000,17071284000.0,,,151654000.0,,,24293000,64397000,,,,,,,,,,,,,,,,,1784000.0,44.86,,34000000.0,,6000.0,,,,,0.0,,,105400000.0,1784000.0,44.86,105400000.0,,,,,41.48,41.53,,0.0,,57804000.0,3110021000,3113535000.0,14174000.0,539000.0,,61645000.0,,137498000.0,1581908000.0,,,,150000000.0,47553000.0,1417000.0,164427000,163010000,0.0,-51982000.0,81756000.0,30289000.0,
2023-05-04,False,152792181,,,950907000.0,1604467000,33197000.0,,,,432816000.0,577841000,-190498000.0,,,0.0,,12488000.0,,,8358000,,,5332577000,4257011000,,,195670000.0,2350794000,,2350794000.0,316663000.0,,,,0.01,,152712000,152712000,1527000,238066000.0,-315000.0,237751000.0,,244667000.0,2316620000,,,,,,,,38093000.0,2036000.0,,,,,,,,,,,,,,,,,,,,,,,,,,,,15261000.0,1719102000.0,0.0,,1.47,1.45,0.248,,,,,,,,,,,,,,,,,,7927000,,,300578000.0,,,74580000,,70786000.0,,,,,,,,,-508606000,-202923000,-67621000.0,-84447000.0,,91000.0,550000.0,,,,2645000.0,,18775000,449848000,,,,,,,,,,,,,,5332577000,1760056000,,,3199000,,,-226566000,-9551000,546412000,226011000,-13000.0,226011000.0,226011000.0,,24609000,57632000.0,275969000,,,98469000.0,422153000.0,,509019000.0,,,,,,,,,,,,,,,11753000.0,,,-4268000.0,,,,,,,11753000.0,,,,,,68393000,-1159000.0,8479000,,-575000,,213502000,,,7445000.0,10126000,,,,,0,0.0,106080000.0,20045000.0,,,,,,,9288000,225998000.0,,500482000,1072000,3336140000,2592589000.0,,,,,,6384000,12488000,,,,,,,,,,,,,,,,,,,,,,,,,,,,,,,,,,,,,,,,,,,,3147169000,3150368000.0,,,,1844000.0,,,215250000.0,,,,,,1308000.0,155472000,154164000,,6368000.0,11495000.0,26402000.0,
2023-08-08,False,147897176,,,815514000.0,1423622000,22936000.0,,,,422134000.0,590490000,-198001000.0,,,0.0,,18595000.0,,,5802000,,945000.0,4564040000,3482546000,,,175723000.0,1698587000,,1698587000.0,-652207000.0,,,0.69,0.01,,147222000,147222000,1472000,189297000.0,-1027000.0,188270000.0,,218561000.0,1991255000,,,,,,,,43550000.0,-3560000.0,,,,,,,,,,,,,,,,,,,,,,,,,,,,15506000.0,1419182000.0,102263000.0,,1.31,1.3,0.264,,,,,,,,,,,,,,,,,,7927000,,,266183000.0,,,70390000,,173670000.0,,,,,,,,,-174321000,-149986000,-18166000.0,-23803000.0,,-93817000.0,-4834000.0,,,,395000.0,,17792000,428558000,,,,,,,,,,,,,,4564040000,1579107000,,,2172000,,,-791521000,-11275000,158446000,196800000,-1007000.0,196800000.0,196800000.0,,17686000,58205000.0,248497000,,,99962000.0,426829000.0,,514958000.0,,,,,,,,,,,,,,,-7523000.0,,,-1828000.0,,,,,,,-7523000.0,,,,,,63489000,-2564000.0,289000,,794000,,687689000,102263000.0,,12056000.0,10481000,,,,,0,0.0,184614000.0,20520000.0,,,,,,,9176000,195793000.0,,494539000,-167000,2752461000,2239752000.0,,,,,,6314000,18595000,,,,,,,,,,,,,,,,,,,,,,,,,,,,,,,,,,,,,,,,,,,,2555932000,2558104000.0,,,,-2881000.0,,,693985000.0,,,,,,1128000.0,151563000,150435000,,-7857000.0,7054000.0,5743000.0,
2023-11-08,False,145389371,,,846461000.0,1458983000,13226000.0,,,,423685000.0,579961000,-213060000.0,,,0.0,,15879000.0,,,5724000,,818000.0,4578121000,3511916000,,,223768000.0,1639428000,,1639428000.0,-59159000.0,,,0.69,0.01,,145386000,145386000,1454000,156294000.0,-478000.0,155816000.0,,283797000.0,1973932000,,,,,,,,50796000.0,-6418000.0,,,,,,,,,,,,,,,,,,,,,,,,,,,,15607000.0,1402111000.0,102263000.0,,1.16,1.16,0.263,,,,,,,,,,,,,,,,,,7927000,,,231891000.0,,,61048000,,61603000.0,,,,,,,,,53722000,40919000,56917000.0,74701000.0,,-4017000.0,10979000.0,,,,1601000.0,,17156000,412505000,,,,,,,,,,,,,,4578121000,1667045000,,,1694000,543000.0,,-229349000,-7983000,189980000,171353000,-510000.0,171353000.0,171353000.0,,15822000,58387000.0,216069000,,,99876000.0,419602000.0,,506981000.0,,,,,,,,,,,,,,,-15027000.0,,,-928000.0,,,,,,,-15027000.0,,,,,,79173000,-2673000.0,267000,,-10000,,298103000,0.0,0.0,0.0,7993000,,,,,0,0.0,189737000.0,19577000.0,,,,,,,61841000,170843000.0,,480924000,1411000,2701386000,2190001000.0,,,,,,6149000,15879000,,,,,,,,,,,,,,,,,,,,,,,,,,,,,,,,,,,,,,,,,,,,2489780000,2491474000.0,,,,61841000.0,,,300166000.0,,,,,,902000.0,148001000,147099000,,-11807000.0,8404000.0,1491000.0,
2024-02-23,True,143899291,17717749906.0,,860856000.0,1532599000,15562000.0,,,,447336000.0,597473000,-192057000.0,,,0.0,,58399000.0,,,6550000,,771000.0,4523809000,3435196000,,519129000.0,218807000.0,1512883000,,1512883000.0,-521248000.0,,1.38,,0.01,640000000.0,143866000,143866000,1439000,763379000.0,-1362000.0,762017000.0,2306000.0,280909000.0,8360177000,,87461000.0,174223000.0,286165000.0,24481000.0,-20795000.0,0.0,63690000.0,-22916000.0,,99597000.0,,-2121000.0,,163287000.0,63690000.0,,,,,15400000.0,12532000.0,7199000.0,10878000.0,856000.0,1040000.0,,,71322000.0,,,,28275000.0,,24241000.0,,67760000.0,6054000000.0,202029000.0,,5.05,5.01,,0.21,,,53000000.0,,,,,,66666000.0,,,,-14943000.0,174223000.0,,,7927000,,512682000.0,1015028000.0,502346000.0,,263249000,,356380000.0,27711000.0,213156000.0,,-1321000.0,,1073000.0,17665000.0,24100000.0,-573724000,-300345000,-36952000.0,-40076000.0,,-77298000.0,7192000.0,,,,4800000.0,,70451000,1700516000,143068000.0,,173919000.0,605030000.0,150445000.0,119565000.0,55430000.0,73521000.0,93952000.0,112117000.0,,77297000.0,,4523809000,1704412000,,,1063000,1089000.0,,-1536565000,-39433000,1053191000,752883000,-1104000.0,752883000.0,752883000.0,,75095000,232358000.0,939933000,123411000.0,527733000.0,99749000.0,427984000.0,120793000.0,516280000.0,,,,,,,,,,0.0434,,,,,10238000.0,,,-5205000.0,,,,,,,10238000.0,,,,,,277630000,-8461000.0,9444000,,119000,,1392886000,202029000.0,1089000.0,19506000.0,39314000,,,0.01,2000000.0,0,0.0,170907000.0,21491000.0,,,,,,,84889000,751779000.0,1076698000.0,479225000,3943000,2580968000,9300110000.0,,,105888000.0,,,27913000,58399000,,,,,,,,,,,,,,,,,1135000.0,46.46,,46000000.0,,9000.0,,,,,0.0,,,91645000.0,1135000.0,46.46,91645000.0,,,,,42.15,35.39,,0.0,,22360000.0,2390350000,2391413000.0,14814000.0,640000.0,,65383000.0,,149644000.0,1404803000.0,,,,90000000.0,50508000.0,1045000.0,150186000,149141000,0.0,1559000.0,32199000.0,38143000.0,16200000.0
