filing_date,annual,EntityCommonStockSharesOutstanding_shares,EntityPublicFloat_USD,AccountsPayable_USD,AccountsPayableCurrent_USD,AccountsReceivableNetCurrent_USD,AccruedBonusesCurrent_USD,AccruedIncomeTaxesCurrent_USD,AccruedIncomeTaxesPayable_USD,AccruedInsuranceCurrent_USD,AccruedLiabilities_USD,AccruedLiabilitiesCurrent_USD,AccruedMarketingCostsCurrent_USD,AccruedPayrollTaxesCurrent_USD,AccumulatedDepreciationDepletionAndAmortizationPropertyPlantAndEquipment_USD,AccumulatedOtherComprehensiveIncomeLossNetOfTax_USD,AdditionalPaidInCapital_USD,AdditionalPaidInCapitalCommonStock_USD,AdjustmentsToAdditionalPaidInCapitalSharebasedCompensationRequisiteServicePeriodRecognitionValue_USD,AdjustmentsToAdditionalPaidInCapitalTaxEffectFromShareBasedCompensation_USD,AllowanceForDoubtfulAccountsReceivableCurrent_USD,AmortizationOfIntangibleAssets_USD,AntidilutiveSecuritiesExcludedFromComputationOfEarningsPerShareAmount_shares,Assets_USD,AssetsCurrent_USD,AssetsNoncurrent_USD,AvailableForSaleSecurities_USD,AvailableForSaleSecuritiesAmortizedCost_USD,AvailableForSaleSecuritiesCurrent_USD,AvailableForSaleSecuritiesDebtMaturitiesWithinOneYearAmortizedCost_USD,AvailableForSaleSecuritiesDebtMaturitiesWithinOneYearFairValue_USD,AvailableForSaleSecuritiesGrossUnrealizedGains_USD,AvailableForSaleSecuritiesGrossUnrealizedLoss_USD,AvailableForSaleSecuritiesGrossUnrealizedLosses1_USD,AvailableforsaleSecuritiesGrossUnrealizedGain_USD,BuildingsAndImprovementsGross_USD,CashAndCashEquivalentsAtCarryingValue_USD,CashAndCashEquivalentsPeriodIncreaseDecrease_USD,CashCashEquivalentsRestrictedCashAndRestrictedCashEquivalentsPeriodIncreaseDecreaseIncludingExchangeRateEffect_USD,CommonStockDividendsPerShareCashPaid_USD/shares,CommonStockDividendsPerShareDeclared_USD/shares,CommonStockParOrStatedValuePerShare_USD/shares,CommonStockSharesAuthorized_shares,CommonStockSharesIssued_shares,CommonStockSharesOutstanding_shares,CommonStockValue_USD,ComprehensiveIncomeNetOfTax_USD,ConstructionInProgressGross_USD,ContractWithCustomerRefundLiability_USD,CostOfGoodsAndServicesSold_USD,CumulativeTranslationAdjustmentNetOfTaxPeriodIncreaseDecrease_USD,CurrentFederalTaxExpenseBenefit_USD,CurrentForeignTaxExpenseBenefit_USD,CurrentIncomeTaxExpenseBenefit_USD,CurrentStateAndLocalTaxExpenseBenefit_USD,DebtInstrumentBasisSpreadOnVariableRate_pure,DebtInstrumentPrincipalOutstanding_USD,DeferredFederalIncomeTaxExpenseBenefit_USD,DeferredForeignIncomeTaxExpenseBenefit_USD,DeferredIncomeTaxExpenseBenefit_USD,DeferredIncomeTaxesAndTaxCredits_USD,DeferredIncomeTaxLiabilities_USD,DeferredIncomeTaxLiabilitiesNet_USD,DeferredRevenue_USD,DeferredStateAndLocalIncomeTaxExpenseBenefit_USD,DeferredTaxAssetsGross_USD,DeferredTaxAssetsInventory_USD,DeferredTaxAssetsLiabilitiesNet_USD,DeferredTaxAssetsNet_USD,DeferredTaxAssetsNetCurrent_USD,DeferredTaxAssetsOperatingLossCarryforwardsForeign_USD,DeferredTaxAssetsOther_USD,DeferredTaxAssetsTaxDeferredExpenseCompensationAndBenefitsShareBasedCompensationCost_USD,DeferredTaxAssetsTaxDeferredExpenseReservesAndAccrualsAccruedLiabilities_USD,DeferredTaxAssetsTaxDeferredExpenseReservesAndAccrualsAllowanceForDoubtfulAccounts_USD,DeferredTaxAssetsTaxDeferredExpenseReservesAndAccrualsLegalSettlements_USD,DeferredTaxAssetsTaxDeferredExpenseReservesAndAccrualsSelfInsurance_USD,DeferredTaxAssetsValuationAllowance_USD,DeferredTaxLiabilities_USD,DeferredTaxLiabilitiesNoncurrent_USD,DeferredTaxLiabilitiesOther_USD,DeferredTaxLiabilitiesPropertyPlantAndEquipment_USD,DefinedContributionPlanCostRecognized_USD,Depreciation_USD,DividendsCash_USD,DividendsPayableAmountPerShare_USD/shares,EarningsPerShareBasic_USD/shares,EarningsPerShareDiluted_USD/shares,EffectiveIncomeTaxRateContinuingOperations_pure,EffectiveIncomeTaxRateReconciliationAtFederalStatutoryIncomeTaxRate_pure,EffectOfExchangeRateOnCashAndCashEquivalents_USD,EmployeeRelatedLiabilitiesCurrent_USD,EmployeeServiceShareBasedCompensationNonvestedAwardsTotalCompensationCostNotYetRecognized_USD,EmployeeServiceShareBasedCompensationNonvestedAwardsTotalCompensationCostNotYetRecognizedPeriodForRecognition_pure,EmployeeServiceShareBasedCompensationNonvestedAwardsTotalCompensationCostNotYetRecognizedPeriodForRecognition_Y,EmployeeServiceShareBasedCompensationNonvestedAwardsTotalCompensationCostNotYetRecognizedPeriodForRecognition_years,EmployeeServiceShareBasedCompensationUnrecognizedCompensationCostsOnNonvestedAwards_USD,EmployeeServiceShareBasedCompensationUnrecognizedCompensationCostsOnNonvestedAwardsWeightedAveragePeriodOfRecognition_pure,ExcessTaxBenefitFromShareBasedCompensationFinancingActivities_USD,ExcessTaxBenefitFromShareBasedCompensationOperatingActivities_USD,FederalIncomeTaxExpenseBenefitContinuingOperations_USD,FinitelivedIntangibleAssetsAcquired1_USD,ForeignIncomeTaxExpenseBenefitContinuingOperations_USD,GainLossOnSaleOfPropertyPlantEquipment_USD,GrossProfit_USD,GuaranteeObligationsMaximumExposure_USD,ImpairmentOfLongLivedAssetsHeldForUse_USD,IncomeLossFromContinuingOperationsBeforeIncomeTaxesDomestic_USD,IncomeLossFromContinuingOperationsBeforeIncomeTaxesExtraordinaryItemsNoncontrollingInterest_USD,IncomeLossFromContinuingOperationsBeforeIncomeTaxesForeign_USD,IncomeLossFromContinuingOperationsBeforeIncomeTaxesMinorityInterestAndIncomeLossFromEquityMethodInvestments_USD,IncomeTaxExpenseBenefit_USD,IncomeTaxesPaid_USD,IncomeTaxesPaidNet_USD,IncomeTaxReconciliationChangeInEnactedTaxRate_USD,IncomeTaxReconciliationIncomeTaxExpenseBenefitAtFederalStatutoryIncomeTaxRate_USD,IncomeTaxReconciliationOtherAdjustments_USD,IncomeTaxReconciliationRepatriationOfForeignEarnings_USD,IncomeTaxReconciliationStateAndLocalIncomeTaxes_USD,IncomeTaxReconciliationTaxSettlementsDomestic_USD,IncreaseDecreaseInAccountsPayable_USD,IncreaseDecreaseInAccountsReceivable_USD,IncreaseDecreaseInAccruedIncomeTaxesPayable_USD,IncreaseDecreaseInAccruedLiabilities_USD,IncreaseDecreaseInInventories_USD,IncreaseDecreaseInOtherCurrentAssets_USD,IncreaseDecreaseInOtherOperatingAssets_USD,IncreaseDecreaseInOtherOperatingCapitalNet_USD,IncrementalCommonSharesAttributableToShareBasedPaymentArrangements_shares,InterestAndOtherIncome_USD,InterestExpense_USD,InterestPaid_USD,InterestPaidNet_USD,InventoryNet_USD,InvestmentIncomeInterest_USD,Land_USD,LeaseAndRentalExpense_USD,LeaseCost_USD,LesseeOperatingLeaseLiabilityPaymentsDue_USD,LesseeOperatingLeaseLiabilityPaymentsDueAfterYearFive_USD,LesseeOperatingLeaseLiabilityPaymentsDueNextTwelveMonths_USD,LesseeOperatingLeaseLiabilityPaymentsDueYearFive_USD,LesseeOperatingLeaseLiabilityPaymentsDueYearFour_USD,LesseeOperatingLeaseLiabilityPaymentsDueYearThree_USD,LesseeOperatingLeaseLiabilityPaymentsDueYearTwo_USD,LesseeOperatingLeaseLiabilityPaymentsRemainderOfFiscalYear_USD,LesseeOperatingLeaseLiabilityUndiscountedExcessAmount_USD,LettersOfCreditOutstandingAmount_USD,LeveragedLeasesNetInvestmentInLeveragedLeasesDisclosureResidualValueOfLeasedAssets_USD,LiabilitiesAndStockholdersEquity_USD,LiabilitiesCurrent_USD,LineOfCreditFacilityAmountOutstanding_USD,LineOfCreditFacilityInterestRateDuringPeriod_pure,LineOfCreditFacilityMaximumBorrowingCapacity_USD,LinesOfCreditCurrent_USD,LitigationReserve_USD,LitigationReserveCurrent_USD,LongTermDebt_USD,LongTermDebtCurrent_USD,LongTermDebtMaturitiesRepaymentsOfPrincipalAfterYearFive_USD,LongTermDebtMaturitiesRepaymentsOfPrincipalInNextTwelveMonths_USD,LongTermDebtMaturitiesRepaymentsOfPrincipalInYearFive_USD,LongTermDebtMaturitiesRepaymentsOfPrincipalInYearFour_USD,LongTermDebtMaturitiesRepaymentsOfPrincipalInYearThree_USD,LongTermDebtMaturitiesRepaymentsOfPrincipalInYearTwo_USD,LongTermDebtNoncurrent_USD,LongTermLineOfCredit_USD,LossContingencyDamagesSoughtValue_USD,MarketableSecuritiesCurrent_USD,MarketableSecuritiesGainLoss_USD,MarketableSecuritiesNoncurrent_USD,NetCashProvidedByUsedInFinancingActivities_USD,NetCashProvidedByUsedInInvestingActivities_USD,NetCashProvidedByUsedInOperatingActivities_USD,NetIncomeLoss_USD,NoncashOrPartNoncashAcquisitionIntangibleAssetsAcquired1_USD,NoncurrentAssets_USD,NumberOfStores_location,OperatingIncomeLoss_USD,OperatingLeaseCost_USD,OperatingLeaseLiability_USD,OperatingLeaseLiabilityCurrent_USD,OperatingLeaseLiabilityNoncurrent_USD,OperatingLeasePayments_USD,OperatingLeaseRightOfUseAsset_USD,OperatingLeasesFutureMinimumPaymentsDue_USD,OperatingLeasesFutureMinimumPaymentsDueCurrent_USD,OperatingLeasesFutureMinimumPaymentsDueInFiveYears_USD,OperatingLeasesFutureMinimumPaymentsDueInFourYears_USD,OperatingLeasesFutureMinimumPaymentsDueInThreeYears_USD,OperatingLeasesFutureMinimumPaymentsDueInTwoYears_USD,OperatingLeasesFutureMinimumPaymentsDueThereafter_USD,OperatingLossCarryforwardsValuationAllowance_USD,OtherAccruedLiabilitiesCurrent_USD,OtherAssetsCurrent_USD,OtherAssetsNoncurrent_USD,OtherComprehensiveIncomeAvailableForSaleSecuritiesAdjustmentNetOfTaxPeriodIncreaseDecrease_USD,OtherComprehensiveIncomeForeignCurrencyTransactionAndTranslationAdjustmentNetOfTaxPeriodIncreaseDecrease_USD,OtherComprehensiveIncomeLossAvailableForSaleSecuritiesAdjustmentBeforeTax_USD,OtherComprehensiveIncomeLossAvailableForSaleSecuritiesAdjustmentNetOfTax_USD,OtherComprehensiveIncomeLossAvailableForSaleSecuritiesTax_USD,OtherComprehensiveIncomeLossBeforeTax_USD,OtherComprehensiveIncomeLossForeignCurrencyTransactionAndTranslationAdjustmentBeforeTax_USD,OtherComprehensiveIncomeLossForeignCurrencyTransactionAndTranslationAdjustmentNetOfTax_USD,OtherComprehensiveIncomeLossForeignCurrencyTranslationAdjustmentTax_USD,OtherComprehensiveIncomeLossNetOfTax_USD,OtherComprehensiveIncomeLossNetOfTaxPeriodIncreaseDecrease_USD,OtherComprehensiveIncomeLossTax_USD,OtherLiabilitiesNoncurrent_USD,PaymentsForProceedsFromInvestments_USD,PaymentsForProceedsFromOtherInvestingActivities_USD,PaymentsForRepurchaseOfCommonStock_USD,PaymentsOfDividends_USD,PaymentsToAcquireBusinessesGross_USD,PaymentsToAcquireBusinessesNetOfCashAcquired_USD,PaymentsToAcquireIntangibleAssets_USD,PaymentsToAcquireOtherProductiveAssets_USD,PaymentsToAcquirePropertyPlantAndEquipment_USD,PreferredStockParOrStatedValuePerShare_USD/shares,PreferredStockSharesAuthorized_shares,PreferredStockSharesIssued_shares,PreferredStockSharesOutstanding_shares,PreferredStockValue_USD,PrepaidTaxes_USD,ProceedsFromIssuanceOfLongTermDebt_USD,ProceedsFromLinesOfCredit_USD,ProceedsFromSaleOfPropertyPlantAndEquipment_USD,ProceedsFromStockOptionsExercised_USD,ProceedsFromUnsecuredLinesOfCredit_USD,PropertyPlantAndEquipmentGross_USD,PropertyPlantAndEquipmentNet_USD,PropertySubjectToOrAvailableForOperatingLeaseNet_USD,ProvisionForDoubtfulAccounts_USD,RepaymentsOfLinesOfCredit_USD,RepaymentsOfLongTermDebt_USD,ResidualValueOfLeasedAsset_USD,RetainedEarningsAccumulatedDeficit_USD,RevenueFromContractWithCustomerExcludingAssessedTax_USD,RightOfUseAssetObtainedInExchangeForOperatingLeaseLiability_USD,SalesRevenueNet_USD,SellingGeneralAndAdministrativeExpense_USD,ShareBasedCompensation_USD,ShareBasedCompensationArrangementByShareBasedPaymentAwardOptionsExercisableNumber_shares,ShareBasedCompensationArrangementByShareBasedPaymentAwardOptionsExercisableWeightedAverageExercisePrice_USD/shares,ShareBasedCompensationArrangementByShareBasedPaymentAwardOptionsExercisableWeightedAverageRemainingContractualTerm_pure,ShareBasedCompensationArrangementByShareBasedPaymentAwardOptionsExercisesInPeriod_shares,ShareBasedCompensationArrangementByShareBasedPaymentAwardOptionsExercisesInPeriodTotalIntrinsicValue_USD,ShareBasedCompensationArrangementByShareBasedPaymentAwardOptionsForfeituresInPeriod_shares,ShareBasedCompensationArrangementByShareBasedPaymentAwardOptionsForfeituresInPeriodWeightedAverageExercisePrice_USD,ShareBasedCompensationArrangementByShareBasedPaymentAwardOptionsGrantsInPeriod_shares,ShareBasedCompensationArrangementByShareBasedPaymentAwardOptionsGrantsInPeriodWeightedAverageExercisePrice_USD,ShareBasedCompensationArrangementByShareBasedPaymentAwardOptionsOutstandingNumber_shares,ShareBasedCompensationArrangementByShareBasedPaymentAwardOptionsOutstandingWeightedAverageExercisePrice_USD/shares,ShareBasedCompensationArrangementByShareBasedPaymentAwardOptionsVestedAndExpectedToVestOutstandingNumber_shares,ShareBasedGoodsAndNonemployeeServicesTransactionQuantityOfSecuritiesIssued_shares,SharebasedCompensationArrangementBySharebasedPaymentAwardOptionsVestedInPeriodFairValue1_USD,ShortTermLeaseCost_USD,StateAndLocalIncomeTaxExpenseBenefitContinuingOperations_USD,StockholdersEquity_USD,StockholdersEquityNoteStockSplitConversionRatio_pure,StockholdersEquityNoteStockSplitConversionRatio1_pure,StockIssuedDuringPeriodSharesStockOptionsExercised_shares,StockIssuedDuringPeriodValueStockOptionsExercised_USD,StockRepurchasedDuringPeriodShares_shares,StockRepurchasedDuringPeriodValue_USD,UndistributedEarningsOfForeignSubsidiaries_USD,UnrecognizedTaxBenefits_USD,UnrecognizedTaxBenefitsDecreasesResultingFromPriorPeriodTaxPositions_USD,UnrecognizedTaxBenefitsDecreasesResultingFromSettlementsWithTaxingAuthorities_USD,UnrecognizedTaxBenefitsIncreasesResultingFromCurrentPeriodTaxPositions_USD,UnrecognizedTaxBenefitsIncreasesResultingFromPriorPeriodTaxPositions_USD,UnrecognizedTaxBenefitsPeriodIncreaseDecrease_USD,UnrecognizedTaxBenefitsReductionsResultingFromLapseOfApplicableStatuteOfLimitations_USD,USGovernmentAgenciesSecuritiesAtCarryingValue_USD,VariableLeaseCost_USD,WeightedAverageNumberOfDilutedSharesOutstanding_shares,WeightedAverageNumberOfSharesOutstandingBasic_shares,DeferredTaxAssetsDeferredIncome_USD,CashCashEquivalentsRestrictedCashAndRestrictedCashEquivalents_USD,EffectOfExchangeRateOnCashCashEquivalentsRestrictedCashAndRestrictedCashEquivalents_USD,EffectOfExchangeRateOnCashCashEquivalentsRestrictedCashAndRestrictedCashEquivalentsIncludingDisposalGroupAndDiscontinuedOperations_USD,DeferredCompensationCashBasedArrangementsLiabilityCurrent_USD,UnrecognizedTaxBenefitsThatWouldImpactEffectiveTaxRate_USD
2009-07-24,False,148530712,4580361184.0,54463000.0,,228257000.0,,,1952000.0,,71535000.0,,,,,7409000.0,3459000.0,,,,3622000.0,34000.0,,1328684000.0,988997000.0,,,,,,,,,,,,173667000.0,87775000.0,,,,,200000000.0,148530712.0,148530712.0,1485000.0,,,,232389000.0,,,,,,,,,,-3064000.0,,,,,,,,,,18967000.0,,,,,,,,,,13889000.0,,,,20363000.0,,,,,,,1151000.0,,,,,,,,,,,,,-424000.0,242505000.0,,,,,,70402000.0,26864000.0,55384000.0,,,,,,,,-12699000.0,-11994000.0,1453000.0,-12010000.0,-45128000.0,,,-1287000.0,,,,,,519119000.0,464000.0,,,,,,,,,,,,,,,1328684000.0,127950000.0,,,,,,,,,,,,,,,,,,916000.0,,805000.0,-51986000.0,-28942000.0,167552000.0,43538000.0,,,,69938000.0,,,,,,,,,,,,,,,,48071000.0,3650000.0,,,,,,,,,,,,,,24000.0,,0.0,51986000.0,,,,-34000.0,32638000.0,,5000000.0,,,0.0,,,,3686000.0,,,,335232000.0,,4689000.0,,,,1174492000.0,,,474894000.0,172143000.0,1900000.0,,,,,,,,,,,,,,,,,1186845000.0,,,,,,,,,,,,,,,,,,,,,,,,
2009-10-23,False,148330712,,,61352000.0,239323000.0,,5175000.0,,,,72217000.0,,,,12123000.0,4409000.0,,,,4087000.0,50000.0,,1337764000.0,998090000.0,,,,,,,,,,,,193744000.0,107852000.0,,,,,200000000.0,148530712.0,148530712.0,1485000.0,,,,244772000.0,,,,,,,,,,-3104000.0,,,,,,,,,,18996000.0,,,,,,,,,,13880000.0,,,,30147000.0,,,,,,,2642000.0,,,,,,,,,,,,,-38000.0,244567000.0,,,,,,77002000.0,29413000.0,81574000.0,,,,,,,,-3925000.0,1683000.0,4676000.0,-11328000.0,-66141000.0,,,-4511000.0,,,,,,498106000.0,592000.0,,,,,,,,,,,,,,,1337764000.0,138744000.0,,,,,,,,,,,,,,,,,,1295000.0,,5551000.0,-106943000.0,-41031000.0,253184000.0,47589000.0,,,,76410000.0,,,,,,,,,,,,,,,,46626000.0,3686000.0,,,,,,,,,,,,,,5149000.0,,0.0,106943000.0,,,,18000.0,40128000.0,,5000000.0,,,0.0,,,,4264000.0,,,,330437000.0,,7300000.0,,,,1167123000.0,,,489339000.0,168119000.0,2850000.0,,,,,,,,,,,,,,,,,1185140000.0,,,,,,,,,,,,,,,,,,,,,,,,
2010-02-09,True,147430712,4385653845.0,,53490000.0,214169000.0,,0.0,,,,66019000.0,,,,13395000.0,333000.0,,3850000.0,,4086000.0,67000.0,,1327358000.0,982364000.0,,,,,,,,,,,,164852000.0,78960000.0,,,,,200000000.0,147430712.0,147430712.0,1474000.0,192781000.0,,,946895000.0,,,,,,,,,,6099000.0,,,,,,,,,,12919000.0,,,,,,,,,,17006000.0,,,,40020000.0,106943000.0,,,,,,2686000.0,,,,,,,,,,,,,-850000.0,983435000.0,,,,,,297490000.0,113133000.0,118035000.0,,,,,,,,-14172000.0,-21362000.0,-12156000.0,-17526000.0,-60425000.0,,,-5738000.0,,,,,,508405000.0,1697000.0,,,,,,,,,,,,,,,1327358000.0,119509000.0,,,,,,,,,,,,,,,,,,24400000.0,,6238000.0,-148047000.0,-81749000.0,306070000.0,184357000.0,,,,295793000.0,,,,,,,,,,,,,,,,45962000.0,3752000.0,5000.0,8419000.0,,,,,,,,,,,,28941000.0,,41104000.0,106943000.0,5032000.0,,,101000.0,52538000.0,,5000000.0,,,0.0,11657000.0,,,4863000.0,,,,335004000.0,,9409000.0,,,,1175641000.0,,,1930330000.0,686792000.0,3850000.0,,,,,,,,,,,,,,,,,1190843000.0,,,,,,41104000.0,,,,,,,,,,,,,,,,,,
2010-04-27,False,147430712,,,65778000.0,262463000.0,,21803000.0,,,,74728000.0,,,,15455000.0,1333000.0,,,,4084000.0,17000.0,,1370275000.0,1029183000.0,,,,,,,,,,,,178822000.0,13970000.0,,,,,200000000.0,147430712.0,147430712.0,1474000.0,,,,254859000.0,,,,,,,,,,6000.0,,,,,,,,,,12908000.0,,,,,,,,,,17001000.0,,,,10287000.0,,,,,,,423000.0,,,,,,,,,,,,,-67000.0,265913000.0,,,,,,90669000.0,34635000.0,1169000.0,,,,,,,,12288000.0,49918000.0,33460000.0,8709000.0,-1162000.0,,,-1637000.0,,,,,,507243000.0,233000.0,,,,,,,,,,,,,,,1370275000.0,162309000.0,,,,,,,,,,,,,,,,,,24440000.0,,5210000.0,-58972000.0,-6509000.0,79028000.0,56034000.0,,,,90436000.0,,,,,,,,,,,,,,,,43307000.0,3779000.0,,,,,,,,,,,,,,-988000.0,,,58972000.0,,,,44000.0,8138000.0,,5000000.0,,,0.0,0.0,,,685000.0,,,,332103000.0,,1624000.0,,,,1172703000.0,,,520772000.0,175410000.0,1000000.0,,,,,,,,,,,,,,,,,1190965000.0,,,,,,,,,,,,,,,,,,,,,,,,
2010-07-23,False,147430712,,,71435000.0,280823000.0,,8941000.0,,,,85788000.0,,,,13192000.0,2333000.0,,,,4086000.0,34000.0,,1441855000.0,1088486000.0,,,,,,,,,,,,196392000.0,31540000.0,,,,,200000000.0,147430712.0,147430712.0,1474000.0,,,,273525000.0,,,,,,,,,,-2025000.0,,,,,,,,,,14760000.0,,,,,,,,,,16822000.0,,,,20404000.0,,,0.47,0.47,,,-32000.0,,,,,,,,,,,,,-39000.0,297658000.0,,,,,,112125000.0,42958000.0,59020000.0,,,,,,,,17945000.0,-70024000.0,20598000.0,19769000.0,-13809000.0,,,-171000.0,,,,,,522214000.0,289000.0,,,,,,,,,,,,,,,1441855000.0,166164000.0,,,,,,,,,,,,,,,,,,24464000.0,,5197000.0,-58972000.0,-28983000.0,119527000.0,69167000.0,,,,111836000.0,,,,,,,,,,,,,,,,49833000.0,3707000.0,,,,,,,,,,,,,,-977000.0,,,58972000.0,,,,-11000.0,32211000.0,,5000000.0,,,,11657000.0,,,2240000.0,,,,344465000.0,,3370000.0,,,,1241870000.0,,,571183000.0,185783000.0,2000000.0,,,,,,,,,,,,,,,,,1258869000.0,,,,,,,,,,,,,,,,,147579000.0,147431000.0,,,,,,
2010-10-21,False,147430712,,,73605000.0,301721000.0,,8313000.0,,,,95225000.0,,,,15610000.0,,3348000.0,,,4354000.0,50000.0,,1469337000.0,1116803000.0,,,,,,,,,,,,172565000.0,7713000.0,,,,,200000000.0,147430712.0,147430712.0,1474000.0,,,,291102000.0,,,,,,,,,,-1978000.0,,,,,,,,,,14710000.0,,,,,,,,,,16819000.0,,,,30432000.0,,,0.51,0.51,,,679000.0,,,,,,,,,,,,,2000.0,312648000.0,,,,,,120702000.0,45708000.0,105309000.0,,,,,,,,20115000.0,-93556000.0,19970000.0,29206000.0,-37658000.0,,,1536000.0,,,,,,546063000.0,192000.0,,,,,,,,,,,,,,,1469337000.0,177143000.0,,,,,,,,,,,,,,,,,,24641000.0,,5166000.0,-120893000.0,-38366000.0,166293000.0,74994000.0,,,,120510000.0,,,,,,,,,,,,,,,,57103000.0,3520000.0,,,,,,,,,,,,,,-831000.0,,0.0,120893000.0,,,,-182000.0,42643000.0,,5000000.0,,,0.0,0.0,,,3264000.0,,,,343848000.0,,6004000.0,,,,1254943000.0,,,603750000.0,192140000.0,3015000.0,,,,,,,,,,,,,,,,,1275375000.0,,,,,,,,,,,,,,,,,147431000.0,147431000.0,,,,,,
2011-02-09,True,147430712,6668887476.0,,60474000.0,270133000.0,14387000.0,5299000.0,,28067000.0,,96412000.0,,11805000.0,268913000.0,18492000.0,,4363000.0,4030000.0,,4761000.0,67000.0,,1468283000.0,1085698000.0,377433000.0,31219000.0,31198000.0,,,,40000.0,19000.0,,,209409000.0,143693000.0,-21159000.0,,1.24,0.5,0.01,200000000.0,147430712.0,147430712.0,1474000.0,270453000.0,46559000.0,,1094635000.0,,136247000.0,4448000.0,163609000.0,22914000.0,,9733000.0,-936000.0,3103000.0,1675000.0,1602000.0,,,,-492000.0,25775000.0,4689000.0,-5689000.0,,17897000.0,,379000.0,5218000.0,,1836000.0,2458000.0,,0.0,31464000.0,23586000.0,,31464000.0,5005000.0,40688000.0,182814000.0,,0.44,,,0.35,1215000.0,,,,,,16068000.0,4.87,,,135311000.0,,7551000.0,-35000.0,298617000.0,,,409068000.0,,21572000.0,107144000.0,165284000.0,146726000.0,,,150724000.0,-937000.0,,14259000.0,1238000.0,6984000.0,64622000.0,16956000.0,30393000.0,48964000.0,,24577000.0,3882000.0,,,,,,557369000.0,951000.0,31537000.0,114394000.0,,,,,,,,,,,,15065000.0,1468283000.0,162185000.0,0.0,0.009,8000000.0,,2750000.0,,,,,,,,,,,,,26067000.0,,5152000.0,-182814000.0,-80048000.0,240488000.0,65161000.0,,,,429689000.0,,,,,,,221005000.0,97326000.0,7847000.0,17180000.0,37003000.0,61649000.0,0.0,,1496000.0,70539000.0,14014000.0,35000.0,5062000.0,,,,,,,,,,,,581000.0,,0.0,182814000.0,,0.0,,10329000.0,73597000.0,0.01,5000000.0,0.0,,0.0,0.0,,,4459000.0,,,632332000.0,363419000.0,1501000.0,8658000.0,,,,1258183000.0,,,573766000.0,745112000.0,4030000.0,319000.0,45.0,2.57,0.0,0.0,-165000.0,52.0,265000.0,60.0,2660000.0,48.06,,,,,22422000.0,1282512000.0,,,,,,0.0,,3617000.0,-111000.0,0.0,457000.0,1666000.0,,0.0,25844000.0,,147430712.0,147430712.0,,,,,,
2011-04-21,False,147430712,,,68519000.0,325685000.0,,48519000.0,,,,92478000.0,,,,20765000.0,,5263000.0,,,4712000.0,148000.0,,1524613000.0,1132921000.0,,30756000.0,30594000.0,,,,174000.0,12000.0,,,,124848000.0,-18845000.0,,0.5,0.26,0.01,200000000.0,147430712.0,147430712.0,1474000.0,,,,307203000.0,2131000.0,,,,,,,,,,-56000.0,,,,,,,,,17947000.0,,,,,,,,,,23580000.0,,,,10481000.0,,,0.54,0.54,,,488000.0,,,,,,14741000.0,4.63,,,,,,-25000.0,333380000.0,,,,,,128811000.0,49264000.0,6100000.0,,,,,,,,8045000.0,57819000.0,43220000.0,-3934000.0,19082000.0,,-8757000.0,1785000.0,,,,,,576451000.0,148000.0,,,,,,,,,,,,,,,1524613000.0,209516000.0,,,,,,,,,,,,,,,,,,26208000.0,142000.0,4548000.0,-73715000.0,-19902000.0,74284000.0,79547000.0,,,,128663000.0,,,,,,,,,,,,,,,,61782000.0,13646000.0,,,,,,,,,,,81820000.0,,,-463000.0,,,73715000.0,,,,-220000.0,21206000.0,0.01,5000000.0,0.0,,0.0,,,,621000.0,,,,373498000.0,,2267000.0,,,,1264015000.0,,,640583000.0,204692000.0,900000.0,,,,,,,,,,,,,,,,,1291517000.0,,,,,,,,3800000.0,,,,,,,,,147714471.0,147430712.0,,,,,,
2011-07-21,False,295121324,,,83120000.0,357195000.0,,20846000.0,,,,100428000.0,,,,21386000.0,,10039000.0,,,4712000.0,297000.0,,1581871000.0,1171815000.0,,26243000.0,26048000.0,,26048000.0,26243000.0,,,0.0,195000.0,,89409000.0,-54284000.0,,0.13,0.13,0.01,400000000.0,295099324.0,295099324.0,2951000.0,,,,335497000.0,589000.0,,,,,,,,,,204000.0,,,,,,,,,17413000.0,,,,,,,,,,23306000.0,,,,21363000.0,,,0.32,0.32,,,724000.0,,17384000.0,5.03,,,,,,,,,,-259000.0,366233000.0,,,,,,150182000.0,56070000.0,89583000.0,,,,,,,,22646000.0,91320000.0,15547000.0,4016000.0,51288000.0,,2359000.0,2170000.0,,,,,,608657000.0,76000.0,,,,,,,,,,,,,,,1581871000.0,204394000.0,,,,,,,,,,,,,,,,,180000000.0,26243000.0,32000.0,0.0,-106694000.0,-49591000.0,101277000.0,94112000.0,,,,150106000.0,,,,,,,,,,,,,,,,72898000.0,13595000.0,,,,,,,,,,,94733000.0,,,-4976000.0,,,112047000.0,,,,-122000.0,56324000.0,0.01,5000000.0,0.0,,0.0,,,,1635000.0,5353000.0,,,396461000.0,,4258000.0,,,,1319795000.0,,,701730000.0,215868000.0,1800000.0,,,,,,,,,,,,,,,,,1354171000.0,,,,,,,,4268000.0,,,,,,,,,295915616.0,294973572.0,,,,,,
2011-10-26,False,295203874,,,86839000.0,361075000.0,,23462000.0,,,,108568000.0,,,,13330000.0,,14317000.0,,,5147000.0,445000.0,,1651020000.0,1217364000.0,,26203000.0,26048000.0,,26048000.0,26203000.0,,,0.0,155000.0,,111048000.0,-32645000.0,,0.13,0.14,0.01,400000000.0,295203874.0,295203874.0,2952000.0,,,,349361000.0,-8016000.0,,,,,,,,,,1134000.0,,,,,,,,,16502000.0,,,,,,,,,,23325000.0,,,,32441000.0,,,0.33,0.33,,,-643000.0,,16214000.0,4.86,,,,,801000.0,,,,,101000.0,377381000.0,,,,,,155319000.0,58521000.0,145358000.0,,,,,,,,26365000.0,97533000.0,18163000.0,12156000.0,60780000.0,,13848000.0,4519000.0,,,,,,618149000.0,94000.0,,,,,,,,,,,,,,,1651020000.0,218869000.0,,,,,,,,,,,,,,,,,180000000.0,26203000.0,-40000.0,0.0,-141907000.0,-84276000.0,194181000.0,96798000.0,,,,155225000.0,,,,,,,,,,,,,,,,84387000.0,13268000.0,,,,,,,,,,,88742000.0,,,-5016000.0,,,150414000.0,,,,-301000.0,92479000.0,0.01,5000000.0,0.0,,0.0,,,,2886000.0,7706000.0,,,420388000.0,,6591000.0,,,,1378227000.0,,,726742000.0,222257000.0,2925000.0,,,,,,,,,,,,,,,,,1408826000.0,,,,,,,,4399000.0,,,,,,,,,295894963.0,295144175.0,,,,,,
2012-02-09,True,295278974,9641197130.0,,73779000.0,338594000.0,16233000.0,2077000.0,,30548000.0,,111962000.0,,,289503000.0,14796000.0,,16856000.0,4050000.0,983000.0,5647000.0,593000.0,704384.0,1684948000.0,1236138000.0,448810000.0,27165000.0,27048000.0,,27048000.0,27165000.0,,,6000.0,123000.0,,117676000.0,-26017000.0,,0.65,,0.01,400000000.0,295258674.0,295258674.0,2953000.0,354233000.0,,,1332687000.0,,164125000.0,8683000.0,201477000.0,28669000.0,0.009,,17343000.0,-1424000.0,15675000.0,15747000.0,,,,-244000.0,26893000.0,4643000.0,-21436000.0,,16718000.0,,920000.0,5853000.0,,2202000.0,39000.0,,0.0,48329000.0,38154000.0,,48329000.0,7717000.0,44113000.0,191741000.0,0.17,0.3,1.21,,0.35,-464000.0,,15145000.0,,,4.7,,,983000.0,,181468000.0,,7259000.0,-194000.0,357178000.0,,,545527000.0,,29554000.0,140769000.0,217152000.0,205614000.0,,,201278000.0,-3073000.0,,18210000.0,737000.0,13305000.0,77678000.0,-3222000.0,15550000.0,88783000.0,,19294000.0,3232000.0,814936.0,,,,,646152000.0,472000.0,,119674000.0,,,,,,,,,,,,,1684948000.0,187818000.0,0.0,,8000000.0,,,100000.0,,,,,,,,,,,180000000.0,27165000.0,,0.0,-181819000.0,-112223000.0,268489000.0,87472000.0,,,,574609000.0,,,,,,,253605000.0,101849000.0,10687000.0,24683000.0,44921000.0,71465000.0,0.0,,2271000.0,89833000.0,13209000.0,95000.0,-3791000.0,,,,,,,,,,,,-4054000.0,,0.0,191741000.0,,0.0,,-212000.0,120043000.0,0.01,5000000.0,0.0,,0.0,,,,3554000.0,8939000.0,,725104000.0,435601000.0,2377000.0,9217000.0,,,,1424371000.0,,,697804000.0,859369000.0,4050000.0,,,,,4977000.0,,,,,,,,,,,28425000.0,1458976000.0,,,,8939000.0,,0.0,,4653000.0,-65000.0,0.0,523000.0,578000.0,,0.0,,,295868726.0,295053790.0,,,,,,
2012-04-20,False,296071374,,,76113000.0,386882000.0,,47018000.0,,,,113096000.0,,,,17759000.0,,43880000.0,,,5814000.0,148000.0,0.0,1813332000.0,1349975000.0,,27194000.0,27054000.0,,27054000.0,27194000.0,,,10000.0,150000.0,,198878000.0,81202000.0,,0.17,0.17,0.01,400000000.0,296071374.0,296071374.0,2961000.0,102037000.0,,,374698000.0,,,,,,,,,,,1863000.0,,,,,,,,,14838000.0,,,,,,,,,,38137000.0,,,,12415000.0,,,0.34,0.34,,,542000.0,,13981000.0,,4.53,,,,7697000.0,,,,,-174000.0,394177000.0,,,,,,161129000.0,60935000.0,21828000.0,,,,,,,,2334000.0,50617000.0,44941000.0,1134000.0,1734000.0,,-15536000.0,-2421000.0,1388821.0,,,,,647886000.0,96000.0,,,,,,,,,,,,,,,1813332000.0,236227000.0,,,,,,,,,,,,,,,,,180000000.0,27194000.0,,,-24215000.0,-27313000.0,132188000.0,100194000.0,,,,161033000.0,,,,,,,,,,,,,,,,74297000.0,13118000.0,14000.0,1829000.0,,,,,,,,,1843000.0,,,29000.0,,,50197000.0,,,,57000.0,28212000.0,0.01,5000000.0,0.0,,0.0,,,,985000.0,18285000.0,,,450239000.0,,2329000.0,,,,1474368000.0,,,768875000.0,232970000.0,1050000.0,,,,,,,,1200000.0,,,,,,,,,1538968000.0,2.0,,,,,,,5517000.0,,,,,,,,,296927223.0,295538402.0,,,,,,
2012-07-20,False,296153949,,,81243000.0,399993000.0,,9997000.0,,,,119279000.0,,,,14342000.0,,47251000.0,,,5934000.0,297000.0,1353132.0,1850747000.0,1378096000.0,,27166000.0,27059000.0,27166000.0,27059000.0,27166000.0,,,6000.0,113000.0,,185916000.0,68240000.0,,0.17,,0.01,400000000.0,296150999.0,296150999.0,2962000.0,110164000.0,,,389739000.0,,,,,,,,,,,4154000.0,,,,,,,,,13741000.0,,,,,,,,,,39331000.0,,,,25712000.0,,,0.38,0.38,,,-223000.0,,22852000.0,,,,,,8103000.0,8103000.0,,,,282000.0,415151000.0,,,,,,179039000.0,66733000.0,113810000.0,,,,,,,,7464000.0,66190000.0,16023000.0,7317000.0,16537000.0,-1242000.0,,,1019731.0,,,,,662689000.0,144000.0,,,,,,,,,,,,,,,1850747000.0,210519000.0,,,,,,,,,,,,,,,,,180000000.0,,,,-72225000.0,-49743000.0,190431000.0,112306000.0,,,,178895000.0,,,,,,,,,,,,,,,,88591000.0,12999000.0,,,-33000.0,,,-3417000.0,-3384000.0,,,-2142000.0,,-1275000.0,,1000.0,87000.0,,100529000.0,,,,,50980000.0,0.01,5000000.0,0.0,,0.0,,,,1325000.0,20201000.0,,,459652000.0,,4791000.0,,,,1536342000.0,,,804890000.0,236538000.0,2100000.0,,,,,,,,7895000.0,,5391675.0,,1568175.0,,,,,1600897000.0,2.0,,,,,,,5321000.0,,,,,,,,,297129898.0,296110167.0,,,,,,
2012-10-18,False,296321832,,,84882000.0,411033000.0,,7955000.0,,,,123179000.0,,,,18996000.0,,53038000.0,,,6054000.0,445000.0,1578804.0,1919711000.0,1422890000.0,,27228000.0,27065000.0,27228000.0,27065000.0,27228000.0,,,0.0,163000.0,,195603000.0,77927000.0,,0.19,,0.01,400000000.0,296307832.0,296307832.0,2963000.0,112215000.0,,,388202000.0,,,,,,,,,,,4817000.0,,,,,,,,,13064000.0,,,,,,,,,,39317000.0,,,,39153000.0,,,0.37,0.37,,,305000.0,,21447000.0,,,,,,8957000.0,8957000.0,,,,158000.0,414375000.0,,,,,,175836000.0,66516000.0,184166000.0,,,,,,,,11103000.0,79679000.0,14835000.0,11217000.0,29676000.0,10301000.0,,,940790.0,,,,,675828000.0,117000.0,,,,,,,,,,,,,,,1919711000.0,216016000.0,,,,,,,,,,,,,,,,,180000000.0,,,,-124068000.0,-87406000.0,289096000.0,109320000.0,,,,175719000.0,,,,,,,,,,,,,,,,100134000.0,12886000.0,,,56000.0,,,4654000.0,4598000.0,,,2895000.0,,1759000.0,,63000.0,122000.0,,156810000.0,,,,,88323000.0,0.01,5000000.0,0.0,,0.0,,,,1102000.0,23785000.0,,,483935000.0,,7240000.0,,,,1589381000.0,,,802577000.0,238814000.0,3450000.0,,,,,,,,7895000.0,,5176092.0,,1411342.0,,,,,1664378000.0,2.0,,,,,,,4254000.0,,,,,,,,,297178746.0,296237956.0,,,,,,
2013-02-07,True,296635127,10886627594.0,,78019000.0,372159000.0,14159000.0,0.0,,25188000.0,,126155000.0,,,323651000.0,18357000.0,,61436000.0,4800000.0,10149000.0,6728000.0,593000.0,847254.0,1815832000.0,1286656000.0,529176000.0,354000.0,197000.0,354000.0,197000.0,354000.0,,,0.0,157000.0,,79611000.0,-38065000.0,,1.24,,0.01,400000000.0,296564382.0,296564382.0,2966000.0,424097000.0,,,1519053000.0,,202095000.0,8476000.0,238157000.0,27586000.0,,,14742000.0,-261000.0,15462000.0,15442000.0,,,,981000.0,22493000.0,4045000.0,-36878000.0,,14420000.0,,267000.0,4715000.0,,2618000.0,207000.0,,,59371000.0,51298000.0,,59371000.0,11110000.0,53459000.0,367306000.0,,0.33,1.42,,0.35,360000.0,,20131000.0,,,,,,10149000.0,10149000.0,216837000.0,,8215000.0,403000.0,390821000.0,,,649098000.0,,25057000.0,158151000.0,253619000.0,268357000.0,,,235954000.0,-2784000.0,,19565000.0,884000.0,4240000.0,43291000.0,704000.0,14193000.0,69231000.0,7528000.0,,,1061602.0,,,,,715383000.0,464000.0,,125579000.0,,,,,,,,,,,29250000.0,,1815832000.0,204174000.0,0.0,,,,,531000.0,,,,,,,,,,,,,,,-327513000.0,-107204000.0,396292000.0,98716000.0,,,,673691000.0,,,,,,,259425000.0,106904000.0,7603000.0,23343000.0,47466000.0,74109000.0,0.0,,3210000.0,97361000.0,12749000.0,,,,39000.0,0.0,,,3522000.0,0.0,3561000.0,,,,-26811000.0,133000.0,,367306000.0,,,,,138406000.0,0.01,5000000.0,0.0,0.0,0.0,7368000.0,,,4524000.0,29644000.0,,840078000.0,516427000.0,2180000.0,9726000.0,,,,1477601000.0,,,757235000.0,941236000.0,4800000.0,,,,,34424000.0,,,7895000.0,,4835792.0,,,,,,28567000.0,1560360000.0,,,,29644000.0,,,,5331000.0,-1025000.0,-639000.0,2170000.0,172000.0,,0.0,,,297150950.0,296089348.0,,,,,,
2013-04-15,False,296686927,,,75327000.0,418733000.0,,51679000.0,,,,126091000.0,,,,14349000.0,,66560000.0,,,6728000.0,26000.0,1168083.0,1945296000.0,1376836000.0,,417000.0,197000.0,417000.0,197000.0,417000.0,,,0.0,220000.0,,159240000.0,79629000.0,,0.1,,0.01,400000000.0,296686427.0,296686427.0,2967000.0,105039000.0,,,384446000.0,,,,,,,,,,,379000.0,,,,,,,,,14079000.0,,,,,,,,,,51336000.0,,,,15152000.0,,,0.37,0.37,,,-416000.0,,18337000.0,,,,,,954000.0,954000.0,,,,213000.0,421880000.0,,,,,,175172000.0,66124000.0,6502000.0,,,,,,,,-2692000.0,48619000.0,60001000.0,-64000.0,-14899000.0,-13478000.0,,,1008946.0,,34000.0,34000.0,,700484000.0,447000.0,,,,,,,,,,,,,,,1945296000.0,253097000.0,,,,,,,,,,,,,,,,,,,,,-25887000.0,-54312000.0,160244000.0,109048000.0,,,,174759000.0,,,,,,,,,,,,,,,,83883000.0,12726000.0,,,,63000.0,0.0,,,-4072000.0,0.0,,,,,63000.0,3000.0,,29662000.0,,,,,55513000.0,0.01,5000000.0,0.0,0.0,0.0,0.0,,0.0,1267000.0,2821000.0,20000000.0,,555734000.0,,2045000.0,20000000.0,,,1556987000.0,,,806326000.0,247334000.0,1350000.0,,,,,,,,7895000.0,,4589997.0,,,,,,,1640863000.0,,,,,,,,7661000.0,,,,,,,,,297651960.0,296643014.0,,,,,,
2013-07-15,False,296868369,,,89753000.0,436452000.0,,7097000.0,,,,139290000.0,,,,11081000.0,,73344000.0,,,7608000.0,158000.0,1307857.0,1993443000.0,1405318000.0,,437000.0,197000.0,437000.0,,,,,0.0,240000.0,,122853000.0,43242000.0,,0.2,,0.01,400000000.0,296860119.0,296860119.0,2969000.0,117741000.0,,,404875000.0,,,,,,,,,,,-220000.0,,,,,,,,,14593000.0,,,,,,,,,,51251000.0,,,,30969000.0,,,0.41,0.41,,,-1131000.0,,18578000.0,,,,,,2093000.0,2093000.0,,,,243000.0,442721000.0,,,,,,192379000.0,71370000.0,120716000.0,,,,,,,,11734000.0,68629000.0,16558000.0,13135000.0,9724000.0,8515000.0,,,943682.0,,3000.0,37000.0,,725107000.0,168000.0,,,,,,,,,,,,,,,1993443000.0,236140000.0,,,,,,,,,,,,,,,,,,,,,-79789000.0,-89703000.0,213865000.0,121009000.0,,,,192214000.0,,,,,,,,,,,,,,,,105876000.0,12554000.0,,,,20000.0,0.0,,,-3288000.0,0.0,,,,,83000.0,-37000.0,,89000000.0,,,,,92561000.0,0.01,5000000.0,0.0,0.0,0.0,0.0,,,2904000.0,7118000.0,30000000.0,,575571000.0,,4336000.0,30000000.0,,,1618658000.0,,,847596000.0,250750000.0,2700000.0,,,,,,,,8100000.0,,4517555.0,,,,,,,1706052000.0,,,,,,,,7660000.0,,,,,,,,,297722270.0,296778588.0,,,,,,
2013-10-15,False,296742069,,,105131000.0,453652000.0,,1994000.0,,,,152447000.0,,,,14753000.0,,68125000.0,,,8403000.0,290000.0,1313261.0,2060419000.0,1436830000.0,,441000.0,197000.0,441000.0,,,,,,,,92190000.0,12579000.0,,0.25,,0.01,400000000.0,296742069.0,296742069.0,2968000.0,123022000.0,,,415029000.0,,,,,,,,,,,519000.0,,,,,,,,,13815000.0,,,,,,,,,,51212000.0,,,,47212000.0,,,0.4,0.4,,,-682000.0,,17273000.0,,,,,,2682000.0,2682000.0,,,,112000.0,443395000.0,,,,,,188643000.0,69293000.0,192408000.0,,,,,,,,27112000.0,88580000.0,12044000.0,26292000.0,40602000.0,23386000.0,,,873604.0,,25000.0,61000.0,,755985000.0,118000.0,,,,,,,,,,,,,,,2060419000.0,259572000.0,,,,,,,,,,,,,,,,,,,,,-160578000.0,-141434000.0,315273000.0,119350000.0,,,,188550000.0,,,,,,,,,,,,,,,,120747000.0,12538000.0,,,,4000.0,0.0,,,3668000.0,0.0,,,,,87000.0,79000.0,9080000.0,163219000.0,,,,,145559000.0,0.01,5000000.0,0.0,0.0,0.0,0.0,,,4291000.0,9039000.0,100000000.0,,611051000.0,,7087000.0,100000000.0,,,1663789000.0,,,858424000.0,254957000.0,4050000.0,,,,,,,,8100000.0,,4395605.0,,,,,,,1749635000.0,,,,,,,,4692000.0,,,,,,,,,297716375.0,296842771.0,,,,,,
2014-02-06,True,296772269,12423671823.0,,91253000.0,414331000.0,12502000.0,,,30880000.0,,148579000.0,,,365052000.0,11101000.0,,69847000.0,5400000.0,2787000.0,9248000.0,421000.0,1273527.0,2075784000.0,1408461000.0,667323000.0,451000.0,197000.0,451000.0,,,,,,,,58506000.0,-21105000.0,,0.8,,0.01,400000000.0,296753544.0,296753544.0,2968000.0,441380000.0,,,1606661000.0,,220588000.0,7487000.0,257148000.0,29073000.0,,,8547000.0,-1390000.0,7684000.0,8129000.0,,,,527000.0,27483000.0,3834000.0,-45007000.0,,18248000.0,5089000.0,-1482000.0,5974000.0,,3586000.0,309000.0,10594000.0,,72490000.0,63255000.0,,72490000.0,12211000.0,63770000.0,237456000.0,,0.33,1.51,,0.35,-990000.0,21960000.0,15976000.0,,,,,,2787000.0,2787000.0,229135000.0,,6097000.0,643000.0,411449000.0,,,697062000.0,,16406000.0,157274000.0,264832000.0,270615000.0,,,249714000.0,-1565000.0,,17150000.0,-467000.0,13234000.0,51593000.0,-14714000.0,22424000.0,68685000.0,10627000.0,,,929428.0,,113000.0,113000.0,,784068000.0,924000.0,,132390000.0,,,,,,,,,,,34415000.0,,2075784000.0,239832000.0,0.0,,,,,795000.0,,,,,,,,,,,,,,,-234443000.0,-201792000.0,416120000.0,99229000.0,,,,712657000.0,,,,,,,260907000.0,109552000.0,8894000.0,20575000.0,45848000.0,76038000.0,0.0,2819000.0,4364000.0,107988000.0,12473000.0,,,,98000.0,0.0,,,-7354000.0,0.0,-7256000.0,,,,97000.0,145000.0,9080000.0,237456000.0,,,,,206540000.0,0.01,5000000.0,0.0,0.0,0.0,24869000.0,,,4990000.0,9306000.0,260000000.0,1019902000.0,654850000.0,1827000.0,9421000.0,260000000.0,,,1688781000.0,,,813760000.0,1007431000.0,5400000.0,1442380.0,,,,9925000.0,,,8100000.0,,4356630.0,,,,,,29600000.0,1772697000.0,,,,9306000.0,,9080000.0,85000000.0,3282000.0,1695000.0,1449000.0,1058000.0,37000.0,,0.0,,,297683588.0,296754160.0,,,,,,
2014-04-16,False,296639119,,,105697000.0,473181000.0,,47260000.0,,,,148569000.0,,,,6266000.0,,64573000.0,,,9949000.0,132000.0,1292528.0,2165106000.0,1475492000.0,,453000.0,197000.0,453000.0,,,,,,,,89021000.0,30515000.0,,0.25,,0.01,400000000.0,296624319.0,296624319.0,2966000.0,107096000.0,,,428023000.0,,,,,,,,,,,356000.0,,,,,,,,,17893000.0,,,,,,,,,,63256000.0,,,,17281000.0,,,0.38,0.38,,,-444000.0,,14709000.0,,,,,,550000.0,550000.0,,,,216000.0,448478000.0,52826000.0,,,,,178845000.0,66914000.0,,-6216000.0,,,,,,,6444000.0,61646000.0,72679000.0,-10000.0,9919000.0,-7031000.0,,,853176.0,,126000.0,70000.0,,793987000.0,120000.0,,,,,,,,,,,,,,,2165106000.0,301526000.0,,,,,,,,,,,,,,,,,,,,,-80849000.0,-31490000.0,143298000.0,111931000.0,,,,178851000.0,,,,,,,,,,,,,,,,100957000.0,12319000.0,,,,2000.0,0.0,,,-4837000.0,0.0,,,,,2000.0,-22000.0,8847000.0,74193000.0,,,,,32564000.0,0.01,5000000.0,0.0,0.0,0.0,0.0,,,1054000.0,1641000.0,140000000.0,,677295000.0,,2796000.0,140000000.0,,,1726519000.0,,,876501000.0,269843000.0,1380000.0,1371605.0,,,,,,,8100000.0,,4255855.0,,,,,,,1800324000.0,,,,,,,,3916000.0,,,,,,,,,297495170.0,296641994.0,,,,,,
2014-07-16,False,296770069,,,109488000.0,502330000.0,,5350000.0,,,,166625000.0,,,,11652000.0,,70631000.0,,,10588000.0,263000.0,1997363.0,2282973000.0,1555782000.0,,453000.0,197000.0,453000.0,,,,,,,,105940000.0,47434000.0,,0.25,,0.01,400000000.0,296764444.0,296764444.0,2968000.0,135900000.0,,,467271000.0,,,,,,,,,,,1100000.0,,,,,,,,,17279000.0,,,,,,,,,,63386000.0,,,,35190000.0,,,0.44,0.44,,,-15000.0,,20024000.0,,,,,,1488000.0,1488000.0,,,,196000.0,482667000.0,56711000.0,,,,,206782000.0,76268000.0,,99348000.0,,,,,,,18235000.0,93420000.0,31707000.0,18046000.0,34703000.0,3021000.0,,,887187.0,,194000.0,320000.0,,818771000.0,129000.0,,,,,,,,,,,,,,,2282973000.0,351463000.0,,,,70000000.0,,,,,,,,,,,,,,,,,-80569000.0,-94911000.0,222929000.0,130514000.0,,,,206847000.0,,,,,,,,,,,,,,,,111009000.0,12279000.0,,,,0.0,0.0,,,5386000.0,0.0,,,,,2000.0,69000.0,8847000.0,148353000.0,,,,,97560000.0,0.01,5000000.0,0.0,0.0,0.0,0.0,,,2720000.0,5143000.0,380000000.0,,714912000.0,,5421000.0,310000000.0,,,1782873000.0,,,949938000.0,276016000.0,3000000.0,1811980.0,,,,,,,9042500.0,,4984480.0,,,,,,,1868124000.0,,,,,,,,3916000.0,,,,,,,,,297578419.0,296691232.0,,,,,,
2014-10-15,False,296440794,,,112579000.0,522265000.0,,8181000.0,,,,182143000.0,,,,-120000.0,,56734000.0,,,11587000.0,395000.0,2169565.0,2372995000.0,1619405000.0,,,,0.0,,,,,,,,116329000.0,57823000.0,,0.25,,0.01,400000000.0,296440794.0,296440794.0,2965000.0,121542000.0,,,482121000.0,,,,,,,,,,,1414000.0,,,,,,,,,17098000.0,,,,,,,,,,63519000.0,,,,53476000.0,,,0.45,0.45,,,-872000.0,,18725000.0,,,,,,1925000.0,1925000.0,,,,310000.0,498693000.0,,,,,,212988000.0,79674000.0,,175453000.0,,,,,,,21326000.0,116363000.0,34975000.0,33564000.0,52311000.0,19346000.0,,,782494.0,,271000.0,591000.0,,836379000.0,388000.0,,,,,,,,,,,,,,,2372995000.0,407903000.0,,,,105000000.0,,,,,,,,,,,,,,,,,-135282000.0,-138965000.0,332942000.0,133314000.0,,,,212871000.0,,,,,,,,,,,,,,,,127334000.0,12101000.0,,,,-256000.0,0.0,,,-11516000.0,0.0,,,,,-451000.0,23000.0,26697000.0,222546000.0,,,,,143547000.0,0.01,5000000.0,0.0,0.0,0.0,0.0,,,4154000.0,7036000.0,540000000.0,,741489000.0,,8429000.0,435000000.0,,,1841994000.0,,,980814000.0,286132000.0,4620000.0,1720630.0,,,,,,,9042500.0,,4876880.0,,,,,,,1901573000.0,,,,,,,,3916000.0,,,,,,,,,297377594.0,296595100.0,,,,,,
2015-02-05,True,295880219,14587577033.0,,103909000.0,462077000.0,20910000.0,7442000.0,,31137000.0,,174002000.0,,,429845000.0,-7836000.0,,33744000.0,7039000.0,2094000.0,12619000.0,527000.0,1903767.0,2359102000.0,1583265000.0,775837000.0,,,0.0,,,,,,,,114496000.0,55990000.0,,1.0,,0.01,400000000.0,295867844.0,295867844.0,2959000.0,475213000.0,,,1836105000.0,,250527000.0,10518000.0,291813000.0,30768000.0,,,1919000.0,-704000.0,1471000.0,1760000.0,,,3125000.0,256000.0,33691000.0,4311000.0,-46767000.0,,21765000.0,5768000.0,592000.0,7837000.0,,4873000.0,,10404000.0,,80458000.0,68532000.0,,80458000.0,11460000.0,72145000.0,296581000.0,,0.4,1.66,0.372,0.35,-4889000.0,21928000.0,15908000.0,,,,,,2094000.0,2094000.0,252446000.0,,9814000.0,964000.0,467564000.0,,,757896000.0,,29538000.0,188819000.0,293284000.0,257514000.0,,,275602000.0,-2867000.0,,20549000.0,,12501000.0,63418000.0,34405000.0,25263000.0,87622000.0,7510000.0,,,822866.0,,915000.0,915000.0,,869224000.0,759000.0,,139025000.0,,,,,,,,,,,,,2359102000.0,375353000.0,,,,90000000.0,,1684000.0,,,,,,,,,,,,,,,-249732000.0,-188781000.0,499392000.0,118391000.0,,,,787590000.0,,,,,,,278386000.0,116324000.0,8569000.0,23113000.0,47039000.0,81419000.0,1922000.0,3007000.0,1818000.0,115703000.0,11948000.0,,,,-254000.0,0.0,,,-18683000.0,0.0,-18937000.0,,,,-451000.0,2000.0,52942000.0,296581000.0,,5575000.0,,,189474000.0,0.01,5000000.0,0.0,0.0,0.0,0.0,,,5819000.0,7697000.0,705000000.0,1193734000.0,763889000.0,1732000.0,11480000.0,615000000.0,,,1886350000.0,,,926254000.0,1110776000.0,7039000.0,1972330.0,,,,7466000.0,,,9055000.0,,4712330.0,,,,,,31024000.0,1915217000.0,,,,7697000.0,,52942000.0,112908000.0,3772000.0,113000.0,0.0,924000.0,185000.0,,506000.0,,,297313244.0,296490378.0,,,,,,
2015-04-17,False,293955044,,,132234000.0,521094000.0,,66186000.0,,,,168943000.0,,,,-27286000.0,,0.0,,,13316000.0,132000.0,2066000.0,2423937000.0,1628947000.0,,,,,,,,,,,,120790000.0,6294000.0,,0.28,,0.01,400000000.0,293955044.0,293955044.0,2940000.0,108156000.0,,,469267000.0,,,,,,,,,,,416000.0,,,,,,,,,21578000.0,,,,,,,,,,68761000.0,,,,19412000.0,,,0.43,0.43,,,-4349000.0,,14440000.0,,,,,,451000.0,451000.0,,,,108000.0,484050000.0,,,,,,203512000.0,75906000.0,,16292000.0,,,,,,,28325000.0,66065000.0,59195000.0,-5059000.0,5151000.0,-18140000.0,,,699093.0,,358000.0,358000.0,,867922000.0,99000.0,,,,,,,,,,,,,,,2423937000.0,492363000.0,,,,125000000.0,,,,,,,,,,,,,,,,,-127180000.0,-42282000.0,180105000.0,127606000.0,,,,203771000.0,,,,,,,,,,,,,,,,97563000.0,11839000.0,,,,0.0,0.0,,,-19450000.0,0.0,,,,,0.0,23000.0,81865000.0,82846000.0,,,,,43922000.0,0.01,5000000.0,0.0,0.0,0.0,,,,1663000.0,2080000.0,175000000.0,,783151000.0,,2883000.0,140000000.0,,,1887159000.0,,,953317000.0,280387000.0,1620000.0,1885130.0,,,,,,,9055000.0,,4580130.0,,,,,,,1862813000.0,,,,,,,,4122000.0,,,,,,,,,295936718.0,295237625.0,,,,,,
2015-07-17,False,290165109,,,133472000.0,537650000.0,,1132000.0,,,,182397000.0,,,,-23497000.0,,2934000.0,,,12178000.0,263000.0,2724639.0,2480932000.0,1663373000.0,,,,,,,,,,,,121166000.0,6670000.0,,0.28,,0.01,400000000.0,290149384.0,290149384.0,2902000.0,144146000.0,,,495740000.0,,,,,,,,,,,2527000.0,,,,,,,,,20653000.0,,,,,,,,,,69947000.0,,,,39295000.0,,,0.48,0.48,,,-3580000.0,,17707000.0,,,,,,1274000.0,1274000.0,,,,390000.0,502087000.0,,,,,,225099000.0,84742000.0,,162891000.0,,,,,,,29563000.0,83552000.0,-5036000.0,8395000.0,12615000.0,-8496000.0,,,653152.0,,797000.0,1155000.0,,876697000.0,63000.0,,,,,,,,,,,,,,,2480932000.0,396576000.0,,,,79575000.0,,,,,,,,,,,,250425000.0,,,,,-166976000.0,-83928000.0,261154000.0,140357000.0,,,,225833000.0,,,,,,,,,,,,,,,,107207000.0,11705000.0,,,,0.0,0.0,,,3789000.0,0.0,,,,,0.0,20000.0,250425000.0,164736000.0,,,,,88020000.0,0.01,5000000.0,0.0,0.0,0.0,,,,4112000.0,6911000.0,790000000.0,,805854000.0,,4806000.0,550000000.0,,,1781645000.0,,,997827000.0,276644000.0,3441000.0,2214540.0,,,,,,,9948220.0,,5192882.0,,,,,,,1763984000.0,,,,,,,,4299000.0,,,,,,,,,291830137.0,291176985.0,,,,,,
2015-10-16,False,289695174,,,131979000.0,537055000.0,,0.0,,,,194791000.0,,,,-40231000.0,,1031000.0,,,11795000.0,395000.0,3032532.0,2495277000.0,1672990000.0,,,,,,,,,,,,111775000.0,-2721000.0,,0.28,,0.01,400000000.0,289654284.0,289654284.0,2897000.0,119760000.0,,,493025000.0,,,,,,,,,,,2822000.0,,,,,,,,,20427000.0,,,,,,,,,,70016000.0,,,,60500000.0,,,0.47,0.47,,,-8430000.0,,16296000.0,,,,,,1756000.0,1756000.0,,,,162000.0,502225000.0,,,,,,219204000.0,82710000.0,,248473000.0,,,,,,,28070000.0,88420000.0,-8525000.0,20789000.0,24623000.0,1984000.0,,490000.0,556771.0,,942000.0,2096000.0,,883207000.0,137000.0,,,,,,,,,,,,,,,2495277000.0,368280000.0,,,,41510000.0,,,,,,,,,,,,273490000.0,,,,,-283428000.0,-112848000.0,401985000.0,136494000.0,,,,220009000.0,,,,,,,,,,,,,,,,117687000.0,11635000.0,,,,0.0,0.0,,,-16734000.0,0.0,,,,,0.0,82000.0,273490000.0,245983000.0,,,,,119462000.0,0.01,5000000.0,0.0,0.0,0.0,2839000.0,,,6696000.0,9289000.0,965000000.0,,810652000.0,,6768000.0,740000000.0,,,1819794000.0,,,995250000.0,282378000.0,4641000.0,2109640.0,,,,,,,9948220.0,,5008342.0,,,,,,,1783491000.0,,,,,,,,4499000.0,,,,,,,,,290474539.0,289917768.0,,,,,,
2016-02-05,True,288403782,12195658299.0,,125973000.0,468375000.0,15441000.0,0.0,,31821000.0,,185143000.0,,,506034000.0,-46403000.0,,2024000.0,5841000.0,3390000.0,11729000.0,527000.0,2611367.0,2532462000.0,1664776000.0,867686000.0,,,,,,,,,,,129019000.0,14523000.0,,1.12,,0.01,400000000.0,289581682.0,289581682.0,2896000.0,477794000.0,,,1920253000.0,,256748000.0,13677000.0,301722000.0,31297000.0,,,7362000.0,348000.0,7937000.0,8290000.0,90281000.0,,2875000.0,227000.0,,4556000.0,,35224000.0,0.0,5155000.0,1541000.0,8270000.0,,4529000.0,,10930000.0,,55057000.0,55057000.0,,90281000.0,13669000.0,86071000.0,327101000.0,,0.39,0.39,0.375,0.35,-14227000.0,24407000.0,15073000.0,,,,,,3390000.0,3390000.0,264110000.0,,14025000.0,1411000.0,460572000.0,,,785916000.0,,40104000.0,178205000.0,309659000.0,,327034000.0,,289107000.0,-1061000.0,,21613000.0,,20617000.0,20608000.0,-26610000.0,11141000.0,47830000.0,15778000.0,,-4950000.0,592335.0,,3108000.0,3103000.0,,913263000.0,373000.0,,144139000.0,,,,,,,,,,,,,2532462000.0,373166000.0,,,,,,1930000.0,365000000.0,62050000.0,,,,,,,302950000.0,,,,,,-337563000.0,-180627000.0,546940000.0,111904000.0,,,,828755000.0,,,,,,,301709000.0,123388000.0,11492000.0,25928000.0,52776000.0,86546000.0,1579000.0,3406000.0,3176000.0,131561000.0,48797000.0,,,,0.0,0.0,,,-38567000.0,0.0,-38567000.0,,,,0.0,11907000.0,292951000.0,327101000.0,,23493000.0,,,155168000.0,0.01,5000000.0,0.0,0.0,0.0,22558000.0,,,9941000.0,19099000.0,1215000000.0,1324923000.0,818889000.0,2858000.0,8769000.0,955000000.0,,,1842772000.0,,,922793000.0,1121590000.0,5841000.0,1792242.0,,,,14174000.0,,,9948220.0,,4530982.0,,,,,,31524000.0,1801289000.0,,,,19099000.0,,292951000.0,140000000.0,5417000.0,43000.0,,984000.0,704000.0,,0.0,,,292045442.0,291453107.0,,,,,,
2016-04-15,False,288883249,,,158496000.0,533485000.0,,56216000.0,,,,179351000.0,,,,-32687000.0,,24716000.0,,,11434000.0,132000.0,2661571.0,2642781000.0,1767180000.0,,,,,,,,,,,,150552000.0,21533000.0,,0.3,,0.01,400000000.0,288872549.0,288872549.0,2889000.0,139943000.0,,,495220000.0,,,,,,,,,,,1785000.0,,,,,,,,,,,,,,,,,,,56842000.0,,,,23286000.0,,,0.44,0.44,,,4459000.0,,13391000.0,,,,,,5092000.0,5092000.0,,,,-106000.0,491460000.0,,,,,,199851000.0,73624000.0,,-12197000.0,,,,,,,32523000.0,64372000.0,83866000.0,-5792000.0,47112000.0,-13472000.0,,737000.0,315584.0,,1383000.0,1389000.0,,965054000.0,61000.0,,,,,,,,,,,,,,,2642781000.0,401673000.0,,,,,,,370000000.0,7610000.0,,,,,,,362390000.0,,,,,,-115356000.0,-28932000.0,161362000.0,126227000.0,,,,201173000.0,,,,,,,,,,,,,,,,118089000.0,48865000.0,,,,,,,,13716000.0,0.0,,,,,,200000.0,59440000.0,86522000.0,,,,,29681000.0,0.01,5000000.0,0.0,0.0,0.0,0.0,,,949000.0,20514000.0,180000000.0,,826736000.0,,2070000.0,175000000.0,,,1826958000.0,,,986680000.0,290181000.0,1000000.0,901375.0,,,,,,,9948220.0,,3512081.0,,,,,,,1821876000.0,,,,,,,,5808000.0,,,,,,,,,289123603.0,288808019.0,,,,,,
2016-07-15,False,288965949,,,158698000.0,537341000.0,,8318000.0,,,,176556000.0,,,,-34242000.0,,27701000.0,,,11123000.0,263000.0,3253343.0,2699136000.0,1790906000.0,,,,,,,,,,,,155458000.0,26439000.0,,0.3,,0.01,400000000.0,288945899.0,288945899.0,2890000.0,129966000.0,,,512695000.0,,,,,,,,,,,2345000.0,,,,,,,,,,,,,,,,,,,57402000.0,,,,47937000.0,,,0.46,0.45,,,4063000.0,,16993000.0,,,,,,5469000.0,5469000.0,,,,236000.0,501592000.0,,,,,,207817000.0,76296000.0,,110934000.0,,,,,,,32725000.0,70560000.0,36345000.0,-8587000.0,68144000.0,-18539000.0,,553000.0,200525.0,92000.0,1484000.0,2873000.0,,985085000.0,,,,,,,,,,,,,,,,2699136000.0,411182000.0,,,,,,,430000000.0,67610000.0,,,,,,,362390000.0,,,,,,-139736000.0,-85941000.0,248053000.0,131521000.0,,,,209209000.0,,,,,,,,,,,,,,,,113022000.0,48740000.0,,,,,,,,-1555000.0,0.0,,,,,,206000.0,59440000.0,173188000.0,,,,,88723000.0,0.01,5000000.0,0.0,0.0,0.0,0.0,,,2988000.0,22423000.0,435000000.0,,859490000.0,,3894000.0,370000000.0,,,1871813000.0,,,1014287000.0,292619000.0,1700000.0,1238025.0,,,,,,,6413660.0,,4116511.0,,,,,,,1868162000.0,,,,,,,,5085000.0,,,,,,,,,289119470.0,288918945.0,,,,,,
2016-10-14,False,289032074,,,117765000.0,543744000.0,,11678000.0,,,,189012000.0,,,,-37143000.0,,31503000.0,,,11469000.0,395000.0,3335439.0,2730468000.0,1777662000.0,,,,,,,,,,,,146983000.0,17964000.0,,0.3,,0.01,400000000.0,289024824.0,289024824.0,2890000.0,124024000.0,,,513288000.0,,,,,,,,,,,2658000.0,,,,,,,,,,,,,,,,,,,57715000.0,,,,74471000.0,,,0.44,0.44,,,3071000.0,,15833000.0,,,,,,5537000.0,5537000.0,,,,182000.0,499834000.0,,,,,,201239000.0,74314000.0,,181247000.0,,,,,,,-8208000.0,80406000.0,39773000.0,3869000.0,51041000.0,-11557000.0,,100000.0,154114.0,105000.0,1835000.0,4372000.0,,966931000.0,,,,,,,,,,,,,,,,2730468000.0,331065000.0,,,,,,,445000000.0,12610000.0,,,,,,,432390000.0,,,,,,-208824000.0,-157601000.0,381318000.0,126925000.0,,,,202969000.0,,,,,,,,,,,,,,,,120004000.0,48605000.0,,,,,,,,-2901000.0,0.0,,,,,,203000.0,59440000.0,259878000.0,,,,,161975000.0,0.01,5000000.0,0.0,0.0,0.0,0.0,760000000.0,,4577000.0,24957000.0,,,904201000.0,,6626000.0,,680000000.0,,1912048000.0,,,1013122000.0,297047000.0,2900000.0,1138350.0,,,,,,,6413660.0,,3976593.0,,,,,,,1909298000.0,,,,,,,,5259000.0,,,,,,,,,289149606.0,288995492.0,,,,,,
2017-02-06,True,289247424,12778423898.0,,108740000.0,499716000.0,14156000.0,,,34640000.0,,156422000.0,24853000.0,,599138000.0,-47304000.0,,37363000.0,4100000.0,5884000.0,11249000.0,527000.0,3095343.0,2668884000.0,1720770000.0,948114000.0,,,,,,,,,,,112735000.0,-16284000.0,,1.2,,0.01,400000000.0,289161924.0,289161924.0,2892000.0,498577000.0,,,1997259000.0,,223837000.0,12634000.0,264702000.0,28231000.0,,,23149000.0,1164000.0,25549000.0,25571000.0,114838000.0,,2767000.0,1236000.0,,4788000.0,,34210000.0,,5121000.0,2123000.0,6789000.0,1651000.0,4339000.0,,11489000.0,,80628000.0,80628000.0,,114838000.0,8665000.0,103525000.0,346588000.0,,0.4,0.4,0.368,0.35,-1318000.0,23180000.0,14455000.0,,,,,,5884000.0,5884000.0,246986000.0,27000000.0,13798000.0,532000.0,471891000.0,,0.0,739383000.0,,50346000.0,180822000.0,290251000.0,,248329000.0,,276405000.0,-6192000.0,,20038000.0,,-17233000.0,40490000.0,15535000.0,-28721000.0,80853000.0,-29138000.0,,-1288000.0,207998.0,394000.0,6504000.0,6183000.0,,992989000.0,,,152786000.0,,,,,,,,,,,,,2668884000.0,275644000.0,,,,,,1393000.0,390000000.0,10482000.0,,,,,,,379518000.0,,,,,,-340872000.0,-188093000.0,513999000.0,114805000.0,15000000.0,,,795839000.0,,,,,,,321382000.0,129445000.0,11620000.0,30146000.0,55987000.0,92798000.0,1386000.0,3998000.0,3325000.0,102423000.0,48417000.0,,,,0.0,0.0,,,-901000.0,0.0,-901000.0,,,,0.0,5147000.0,59440000.0,346588000.0,,0.0,5000000.0,,189451000.0,0.01,5000000.0,0.0,0.0,0.0,12907000.0,950000000.0,,6505000.0,29272000.0,,1498835000.0,899697000.0,3122000.0,8550000.0,,920000000.0,,1940143000.0,,,947947000.0,1169470000.0,4100000.0,1200250.0,,,,23236000.0,,,6413660.0,,3757947.0,,,,7083000.0,,29467000.0,1933094000.0,,,,29272000.0,,59440000.0,147000000.0,5407000.0,0.0,,846000.0,194000.0,,1050000.0,,,289157523.0,288949525.0,,,,,,
2017-04-17,False,289263924,,,129700000.0,574700000.0,,65500000.0,,,,163500000.0,,,,-44400000.0,,41500000.0,,,11500000.0,800000.0,3204951.0,2786400000.0,1810700000.0,,,,,,,,,,,,134300000.0,21600000.0,,0.32,,0.01,400000000.0,289263924.0,289263924.0,2900000.0,137100000.0,,,529700000.0,,,,,,,,,,,400000.0,,,,,,,,,,,,,,,,,,,81000000.0,,,,29900000.0,,,0.46,0.46,,,1000000.0,,18400000.0,,,,,,,,,27000000.0,,400000.0,518000000.0,,,,,,210900000.0,76700000.0,,-2200000.0,,,,,,,17600000.0,70000000.0,78400000.0,7100000.0,-1400000.0,-8200000.0,,600000.0,213494.0,100000.0,1700000.0,1500000.0,,1007400000.0,,,,,,,,,,,,,,,,2786400000.0,369600000.0,,,,,,,365000000.0,10900000.0,,,,,,,354100000.0,,,,,,-114700000.0,-75100000.0,210400000.0,134200000.0,,,,212500000.0,,,,,,,,,,,,,,,,94300000.0,85000000.0,,,,,,,,2900000.0,0.0,,,,,,-1900000.0,0.0,92600000.0,,57900000.0,5000000.0,,21200000.0,0.01,5000000.0,0.0,0.0,0.0,0.0,240000000.0,,2100000.0,2900000.0,,,890700000.0,,2200000.0,,265000000.0,,1981700000.0,,,1047700000.0,305900000.0,1200000.0,1083000.0,,,,,,,7178449.0,,4340594.0,,,,,,,1981700000.0,,,,,,,,5500000.0,,,,,,,,,289455941.0,289242447.0,,,,,,
2017-07-17,False,287978174,,,141200000.0,613500000.0,,11900000.0,,,,180400000.0,,,,-36300000.0,,1200000.0,,,11600000.0,1800000.0,3897177.0,2851400000.0,1872900000.0,,,,,,,,,,,,115100000.0,2400000.0,,0.32,,0.01,400000000.0,287978174.0,287978174.0,2900000.0,157000000.0,,,563000000.0,,,,,,,,,,,800000.0,,,,,,,,,,,,,,,,,,,81400000.0,,,,60800000.0,,,0.52,0.52,,,2300000.0,,17200000.0,,,,,,,,,27000000.0,,600000.0,558500000.0,,,,,,235400000.0,86500000.0,,137100000.0,,,,,,,30000000.0,108000000.0,24800000.0,24000000.0,32100000.0,-2500000.0,,200000.0,133943.0,100000.0,2200000.0,3500000.0,,1044300000.0,,,,,,,,,,,,,,,,2851400000.0,342300000.0,,,,,,,445000000.0,8800000.0,,,,,,,436200000.0,,,,,,-183500000.0,-109700000.0,293300000.0,148900000.0,,,,237500000.0,,,,,,,,,,,,,,,,100000000.0,83300000.0,,,,,,,,8100000.0,0.0,,,,,,-1800000.0,56700000.0,185100000.0,,58700000.0,5000000.0,,57400000.0,0.01,5000000.0,0.0,0.0,0.0,0.0,550000000.0,,4600000.0,3300000.0,,,895200000.0,,4000000.0,,495000000.0,,2023700000.0,,,1121500000.0,321600000.0,2800000.0,1309103.0,,,,,,,6628449.0,,4297369.0,,,,,,,1991500000.0,,,,,,,,4300000.0,,,,,,,,,288788963.0,288655020.0,,,,,,
2017-10-16,False,287390374,,,147100000.0,632100000.0,,6600000.0,,,,198700000.0,,,,-28100000.0,,1300000.0,,,11400000.0,2800000.0,3848126.0,2901600000.0,1930200000.0,,,,,,,,,,,,133400000.0,20700000.0,,0.32,,0.01,400000000.0,287383174.0,287383174.0,2900000.0,151300000.0,,,576900000.0,,,,,,,,,,,2300000.0,,82900000.0,,,,,,,,,,,,,,,,,,,,,92300000.0,,,0.5,0.5,,,4200000.0,,15900000.0,,,,,,,,,27000000.0,,100000.0,555900000.0,,,,,,226000000.0,82900000.0,,223800000.0,,,,,,,35900000.0,126200000.0,19500000.0,42300000.0,31200000.0,15200000.0,,1900000.0,121100.0,100000.0,2600000.0,6100000.0,,1047000000.0,,,,,,,,,,,,,,,,2901600000.0,360400000.0,,,,,,,440000000.0,8000000.0,,,,,,,432000000.0,,,,,,-301200000.0,-138200000.0,455900000.0,143100000.0,,,,228500000.0,,,,,,,,,,,,,,,,117700000.0,82100000.0,,,,,,,,8200000.0,0.0,,,,,,3000000.0,82600000.0,277100000.0,,58700000.0,5000000.0,,82700000.0,0.01,5000000.0,0.0,0.0,0.0,0.0,805000000.0,,6200000.0,3500000.0,,,889300000.0,,6200000.0,,750000000.0,,2050200000.0,,,1132800000.0,327500000.0,4000000.0,1301603.0,,,,,,,6628449.0,,4220498.0,,,,,,,2026300000.0,,,,,,,,4500000.0,,,,,,,,,287578043.0,287456943.0,,,,,,
2018-02-05,True,287603912,12488792738.0,,147500000.0,607800000.0,19800000.0,6500000.0,,39000000.0,,194000000.0,31300000.0,,711300000.0,-25100000.0,,8500000.0,5200000.0,5900000.0,11900000.0,3800000.0,3524401.0,2910500000.0,1935700000.0,974800000.0,,,,,,,,,,,116900000.0,4200000.0,,1.28,,0.01,400000000.0,287591536.0,287591536.0,2900000.0,600800000.0,,,2226900000.0,,270600000.0,20500000.0,324300000.0,33200000.0,,,-33100000.0,0.0,-29800000.0,-30000000.0,75200000.0,50600000.0,,3300000.0,,3600000.0,,24600000.0,,4200000.0,800000.0,5200000.0,1300000.0,3000000.0,,8400000.0,,50600000.0,,,75200000.0,10600000.0,123600000.0,369100000.0,,0.53,0.53,0.337,0.35,5500000.0,26000000.0,14600000.0,,,,,,,,237500000.0,27000000.0,20500000.0,1000000.0,531200000.0,,0.0,809400000.0,,63700000.0,200800000.0,294500000.0,,304100000.0,-30800000.0,305600000.0,-8300000.0,6500000.0,21500000.0,,36300000.0,103700000.0,19400000.0,37600000.0,76300000.0,15600000.0,,900000.0,134298.0,400000.0,9100000.0,8700000.0,,1092900000.0,,,155300000.0,,,,,,,,,,,,,2910500000.0,351000000.0,,,,,,,415000000.0,3000000.0,,,,,,,412000000.0,,,,,,-407200000.0,-179300000.0,585200000.0,152400000.0,,,3000.0,881800000.0,,,,,,,324700000.0,133800000.0,9300000.0,27100000.0,57900000.0,94600000.0,2000000.0,2800000.0,16200000.0,118100000.0,81200000.0,,,,,,,,22200000.0,0.0,22200000.0,,,,,8100000.0,82600000.0,369100000.0,,58700000.0,5000000.0,,119900000.0,0.01,5000000.0,0.0,0.0,0.0,0.0,1015000000.0,,7400000.0,9500000.0,,1604900000.0,893600000.0,2500000.0,8200000.0,,980000000.0,,2110600000.0,,,1088500000.0,1282800000.0,5200000.0,1280499.0,,,,6900000.0,,,6628449.0,,3948908.0,,,,4200000.0,,36500000.0,2096900000.0,,,,9500000.0,,82600000.0,,4400000.0,500000.0,500000.0,700000.0,400000.0,,1100000.0,,,288342733.0,288208435.0,,,,,,
2018-04-16,False,287688839,,,148100000.0,688600000.0,,42100000.0,,,,199700000.0,,,,-23100000.0,,13700000.0,,,11300000.0,1000000.0,1616963.0,3029600000.0,2060300000.0,,,,,,,,,,,,137100000.0,20200000.0,,0.37,,0.01,400000000.0,287687089.0,287687089.0,2900000.0,176300000.0,,33600000.0,608200000.0,,,,,,,,,,,12100000.0,,62700000.0,,,,,,,,,,,,,,,,,,,,,32400000.0,,,0.61,0.61,0.248,,2000000.0,,17300000.0,,,,,,,,,,,-400000.0,577600000.0,,,,,,231900000.0,57600000.0,,9600000.0,,,,,,,600000.0,82400000.0,35600000.0,5700000.0,41200000.0,-18400000.0,,-100000.0,232962.0,100000.0,2700000.0,2700000.0,,1134900000.0,,,,,,,,,,,,,,,,3029600000.0,403000000.0,,,,,,,405000000.0,13100000.0,,,,,,,391900000.0,,,,,,-112600000.0,-28900000.0,159700000.0,174300000.0,,,,234500000.0,,,,,,,,,,,,,,,,99700000.0,80300000.0,,,,,,,,2000000.0,0.0,,,,,,100000.0,,106400000.0,,0.0,,,31500000.0,0.01,5000000.0,0.0,0.0,0.0,,180000000.0,,2700000.0,3800000.0,,,889000000.0,,1300000.0,,190000000.0,,2178500000.0,1185800000.0,,1185800000.0,342700000.0,1400000.0,1184946.0,,,,,,,7149050.0,,4278972.0,,,21185.0,,,,2172000000.0,,,,,,,,,,,,,0.0,,,,287875763.0,287642801.0,,,,,,
2018-07-16,False,286948535,,,172100000.0,733700000.0,,2000000.0,,,,204400000.0,,,,-35900000.0,,400000.0,,,11400000.0,2000000.0,3056822.0,3100100000.0,2140700000.0,,,,,,,,,,,,135500000.0,18600000.0,,0.37,,0.01,400000000.0,286948535.0,286948535.0,2900000.0,198400000.0,,,650200000.0,,,,,,,,,,,19400000.0,,70000000.0,,,,,,,,,,,,,,,,,,,,,65500000.0,,,0.74,0.74,0.226,,-1600000.0,,16000000.0,,,,,,,,,,,600000.0,617700000.0,,,,,,265900000.0,54700000.0,,96800000.0,,,,,,,24600000.0,132000000.0,-4500000.0,10400000.0,75000000.0,-10000000.0,,-700000.0,117061.0,100000.0,3200000.0,5900000.0,,1163400000.0,,,,,,,,,,,,,,,,3100100000.0,381000000.0,,,,,,,425000000.0,2500000.0,,,,,,,422500000.0,,,,,,-237500000.0,-53900000.0,311600000.0,211200000.0,,,,269000000.0,,,,,,,,,,,,,,,,108100000.0,79300000.0,,,,,,,,-12800000.0,0.0,,,,,,100000.0,40400000.0,212700000.0,,0.0,,,60600000.0,0.01,5000000.0,0.0,0.0,0.0,,415000000.0,,6800000.0,5600000.0,,,880100000.0,,2700000.0,,405000000.0,,2259200000.0,1267900000.0,,1267900000.0,349300000.0,2500000.0,1422405.0,,,,,,,6380235.0,,4201518.0,,,,,,,2226600000.0,,,,,,,,,,,,,0.0,,,,287257487.0,287140426.0,,,,,,
2018-10-16,False,287056618,,,186000000.0,772500000.0,,0.0,,,,227600000.0,,,,-36700000.0,,7400000.0,,,11700000.0,3000000.0,1534795.0,3193900000.0,2225500000.0,,,,,,,,,,,,129700000.0,12800000.0,,0.4,,0.01,400000000.0,287056618.0,287056618.0,2900000.0,196800000.0,,,664000000.0,,,,,,,,,,,24100000.0,,74700000.0,,,,,,,,,,,,,,,,,,,,,99300000.0,,,0.69,0.69,0.23,,-2900000.0,,14900000.0,,,,,,,,,,,300000.0,615800000.0,,,,,,259400000.0,61800000.0,,158000000.0,,,,,,,38500000.0,172000000.0,-8700000.0,33600000.0,104900000.0,8300000.0,,-100000.0,256312.0,100000.0,3000000.0,,8900000.0,1194700000.0,,,,,,,,,,,,,,,,3193900000.0,416100000.0,,,,,,,390000000.0,2500000.0,,,,,,,387500000.0,,,,,,-381600000.0,-98900000.0,496200000.0,197600000.0,,,,262300000.0,,,,,,,,,,,,,,,,126400000.0,84600000.0,,,,,,,,-800000.0,0.0,,,,,,6400000.0,40400000.0,327500000.0,,3700000.0,,,97100000.0,0.01,5000000.0,0.0,0.0,0.0,2200000.0,640000000.0,,8300000.0,11300000.0,,,883800000.0,,5100000.0,,665000000.0,,2342000000.0,1279800000.0,,,353800000.0,3800000.0,1312759.0,,,,,,,6380235.0,,4071702.0,,,,,,,2315600000.0,,,,,,,,,,,,,0.0,,,,287263222.0,287006910.0,,,,,,
2019-02-06,True,285931529,13762835828.0,,193600000.0,714300000.0,22800000.0,0.0,,37600000.0,,240800000.0,50900000.0,,821400000.0,-44800000.0,,3000000.0,5100000.0,5900000.0,12800000.0,4100000.0,1579757.0,3321500000.0,2316200000.0,,,,,,,,,,,,167200000.0,50300000.0,,1.54,,0.01,400000000.0,285901919.0,285901919.0,2900000.0,732200000.0,,,2566200000.0,,143800000.0,24100000.0,206700000.0,38800000.0,,,27400000.0,800000.0,28400000.0,33800000.0,104700000.0,84400000.0,,200000.0,,4200000.0,,25600000.0,,3200000.0,1300000.0,5600000.0,1900000.0,3200000.0,,8100000.0,,79100000.0,,,104700000.0,13000000.0,134100000.0,441900000.0,,0.59,0.59,0.238,0.21,-3500000.0,27600000.0,13700000.0,,,,,,,,171200000.0,,24900000.0,500000.0,587800000.0,,0.0,905000000.0,,82000000.0,229800000.0,235100000.0,,215300000.0,-11500000.0,207300000.0,7900000.0,1200000.0,30200000.0,,46100000.0,120300000.0,-15500000.0,46800000.0,193300000.0,28900000.0,,-2700000.0,195847.0,400000.0,12600000.0,,12600000.0,1278700000.0,,,158200000.0,,,,,,,,,,,,,3321500000.0,437400000.0,,,,,,,500000000.0,3000000.0,,,,,,,497000000.0,,,,,,-446500000.0,-173900000.0,674200000.0,168800000.0,,1005300000.0,3100.0,999200000.0,,,,,,,309500000.0,124100000.0,9700000.0,23700000.0,53700000.0,94600000.0,3700000.0,2700000.0,25300000.0,147000000.0,80500000.0,,,,,,,,-19700000.0,0.0,-19700000.0,,,,,3400000.0,103000000.0,441900000.0,,3700000.0,,,176300000.0,0.01,5000000.0,0.0,0.0,0.0,9000000.0,980000000.0,,9500000.0,13400000.0,,1746200000.0,924800000.0,2300000.0,8100000.0,,895000000.0,,2341600000.0,1231600000.0,,,1400200000.0,5100000.0,1554378.0,,,,4200000.0,,,6382417.0,,3999632.0,,,,5300000.0,,39000000.0,2302700000.0,,,,13400000.0,,103000000.0,248000000.0,5300000.0,600000.0,100000.0,700000.0,1800000.0,,900000.0,,,287162764.0,286966917.0,,,,,,
2019-04-16,False,286314823,,,183900000.0,793000000.0,,41700000.0,,,,232800000.0,,,,-41100000.0,,22700000.0,,,11800000.0,1000000.0,1454355.0,3651800000.0,2389200000.0,,,,,,,,,,,,185400000.0,18200000.0,,0.43,0.43,0.01,400000000.0,286265537.0,286265537.0,2900000.0,197800000.0,,,684600000.0,,,,,,,,,,,600000.0,,85000000.0,,,,,,,,,,,,,,,,,,,,,35400000.0,,,0.68,0.68,,,900000.0,,17000000.0,,,,,,,,,,,300000.0,624700000.0,,,,,,257500000.0,63400000.0,,11700000.0,,,,,,,-9700000.0,79500000.0,50700000.0,-8000000.0,13500000.0,-30100000.0,,-400000.0,410680.0,100000.0,4000000.0,,4000000.0,1293900000.0,,,,39800000.0,234300000.0,4000000.0,,10900000.0,23400000.0,46400000.0,75600000.0,74000000.0,12100000.0,,,3651800000.0,554600000.0,,,,,,,489000000.0,4400000.0,,,,,,,484600000.0,,,,,,-134900000.0,-52700000.0,204900000.0,194100000.0,,,,261400000.0,28800000.0,222200000.0,91800000.0,130400000.0,28400000.0,220900000.0,,,,,,,,,,116900000.0,98400000.0,,,,,,,,3700000.0,0.0,,,,,,-100000.0,,123000000.0,,,,,54400000.0,0.01,5000000.0,0.0,0.0,0.0,0.0,210000000.0,,1600000.0,18100000.0,,,943300000.0,,2000000.0,,240000000.0,,2412700000.0,1309300000.0,21800000.0,,363600000.0,1600000.0,1440687.0,,,,,,,6510879.0,,4270442.0,,,,,7300000.0,,2397200000.0,,,,,,,,,,,,,0.0,,,3700000.0,286496981.0,286086301.0,,,,,,
2019-07-16,False,573430436,,,203800000.0,819800000.0,,,,,,226000000.0,,,,-39400000.0,,46000000.0,,,11400000.0,2000000.0,0.0,3756400000.0,2468300000.0,,,,,,,,,,,,175000000.0,7800000.0,,0.215,0.215,0.01,800000000.0,573396959.0,573396959.0,2900000.0,206300000.0,,,727200000.0,,,,,,,,,,,2300000.0,,86700000.0,,,,,,,,,,,,,,,,,,,,,71500000.0,,,0.36,0.36,,,400000.0,,15700000.0,,,,,,,,,,,500000.0,641200000.0,,,,,,271400000.0,66800000.0,,122300000.0,,,,,,,10200000.0,106400000.0,5000000.0,-14800000.0,64300000.0,-23200000.0,,-400000.0,1392211.0,100000.0,3700000.0,,7800000.0,1345700000.0,,,,38600000.0,248700000.0,7400000.0,,16300000.0,32100000.0,57000000.0,86800000.0,49100000.0,12500000.0,,,3756400000.0,527900000.0,,,,,,,500000000.0,3000000.0,,,,,,,497000000.0,,,,,,-206000000.0,-119600000.0,333000000.0,204600000.0,,,,275000000.0,29600000.0,236200000.0,95100000.0,141100000.0,57600000.0,234500000.0,,,,,,,,,,123800000.0,78500000.0,,,,,,,,1700000.0,0.0,,,,,,0.0,0.0,246100000.0,,,,,123100000.0,0.01,5000000.0,0.0,0.0,0.0,4000000.0,525000000.0,,3500000.0,40100000.0,,,975100000.0,,3100000.0,,525000000.0,,2494200000.0,1368400000.0,57400000.0,,366700000.0,2900000.0,2625361.0,,,,,,,13021758.0,,7637201.0,,,,,6200000.0,,2503700000.0,,2.0,,,,,,,,,,,0.0,,,2800000.0,574551349.0,573159138.0,,,,,,
2019-10-16,False,573527178,,,215200000.0,817300000.0,,,,,,241300000.0,,,,-49000000.0,,50300000.0,,,11500000.0,3000000.0,553366.0,3814200000.0,2500800000.0,,,,,,,,,,,,191200000.0,24000000.0,,0.22,,0.01,800000000.0,573526178.0,573526178.0,2900000.0,203900000.0,,,728000000.0,,,,,,,,,,,2200000.0,,86600000.0,,,,,,,,,,,,,,,,,,,,,107800000.0,,,0.37,0.37,,,-2900000.0,,14400000.0,,,,,,,,,,,0.0,651100000.0,,,,,,278400000.0,64900000.0,,182600000.0,,,,,,,21600000.0,108000000.0,8600000.0,500000.0,76900000.0,-9800000.0,,-1100000.0,914771.0,100000.0,3600000.0,,11300000.0,1354700000.0,,,,39100000.0,252800000.0,11500000.0,,21000000.0,37700000.0,62900000.0,92800000.0,26900000.0,12400000.0,,,3814200000.0,555100000.0,,,,,,,445000000.0,3000000.0,,,,,,,442000000.0,,,,,,-384300000.0,-179100000.0,590300000.0,213500000.0,,,,281900000.0,29800000.0,240400000.0,95600000.0,144800000.0,87000000.0,238400000.0,,,,,,,,,,137200000.0,77300000.0,,,,,,,,-9600000.0,0.0,,,,,,-200000.0,0.0,372300000.0,,0.0,,,184300000.0,0.01,5000000.0,0.0,0.0,0.0,400000.0,745000000.0,,5000000.0,43000000.0,,,997700000.0,,4900000.0,,800000000.0,,2581500000.0,1379100000.0,87600000.0,,369200000.0,4300000.0,2493166.0,,,,,,,13021758.0,,7460434.0,,,,,6600000.0,,2585700000.0,,2.0,,,,,,,,,,,0.0,,,2700000.0,574366773.0,573452002.0,,,,,,
2020-02-06,True,574226297,18623405521.0,,192800000.0,741800000.0,17900000.0,,,41100000.0,,251500000.0,52200000.0,,943700000.0,-38400000.0,,67200000.0,,,10900000.0,4100000.0,0.0,3799900000.0,2457200000.0,,,,,,,,,,,,174900000.0,7700000.0,,0.87,,0.01,800000000.0,574128911.0,574128911.0,2900000.0,797300000.0,,,2818300000.0,,177400000.0,22100000.0,241100000.0,41600000.0,,,11300000.0,200000.0,11700000.0,15000000.0,176400000.0,99400000.0,,200000.0,,4300000.0,,85600000.0,,3200000.0,0.0,3900000.0,1900000.0,2700000.0,,9100000.0,,90800000.0,,,114700000.0,13800000.0,144600000.0,,,0.31,0.31,0.242,0.21,-200000.0,28700000.0,13100000.0,,,,,,,,188700000.0,,22300000.0,1200000.0,598400000.0,,0.0,977600000.0,,66100000.0,236400000.0,252800000.0,,242700000.0,0.0,219200000.0,800000.0,0.0,32800000.0,,-800000.0,30400000.0,-7700000.0,10700000.0,84400000.0,10400000.0,,-1100000.0,1239476.0,400000.0,13900000.0,,13900000.0,1366400000.0,,,,157400000.0,257400000.0,3700000.0,101000000.0,10100000.0,25400000.0,45500000.0,71700000.0,,11800000.0,,,3799900000.0,544700000.0,,,,,,,345000000.0,3000000.0,,,,,,,342000000.0,,,,,,-595100000.0,-239700000.0,842700000.0,178700000.0,,1342700000.0,3200.0,1057200000.0,118100000.0,245600000.0,97400000.0,148200000.0,117200000.0,243200000.0,,,,,,,,2800000.0,30400000.0,157400000.0,76300000.0,,,,,,,,6400000.0,0.0,,,,,,-100000.0,0.0,498600000.0,,0.0,,,246400000.0,0.01,5000000.0,0.0,0.0,0.0,16700000.0,910000000.0,,6600000.0,58500000.0,,1966900000.0,1023200000.0,,5500000.0,,1065000000.0,90000000.0,2633900000.0,1276900000.0,116100000.0,,1459400000.0,5700000.0,2164067.0,,,,20200000.0,,,13021758.0,,6807217.0,,,,5900000.0,27400000.0,41800000.0,2665600000.0,,2.0,2325073.0,,0.0,,288100000.0,8600000.0,200000.0,0.0,4700000.0,200000.0,,1400000.0,,11900000.0,574441628.0,573202152.0,,,,,,
2020-04-17,False,572818887,,,212100000.0,833900000.0,,39500000.0,,,,227500000.0,,,,-63400000.0,,24200000.0,,,11600000.0,1000000.0,891290.0,3934700000.0,2464300000.0,,,,,,,,,,,,160700000.0,,-14200000.0,0.25,,0.01,800000000.0,572817649.0,572817649.0,2900000.0,177600000.0,,,730200000.0,,,,,,,,,,,500000.0,,99900000.0,,,,,,,,,,,,,,,,,,,,,37600000.0,,,0.35,0.35,,,-5400000.0,,16400000.0,,,,,,,,,,,400000.0,636800000.0,,,,,,269200000.0,66600000.0,,10200000.0,,,,,,,19300000.0,101400000.0,56200000.0,-24000000.0,-10600000.0,-33200000.0,,-2400000.0,1414674.0,100000.0,2200000.0,,2200000.0,1345500000.0,,,,,,,,,,,,,,,,3934700000.0,580400000.0,,,,,,,455000000.0,4900000.0,,,,,,,450100000.0,,,,,,-78200000.0,-171700000.0,241100000.0,202600000.0,,,,271300000.0,,,96400000.0,147700000.0,,242400000.0,,,,,,,,,,124200000.0,200300000.0,,,,,,,,-25000000.0,0.0,,,,,,0.0,52000000.0,143600000.0,,125000000.0,,,48800000.0,0.01,5000000.0,0.0,0.0,0.0,0.0,325000000.0,,2100000.0,7400000.0,,,1027700000.0,,1900000.0,,215000000.0,93200000.0,2692900000.0,1367000000.0,25000000.0,,365900000.0,1600000.0,2463001.0,,,,,,,13924021.0,,7353228.0,,,,,,,2656600000.0,,2.0,,,,,,,,,,,0.0,,,,575318830.0,573904156.0,,,,,,
2020-07-17,False,573626327,,,194100000.0,881500000.0,,102300000.0,,,,238200000.0,,,,-52900000.0,,44400000.0,,,11800000.0,3700000.0,895566.0,4085200000.0,2606300000.0,,,,,,,,,,,,201500000.0,,26600000.0,0.25,,0.01,800000000.0,573570647.0,573570647.0,2900000.0,249400000.0,,,837400000.0,,,,,,,,,,,900000.0,,100300000.0,,,,,,,,,,,,,,,,,,,,,75600000.0,,,0.42,0.42,,,-4000000.0,,15100000.0,,,,,,,,,,,-300000.0,671600000.0,,,,,,313700000.0,74800000.0,,21300000.0,,,,,,,1300000.0,147200000.0,119000000.0,-13300000.0,40800000.0,-35600000.0,,-8700000.0,1754697.0,100000.0,2400000.0,,4100000.0,1401500000.0,,,,,,,,,,,,,,,,4085200000.0,631300000.0,,,,,,,405000000.0,0.0,,,,,,,405000000.0,,,,,,-252500000.0,-208700000.0,491800000.0,238900000.0,,,,316000000.0,,,96700000.0,158000000.0,,252800000.0,,,,,,,,,,121800000.0,196400000.0,,,,,,,,10500000.0,0.0,,,,7600000.0,,-1200000.0,52000000.0,286800000.0,,125000000.0,,,90000000.0,0.01,5000000.0,0.0,0.0,0.0,0.0,870000000.0,,5100000.0,26300000.0,,,1029700000.0,,4000000.0,,810000000.0,93000000.0,2788600000.0,1509000000.0,33700000.0,,355300000.0,2900000.0,2319023.0,,,,,,,13104021.0,,6568808.0,,,,,,,2783000000.0,,2.0,,,,,,,,,,,0.0,,,,574952000.0,573197303.0,,,,,,
2020-10-16,False,574053293,,,210400000.0,834500000.0,,,,,,258200000.0,,,,-41800000.0,,57800000.0,,,11800000.0,6400000.0,0.0,4108600000.0,2646700000.0,,,,,,,,,,,,331800000.0,,156900000.0,0.25,,0.01,800000000.0,574049821.0,574049821.0,2900000.0,232600000.0,,,772700000.0,,,,,,,,,,,3500000.0,,102900000.0,,,,,,,,,,,,,,,,,,,,,114000000.0,,,0.39,0.38,,,-1200000.0,,13800000.0,,,,,,,,,,,1000000.0,640600000.0,,,,,,287600000.0,66100000.0,,201400000.0,,,,,,,17600000.0,98800000.0,2100000.0,6700000.0,-22800000.0,-34200000.0,,-300000.0,2203402.0,100000.0,2600000.0,,5900000.0,1342600000.0,,,,,,,,,,,,,,,,4108600000.0,603000000.0,,,,,,,405000000.0,40000000.0,,,,,,,365000000.0,,,,,,-383900000.0,-238800000.0,780800000.0,221500000.0,,,,290100000.0,,,94400000.0,152100000.0,,244400000.0,,,,,,,,,,123200000.0,193800000.0,,,,,,,,11100000.0,0.0,,,,,,-1100000.0,52000000.0,430200000.0,,125000000.0,,,123500000.0,0.01,5000000.0,0.0,0.0,0.0,14600000.0,910000000.0,,8600000.0,38300000.0,,,1023700000.0,,5800000.0,,850000000.0,85400000.0,2866700000.0,1413300000.0,76100000.0,,351500000.0,4300000.0,1839849.0,,,,,,,13104021.0,,6035427.0,,,,,,,2885600000.0,,2.0,,,,,,,,,,,0.0,,,,576117331.0,573913929.0,,,,,,
2021-02-08,True,574317276,24488427338.0,,207000000.0,769400000.0,22300000.0,,,41000000.0,,272100000.0,57900000.0,,1053900000.0,-21200000.0,,61900000.0,,,12300000.0,9100000.0,846041.0,3964700000.0,2499600000.0,,,,,,,,,,,,245700000.0,,70800000.0,0.65,,0.01,800000000.0,574159575.0,574159575.0,2900000.0,876300000.0,,,3079500000.0,,195400000.0,28100000.0,271000000.0,47500000.0,,,1800000.0,1300000.0,2600000.0,2900000.0,179000000.0,102300000.0,,-500000.0,,5300000.0,,85500000.0,,1900000.0,,3300000.0,2400000.0,3100000.0,,9100000.0,,93500000.0,,300000.0,117600000.0,16200000.0,153300000.0,,,0.34,0.34,0.242,0.21,5100000.0,60300000.0,12600000.0,,,,,,,,197200000.0,,29400000.0,1400000.0,618800000.0,,0.0,1046700000.0,,86000000.0,262200000.0,273600000.0,,260100000.0,0.0,237900000.0,-600000.0,0.0,36300000.0,,14200000.0,29700000.0,10000000.0,20600000.0,-36000000.0,-17100000.0,,2600000.0,1893193.0,600000.0,9700000.0,,8400000.0,1337500000.0,,,,149900000.0,254200000.0,5500000.0,95800000.0,12300000.0,24900000.0,46000000.0,69700000.0,,9100000.0,,,3964700000.0,612700000.0,,,,,,,405000000.0,40000000.0,125000000.0,40000000.0,75000000.0,60000000.0,70000000.0,35000000.0,365000000.0,,,,,,-754400000.0,-281700000.0,1101800000.0,196100000.0,,1465100000.0,3200.0,1141800000.0,117600000.0,245100000.0,93600000.0,151500000.0,115800000.0,243000000.0,,,,,,,,2200000.0,20100000.0,140300000.0,191400000.0,,,,,,,,17200000.0,0.0,,,,,,-800000.0,52000000.0,803400000.0,,125000000.0,,,168100000.0,0.01,5000000.0,0.0,0.0,0.0,6700000.0,1000000000.0,,10600000.0,41000000.0,,2084600000.0,1030700000.0,,7500000.0,,940000000.0,83100000.0,2689600000.0,1358000000.0,99200000.0,,1427400000.0,5700000.0,1885241.0,,,,26700000.0,,,13104021.0,,5914757.0,,,,6100000.0,23600000.0,47000000.0,2733200000.0,,2.0,1630664.0,,1600000.0,,365200000.0,8800000.0,100000.0,0.0,800000.0,200000.0,0.0,700000.0,,8700000.0,575671954.0,573778761.0,,,,,,
2021-04-16,False,574462527,,,215100000.0,851000000.0,,47200000.0,,,,265800000.0,,,,-25600000.0,,70000000.0,,,11600000.0,2700000.0,711977.0,4074400000.0,2614200000.0,,,,,,,,,,,,333900000.0,,88200000.0,0.28,,0.01,800000000.0,574424155.0,574424155.0,2900000.0,206200000.0,,,773600000.0,,,,,,,,,,,300000.0,,102600000.0,,,,,,,,,,,,,,,,,,,,,39300000.0,,,0.37,0.37,,,-2500000.0,,16600000.0,,,,,,,,,,,600000.0,643400000.0,,,,,,277900000.0,67300000.0,,12400000.0,,,,,,,8100000.0,82100000.0,53900000.0,-6300000.0,-31100000.0,-16300000.0,,-100000.0,2210857.0,0.0,2400000.0,,2400000.0,1305300000.0,,,,,,,,,,,,,,,,4074400000.0,661200000.0,,,,,,,405000000.0,40000000.0,,,,,,,365000000.0,,,,,,-154200000.0,-29900000.0,274800000.0,210600000.0,,,,280300000.0,,,93100000.0,158900000.0,,249600000.0,,,,,,,,,,124000000.0,188600000.0,,,,,,,,-4400000.0,0.0,,,,,,-100000.0,0.0,160800000.0,,0.0,,,32700000.0,0.01,5000000.0,0.0,0.0,0.0,0.0,110000000.0,,2700000.0,6600000.0,,,1022000000.0,,-100000.0,,110000000.0,88100000.0,2739400000.0,1417000000.0,30900000.0,,363100000.0,1500000.0,2429656.0,,,,,,,13845531.0,,6307624.0,,,,,,,2786700000.0,,,,,,,,,,,,,0.0,,,,576546969.0,574336112.0,,,,,,
2021-07-16,False,574739393,,,236100000.0,908900000.0,,1400000.0,,,,277900000.0,,,,-18800000.0,,78400000.0,,,11100000.0,5400000.0,696951.0,4166600000.0,2705300000.0,,,,,,,,,,,,321800000.0,,76100000.0,0.28,,0.01,800000000.0,574704880.0,574704880.0,2900000.0,246500000.0,,,807000000.0,,,,,,,,,,,700000.0,,103000000.0,,,,,,,,,,,,,,,,,,,,,78900000.0,,,0.42,0.42,,,-800000.0,,15300000.0,,,,,,,,,,,1300000.0,700700000.0,,,,,,315200000.0,75500000.0,,132700000.0,,,,,,,29100000.0,138000000.0,8100000.0,5800000.0,-10600000.0,6400000.0,,-300000.0,2359005.0,0.0,2600000.0,,5000000.0,1327900000.0,,,,,,,,,,,,,,,,4166600000.0,650200000.0,,,,,,,405000000.0,40000000.0,,,,,,,365000000.0,,,,,,-308000000.0,-61400000.0,446300000.0,239700000.0,,,,317800000.0,,,94800000.0,167600000.0,,259600000.0,,,,,,,,,,146700000.0,185900000.0,,,,,,,,6800000.0,0.0,,,,,,-100000.0,0.0,321600000.0,,0.0,,,67300000.0,0.01,5000000.0,0.0,0.0,0.0,0.0,165000000.0,,5800000.0,13600000.0,,,1015800000.0,,-100000.0,,165000000.0,88700000.0,2818300000.0,1507700000.0,65600000.0,,382900000.0,2900000.0,2453607.0,,,,,,,11375531.0,,5978456.0,,,,,,,2880800000.0,,,,,,,,,,,,,0.0,,,,576951658.0,574592653.0,,,,,,
2021-10-15,False,575163354,,,256900000.0,949400000.0,,,,,,278000000.0,,,,-29600000.0,,90600000.0,,,11100000.0,8100000.0,688410.0,4222500000.0,2770300000.0,,,,,,,,,,,,250500000.0,,4800000.0,0.28,,0.01,800000000.0,575163289.0,575163289.0,2900000.0,232700000.0,,,834000000.0,,,,,,,,,,,2300000.0,,104600000.0,,,,,,,,,,,,,,,,,,,,,119000000.0,,,0.42,0.42,,,-3700000.0,,14000000.0,,,,,,,,,,,1100000.0,720200000.0,,,,316100000.0,,,72600000.0,,210700000.0,,,,,,,49900000.0,182200000.0,0.0,5900000.0,66500000.0,22300000.0,,-1700000.0,2286643.0,100000.0,2400000.0,,7600000.0,1401100000.0,,,,,,,,,,,,,,,,4222500000.0,662500000.0,,,,,,,365000000.0,35000000.0,,,,,,,330000000.0,,,,,,-498200000.0,-107000000.0,613700000.0,243500000.0,,,,318400000.0,,,92600000.0,160700000.0,,249700000.0,,,,,,,,,,162600000.0,183300000.0,,,,,,,,-10800000.0,0.0,,,,,,0.0,0.0,482600000.0,,0.0,,,114700000.0,0.01,5000000.0,0.0,0.0,0.0,6700000.0,300000000.0,,7700000.0,24400000.0,,,1019200000.0,,800000.0,,340000000.0,88600000.0,2900800000.0,1554200000.0,83400000.0,,401800000.0,4300000.0,1995198.0,,,,,,,11375531.0,,5486190.0,,,,,,,2964700000.0,,,,,,,,,,,,,0.0,,,,577259839.0,574973196.0,,,,,,
2022-02-07,True,575550072,29835146952.0,,233100000.0,900200000.0,37000000.0,,,35700000.0,,298300000.0,56300000.0,,1178000000.0,-30700000.0,,96200000.0,,,12000000.0,10800000.0,678310.0,4299000000.0,2856600000.0,,,,,,,,,,,,236200000.0,,-9500000.0,1.12,,0.01,800000000.0,575464682.0,575464682.0,5800000.0,915500000.0,,,3233700000.0,,214300000.0,34100000.0,295100000.0,46700000.0,,,-11400000.0,800000.0,-12300000.0,-13700000.0,171300000.0,88600000.0,,-1700000.0,,5200000.0,,90100000.0,,1400000.0,,2800000.0,2300000.0,3100000.0,,7400000.0,,81200000.0,,-200000.0,110000000.0,17400000.0,159900000.0,,,1.61,1.6,0.234,0.21,-4000000.0,32300000.0,12800000.0,,,,,,,,202900000.0,,34900000.0,1100000.0,2777200000.0,,0.0,1100300000.0,1207800000.0,107500000.0,,282800000.0,,294000000.0,,253600000.0,-5700000.0,,34900000.0,,26100000.0,135200000.0,-1800000.0,26200000.0,189500000.0,47800000.0,,-3100000.0,2309026.0,100000.0,9700000.0,,9900000.0,1523600000.0,,,,144300000.0,253600000.0,5400000.0,92900000.0,11800000.0,27500000.0,46200000.0,69800000.0,,6800000.0,,,4299000000.0,682200000.0,,,,,,,390000000.0,60000000.0,,,,,,,330000000.0,,,,,,-627100000.0,-148500000.0,770100000.0,925000000.0,,1442400000.0,3200.0,1217400000.0,113400000.0,246800000.0,90800000.0,156000000.0,112400000.0,242300000.0,,,,,,,,1700000.0,28200000.0,188100000.0,180900000.0,,,,,,,,-9500000.0,0.0,,,,,,300000.0,0.0,643700000.0,,0.0,,,156600000.0,0.01,5000000.0,0.0,0.0,0.0,8500000.0,525000000.0,,8400000.0,31600000.0,,2197200000.0,1019200000.0,,2500000.0,,540000000.0,83400000.0,2970900000.0,6010900000.0,103600000.0,,1559800000.0,5600000.0,1693805.0,,,,38800000.0,,,11375531.0,,5173270.0,,,,4800000.0,19200000.0,45000000.0,3042200000.0,,2.0,1305107.0,,0.0,,436300000.0,7400000.0,0.0,,900000.0,300000.0,0.0,2600000.0,,11700000.0,577117056.0,574808030.0,5900000.0,,,,,
2022-02-10,True,575550072,29835146952.0,,,,,,,,,,,,,,,,,,,,,,,,,,,,,,,,,,,,,,,,,,,,,,,,,,,,,,,,,,,,,,,,,,,,,,,,,,,,,,,,,,,,,,,,,,,,,,,,,,,,,,,,,,,,,,,,,,,,,,,,,,,,,,,,,,,,,,,,,,,,,,,,,,,,,,,,,,,,,,,,,,,,,,,,,,,,,,,,,,,,,,,,,,,,,,,,,,,,,,,,,,,,,,,,,,,,,,,,,,,,,,,,,,,,,,,,,,,,,,,,,,,,,,,,,,,,,,,,,,,,,,,,,,,,,,,,,,,,,,,,
2022-04-18,False,575606032,,,289900000.0,1071600000.0,,61100000.0,,,,268200000.0,,,,-28400000.0,,101600000.0,,,10900000.0,2700000.0,930401.0,4466700000.0,3034000000.0,,,,,,,,,,,,234200000.0,,-2000000.0,0.31,,0.01,800000000.0,575601845.0,575601845.0,5800000.0,271900000.0,,,910800000.0,,,,,,,,,,,1000000.0,,89600000.0,,,,,,,,,,,,,,,,,,,,,41200000.0,,,0.47,0.47,,,,,18500000.0,,,,,,,,,,,-3500000.0,793300000.0,,,,355700000.0,,,86100000.0,,15200000.0,,,,,,,56800000.0,169900000.0,69600000.0,-30100000.0,76400000.0,-60700000.0,,-100000.0,2059645.0,100000.0,2400000.0,,2300000.0,1600800000.0,,,,,,,,,,,,,,,,4466700000.0,745500000.0,,,,,,,365000000.0,35000000.0,,,,,,,330000000.0,,,,,,-199500000.0,-33200000.0,230000000.0,269600000.0,,,,358000000.0,,,91300000.0,159600000.0,,246000000.0,,,,,,,,,,127400000.0,178300000.0,,,,,,,,2300000.0,0.0,,,,,,100000.0,,178400000.0,,,,,35500000.0,0.01,5000000.0,0.0,0.0,0.0,0.0,235000000.0,,2400000.0,3900000.0,,,1008400000.0,,-300000.0,,260000000.0,79300000.0,3063000000.0,1704100000.0,23900000.0,,435300000.0,1500000.0,2428597.0,,,,,,,12088969.0,,5670586.0,,,,,,,3142000000.0,,,,,,,,,,,,,0.0,,,,577618806.0,575559161.0,,234200000.0,700000.0,,,
2022-07-18,False,574678797,,,291800000.0,1103900000.0,,,,,,268700000.0,,,,-54400000.0,,55700000.0,,,11100000.0,2700000.0,1354464.0,4592300000.0,3152700000.0,,,,,,,,,,,,247900000.0,,13700000.0,0.31,,0.01,800000000.0,574676079.0,574676079.0,5800000.0,261100000.0,,,951000000.0,,,,,,,,,,,-500000.0,,89100000.0,,,,,,,,,,,,,,,,,,,,,41200000.0,,,0.5,0.5,,,,,17200000.0,,,,,,,,,,,1200000.0,827600000.0,,,,380700000.0,,,93600000.0,,160200000.0,,,,,,,1900000.0,39400000.0,-67600000.0,500000.0,74200000.0,1800000.0,,-300000.0,1940124.0,100000.0,2800000.0,,2700000.0,1665200000.0,,,,,,,,,,,,,,,,4592300000.0,849000000.0,,,,,,,505000000.0,195000000.0,,,,,,,310000000.0,,,,,,-85900000.0,-43900000.0,151200000.0,287100000.0,,,,383400000.0,,,93500000.0,165500000.0,,254800000.0,,,,,,,,,,129200000.0,176100000.0,,,,,,,,-26000000.0,0.0,,,,,,500000.0,49300000.0,178500000.0,,,,,47500000.0,0.01,5000000.0,0.0,0.0,0.0,6500000.0,460000000.0,,4100000.0,1900000.0,,,1008700000.0,,700000.0,,320000000.0,82400000.0,3171600000.0,1778600000.0,31700000.0,,444200000.0,1500000.0,2573231.0,,,,,,,11678969.0,,5566756.0,,,,,,,3178700000.0,,,,,,,,,,,,,0.0,,,,577402221.0,575462097.0,,247900000.0,,-7700000.0,,
2022-10-18,False,572759880,,,277200000.0,1110600000.0,,,,,,282400000.0,,,,-87100000.0,,2800000.0,,,10200000.0,2700000.0,1340567.0,4627400000.0,3195600000.0,,,,,,,,,,,,231500000.0,,-16400000.0,0.31,,0.01,800000000.0,572754406.0,572754406.0,5800000.0,251900000.0,,,975900000.0,,,,,,,,,,,3800000.0,,92900000.0,,,,,,,,,,,,,,,,,,,,,41400000.0,,,0.5,0.5,,,,,15800000.0,,,,,,,,,,,1100000.0,826500000.0,,,,375300000.0,,,90700000.0,,81900000.0,,,,,,,-14600000.0,13600000.0,3300000.0,13700000.0,26300000.0,43000000.0,,-6900000.0,1724550.0,200000.0,4100000.0,,4200000.0,1678100000.0,,,,,,,,,,,,,,,,4627400000.0,802600000.0,,,,,,,555000000.0,150300000.0,,,,,,,404700000.0,,,,,,-220800000.0,-44500000.0,257900000.0,284600000.0,,,,379200000.0,,,92700000.0,161200000.0,,249800000.0,,,,,,,,,,172200000.0,173500000.0,,,,,,,,-32700000.0,0.0,,,,4800000.0,,100000.0,95300000.0,177500000.0,,,,,48000000.0,0.01,5000000.0,0.0,0.0,0.0,3200000.0,695000000.0,,3600000.0,2000000.0,,,1008500000.0,,-1300000.0,,645000000.0,86600000.0,3239700000.0,1802400000.0,18400000.0,,447300000.0,1400000.0,2494904.0,,,,,,,11678969.0,,5451776.0,,,,,,,3161200000.0,,,,,,,,,,,,,0.0,,,,574743931.0,573019381.0,,231500000.0,,-9000000.0,,
2023-02-07,True,570833585,28635820712.0,,255000000.0,1013200000.0,32700000.0,,,40400000.0,,241100000.0,60600000.0,,1301400000.0,-64800000.0,,3600000.0,,,8300000.0,10700000.0,1335898.0,4548600000.0,3124800000.0,,,,,,,,,,,,230100000.0,,-6100000.0,1.24,,0.01,800000000.0,570811674.0,570811674.0,5700000.0,1052800000.0,,,3764800000.0,,267600000.0,35000000.0,360600000.0,58000000.0,,,-5000000.0,-1400000.0,-7500000.0,-4900000.0,168900000.0,83700000.0,,-1100000.0,,6700000.0,,95300000.0,,2600000.0,9300000.0,3600000.0,,,,8600000.0,,73600000.0,,4800000.0,102600000.0,22100000.0,165900000.0,,,1.89,1.89,0.245,0.21,,12800000.0,14500000.0,,,,,,,,262600000.0,,33600000.0,-1100000.0,3215800000.0,,0.0,1335700000.0,1440000000.0,104300000.0,,353100000.0,,354100000.0,,302400000.0,5100000.0,,45600000.0,,21900000.0,119800000.0,400000.0,-57200000.0,198000000.0,-22700000.0,,-5900000.0,1845324.0,700000.0,14300000.0,,13300000.0,1708000000.0,,,,149300000.0,256400000.0,8500000.0,94500000.0,11300000.0,25600000.0,46900000.0,69600000.0,,9300000.0,,,4548600000.0,789800000.0,,,,,,,555000000.0,201800000.0,,,,,,,353200000.0,,,,,,-774900000.0,-163000000.0,941000000.0,1086900000.0,,1423800000.0,3300.0,1453600000.0,111500000.0,247100000.0,91900000.0,155200000.0,110900000.0,243000000.0,,,,,,,,1800000.0,32200000.0,165400000.0,170800000.0,,,,,,,,-34100000.0,0.0,,,,3500000.0,,600000.0,237800000.0,711300000.0,,0.0,,,173800000.0,0.01,5000000.0,0.0,0.0,0.0,8100000.0,1795000000.0,,11400000.0,9200000.0,,2311400000.0,1010000000.0,,-1800000.0,,1630000000.0,86000000.0,3218700000.0,6980600000.0,89400000.0,,1762200000.0,7200000.0,2437636.0,,,,10200000.0,,,11678969.0,,5374736.0,,,,5200000.0,26600000.0,56900000.0,3163200000.0,,,346992.0,,5000000.0,,447600000.0,10100000.0,,500000.0,600000.0,3500000.0,,900000.0,,11200000.0,575623114.0,573777790.0,300000.0,230100000.0,,-9200000.0,22100000.0,8600000.0
2023-04-18,False,571042439,,,266800000.0,1149800000.0,,75800000.0,,,,229200000.0,,,,-60500000.0,,11400000.0,,,6100000.0,2700000.0,2269908.0,4577000000.0,3161500000.0,,,,,,,,,,,,239800000.0,,9700000.0,0.35,,0.01,800000000.0,571024422.0,571024422.0,5700000.0,299400000.0,,,1009100000.0,,,,,,,,,,,300000.0,,84000000.0,,,,,,,,,,,,,,,,,,,,,41800000.0,,,0.52,0.52,,,,,22300000.0,,,,,,,,,,,600000.0,850000000.0,,,,389700000.0,,,94600000.0,,9700000.0,,,,,,,8500000.0,133700000.0,83900000.0,-11900000.0,-57700000.0,-45400000.0,,1200000.0,1703741.0,400000.0,3900000.0,,5100000.0,1651900000.0,,,,,,,,,,,,,,,,4577000000.0,863200000.0,,,,,,,400000000.0,200000000.0,,,,,,,200000000.0,,,,,,-348900000.0,-31000000.0,388500000.0,295100000.0,,,,393200000.0,,,91400000.0,156700000.0,,243800000.0,,,,,,,,,,120000000.0,168200000.0,,,,,,,,4300000.0,0.0,,,,2500000.0,,100000.0,,199800000.0,,,,,33700000.0,0.01,5000000.0,0.0,0.0,0.0,0.0,230000000.0,,2800000.0,5900000.0,,,1003500000.0,,-1400000.0,,385000000.0,87400000.0,3314000000.0,1859100000.0,25900000.0,,456800000.0,1900000.0,3018825.0,,,,,,,12750912.0,,6169792.0,,,,,,,3270600000.0,,,,,,,,,,,,,0.0,,,,572632589.0,570928848.0,,239800000.0,,1100000.0,,
2023-07-18,False,571333004,,,262000000.0,1171600000.0,,,,,,229500000.0,,,,-56900000.0,,19900000.0,,,6500000.0,2700000.0,1866320.0,4576800000.0,3137000000.0,,,,,,,,,,,,243600000.0,,3800000.0,0.35,,0.01,800000000.0,571288830.0,571288830.0,5700000.0,301600000.0,,,1025600000.0,,,,,,,,,,,300000.0,,84300000.0,,,,,,,,,,,,,,,,,,,,,42200000.0,,,0.52,0.52,,,,,20600000.0,,,,,,,,,,,600000.0,857500000.0,,,,392600000.0,,,94600000.0,,184000000.0,,,,,,,1400000.0,21300000.0,-90500000.0,600000.0,-87900000.0,21700000.0,,400000.0,1752121.0,600000.0,2900000.0,,3100000.0,1565400000.0,,,,,,,,,,,,,,,,4576800000.0,736600000.0,,,,,,,350000000.0,150000000.0,,,,,,,200000000.0,,,,,,-243300000.0,-54200000.0,302100000.0,298000000.0,,,,394900000.0,,,95100000.0,173300000.0,,263700000.0,,,,,,,,,,141700000.0,165800000.0,,,,,,,,3600000.0,0.0,,,,1800000.0,,300000.0,0.0,199900000.0,,,,,55900000.0,0.01,5000000.0,0.0,0.0,0.0,14700000.0,405000000.0,,2000000.0,6600000.0,,,1010300000.0,,1600000.0,,455000000.0,94600000.0,3412100000.0,1883100000.0,38400000.0,,462600000.0,1900000.0,2890559.0,,,,,,,10840912.0,,5852489.0,,,,,,,3380800000.0,,,,,,,,,,,,,0.0,,,,572890160.0,571138039.0,,243600000.0,,-800000.0,,
