filing_date,annual,EntityCommonStockSharesOutstanding_shares,EntityPublicFloat_USD,EntityNumberOfEmployees_employee,AccountsAndFinancingReceivableAllowanceForCreditLoss_USD,AccountsPayableTradeCurrent_USD,AccountsReceivableNetCurrent_USD,AccrualForEnvironmentalLossContingencies_USD,AccruedIncomeTaxesCurrent_USD,AccruedIncomeTaxesNoncurrent_USD,AccruedLiabilitiesCurrent_USD,AccruedSalariesCurrent_USD,AccumulatedDepreciationDepletionAndAmortizationPropertyPlantAndEquipment_USD,AccumulatedOtherComprehensiveIncomeLossNetOfTax_USD,AdditionalPaidInCapital_USD,AdjustmentForAmortization_USD,AllocatedShareBasedCompensationExpense_USD,AllocatedShareBasedCompensationExpenseNetOfTax_USD,AllowanceForDoubtfulAccountsReceivable_USD,AllowanceForDoubtfulAccountsReceivableCurrent_USD,AllowanceForDoubtfulAccountsReceivableWriteOffs_USD,AmortizationOfIntangibleAssets_USD,AntidilutiveSecuritiesExcludedFromComputationOfEarningsPerShareAmount_shares,Assets_USD,AssetsCurrent_USD,AssetsOfDisposalGroupIncludingDiscontinuedOperation_USD,AssetsOfDisposalGroupIncludingDiscontinuedOperationCurrent_USD,BusinessAcquisitionProFormaEarningsPerShareDiluted_USD/shares,BusinessAcquisitionsProFormaNetIncomeLoss_USD,BusinessAcquisitionsProFormaRevenue_USD,BusinessCombinationAcquisitionRelatedCosts_USD,BusinessCombinationProFormaInformationEarningsOrLossOfAcquireeSinceAcquisitionDateActual_USD,BusinessCombinationProFormaInformationRevenueOfAcquireeSinceAcquisitionDateActual_USD,BusinessCombinationStepAcquisitionEquityInterestInAcquireeRemeasurementGain_USD,CapitalizedContractCostNet_USD,CashAndCashEquivalentsAtCarryingValue_USD,CashAndCashEquivalentsPeriodIncreaseDecrease_USD,CashCashEquivalentsRestrictedCashAndRestrictedCashEquivalents_USD,CashCashEquivalentsRestrictedCashAndRestrictedCashEquivalentsPeriodIncreaseDecreaseIncludingExchangeRateEffect_USD,CashProvidedByUsedInFinancingActivitiesDiscontinuedOperations_USD,CashProvidedByUsedInInvestingActivitiesDiscontinuedOperations_USD,CashProvidedByUsedInOperatingActivitiesDiscontinuedOperations_USD,CommercialPaper_USD,CommonStockCapitalSharesReservedForFutureIssuance_shares,CommonStockDividendsPerShareCashPaid_USD/shares,CommonStockParOrStatedValuePerShare_USD/shares,CommonStockSharesAuthorized_shares,CommonStockSharesIssued_shares,CommonStockSharesOutstanding_shares,CommonStockValue_USD,ComprehensiveIncomeNetOfTaxIncludingPortionAttributableToNoncontrollingInterest_USD,ContractWithCustomerAssetNetCurrent_USD,ContractWithCustomerLiability_USD,ContractWithCustomerLiabilityCurrent_USD,ContractWithCustomerLiabilityNoncurrent_USD,ContractWithCustomerLiabilityRevenueRecognized_USD,CostOfGoodsAndServicesSold_USD,CumulativeEffectOfNewAccountingPrincipleInPeriodOfAdoption_USD,CurrentFederalTaxExpenseBenefit_USD,CurrentForeignTaxExpenseBenefit_USD,CurrentStateAndLocalTaxExpenseBenefit_USD,DebtInstrumentCarryingAmount_USD,DebtInstrumentInterestRateStatedPercentage_pure,DebtInstrumentUnamortizedDiscountPremiumAndDebtIssuanceCostsNet_USD,DeferredCompensationLiabilityClassifiedNoncurrent_USD,DeferredCompensationLiabilityCurrentAndNoncurrent_USD,DeferredFederalIncomeTaxExpenseBenefit_USD,DeferredForeignIncomeTaxExpenseBenefit_USD,DeferredIncomeTaxLiabilities_USD,DeferredRevenueCurrent_USD,DeferredRevenueNoncurrent_USD,DeferredStateAndLocalIncomeTaxExpenseBenefit_USD,DeferredTaxAssetsDeferredIncome_USD,DeferredTaxAssetsInventory_USD,DeferredTaxAssetsNet_USD,DeferredTaxAssetsOperatingLossCarryforwards_USD,DeferredTaxAssetsOther_USD,DeferredTaxAssetsTaxDeferredExpenseCompensationAndBenefitsPensions_USD,DeferredTaxAssetsTaxDeferredExpenseCompensationAndBenefitsShareBasedCompensationCost_USD,DeferredTaxAssetsTaxDeferredExpenseReservesAndAccrualsAllowanceForDoubtfulAccounts_USD,DeferredTaxAssetsTaxDeferredExpenseReservesAndAccrualsOther_USD,DeferredTaxAssetsTaxDeferredExpenseReservesAndAccrualsWarrantyReserves_USD,DeferredTaxAssetsValuationAllowance_USD,DeferredTaxLiabilities_USD,DeferredTaxLiabilitiesDeferredExpenseReservesAndAccruals_USD,DeferredTaxLiabilitiesGoodwillAndIntangibleAssets_USD,DeferredTaxLiabilitiesLeasingArrangements_USD,DeferredTaxLiabilitiesOther_USD,DeferredTaxLiabilitiesPropertyPlantAndEquipment_USD,DefinedBenefitPensionPlanLiabilitiesCurrent_USD,DefinedBenefitPensionPlanLiabilitiesNoncurrent_USD,DefinedBenefitPlanAccumulatedOtherComprehensiveIncomeNetGainsLossesAfterTax_USD,DefinedBenefitPlanAccumulatedOtherComprehensiveIncomeNetGainsLossesBeforeTax_USD,DefinedBenefitPlanAccumulatedOtherComprehensiveIncomeNetPriorServiceCostCreditAfterTax_USD,DefinedBenefitPlanAccumulatedOtherComprehensiveIncomeNetPriorServiceCostCreditBeforeTax_USD,DefinedBenefitPlanExpectedAmortizationOfGainLossNextFiscalYear_USD,DefinedContributionPlanCostRecognized_USD,Depreciation_USD,DepreciationDepletionAndAmortization_USD,DilutiveSecurities_USD,DilutiveSecuritiesEffectOnBasicEarningsPerShareOther_USD,DiscontinuedOperationIncomeLossFromDiscontinuedOperationBeforeIncomeTax_USD,DiscontinuedOperationProvisionForLossGainOnDisposalBeforeIncomeTax_USD,DiscontinuedOperationTaxEffectOfDiscontinuedOperation_USD,DisposalGroupIncludingDiscontinuedOperationAccountsNotesAndLoansReceivableNet_USD,DisposalGroupIncludingDiscontinuedOperationAccountsPayableCurrent_USD,DisposalGroupIncludingDiscontinuedOperationAccruedLiabilitiesCurrent_USD,DisposalGroupIncludingDiscontinuedOperationAssetsNoncurrent_USD,DisposalGroupIncludingDiscontinuedOperationCostsOfGoodsSold_USD,DisposalGroupIncludingDiscontinuedOperationGeneralAndAdministrativeExpense_USD,DisposalGroupIncludingDiscontinuedOperationGoodwillNoncurrent_USD,DisposalGroupIncludingDiscontinuedOperationIntangibleAssetsNoncurrent_USD,DisposalGroupIncludingDiscontinuedOperationInterestExpense_USD,DisposalGroupIncludingDiscontinuedOperationInventoryCurrent_USD,DisposalGroupIncludingDiscontinuedOperationOtherCurrentAssets_USD,DisposalGroupIncludingDiscontinuedOperationOtherNoncurrentAssets_USD,DisposalGroupIncludingDiscontinuedOperationOtherNoncurrentLiabilities_USD,DisposalGroupIncludingDiscontinuedOperationPropertyPlantAndEquipmentNoncurrent_USD,DisposalGroupIncludingDiscontinuedOperationRevenue_USD,DisposalGroupNotDiscontinuedOperationGainLossOnDisposal_USD,DividendsCommonStockCash_USD,DividendsPreferredStockCash_USD,DueToAffiliateCurrent_USD,EarningsPerShareBasic_USD/shares,EarningsPerShareBasicAndDiluted_USD/shares,EarningsPerShareDiluted_USD/shares,EffectiveIncomeTaxRateContinuingOperations_pure,EffectiveIncomeTaxRateReconciliationAtFederalStatutoryIncomeTaxRate_pure,EffectiveIncomeTaxRateReconciliationChangeInDeferredTaxAssetsValuationAllowance_pure,EffectiveIncomeTaxRateReconciliationChangeInEnactedTaxRate_pure,EffectiveIncomeTaxRateReconciliationForeignIncomeTaxRateDifferential_pure,EffectiveIncomeTaxRateReconciliationNondeductibleExpenseShareBasedCompensationCost_pure,EffectiveIncomeTaxRateReconciliationOtherAdjustments_pure,EffectiveIncomeTaxRateReconciliationRepatriationOfForeignEarnings_pure,EffectiveIncomeTaxRateReconciliationStateAndLocalIncomeTaxes_pure,EffectOfExchangeRateOnCashAndCashEquivalents_USD,EffectOfExchangeRateOnCashCashEquivalentsRestrictedCashAndRestrictedCashEquivalents_USD,EmployeeServiceShareBasedCompensationCashReceivedFromExerciseOfStockOptions_USD,EmployeeServiceShareBasedCompensationNonvestedAwardsTotalCompensationCostNotYetRecognized_USD,EmployeeServiceShareBasedCompensationTaxBenefitFromCompensationExpense_USD,EmployeeServiceShareBasedCompensationTaxBenefitFromExerciseOfStockOptions_USD,EmployeeServiceShareBasedCompensationTaxBenefitRealizedFromExerciseOfStockOptions_USD,EquitySecuritiesFvNi_USD,EquitySecuritiesFvNiRealizedGain_USD,EquitySecuritiesFvNiUnrealizedGainLoss_USD,ExcessTaxBenefitFromShareBasedCompensationOperatingActivities_USD,FiniteLivedIntangibleAssetsAccumulatedAmortization_USD,FiniteLivedIntangibleAssetsAmortizationExpenseNextTwelveMonths_USD,FiniteLivedIntangibleAssetsAmortizationExpenseYearFive_USD,FiniteLivedIntangibleAssetsAmortizationExpenseYearFour_USD,FiniteLivedIntangibleAssetsAmortizationExpenseYearThree_USD,FiniteLivedIntangibleAssetsAmortizationExpenseYearTwo_USD,FiniteLivedIntangibleAssetsGross_USD,ForeignEarningsRepatriated_USD,GainLossOnSaleOfBusiness_USD,GainLossOnSaleOfOtherAssets_USD,GainLossOnSaleOfProperties_USD,GainLossRelatedToLitigationSettlement_USD,GainsLossesOnExtinguishmentOfDebt_USD,Goodwill_USD,GoodwillAcquiredDuringPeriod_USD,GoodwillForeignCurrencyTranslationGainLoss_USD,GoodwillImpairmentLoss_USD,GoodwillPurchaseAccountingAdjustments_USD,GoodwillWrittenOffRelatedToSaleOfBusinessUnit_USD,GrossProfit_USD,GuaranteeObligationsCurrentCarryingValue_USD,ImpairmentOfIntangibleAssetsIndefinitelivedExcludingGoodwill_USD,IncomeLossFromContinuingOperations_USD,IncomeLossFromContinuingOperationsBeforeIncomeTaxesDomestic_USD,IncomeLossFromContinuingOperationsBeforeIncomeTaxesExtraordinaryItemsNoncontrollingInterest_USD,IncomeLossFromContinuingOperationsBeforeIncomeTaxesForeign_USD,IncomeLossFromContinuingOperationsIncludingPortionAttributableToNoncontrollingInterest_USD,IncomeLossFromContinuingOperationsPerBasicShare_USD/shares,IncomeLossFromContinuingOperationsPerDilutedShare_USD/shares,IncomeLossFromDiscontinuedOperationsNetOfTax_USD,IncomeLossFromDiscontinuedOperationsNetOfTaxPerBasicShare_USD/shares,IncomeLossFromDiscontinuedOperationsNetOfTaxPerDilutedShare_USD/shares,IncomeTaxExpenseBenefit_USD,IncomeTaxesPaid_USD,IncreaseDecreaseInAccountsPayable_USD,IncreaseDecreaseInAccountsReceivable_USD,IncreaseDecreaseInAccruedLiabilities_USD,IncreaseDecreaseInDeferredIncomeTaxes_USD,IncreaseDecreaseInDueToAffiliatesCurrent_USD,IncreaseDecreaseInInventories_USD,IncreaseDecreaseInPrepaidDeferredExpenseAndOtherAssets_USD,IncrementalCommonSharesAttributableToConversionOfPreferredStock_shares,IncrementalCommonSharesAttributableToShareBasedPaymentArrangements_shares,IntangibleAssetsGrossExcludingGoodwill_USD,IntangibleAssetsNetExcludingGoodwill_USD,InterestCostsCapitalized_USD,InterestExpense_USD,InterestPaid_USD,InventoryFinishedGoodsNetOfReserves_USD,InventoryNet_USD,InventoryRawMaterialsNetOfReserves_USD,InventoryWorkInProcessNetOfReserves_USD,LeaseAndRentalExpense_USD,LesseeOperatingLeaseLiabilityPaymentsDue_USD,LesseeOperatingLeaseLiabilityPaymentsDueAfterYearFive_USD,LesseeOperatingLeaseLiabilityPaymentsDueNextTwelveMonths_USD,LesseeOperatingLeaseLiabilityPaymentsDueYearFive_USD,LesseeOperatingLeaseLiabilityPaymentsDueYearFour_USD,LesseeOperatingLeaseLiabilityPaymentsDueYearThree_USD,LesseeOperatingLeaseLiabilityPaymentsDueYearTwo_USD,LesseeOperatingLeaseLiabilityPaymentsRemainderOfFiscalYear_USD,LesseeOperatingLeaseLiabilityUndiscountedExcessAmount_USD,LiabilitiesAndStockholdersEquity_USD,LiabilitiesCurrent_USD,LiabilitiesOfDisposalGroupIncludingDiscontinuedOperation_USD,LiabilitiesOfDisposalGroupIncludingDiscontinuedOperationCurrent_USD,LiabilitiesOfDisposalGroupIncludingDiscontinuedOperationNoncurrent_USD,LongTermDebt_USD,LongTermDebtCurrent_USD,LongTermDebtFairValue_USD,LongTermDebtMaturitiesRepaymentsOfPrincipalAfterYearFive_USD,LongTermDebtMaturitiesRepaymentsOfPrincipalInNextTwelveMonths_USD,LongTermDebtMaturitiesRepaymentsOfPrincipalInRollingAfterYearFive_USD,LongTermDebtMaturitiesRepaymentsOfPrincipalInRollingYearFive_USD,LongTermDebtMaturitiesRepaymentsOfPrincipalInRollingYearFour_USD,LongTermDebtMaturitiesRepaymentsOfPrincipalInRollingYearThree_USD,LongTermDebtMaturitiesRepaymentsOfPrincipalInYearFive_USD,LongTermDebtMaturitiesRepaymentsOfPrincipalInYearFour_USD,LongTermDebtMaturitiesRepaymentsOfPrincipalInYearThree_USD,LongTermDebtMaturitiesRepaymentsOfPrincipalInYearTwo_USD,LongTermDebtNoncurrent_USD,MinorityInterest_USD,NetCashProvidedByUsedInFinancingActivities_USD,NetCashProvidedByUsedInFinancingActivitiesContinuingOperations_USD,NetCashProvidedByUsedInInvestingActivities_USD,NetCashProvidedByUsedInInvestingActivitiesContinuingOperations_USD,NetCashProvidedByUsedInOperatingActivities_USD,NetCashProvidedByUsedInOperatingActivitiesContinuingOperations_USD,NetIncomeLossAvailableToCommonStockholdersBasic_USD,NetIncomeLossAvailableToCommonStockholdersDiluted_USD,NetIncomeLossFromContinuingOperationsAvailableToCommonShareholdersBasic_USD,NetIncomeLossFromContinuingOperationsAvailableToCommonShareholdersDiluted_USD,NewAccountingPronouncementOrChangeInAccountingPrincipleEffectOfAdoptionQuantification_USD,NoncurrentAssets_USD,NotesReceivableNet_USD,NumberOfBusinessesAcquired_business,NumberOfCountriesInWhichEntityOperates_country,NumberOfOperatingSegments_business,NumberOfOperatingSegments_pure,NumberOfOperatingSegments_segment,NumberOfReportableSegments_segment,NumberOfReportingUnits_country,NumberOfReportingUnits_reporting_unit,OperatingIncomeLoss_USD,OperatingLeaseCost_USD,OperatingLeaseLiability_USD,OperatingLeaseLiabilityCurrent_USD,OperatingLeaseLiabilityNoncurrent_USD,OperatingLeasePayments_USD,OperatingLeaseRightOfUseAsset_USD,OperatingLeasesFutureMinimumPaymentsDue_USD,OperatingLeasesFutureMinimumPaymentsDueCurrent_USD,OperatingLeasesFutureMinimumPaymentsDueInFiveYears_USD,OperatingLeasesFutureMinimumPaymentsDueInFourYears_USD,OperatingLeasesFutureMinimumPaymentsDueInThreeYears_USD,OperatingLeasesFutureMinimumPaymentsDueInTwoYears_USD,OperatingLeasesFutureMinimumPaymentsDueThereafter_USD,OperatingLeasesRentExpenseNet_USD,OperatingLeaseWeightedAverageDiscountRatePercent_pure,OperatingLossCarryforwards_USD,OperatingLossCarryforwardsValuationAllowance_USD,OtherAccruedLiabilitiesCurrent_USD,OtherAccruedLiabilitiesNoncurrent_USD,OtherAssetsNoncurrent_USD,OtherComprehensiveIncomeLossBeforeReclassificationsBeforeTax_USD,OtherComprehensiveIncomeLossBeforeReclassificationsNetOfTax_USD,OtherComprehensiveIncomeLossBeforeReclassificationsTax_USD,OtherComprehensiveIncomeLossCashFlowHedgeGainLossAfterReclassificationAndTax_USD,OtherComprehensiveIncomeLossForeignCurrencyTransactionAndTranslationAdjustmentNetOfTax_USD,OtherComprehensiveIncomeLossNetOfTax_USD,OtherComprehensiveIncomeLossPensionAndOtherPostretirementBenefitPlansAdjustmentNetOfTax_USD,OtherComprehensiveIncomeUnrealizedGainLossOnDerivativesArisingDuringPeriodNetOfTax_USD,OtherLiabilitiesNoncurrent_USD,OtherNonoperatingExpense_USD,OtherNonoperatingIncomeExpense_USD,PaymentsForProceedsFromOtherInvestingActivities_USD,PaymentsForRestructuring_USD,PaymentsOfDebtIssuanceCosts_USD,PaymentsOfDividends_USD,PaymentsOfDividendsCommonStock_USD,PaymentsOfDividendsPreferredStockAndPreferenceStock_USD,PaymentsOfStockIssuanceCosts_USD,PaymentsRelatedToTaxWithholdingForShareBasedCompensation_USD,PaymentsToAcquireBusinessesNetOfCashAcquired_USD,PaymentsToAcquirePropertyPlantAndEquipment_USD,PreferredStockConvertibleConversionRatio_pure,PreferredStockDividendRatePercentage_pure,PreferredStockDividendsIncomeStatementImpact_USD,PreferredStockDividendsPerShareCashPaid_USD/shares,PreferredStockLiquidationPreference_USD/shares,PreferredStockParOrStatedValuePerShare_USD/shares,PreferredStockSharesAuthorized_shares,PreferredStockSharesIssued_shares,PreferredStockSharesOutstanding_shares,PreferredStockValue_USD,PrepaidExpenseAndOtherAssetsCurrent_USD,ProceedsFromDebtMaturingInMoreThanThreeMonths_USD,ProceedsFromDebtNetOfIssuanceCosts_USD,ProceedsFromDivestitureOfBusinesses_USD,ProceedsFromIssuanceOfConvertiblePreferredStock_USD,ProceedsFromIssuanceOfLongTermDebt_USD,ProceedsFromIssuanceOfPreferredStockAndPreferenceStock_USD,ProceedsFromPaymentsForOtherFinancingActivities_USD,ProceedsFromRepaymentsOfCommercialPaper_USD,ProceedsFromRepaymentsOfShortTermDebtMaturingInThreeMonthsOrLess_USD,ProceedsFromSaleOfOtherAssetsInvestingActivities_USD,ProceedsFromStockOptionsExercised_USD,ProductWarrantyAccrual_USD,ProductWarrantyAccrualAdditionsFromBusinessAcquisition_USD,ProductWarrantyAccrualClassifiedCurrent_USD,ProductWarrantyAccrualNoncurrent_USD,ProductWarrantyAccrualPayments_USD,ProductWarrantyAccrualWarrantiesIssued_USD,ProfitLoss_USD,PropertyPlantAndEquipmentGross_USD,PropertyPlantAndEquipmentNet_USD,ProvisionForDoubtfulAccounts_USD,PurchaseObligation_USD,PurchaseObligationDueInNextTwelveMonths_USD,ReclassificationFromAccumulatedOtherComprehensiveIncomeCurrentPeriodBeforeTax_USD,ReclassificationFromAccumulatedOtherComprehensiveIncomeCurrentPeriodNetOfTax_USD,ReclassificationFromAociCurrentPeriodTax_USD,RelatedPartyTransactionExpensesFromTransactionsWithRelatedParty_USD,RelatedPartyTransactionPurchasesFromRelatedParty_USD,RepaymentsOfCommercialPaper_USD,RepaymentsOfDebt_USD,RepaymentsOfDebtMaturingInMoreThanThreeMonths_USD,RepaymentsOfLongTermDebt_USD,ResearchAndDevelopmentExpense_USD,RestructuringCharges_USD,RestructuringReserve_USD,RestructuringSettlementAndImpairmentProvisions_USD,RetainedEarningsAccumulatedDeficit_USD,RevenueFromContractWithCustomerExcludingAssessedTax_USD,RevenueFromRelatedParties_USD,RevenueRemainingPerformanceObligation_USD,RevenueRemainingPerformanceObligationPercentage_pure,Revenues_USD,RightOfUseAssetObtainedInExchangeForOperatingLeaseLiability_USD,SalesRevenueNet_USD,SellingGeneralAndAdministrativeExpense_USD,ShareBasedCompensation_USD,ShareBasedCompensationArrangementByShareBasedPaymentAwardEquityInstrumentsOtherThanOptionsForfeitedInPeriod_shares,ShareBasedCompensationArrangementByShareBasedPaymentAwardEquityInstrumentsOtherThanOptionsForfeituresWeightedAverageGrantDateFairValue_USD/shares,ShareBasedCompensationArrangementByShareBasedPaymentAwardEquityInstrumentsOtherThanOptionsGrantsInPeriod_shares,ShareBasedCompensationArrangementByShareBasedPaymentAwardEquityInstrumentsOtherThanOptionsGrantsInPeriodWeightedAverageGrantDateFairValue_USD/shares,ShareBasedCompensationArrangementByShareBasedPaymentAwardEquityInstrumentsOtherThanOptionsNonvestedNumber_shares,ShareBasedCompensationArrangementByShareBasedPaymentAwardEquityInstrumentsOtherThanOptionsNonvestedWeightedAverageGrantDateFairValue_USD/shares,ShareBasedCompensationArrangementByShareBasedPaymentAwardEquityInstrumentsOtherThanOptionsVestedInPeriod_shares,ShareBasedCompensationArrangementByShareBasedPaymentAwardEquityInstrumentsOtherThanOptionsVestedInPeriodWeightedAverageGrantDateFairValue_USD/shares,ShareBasedCompensationArrangementByShareBasedPaymentAwardNumberOfSharesAuthorized_shares,ShareBasedCompensationArrangementByShareBasedPaymentAwardOptionsExercisableNumber_shares,ShareBasedCompensationArrangementByShareBasedPaymentAwardOptionsExercisableWeightedAverageExercisePrice_USD/shares,ShareBasedCompensationArrangementByShareBasedPaymentAwardOptionsExercisesInPeriodTotalIntrinsicValue_USD,ShareBasedCompensationArrangementByShareBasedPaymentAwardOptionsForfeituresAndExpirationsInPeriod_shares,ShareBasedCompensationArrangementByShareBasedPaymentAwardOptionsForfeituresAndExpirationsInPeriodWeightedAverageExercisePrice_USD/shares,ShareBasedCompensationArrangementByShareBasedPaymentAwardOptionsGrantsInPeriodGross_shares,ShareBasedCompensationArrangementByShareBasedPaymentAwardOptionsOtherIncreasesDecreasesInPeriod_shares,ShareBasedCompensationArrangementByShareBasedPaymentAwardOptionsOutstandingIntrinsicValue_USD,ShareBasedCompensationArrangementByShareBasedPaymentAwardOptionsOutstandingNumber_shares,ShareBasedCompensationArrangementByShareBasedPaymentAwardOptionsOutstandingWeightedAverageExercisePrice_USD/shares,ShareBasedCompensationArrangementByShareBasedPaymentAwardOptionsVestedAndExpectedToVestExercisableAggregateIntrinsicValue_USD,ShareBasedCompensationArrangementByShareBasedPaymentAwardOptionsVestedAndExpectedToVestExercisableNumber_shares,ShareBasedCompensationArrangementByShareBasedPaymentAwardOptionsVestedAndExpectedToVestExercisableWeightedAverageExercisePrice_USD/shares,ShareBasedCompensationArrangementByShareBasedPaymentAwardOptionsVestedAndExpectedToVestOutstandingAggregateIntrinsicValue_USD,ShareBasedCompensationArrangementByShareBasedPaymentAwardOptionsVestedAndExpectedToVestOutstandingNumber_shares,ShareBasedCompensationArrangementByShareBasedPaymentAwardOptionsVestedAndExpectedToVestOutstandingWeightedAverageExercisePrice_USD/shares,ShareBasedCompensationArrangementsByShareBasedPaymentAwardOptionsExercisesInPeriodWeightedAverageExercisePrice_USD/shares,ShareBasedCompensationArrangementsByShareBasedPaymentAwardOptionsGrantsInPeriodWeightedAverageExercisePrice_USD/shares,ShareBasedCompensationArrangementsByShareBasedPaymentAwardOptionsOtherShareIncreaseDecreaseInPeriodWeightedAverageExercisePrice_USD/shares,ShareBasedCompensationSharesAuthorizedUnderStockOptionPlansExercisePriceRangeNumberOfExercisableOptions_shares,ShareBasedCompensationSharesAuthorizedUnderStockOptionPlansExercisePriceRangeNumberOfOutstandingOptions_shares,SharebasedCompensationArrangementBySharebasedPaymentAwardEquityInstrumentsOtherThanOptionsAggregateIntrinsicValueOutstanding_USD,SharebasedCompensationArrangementBySharebasedPaymentAwardOptionsExercisableIntrinsicValue1_USD,SharebasedCompensationSharesAuthorizedUnderStockOptionPlansExercisePriceRangeOutstandingOptionsWeightedAverageExercisePriceBeginningBalance1_USD/shares,SharePrice_USD/shares,SharesPaidForTaxWithholdingForShareBasedCompensation_shares,ShorttermDebtFairValue_USD,StandardAndExtendedProductWarrantyAccrualForeignCurrencyTranslationGainLoss_USD,StandardProductWarrantyAccrual_USD,StandardProductWarrantyAccrualForeignCurrencyTranslationGainLoss_USD,StandardProductWarrantyAccrualPayments_USD,StandardProductWarrantyAccrualWarrantiesIssued_USD,StockholdersEquity_USD,StockholdersEquityIncludingPortionAttributableToNoncontrollingInterest_USD,StockIssuedDuringPeriodSharesStockOptionsExercised_shares,TaxCreditCarryforwardAmount_USD,TaxCreditCarryforwardValuationAllowance_USD,TaxCutsAndJobsActOf2017IncompleteAccountingChangeInTaxRateProvisionalIncomeTaxExpenseBenefit_USD,TaxCutsAndJobsActOf2017IncompleteAccountingTransitionTaxForAccumulatedForeignEarningsProvisionalIncomeTaxExpense_USD,TaxCutsAndJobsActOf2017IncompleteAccountingTransitionTaxForAccumulatedForeignEarningsProvisionalLiability_USD,TranslationAdjustmentForNetInvestmentHedgeIncreaseDecreaseNetOfTax_USD,UndistributedEarningsOfForeignSubsidiaries_USD,UnrecognizedTaxBenefits_USD,UnrecognizedTaxBenefitsDecreasesResultingFromForeignCurrencyTranslation_USD,UnrecognizedTaxBenefitsDecreasesResultingFromPriorPeriodTaxPositions_USD,UnrecognizedTaxBenefitsDecreasesResultingFromSettlementsWithTaxingAuthorities_USD,UnrecognizedTaxBenefitsIncomeTaxPenaltiesAndInterestAccrued_USD,UnrecognizedTaxBenefitsIncomeTaxPenaltiesAndInterestExpense_USD,UnrecognizedTaxBenefitsIncreasesResultingFromCurrentPeriodTaxPositions_USD,UnrecognizedTaxBenefitsIncreasesResultingFromForeignCurrencyTranslation_USD,UnrecognizedTaxBenefitsIncreasesResultingFromPriorPeriodTaxPositions_USD,UnrecognizedTaxBenefitsPeriodIncreaseDecrease_USD,UnrecognizedTaxBenefitsReductionsResultingFromLapseOfApplicableStatuteOfLimitations_USD,ValuationAllowanceDeferredTaxAssetChangeInAmount_USD,WeightedAverageNumberDilutedSharesOutstandingAdjustment_shares,WeightedAverageNumberOfDilutedSharesOutstanding_shares,WeightedAverageNumberOfShareOutstandingBasicAndDiluted_shares,WeightedAverageNumberOfSharesOutstandingBasic_shares,ContractWithCustomerLiabilityIncreaseDecreaseForContractAcquiredInBusinessCombination_USD,ConversionOfStockSharesIssued1_shares,DebtInstrumentFaceAmount_USD,EquitySecuritiesFvNiGainLoss_USD,IncrementalCommonSharesAttributableToConversionOfDebtSecurities_shares,InterestOnConvertibleDebtNetOfTax_USD,PaymentsForRepurchaseOfCommonStock_USD,RepaymentsOfConvertibleDebt_USD,StockRepurchaseProgramNumberOfSharesAuthorizedToBeRepurchased_shares,StockRepurchaseProgramRemainingAuthorizedRepurchaseAmount1_USD,TreasuryStockValue_USD,OtherComprehensiveIncomeForeignCurrencyTransactionAndTranslationGainLossArisingDuringPeriodNetOfTax_USD,EquitySecuritiesWithoutReadilyDeterminableFairValueImpairmentLossAnnualAmount_USD,ForeignCurrencyTransactionGainLossBeforeTax_USD,MinorityInterestPeriodIncreaseDecrease_USD,TreasuryStockAcquiredAverageCostPerShare_USD/shares,TreasuryStockSharesAcquired_shares,TreasuryStockCommonValue_USD
2016-08-02,False,345577078,,,,644200000,948200000,,,,706000000,,1005200000,-800000,,44700000,10900000,7200000,,,,,,7787100000,2162000000,,,,,,,,,,,487200000,487200000.0,,,,,,,,,0.01,2000000000,345200000,345200000,3500000,229400000,,,,,,787000000,,,,,,,21400000,,32300000.0,,,,,,,,,,,,,,,,,,,,,,,,,,,,,,,,44100000,,,,,,,,,,,,,,,,,,,,,,,,,,,0.69,,0.252,0.35,,,,,,,,,,53000000.0,,3700000,,18000000.0,,,,,,,,,,,,,,,,,,3962400000,9000000.0,4400000,,,,768100000,,,,,319400000,,,,,,,,80500000,,-12000000,-29900000,-20600000,,,36300000,5300000,,0.0,,726600000,,2700000.0,,204600000,557500000,269500000,83400000,,,,,,,,,,,7787100000,1350200000,,,,3374800000,,3464000000.0,,,1800000000.0,750000000.0,,800000000.0,,,,,3374800000.0,3100000,69200000,,-69800000,,487800000,,,,,,,,,,40.0,,,2.0,,,,322100000,,,,,,,,,,,,,,,,,,,,402100000,,,,,-10600000,-9500000,-1100000,,689700000,,,-4400000.0,,,3000000000.0,,,,5000000.0,12800000,61400000,,,,,,0.01,15000000.0,0.0,0.0,0.0,169100000,,,,,3370100000.0,,,,,,,,,,,,,238900000,,534000000,,,,,,,59100000.0,,,,,,96700000,,,,,,10000000.0,,,,,1555100000.0,349300000,22400000,200000.0,0.0,400000.0,0.0,1200000.0,0.0,100000.0,0.0,,,,71000000.0,600000.0,0.0,1400000.0,,,5300000.0,,114500000.0,2100000.0,0.0,184300000.0,5100000.0,0.0,0.0,0.0,,,,188400000.0,,0.0,,55000.0,,,59700000.0,-400000.0,30500000.0,28800000.0,2369300000,2372400000,1300000.0,,,,,,,,,,,,,,,,,,,,,,345200000.0,,,,,,,,,,,,,,,,,,,
2016-10-27,False,345738553,,,,619400000,972000000,,,,749600000,,1006300000,-25500000,2375300000.0,67200000,12000000,8100000,,,,,,8133300000,2359200000,,,,,,,,,,,724800000,724800000.0,,,,,,,,0.07,0.01,2000000000,345700000,345700000,3500000,202200000,,,,,,794500000,,,,,3526900000.0,,21000000,,14100000.0,,,,,,,,,,,,,,,,,,,,,,,,,,,,,,,,66700000,,0.0,,,,,,,,,,,,,,,,,,,,,24200000.0,,72300000.0,0.66,,0.65,0.243,0.35,,,,,,,,900000.0,,3300000.0,96500000.0,3900000,,1000000.0,,,,,,,,,,,,,,,,,,4048000000,113900000.0,-14900000,,,,772900000,,3500000.0,,,299800000,,,,,,,,72900000,,-37400000,-9900000,75500000,,-70700000.0,34900000,13300000,,3200000.0,,775800000,,23400000.0,,204200000,558100000,273500000,80400000,,,,,,,,,,,8133300000,1369000000,,,,3509100000,,3615700000.0,,,1976900000.0,750000000.0,0.0,800000000.0,,,,,3509100000.0,3600000,180800000,,-276300000,,819400000,,226900000.0,226900000.0,,,,,,3.0,40.0,,,2.0,,,,323200000,,,,,,,,,,,,,,,,,,,,412000000,,,,,-25700000,-24700000,-1000000,,695600000,,,-4300000.0,,,24200000.0,,,,,190600000,90000000,,,,,,0.01,15000000.0,0.0,0.0,0.0,104300000,2983000000.0,3500000000.0,,,,,-2200000.0,,525600000.0,,,61900000.0,,,,43600000.0,44200000.0,226900000,,538300000,,,,,,,117000000.0,,,,,,95200000,,,,202700000.0,,6000000.0,,,,,1567400000.0,354500000,34400000,,,,,,,,,22400000.0,4900000.0,,2800000.0,700000.0,40.27,1600000.0,,194100000.0,10800000.0,32.96,,,24.64,190300000.0,10400000.0,32.12,27.67,50.6,,,,,127800000.0,,,,,-300000.0,,,,,2556000000,2559600000,1400000.0,,,,,,,,33000000.0,,,,,,,,,,,,,349200000.0,,346000000.0,,,,,,,,,,,,,,,,,,
2017-02-28,True,346006504,17600000000.0,,,666200000,945400000,9000000.0,63500000.0,344000000.0,800300000,202400000.0,1004200000,-145800000,2427200000.0,85700000,45300000,30200000,,47800000.0,,86000000.0,,8189800000,2488700000,,,2.51,871200000.0,6251000000.0,,,,,,803200000,803200000.0,,,,,,,9000000.0,0.07,0.01,2000000000,346000000,345900000,3500000,740900000,,,,,,3191500000,,227400000.0,74600000.0,32700000.0,3000000000.0,,20100000,14800000.0,,-4600000.0,-3000000.0,544900000.0,204600000.0,80100000.0,-2400000.0,10500000.0,33000000.0,298300000.0,57000000.0,8000000.0,49100000.0,31700000.0,28500000.0,44200000.0,27100000.0,26700000.0,246600000.0,85200000.0,416500000.0,,10000000.0,33200000.0,9900000.0,127400000.0,,,,,,50000000.0,90700000,176400000.0,0.0,,,,,,,,,,,,,,,,,,,,0.0,48400000.0,,,0.65,0.68,0.64,0.271,0.35,,,-0.047,,-0.019,,0.017,-26700000.0,,59900000.0,85600000.0,15100000,,26400000.0,,,,,678200000.0,60000000.0,41000000.0,45000000.0,52000000.0,55000000.0,1032900000.0,,,,,,,3979000000,113200000.0,-83200000,0.0,,,796600000,111000000.0,4800000.0,,812900000.0,1197000000,384100000.0,,,,,,,324700000,149000000.0,17200000,-24800000,51100000,10000000.0,,28700000,16300000,,1600000.0,1425500000.0,747300000,0.0,49000000.0,44000000.0,198300000,544600000,267000000,79300000,52000000.0,,,,,,,,,,8189800000,1466500000,,,,3358000000,,3321400000.0,,,1450000000.0,750000000.0,0.0,800000000.0,,,,,3358000000.0,3100000,3800000,,-310800000,,1136900000,,872300000.0,872300000.0,,,,5701100000.0,214000000.0,,40.0,,,2.0,,,12.0,337700000,,,,,,,,44000000.0,20000000.0,24000000.0,33000000.0,38000000.0,26000000.0,,,178000000.0,10000000.0,180900000.0,18500000.0,427200000,,,,,-123800000,-131400000,7600000,,674300000,,,-8900000.0,22900000.0,,48400000.0,,,,,190100000,129600000,,,,,,0.01,15000000.0,0.0,0.0,0.0,195500000,2978100000.0,3000000000.0,0.0,,,,300000.0,,375200000.0,,,65000000.0,500000.0,63100000.0,1900000.0,56000000.0,59600000.0,224500000,1551800000.0,547600000,31000000.0,,,,,,117000000.0,10000000.0,,,,,384800000,17000000.0,10700000.0,22100000.0,403000000.0,,11000000.0,,,,,1627100000.0,1402000000,45300000,,,,,,,,,23000000.0,4800000.0,24.79,77500000.0,800000.0,40.57,1800000.0,,218100000.0,10700000.0,33.23,,,,213900000.0,10600000.0,32.4,26.13,51.84,,4800000.0,10700000.0,,139300000.0,,,,,100000.0,,,,,2687900000,2691000000,1600000.0,,,,,,,941000000.0,28600000.0,400000.0,1200000.0,600000.0,13000000.0,8000000.0,6000000.0,,400000.0,-144200000.0,1300000.0,8000000.0,,347300000.0,345200000.0,345700000.0,,,,,,,,,,,,,,,,,,
2017-04-27,False,346584395,,,,623300000,944100000,,,,777700000,,1027600000,-101400000,2407800000.0,13300000,12000000,7900000,,,,,1800000.0,8234300000,2517400000,,,,,,,,,,,817600000,14400000.0,,,,,,,7000000.0,0.07,0.01,2000000000,346800000,346600000,3500000,244100000,,,,,,791200000,,,,,,,19300000,17900000.0,,,,,,,,,,,,,,,,,,,,,,,,,,,,,,,,,23400000,,0.0,,,,,,,,,,,,,,,,,,,,,,,,0.58,0.53,0.57,0.267,0.35,,,,,,,,12900000.0,,,115000000.0,4100000,,9600000.0,,,,,,,,,,,,,,,,,,3999200000,,20200000,,,,744000000,,,,,272300000,,,,,,,,72600000,,-47500000,-10000000,-37800000,,,24200000,600000,,4500000.0,,736200000,,22600000.0,,209900000,571600000,271600000,90100000,,,,,,,,,,,8234300000,1401000000,,,,3262700000,,3240500000.0,,,,,,,,,,,3262700000.0,3500000,-119400000,,-27400000,,148300000,,199700000.0,199700000.0,,,4900000.0,,,,,,,2.0,,,,294900000,,,,,,,,,,,,,,,,,,,,428600000,,,,,43600000,44400000,-800000,,678700000,,,600000.0,,,24200000.0,,,,6500000.0,0,26800000,,,,,,0.01,15000000.0,0.0,0.0,0.0,184100000,,,,,,,300000.0,,-95500000.0,,,65200000.0,,,,17400000.0,17600000.0,199700000,,552900000,,,,,,,,,,,,,96200000,,,,578500000.0,,,,,,,1535200000.0,352900000,12000000,,,,,,,,,,5300000.0,26.49,,100000.0,39.83,1800000.0,,282300000.0,12100000.0,36.86,,,,276000000.0,11600000.0,36.4,25.35,57.26,,,,,180400000.0,,,112000.0,,,,,,,2888400000,2891900000,300000.0,,,,,,,,,,,,,,,,,,,,,351500000.0,345200000.0,347000000.0,,,,,,,,,,,,,,,,,,
2017-07-27,False,347101526,,,,648600000,985000000,,,,722200000,,1053100000,-55300000,2427100000.0,26600000,13300000,8400000,,,,,,8467100000,2701700000,,,,,,,,,,,968400000,165200000.0,,,,,,,7000000.0,0.07,0.01,2000000000,347200000,347000000,3500000,286200000,,,,,,823700000,,,,,,,19000000,18900000.0,,,,,,,,,,,,,,,,,,,,,,,,,,,,,,,,,47200000,,0.0,,,,,,,,,,,,,,,,,,,,,,,,0.69,0.69,0.68,0.263,0.35,,,,,,,,29900000.0,,15000000.0,103200000.0,4900000,,6900000.0,,,,,,,,,,,,,,,,,,4032100000,,53100000,,,,805100000,,,,,325600000,,,,,,,,85500000,,-28800000,20700000,-79200000,,,7900000,8300000,,5000000.0,,729800000,,22700000.0,,202800000,560600000,268200000,89600000,,,,,,,,,,,8467100000,1370800000,,,,3208100000,,3224000000.0,,,,,,,,,,,3208100000.0,3500000,-200100000,,-58600000,,394000000,,240100000.0,240100000.0,,,,,,,,,,2.0,,,,348300000,,,,,,,,,,,,,,,,,,,,440700000,,,,,45200000,46100000,-900000,,715200000,,,3000000.0,,,48600000.0,,,,7700000.0,0,55600000,,,,,,0.01,15000000.0,0.0,0.0,0.0,187700000,0.0,,,,,,7300000.0,,-158800000.0,,,66900000.0,,,,34100000.0,35800000.0,240100000,,562800000,,,,,,,,,,,,,99100000,,,,794200000.0,,,,,,,1628800000.0,357700000,25300000,,,,,,,,,,5100000.0,27.25,25000000.0,200000.0,42.51,1800000.0,,302400000.0,11600000.0,37.4,,,,295800000.0,11200000.0,36.16,23.5,57.41,,,,,183800000.0,,,133000.0,,-200000.0,,,,,3169500000,3173000000,700000.0,,,,,,,,,,,,,,,,,,,,,352200000.0,345200000.0,347200000.0,,,,,,,,,,,,,,,,,,
2017-10-26,False,347558977,,,,646100000,1075100000,,,,733200000,,1072600000,-16300000,2449200000.0,41300000,11900000,7900000,,,,,,9327000000,2695300000,,,,,,,,,15300000.0,,910900000,107700000.0,,,,,,,7000000.0,0.07,0.01,2000000000,347900000,347500000,3500000,306800000,,,,,,845900000,,,,,,,18300000,19700000.0,,,,,,,,,,,,,,,,,,,,,,,,,,,,,,,,,72400000,,0.0,,,,,,,,,,,,,,,,,,,,,,,,0.77,,0.76,0.231,0.35,,,,,,,,42200000.0,,25000000.0,90000000.0,4000000,,9700000.0,,,,,,,,,,,,,,,,,,4632300000,576300000.0,77000000,,,,839400000,,0.0,,,348300000,,,,,,,,80500000,,-51200000,30800000,-38500000,,,-8200000,17900000,,5200000.0,,886100000,,22900000.0,,209500000,576200000,280600000,86100000,,,,,,,,,,,9327000000,1379300000,,,,3671900000,,3680400000.0,,,,,,,,,,,3671900000.0,4100000,240800000,,-888300000,,713000000,,267800000.0,267800000.0,,,,,,,,,,2.0,,,,355900000,,,,,,,,,,,,,,,,,,,,440100000,,,,,38100000,39000000,-900000,,797500000,,,-1500000.0,,,72800000.0,,,,13500000.0,802100000,87700000,,,,,,0.01,15000000.0,0.0,0.0,0.0,133100000,125900000.0,,,,,,10900000.0,,176800000.0,,,68300000.0,1600000.0,,,54800000.0,56300000.0,267800000,,673200000,,,,,,,,,,,,,102000000,,,,1037800000.0,,,,,,,1685300000.0,381500000,37200000,,,,,,,,,,5400000.0,28.23,38000000.0,300000.0,44.87,1800000.0,,370900000.0,11200000.0,37.65,,,,362600000.0,10800000.0,37.23,25.09,57.55,,,,,229300000.0,,,223000.0,,-200000.0,,,,,3474200000,3478300000,1000000.0,,,,,,,,,,,,,,,,,,,,,352900000.0,,347700000.0,,,,,,,,,,,,,,,,,,
2018-02-28,True,348031654,19400000000.0,,,727500000,1143600000,8000000.0,87100000.0,616300000.0,874800000,269800000.0,1086800000,-7600000,2444100000.0,65300000,48600000,32600000,,44100000.0,,65000000.0,,10500600000,2936800000,,,2.9,1022200000.0,6928200000.0,,,,15300000.0,,962100000,158900000.0,,,,,,,8000000.0,0.07,0.01,2000000000,348200000,347800000,3500000,1182700000,,,,,,3357500000,,215900000.0,88700000.0,13300000.0,3122400000.0,,18200000,20900000.0,,-79500000.0,-2200000.0,846200000.0,213400000.0,86900000.0,3500000.0,14500000.0,31300000.0,268300000.0,44000000.0,7300000.0,41200000.0,36400000.0,22000000.0,35200000.0,29000000.0,27700000.0,358400000.0,138700000.0,607600000.0,,20000000.0,79900000.0,10300000.0,137300000.0,,,,,,52000000.0,108800000,174100000.0,0.0,,,,,,,,,,,,,,,,,,,,,97200000.0,,,0.97,2.5,0.95,0.187,0.35,-0.16,-0.055,-0.05,,0.0,0.105,0.007,52500000.0,,31200000.0,79900000.0,16000000,,31700000.0,,,,,757100000.0,97000000.0,81000000.0,85000000.0,88000000.0,93000000.0,1598500000.0,275000000.0,,,8000000.0,,,5098500000,1035200000.0,84300000,0.0,,,910000000,146000000.0,2300000.0,,816700000.0,1284200000,467500000.0,,,,,,,239700000,253000000.0,24900000,65400000,135000000,78200000.0,,-14300000,100400000,,5100000.0,2033100000.0,1276000000,0.0,,92000000.0,217200000,580600000,284500000,78900000,53000000.0,,,,,,,,,,10500600000,1602300000,,,,4056200000,,4051800000.0,,0.0,1572400000.0,,,,,750000000.0,0.0,800000000.0,4056200000.0,17900000,599700000,,-1669700000,,1176400000,,1044500000.0,1044500000.0,,,,7563800000.0,248000000.0,,50.0,2.0,,2.0,,,13.0,355800000,,,,,,,,43000000.0,11000000.0,15000000.0,26000000.0,37000000.0,20000000.0,,,226000000.0,16000000.0,164900000.0,55900000.0,476800000,,,,,136600000,138200000,-1600000,,1033900000,86000000.0,,-1500000.0,18900000.0,,97200000.0,,,,15000000.0,1556600000,136100000,,,,,,0.01,15000000.0,0.0,0.0,0.0,250500000,125900000.0,3000000000.0,21500000.0,,,,13400000.0,,557600000.0,,,69400000.0,1600000.0,68000000.0,1400000.0,72300000.0,75000000.0,336900000,1799300000.0,712500000,38000000.0,,,,,,117000000.0,13000000.0,,,,,406000000,17000000.0,10800000.0,19000000.0,1350300000.0,,17000000.0,,,,,1806700000.0,1537600000,48600000,,,,,,,,,23000000.0,5200000.0,28.64,50300000.0,500000.0,45.12,1900000.0,,372800000.0,10900000.0,38.09,,,,365300000.0,10600000.0,37.66,24.77,58.07,,5200000.0,10900000.0,,228500000.0,,,243000.0,,-100000.0,,,,,3790300000,3808200000,1200000.0,17000000.0,,,,,,1225000000.0,59000000.0,400000.0,1900000.0,600000.0,14000000.0,2000000.0,25300000.0,1900000.0,7800000.0,1200000.0,3300000.0,1000000.0,,352600000.0,345200000.0,347500000.0,,,,,,,,,,,,,,,,,,
2018-04-26,False,348560770,,,,711700000,1172100000,,,,749700000,,1117300000,29500000,2476100000.0,25000000,11900000,9400000,,,,,1500000.0,10655400000,3079700000,,,,,,,,,,,1015700000,53600000.0,,,,,,,6000000.0,0.07,0.01,2000000000,349000000,348500000,3500000,298300000,,,,,,869900000,-3900000.0,,,,,,18000000,20300000.0,,,,,,,,,,,,,,,,,,,,,,,,,,,,,,,,,35000000,,0.0,,,,,,,,,,,,,,,,,,,,,,,,0.75,,0.74,0.165,0.21,,,,,,,,15800000.0,,,128400000.0,2500000,,,,,,,,,,,,,,,,,,,,5126200000,1800000.0,25900000,,,,870800000,,,,,312900000,,,,,,,,51700000,,-22200000,20100000,-82000000,,,31900000,5900000,,5800000.0,,1259200000,,24600000.0,,216600000,615900000,302600000,96700000,,,,,,,,,,,10655400000,1461400000,,,,3996900000,,3932900000.0,,,,,,,,,,,,17300000,-94200000,,-39000000,,171000000,,261200000.0,261200000.0,,,,,,,,,2.0,,,,,338200000,,,,,,,,48000000.0,16000000.0,20000000.0,31000000.0,42000000.0,20000000.0,,,,,,,480500000,,,,,36400000,37100000,-700000,,1087400000,700000.0,,-100000.0,,,24300000.0,,,,,7700000,31400000,,,,,,0.0,15000000.0,0.0,0.0,0.0,276000000,,,,,,,4400000.0,,-74300000.0,,,65700000.0,,,,19100000.0,15100000.0,261200000,,709800000,,,,,,,,,,,,,108900000,,,,1583300000.0,,,,,,,1740700000.0,423700000,11900000,,,,,,,,,,,,,,,,,,,,,,,,,,,,,,,,,,,,,-300000.0,,,,,4092400000,4109700000,,,,,,,,,,,,,,,,,,,,,,354400000.0,,348600000.0,,,,,,,,,,,,,,,,,,
2018-07-26,False,349152355,,,,763500000,1187800000,,,,735900000,,1114900000,-69600000,3836800000.0,49100000,14600000,11500000,,,,,1500000.0,11986100000,4503400000,,,,,,,,,,,2368200000,1406100000.0,,,,,,,22000000.0,0.07,0.01,2000000000,349500000,349000000,3500000,195900000,,302300000.0,210500000.0,91800000.0,21000000.0,917100000,,,,,,,16100000,21700000.0,,,,,,,,,,,,,,,,,,,,,,,,,,,,,,,,,69100000,,,,,,,,,,,,,,,,,,,,,,,24400000.0,,,0.84,,0.83,0.171,0.21,,,,,,,,-21400000.0,,,115600000.0,3100000,,,,,,,,,,,,,,,,,,,,5081900000,1800000.0,-18400000,,,,938900000,,,,,356000000,,,,,,,,61000000,,41000000,54000000,-64700000,,,68400000,42000000,200000.0,,,1230900000,,25300000.0,,223200000,642300000,311200000,107900000,,,,,,,,,,,11986100000,2298700000,,,,3726700000,799300000.0,2823900000.0,,,,,,,,,,,2927400000.0,17300000,978800000,,-64100000,,512800000,,,,294800000.0,,,,,,,,2.0,,,,,382400000,,,,,,,,48000000.0,16000000.0,20000000.0,31000000.0,42000000.0,20000000.0,,,,,,,479500000,,,,,-99800000,-99100000,-700000,,1118100000,1100000.0,,-3900000.0,,,48700000.0,,,36000000.0,,9300000,58700000,,,200000.0,,,0.01,15000000.0,1400000.0,1400000.0,0.0,305100000,,,,,,1338200000.0,15300000.0,,-326000000.0,,,67000000.0,,,,39400000.0,37200000.0,295000000,,690400000,,,,,,,,,,,,,111000000,,,,1853900000.0,,,570200000.0,,1856000000.0,,,445500000,26500000,,,,,,,,,,,,,,,,,,,,,,,,,,,,,,,,,,,,796400000.0,200000.0,,,,,5624600000,5641900000,,,,,,,,,,,,,,,,,,,,,5600000.0,355000000.0,,349200000.0,,,,,,,,,,,,,,,,,,
2018-10-25,False,333962913,,,,758700000,1295600000,,,,896300000,,1135400000,-92800000,3862500000.0,81500000,14000000,11000000,,,,,0.0,13862800000,3414300000,,,0.64,228000000.0,1895500000.0,56000000.0,-19100000.0,35700000.0,0.0,,1145100000,183000000.0,,,,,,,22000000.0,0.07,0.01,2000000000,350300000,349800000,3500000,222100000,,333300000.0,241600000.0,91700000.0,20000000.0,915800000,,,,,,,15500000,24200000.0,,,,,,,,,,,,,,,,,,,,,,,,,,,,,,,,,103300000,,,,,,,,,,,,,,,,,,,,,,,24500000.0,17600000.0,,0.65,,0.64,0.172,0.21,,,,,,,,-36300000.0,,,104500000.0,3000000,,,,,,,,,,,,,,,,,,,,6743300000,1661800000.0,-17000000,,,,924300000,,,,,296200000,,,,,,,,50900000,,30200000,85100000,35400000,,,78900000,28800000,,,,2499900000,,24400000.0,,222700000,649200000,316700000,109800000,,,,,,,,,,,13862800000,3479500000,,,,5002500000,1824500000.0,3075100000.0,,,,,,,,,,,3178000000.0,18800000,2234500000,,-2914800000,,899600000,,,,227900000.0,,,,,,,,,2.0,,,,321400000,,,,,,,,48000000.0,16000000.0,20000000.0,31000000.0,42000000.0,20000000.0,,,,,,,523000000,,,,,-23900000,-23200000,-700000,,1356200000,800000.0,,-4100000.0,,,73200000.0,,17600000.0,43000000.0,,2825200000,93700000,,,17400000.0,12.78,,0.01,15000000.0,1400000.0,1400000.0,0.0,324400000,1750000000.0,,,,,1337400000.0,27200000.0,,-64300000.0,,,67400000.0,200000.0,,,58700000.0,56800000.0,245300000,,682300000,,,,,,,,,,725000000.0,,,112500000,,,,2057100000.0,,,564200000.0,,1840100000.0,,,490400000,40500000,,,,,,,,,,,,,,,,,,,,,,,,,,,,,,,,,,,,1822400000.0,300000.0,,,,,5830300000,5849100000,,,,,,,,,,,,,,,,,,,,,5400000.0,355300000.0,,349900000.0,,,,,,,,,,,,,,,,,,
2019-02-28,True,334631235,23800000000.0,,,706500000,1195100000,14000000.0,174700000.0,728300000.0,999300000,244500000.0,889800000,-86600000,3126000000.0,135100000,50800000,40300000,,54900000.0,,135000000.0,18400000.0,12905600000,3171200000,30000000.0,30000000.0,2.38,834600000.0,6707300000.0,,,,0.0,,1178400000,216300000.0,,,0.0,1002900000.0,143100000.0,,22000000.0,0.07,0.01,2000000000,335100000,334500000,3400000,2790100000,,380700000.0,288100000.0,92600000.0,119000000.0,3131400000,,48300000.0,96300000.0,7800000.0,2781000000.0,,17000000,,,27300000.0,-19600000.0,778700000.0,,,0.0,7100000.0,17900000.0,255300000.0,112000000.0,,27300000.0,14200000.0,17400000.0,50500000.0,19700000.0,40300000.0,523400000.0,155200000.0,597100000.0,,14700000.0,11700000.0,7800000.0,117600000.0,56000000.0,74000000.0,1000000.0,1000000.0,3000000.0,53000000.0,125700000,260800000.0,,,2097700000.0,-1909900000.0,102200000.0,4200000.0,9200000.0,21500000.0,0.0,438900000.0,92300000.0,0.0,0.0,4600000.0,4400000.0,21400000.0,0.0,,0.0,750500000.0,,23400000.0,17300000.0,,6.26,,6.17,0.148,0.21,-0.013,0.048,0.008,0.015,0.0,,0.01,-40600000.0,,,91000000.0,10500000,24000000.0,,,,,,870700000.0,201000000.0,166000000.0,181000000.0,191000000.0,194000000.0,2818200000.0,275000000.0,,,0.0,,,6133100000,1601200000.0,-28400000,0.0,,,898300000,138000000.0,1100000.0,918300000.0,687700000.0,1078400000,390700000.0,240100000.0,0.67,0.66,1872200000.0,5.6,5.52,160100000,89000000.0,76200000,105900000,2400000,-7700000.0,,73400000,-63300000,,,3347000000.0,2476300000,,97000000.0,102000000.0,219500000,574500000,251900000,103100000,64000000.0,,,,,,,,,,12905600000,2192100000,30700000.0,30700000.0,0.0,3430300000,455600000.0,2867500000.0,1450000000.0,455300000.0,,,,,0.0,125700000.0,750000000.0,0.0,2974700000.0,17400000,879100000,879100000.0,-1966600000,-2969500000.0,1344400000,1201300000.0,2878900000.0,,883400000.0,,,9734400000.0,263000000.0,,50.0,,,2.0,,,13.0,294500000,,,,,,,,54000000.0,14000000.0,24000000.0,32000000.0,41000000.0,16000000.0,,,668000000.0,26000000.0,152500000.0,51700000.0,548900000,,,,,-127300000,-123700000,-3600000,9400000.0,1125900000,,-3000000.0,42100000.0,11900000.0,,96600000.0,,34900000.0,43000000.0,17000000.0,2815100000,112300000,,0.05,34900000.0,12.5,1000000.0,0.01,15000000.0,1400000.0,1400000.0,0.0,193200000,1750000000.0,3000000000.0,0.0,1340000000.0,,1337400000.0,39300000.0,,-266100000.0,,39300000.0,72100000.0,2600000.0,71000000.0,1100000.0,77200000.0,81700000.0,2112300000,1465900000.0,576100000,49000000.0,,,,,,117000000.0,14000000.0,,,1850000000.0,,414300000,6000000.0,5400000.0,7000000.0,3552700000.0,1757500000.0,16000000.0,537500000.0,0.45,6452700000.0,,,1728600000,50800000,,,,,,,,,40000000.0,4600000.0,33.2,68700000.0,300000.0,54.13,1700000.0,,228400000.0,9700000.0,46.25,,,,226000000.0,9600000.0,45.35,28.99,76.67,,4600000.0,9700000.0,,160300000.0,,,217000.0,454900000.0,-300000.0,,,,,6595500000,6612900000,1400000.0,19000000.0,,,,,,2200000000.0,133400000.0,900000.0,3800000.0,6400000.0,16000000.0,4000000.0,40800000.0,1900000.0,39000000.0,9200000.0,3500000.0,14000000.0,5200000.0,350700000.0,,345500000.0,,,,,,,,,,,,,,,,,,
2019-04-25,False,335099399,,,,667800000,1146600000,,,,837800000,,797700000,-69400000,3240300000.0,52200000,12900000,10100000,,,,,1700000.0,15656200000,5796300000,,26300000.0,,,,,,,,139200000.0,3728900000,,3728900000.0,2550500000.0,0.0,0.0,-5000000.0,,20000000.0,0.07,0.01,2000000000,335800000,335000000,3400000,181600000,,403500000.0,306200000.0,97300000.0,114300000.0,780200000,,,,,,,137700000,,,,,,,,,,,,,,,,,,,,,,,,,,,,,,,,,,29700000,,,,400000.0,-500000.0,0.0,5100000.0,5400000.0,17300000.0,,5800000.0,0.0,,,0.0,0.0,21200000.0,,,,5700000.0,,23400000.0,17300000.0,,0.44,,0.43,0.148,,,,,,,,,,7100000.0,,147600000.0,2800000,,,,,,,,,,,,,,,,,,,,6169000000,,35900000,,31800000.0,,812700000,,,164000000.0,,192400000,,164000000.0,0.44,0.43,400000.0,0.0,0.0,28400000,,-40600000,-49900000,-13200000,,,33300000,60400000,,,,2435500000,,25300000.0,,244100000,608300000,265900000,98300000,,188900000.0,40700000.0,,11700000.0,21900000.0,31700000.0,41100000.0,41800000.0,20500000.0,15656200000,2639600000,,22700000.0,,5783700000,1055400000.0,4889900000.0,,,,,,,,,,,4728300000.0,12000000,2411200000,2411200000.0,-24000000,-24000000.0,156200000,161200000.0,147100000.0,,146700000.0,,,,,,,,,2.0,,,,217300000,17800000.0,168400000.0,55900000.0,112500000.0,15800000.0,166400000.0,181400000.0,54200000.0,13500000.0,24000000.0,32400000.0,41200000.0,16100000.0,,0.034,,,,,620700000,,16700000.0,,,16700000,17200000,-500000,7200000.0,1313100000,,400000.0,0.0,,24300000.0,23400000.0,,17300000.0,,,0,24000000,,0.05,17300000.0,12.5,,0.01,15000000.0,1400000.0,1400000.0,0.0,286200000,2417800000.0,,,,,,-6800000.0,,443800000.0,,,67200000.0,,,,23000000.0,17900000.0,164400000,,468300000,,,,-700000.0,-500000.0,-200000.0,,,,,402900000.0,400000000.0,109000000,,,,3676400000.0,1592900000.0,,556100000.0,,,,,486400000,12900000,,,,,,,,,,,,,,,1700000.0,,,,,,,,,,,,,,,,,,,80.48,,1055200000.0,200000.0,,,,,6850700000,6862700000,,,,,,,,,,,,,,,,,,,,,4400000.0,339500000.0,,335100000.0,,,,,,,,,,,,,,,,,,
2019-07-25,False,335533242,,,,697900000,1315200000,,,,1024900000,,821400000,-67600000,3265400000.0,129600000,15900000,12600000,,,,,0.0,16468100000,3436300000,,21400000.0,0.67,226100000.0,1894500000.0,,,,,159900000.0,1092100000,,1092100000.0,-86300000.0,0.0,0.0,-6400000.0,,20000000.0,0.07,0.01,2000000000,336200000,335400000,3400000,176400000,71100000.0,469400000.0,372100000.0,97300000.0,63800000.0,960700000,,,,,,,125400000,,,,,,,,,,,,,,,,,,,,,,,,,,,,,,,,,,62700000,,,,-700000.0,300000.0,0.0,300000.0,5200000.0,11900000.0,,300000.0,500000.0,,,0.0,0.0,21100000.0,,,,400000.0,,23400000.0,17200000.0,,0.47,,0.46,0.142,,,,,,,,,,7900000.0,,137700000.0,3300000,,,,,,,999700000.0,,,,,,4101800000.0,,,,,,,7750900000,1565700000.0,11700000,,40400000.0,,904000000,,,175300000.0,,204300000,,175300000.0,0.47,0.47,-700000.0,0.0,0.0,29000000,,-11700000,102300000,-3600000,,,-45800000,67200000,0.0,,4812900000.0,3813200000,,44400000.0,,336300000,693700000,260400000,97000000,,232300000.0,70400000.0,,17600000.0,25900000.0,36000000.0,49100000.0,33300000.0,30000000.0,16468100000,2791200000,,17100000.0,,6196500000,1000000000.0,5376900000.0,,,,,,,,,,,5196500000.0,11300000,2776400000,2776400000.0,-3285600000,-3285600000.0,415000000,421400000.0,157400000.0,,158100000.0,,,,,,,,,2.0,,,,249500000,20200000.0,202300000.0,51300000.0,151000000.0,32100000.0,197600000.0,181400000.0,54200000.0,13500000.0,24000000.0,32400000.0,41200000.0,16100000.0,,0.034,,,,,755400000,,1300000.0,,,1300000,1800000,-500000,-7100000.0,1306500000,,-800000.0,0.0,,24300000.0,46800000.0,,34500000.0,43000000.0,,3237100000,48500000,,0.05,17200000.0,12.5,,0.01,15000000.0,1400000.0,1400000.0,0.0,313900000,2413200000.0,,,,,0.0,7500000.0,,892300000.0,,,72200000.0,3400000.0,,,35700000.0,32100000.0,174600000,,514700000,,,,-700000.0,-500000.0,-200000.0,,,,,455300000.0,400000000.0,117400000,,,,3810400000.0,1864700000.0,,561100000.0,,,39400000.0,,537100000,28800000,,,,,,,,,,,,,,,,,,,,,,,,,,,,,,,,,,80.48,,1000000000.0,300000.0,,,,,7011600000,7022900000,,,,,,,,,,,,,,,,,,,,,4100000.0,339700000.0,,335600000.0,,,,,,,,,,,,,,,,,,
2019-10-25,False,335804183,,,,693800000,1332000000,,,,1154600000,,825700000,-119600000,3291200000.0,211400000,16700000,13200000,,,,,3300000.0,16660400000,3465900000,,17800000.0,0.71,240300000.0,1877600000.0,,,,,151600000.0,1060500000,,1060500000.0,-117900000.0,,0.0,-4400000.0,,20000000.0,0.07,0.01,2000000000,336600000,335700000,3400000,155100000,81900000.0,481700000.0,384700000.0,97000000.0,41000000.0,932300000,,,,,,,113700000,,,,,,,,,,,,,,,,,,,,,,,,,,,,,,,,,,97700000,,,,-200000.0,600000.0,0.0,100000.0,5300000.0,10400000.0,,100000.0,0.0,,,,0.0,17700000.0,,,,0.0,,23500000.0,17300000.0,,0.56,,0.56,0.118,,,,,,,,,,-11600000.0,,129000000.0,3500000,,,,,,,1063400000.0,,,,,,4002900000.0,,41200000.0,,,,,7995500000,1839800000.0,-9200000,,72000000.0,40200000.0,927700000,,,207300000.0,,235100000,,207300000.0,0.57,0.56,-200000.0,0.0,0.0,27800000,,-7900000,133500000,127500000,,,-69400000,115100000,,,4724000000.0,3660600000,,47000000.0,,311700000,680700000,266700000,102300000,,247800000.0,85200000.0,,20400000.0,29900000.0,39700000.0,51900000.0,20700000.0,30300000.0,16660400000,2916300000,,15700000.0,,6015600000,1000000000.0,5168800000.0,,,,,,,,,,,5015600000.0,11900000,2565000000,2565000000.0,-3467300000,-3467300000.0,796000000,800400000.0,189800000.0,,190000000.0,,,,,,,,,,2.0,,,242100000,23200000.0,217500000.0,52200000.0,165300000.0,53400000.0,210200000.0,181400000.0,54200000.0,13500000.0,24000000.0,32400000.0,41200000.0,16100000.0,,0.032,,,,,808400000,,-52500000.0,,,-52500000,-52000000,-500000,10300000.0,1399600000,,-1200000.0,0.0,,24300000.0,70300000.0,,34500000.0,43000000.0,,3387700000,79600000,,0.05,17300000.0,12.5,,0.01,15000000.0,1400000.0,1400000.0,0.0,374900000,2413200000.0,,,,,0.0,16400000.0,,695500000.0,,,73400000.0,4700000.0,,,49500000.0,46100000.0,207100000,,519800000,,,,-700000.0,-500000.0,-200000.0,,,,,455300000.0,400000000.0,119100000,,,,3976700000.0,1860000000.0,,540300000.0,,,13500000.0,,566500000,45500000,,,,,,,,,,,,,,,,,,,,,,,,,,,,,,,,,,80.48,,1000000000.0,,,,,,7151700000,7163600000,,,,,,,,,,,,,,,,,,,,,3800000.0,339900000.0,,336100000.0,,,,,,,,,,,,,,,,,,
2020-02-27,True,336415264,24100000000.0,,,765500000,1384500000,13000000.0,99000000.0,1124700000.0,1146800000,,838700000,-56300000,3311100000.0,292900000,61400000,50600000,,59800000.0,,293000000.0,3000000.0,17439000000,3688800000,3200000.0,3200000.0,2.37,805000000.0,7659900000.0,,,,,147000000.0,1205200000,,1205200000.0,26800000.0,0.0,0.0,-13500000.0,,20000000.0,0.07,0.01,2000000000,336900000,336000000,3400000,769200000,79000000.0,509300000.0,410100000.0,99200000.0,226000000.0,3639700000,,38900000.0,84600000.0,11700000.0,5264600000.0,,102000000,,,43000000.0,-21100000.0,1040200000.0,,,-8000000.0,15100000.0,16600000.0,325500000.0,130000000.0,,30300000.0,27800000.0,16700000.0,35200000.0,16000000.0,58400000.0,714700000.0,200500000.0,722000000.0,43700000.0,26700000.0,47300000.0,4000000.0,146600000.0,74000000.0,97000000.0,3000000.0,3000000.0,4000000.0,63000000.0,133300000,426200000.0,,,-2200000.0,2100000.0,-15700000.0,0.0,0.0,0.0,,6200000.0,0.0,,,0.0,0.0,3200000.0,,,,6100000.0,,23500000.0,17200000.0,,0.52,,0.52,0.17,0.21,0.0,0.062,-0.007,0.01,,,-0.003,,7100000.0,,116600000.0,10800000,,,,,,,1149700000.0,336000000.0,306000000.0,308000000.0,315000000.0,330000000.0,4266200000.0,275000000.0,40800000.0,,0.0,,,8399300000,2192900000.0,38800000,0.0,74700000.0,40200000.0,1035900000,121000000.0,0.0,725400000.0,572400000.0,874500000,302100000.0,178800000.0,0.48,0.48,14000000.0,0.04,0.04,149100000,145000000.0,53700000,166900000,256900000,-13900000.0,,-118800000,163700000,,,4994700000.0,3845000000,,164200000.0,127000000.0,285600000,640300000,254300000,100400000,,239500000.0,63200000.0,57400000.0,16200000.0,22800000.0,34100000.0,45800000.0,,25600000.0,17439000000,3467200000,0.0,0.0,,6328400000,1500000000.0,4992300000.0,1450000000.0,1500000000.0,,,,,0.0,0.0,1564600000.0,750000000.0,4828400000.0,13200000,2802900000,2802900000.0,-4054600000,-4054600000.0,1271400000,1284900000.0,669900000.0,,656400000.0,,,,278000000.0,,50.0,,,2.0,2.0,,12.0,295200000,80000000.0,213900000.0,54900000.0,159000000.0,65000000.0,206800000.0,181400000.0,54200000.0,13500000.0,24000000.0,32400000.0,41200000.0,16100000.0,64000000.0,0.034,886000000.0,42000000.0,224700000.0,68500000.0,779600000,20700000.0,28000000.0,-7300000.0,,50500000,30300000,20200000,5700000.0,1584200000,,-6200000.0,-1800000.0,24700000.0,24300000.0,,93800000.0,69000000.0,43000000.0,15000000.0,3943900000,112500000,,0.05,69000000.0,12.5,1000.0,0.01,15000000.0,1400000.0,1400000.0,0.0,455600000,2913200000.0,,0.0,1340000000.0,,0.0,13000000.0,494800000.0,,,40000000.0,79000000.0,2000000.0,77100000.0,1900000.0,75900000.0,80300000.0,192800000,1358200000.0,519500000,64000000.0,,,-3100000.0,-2300000.0,-800000.0,,13000000.0,,,455300000.0,,456700000,6000000.0,37300000.0,56600000.0,4128800000.0,2002400000.0,12000000.0,555200000.0,,,80000000.0,,2219500000,61400000,,,,,,,,,40000000.0,4800000.0,38.14,52500000.0,500000.0,66.16,2200000.0,,242000000.0,10200000.0,53.64,,,,240500000.0,10000000.0,53.12,33.84,79.61,,4800000.0,10200000.0,,184500000.0,,80.48,193000.0,1500000000.0,-500000.0,,,,,7387000000,7400200000,1200000.0,41000000.0,,-13000000.0,1000000.0,0.0,,2400000000.0,214900000.0,400000.0,13000000.0,300000.0,23000000.0,8000000.0,17800000.0,1900000.0,79700000.0,0.0,2300000.0,18000000.0,4200000.0,340000000.0,,335800000.0,,,,,,,,,,,,,,,,,,
2020-04-30,False,336856117,,,115800000.0,745400000,1317600000,,,,1072400000,,843200000,-193600000,3333700000.0,85500000,16100000,13400000,,,,,5700000.0,16931700000,3445600000,,3300000.0,,,,,,,,119000000.0,1040500000,,1040500000.0,-164700000.0,,,-400000.0,,17000000.0,0.07,0.01,2000000000,337700000,336800000,3400000,-95400000,76000000.0,518600000.0,423500000.0,95100000.0,126000000.0,837700000,,,,,,,93000000,,,,,,,,,,,,,,,,,,,,,,,,,,,,,,,,,,32100000,,,,,,,,,,,,,,,,,,,,,,,23500000.0,17300000.0,,0.07,,0.07,0.408,,,,,,,,,,-28300000.0,,204200000.0,2700000,,,,,,,,,,,,,,,,,,,,8271100000,,-56100000,85300000.0,13200000.0,,875800000,,,42300000.0,,71400000,,42300000.0,0.07,0.07,-400000.0,0.0,0.0,29100000,,-6700000,-22800000,-99600000,,,16600000,-30200000,,,,3751000000,,43600000.0,,282700000,650400000,264600000,103100000,,,,,,,,,,,16931700000,2121100000,,,,6076100000,250000000.0,5755900000.0,,,,,,,,,,,5826100000.0,11200000,-283200000,,-44200000,,191000000,191400000.0,24600000.0,,25000000.0,,,,,,,,,,2.0,,,119600000,21000000.0,,53300000.0,154500000.0,19000000.0,200000000.0,,,,,,,,,,,,,,744000000,,-136300000.0,,900000.0,-136300000,-137300000,1000000,,1576700000,,-4600000.0,-200000.0,,1000000.0,,23500000.0,0.0,,,10600000,33800000,,0.05,17300000.0,12.5,,0.01,15000000.0,1400000.0,1400000.0,0.0,433800000,373800000.0,,,,,,-700000.0,-382800000.0,,,,78100000.0,,,,16200000.0,15900000.0,41900000,,520000000,,,,1200000.0,1000000.0,200000.0,,,,,250000000.0,,113700000,,,,4098600000.0,1713500000.0,,524600000.0,,,7000000.0,,557200000,16100000,,,800000.0,,,,,,,,,,,,2300000.0,,,,,,,,,,,,,,,,,,,80.48,,250000000.0,-600000.0,,,,,7242100000,7253300000,,,,,,,,,,,,,,,,,,,,,3200000.0,340000000.0,,336800000.0,,,,,,,,,,,,,,,,,,
2020-07-28,False,337071495,,,125100000.0,733000000,1129200000,,,,1092000000,,867900000,-156600000,3360700000.0,170100000,22700000,18900000,,,,,,16705700000,3250400000,,3300000.0,,,,,,,,114000000.0,1063000000,,1063000000.0,-142200000.0,,,-800000.0,,17000000.0,0.07,0.01,2000000000,337900000,337000000,3400000,167000000,73000000.0,531100000.0,439200000.0,91900000.0,83000000.0,756900000,,,,,,,81000000,,,,,,,,,,,,,,,,,,,,,,,,,,,,,,,,,,66600000,,,,,,,,,,,,,,,,,,,,,,,23600000.0,17200000.0,,0.33,,0.33,0.149,,,,,,,,,,-18800000.0,,185500000.0,3800000,,,,,,,,,,,,,,,,5300000.0,,,,8297700000,,-39000000,0.0,22700000.0,,814300000,,,130300000.0,,153200000,,130300000.0,0.34,0.33,-300000.0,0.0,0.0,22900000,,-23400000,-214800000,-75000000,,,28900000,-55400000,,,,3671300000,,43200000.0,,294900000,664500000,267100000,102500000,,,,,,,,,,,16705700000,2876400000,,,,5685000000,998800000.0,,,,,,,,,,,,4686200000.0,11600000,-728400000,,-65200000,,670200000,671000000.0,112800000.0,,113100000.0,,,,,,,,,,2.0,,,191100000,20000000.0,,52600000.0,163800000.0,36000000.0,207800000.0,,,,,,,,,,,,,,758700000,,36000000.0,,,36000000,37000000,-1000000,,1572400000,,5300000.0,-400000.0,,8000000.0,,47100000.0,17300000.0,,,11400000,59500000,,0.05,17200000.0,12.5,,0.01,15000000.0,1400000.0,1400000.0,0.0,390400000,741700000.0,,,,,,-13800000.0,-1141900000.0,,5300000.0,,74000000.0,200000.0,,,29600000.0,25000000.0,130000000,,519800000,,,,-1200000.0,-1000000.0,-200000.0,,,,,250000000.0,,106600000,,,,4187800000.0,1571200000.0,,526900000.0,,,27000000.0,,516600000,38800000,,,,,,,,,,,,,,,,,,,,,,,,,,,,,,,,,,80.48,,,600000.0,,,,,7395300000,7406900000,,,,,,,3100000.0,,,,,,,,,,,,,,2400000.0,339700000.0,,337300000.0,,,,,,,,,,,,,,,,,,
2020-10-27,False,337195814,,,126300000.0,777100000,1207600000,,,,1210000000,,889700000,-91700000,3391700000.0,254500000,21400000,17800000,,,,,,17199700000,3774700000,,2100000.0,,,,,,,,115000000.0,1489100000,,1489100000.0,283900000.0,,,-800000.0,,17000000.0,0.07,0.01,2000000000,338300000,337200000,3400000,290700000,81000000.0,547200000.0,456700000.0,90500000.0,104000000.0,918900000,,,,,,,70000000,,,,,,,,,,,,,,,,,,,,,,,,,,,,,,,,,,98100000,,,,,,,,,,,,,,,,,,,,,,,23600000.0,17300000.0,,0.62,,0.61,0.148,,,,,,,,,,-2700000.0,,162100000.0,3600000,,,,,,,,,,,,,,,0.0,5300000.0,,,,8341000000,,-4600000,0.0,31600000.0,,983400000,,,225800000.0,,265100000,,225800000.0,0.62,0.61,0.0,0.0,0.0,39300000,,13400000,-147800000,56500000,,,10200000,-54000000,,,,3595600000,,43900000.0,,296600000,661800000,266900000,98300000,,,,,,,,,,,17199700000,3041000000,,,,5698400000,999200000.0,,,,,,,,,,,,4699200000.0,12000000,-760200000,,-105100000,,1151900000,1152700000.0,208500000.0,,208500000.0,,,,,,,,,,2.0,12.0,,310400000,19000000.0,,54700000.0,171000000.0,52000000.0,215100000.0,,,,,,,,,,,,,,759700000,,63900000.0,,,63900000,64900000,-1000000,,1600400000,,-1400000.0,-500000.0,,8000000.0,,70700000.0,34500000.0,,,24700000,86200000,,0.05,17300000.0,12.5,,0.01,15000000.0,1400000.0,1400000.0,0.0,414100000,741700000.0,,,,,,-4800000.0,-1141900000.0,,5300000.0,,76700000.0,1000000.0,,,41600000.0,38500000.0,225800000,,513600000,,,,-1200000.0,-1000000.0,-200000.0,,,,,250000000.0,,110700000,,,,4372700000.0,1902300000.0,,523100000.0,,,45000000.0,,562300000,60200000,,,,,,,,,,,,,,,,,,,,,,,,,,,,,,,,,,80.48,,,200000.0,,,,,7676100000,7688100000,,,,,,,-2000000.0,,,,,,,,,,,,,,3200000.0,340800000.0,,337600000.0,,,,,,,,,,,,,,,,,,
2021-02-26,True,338072765,17100000000.0,,,480800000,810300000,15000000.0,65500000.0,887000000.0,899900000,,674500000,-141100000,3554500000.0,309900000,62600000,52900000,42500000.0,42500000.0,3700000.0,310000000.0,4900000.0,16051500000,4446900000,30400000.0,30400000.0,,,,,,,,31000000.0,1824800000,,1824800000.0,619600000.0,-20400000.0,-37600000.0,459000000.0,,20700000.0,0.07,0.01,2000000000,339000000,337900000,3400000,1664100000,56000000.0,410600000.0,376400000.0,34200000.0,291000000.0,2025900000,,59400000.0,74300000.0,19400000.0,4287500000.0,0.0001,57000000,,,-44100000.0,-33000000.0,839100000.0,,,-20500000.0,4600000.0,12500000.0,265900000.0,123000000.0,,32100000.0,27900000.0,8400000.0,16500000.0,3900000.0,47100000.0,573200000.0,166800000.0,554400000.0,44300000.0,27600000.0,46000000.0,4500000.0,167100000.0,,,,,,51000000.0,74100000,384000000.0,,69000000.0,185900000.0,0.0,24800000.0,0.0,0.0,33300000.0,0.0,1107300000.0,455300000.0,0.0,0.0,31000000.0,0.0,30400000.0,0.0,0.0,0.0,1963400000.0,,23700000.0,17200000.0,,3.55,,3.37,0.037,0.21,0.0,0.009,-0.005,0.005,,,0.004,,27400000.0,,123500000.0,9700000,,,1119200000.0,,1119200000.0,13000000.0,1299300000.0,309000000.0,287000000.0,290000000.0,292000000.0,304000000.0,3959600000.0,310000000.0,0.0,,5300000.0,,,7359200000,30900000.0,51900000,0.0,34900000.0,40200000.0,762100000,87000000.0,0.0,1452200000.0,1213300000.0,1507700000,294400000.0,1251600000.0,3.65,3.47,-36000000.0,-0.11,-0.1,55500000,95000000.0,18100000,-82400000,59900000,97600000.0,,7300000,-147900000,19900000.0,1700000.0,4589900000.0,3290600000,,148500000.0,123000000.0,227900000,455500000,152400000,75200000,,221700000.0,62700000.0,49900000.0,15100000.0,22200000.0,29800000.0,42000000.0,,20400000.0,16051500000,2860800000,33300000.0,33300000.0,0.0,4230100000,1399800000.0,,1450000000.0,1400000000.0,,,,,0.0,0.0,0.0,1437500000.0,2830300000.0,8500000,-696100000,-675700000.0,-148400000,-110800000.0,1436700000,977700000.0,1544300000.0,,1383200000.0,1452200000.0,,,,,50.0,,,3.0,,,5.0,183900000,60000000.0,201300000.0,47000000.0,154300000.0,52000000.0,188700000.0,,,,,,,,41000000.0,0.028,957000000.0,36000000.0,134500000.0,62200000.0,344100000,42800000.0,47100000.0,-4300000.0,,63500000,50800000,12700000,,1233400000,,-2400000.0,0.0,44000000.0,8000000.0,,94400000.0,69000000.0,43000000.0,16000000.0,40400000,75700000,,0.05,69000000.0,12.5,1000.0,0.01,15000000.0,1400000.0,1400000.0,0.0,206700000,741700000.0,,,1340000000.0,,0.0,20700000.0,-1141900000.0,,5300000.0,46700000.0,24900000.0,1200000.0,22900000.0,2000000.0,11500000.0,13900000.0,1215600000,1096500000.0,422000000,7100000.0,359000000.0,246000000.0,-4700000.0,-3700000.0,-1000000.0,,12000000.0,,,1730800000.0,,320700000,,15400000.0,26800000.0,5547400000.0,1324900000.0,13000000.0,135200000.0,,,55000000.0,,1748400000,62600000,,,,,,,,,43000000.0,4800000.0,37.54,65800000.0,700000.0,61.39,2300000.0,1400000.0,221300000.0,10600000.0,50.07,,,,219700000.0,10500000.0,49.83,26.32,63.09,44.94,4800000.0,10600000.0,,159500000.0,,,225000.0,,300000.0,,,,,8964200000,8972700000,1900000.0,,8000000.0,,,,1900000.0,2600000000.0,200100000.0,400000.0,26500000.0,500000.0,26000000.0,10000000.0,10400000.0,1700000.0,16100000.0,,6100000.0,3000000.0,,359000000.0,,337400000.0,,,,,,,,,,,,,,,,,,
2021-04-29,False,338525535,,,40200000.0,464500000,829500000,,,,836900000,,680000000,-174800000,3563800000.0,77500000,16600000,13500000,,,,,,14278900000,2800900000,,0.0,,,,,,,,29000000.0,1299600000,,1299600000.0,-525200000.0,0.0,0.0,-7200000.0,,19000000.0,0.07,0.01,2000000000,339700000,338500000,3400000,76500000,67000000.0,430100000.0,397800000.0,32300000.0,123000000.0,547300000,,,,,,,39000000,,,,,,,,,,,,,,,,,,,,,,,,,,,,,,,,,,19500000,,,,-1800000.0,,-300000.0,,,2800000.0,,0.0,1900000.0,,,,,0.0,,,,0.0,,23700000.0,17300000.0,,0.27,,0.27,0.059,,,,,,,,,,-6500000.0,,172700000.0,3100000,,,0.0,57000000.0,,,,,,,,,,,,,,,-104900000.0,7340400000,,-15000000,,-3800000.0,,711900000,,,111700000.0,,118700000,,111700000.0,0.28,0.28,-1500000.0,0.0,0.0,7000000,,-13000000,26900000,-80600000,,,3800000,-3800000,,,,3209700000,,27700000.0,,231300000,466600000,158500000,76800000,,,,,,,,,,,14278900000,2474800000,,2800000.0,,2567500000,1126000000.0,,,,,,,,,,,,1441500000.0,7700000,-654900000,-654900000.0,-8600000,-8600000.0,144800000,152000000.0,92900000.0,,94400000.0,,,,,,,,,,3.0,,,197600000,15000000.0,,44600000.0,152700000.0,16000000.0,186600000.0,,,,,,,,,,,,,,331200000,,-34700000.0,,,-34700000,-33700000,-1000000,,1193200000,,-3300000.0,,,1000000.0,,23700000.0,17300000.0,,,200000,8400000,,0.05,17300000.0,12.5,,0.01,15000000.0,1400000.0,1400000.0,0.0,205200000,0.0,,,,,,-2800000.0,,,,,26400000.0,0.0,,,3700000.0,5300000.0,110200000,,410100000,,,,-1300000.0,-1000000.0,-300000.0,,,0.0,,611100000.0,,86200000,,,,5616600000.0,1259200000.0,,131800000.0,,,9000000.0,,428100000,16600000,,,,,,,,,,,,,,,,,,,,,,,,,,,,,,,,,,,,,100000.0,,,,,9009000000,9016700000,,,,,,,900000.0,,,,,,,,,,,,,,3100000.0,341700000.0,,338600000.0,,,,,,,,,,,,,,,,,,
2021-07-29,False,358390903,,,38400000.0,489400000,817900000,,,,900000000,,696200000,-157300000,3602100000.0,155000000,20200000,17000000,,,,,,14495500000,3086400000,,0.0,,,,,,,,29000000.0,1565800000,,1565800000.0,-259000000.0,0.0,0.0,-18700000.0,,19000000.0,0.07,0.01,2000000000,359700000,358400000,3600000,198400000,70000000.0,429000000.0,398600000.0,30400000.0,65000000.0,564200000,,,,,,,30000000,,,,,,,,,,,,,,,,,,,,,,,,,,,,,,,,,,37700000,,,,-1300000.0,,-200000.0,,,1500000.0,,0.0,1300000.0,,,,,0.0,,,,0.0,,23700000.0,17200000.0,,0.48,,0.48,0.123,,,,,,,,,,-400000.0,,154600000.0,3200000,,,0.0,0.0,,,,,,,,,,,,,,26000000.0,0.0,7347300000,,-9200000,,-2700000.0,,755500000,,,182000000.0,,207500000,,182000000.0,0.49,0.48,-1100000.0,0.0,0.0,25500000,,9100000,11800000,-53300000,,,24000000,21400000,,,,3133700000,,25200000.0,,235500000,488000000,172300000,80200000,,,,,,,,,,,14495500000,2569700000,,1500000.0,,2576400000,1134600000.0,,,,,,,,,,,,1441800000.0,4700000,-667800000,-667800000.0,-15100000,-15100000.0,424300000,443000000.0,163700000.0,,164800000.0,,,,,,,,,,3.0,,,211300000,15000000.0,,44200000.0,145700000.0,28000000.0,180100000.0,,,,,,,,,,,,,,348000000,,16600000.0,,,16600000,17500000,-900000,,1128600000,,-4600000.0,-1100000.0,,1000000.0,,47400000.0,34500000.0,,,-900000,17100000,14.0978,0.05,17200000.0,12.5,,0.01,15000000.0,0.0,0.0,0.0,214700000,0.0,,,,,,25200000.0,,,,,25500000.0,,,,6100000.0,6700000.0,180900000,,400000000,,,,-1200000.0,-900000.0,-300000.0,,,0.0,,611100000.0,,87800000,,,,5756600000.0,1319700000.0,,135800000.0,,,13000000.0,,456400000,36800000,,,,,,,,,,,,,,,,,,,,,,,,,,,,,,,,,,,,,,,,,,9205000000,9209700000,,,,,,,3100000.0,,,,,,,,,,,,,,3000000.0,342400000.0,,339400000.0,,,,,,,,,,,,,,,,,,
2021-10-28,False,358577652,,,36300000.0,494900000,830400000,,,,969200000,,701100000,-192100000,3624300000.0,235400000,18400000,15000000,,,,,,14976100000,2425300000,,0.0,,,,,,,,28000000.0,838400000,,838400000.0,-986400000.0,0.0,0.0,-19400000.0,215000000.0,19000000.0,0.07,0.01,2000000000,359900000,358600000,3600000,116000000,77000000.0,431300000.0,400500000.0,30800000.0,82000000.0,555300000,,,,,,,21000000,,,,,,,,,,,,,,,,,,,,,,,,,,,,,,,,,,56100000,,,,,,,,,,,,,,,,,,,,,,,25200000.0,0.0,,0.42,,0.42,0.132,,,,,,,,,,-4200000.0,,144800000.0,3400000,,,0.0,0.0,,,1460500000.0,,,,,,4225500000.0,,,,,0.0,0.0,8221500000,897300000.0,-31500000,,-3500000.0,,744200000,,,151100000.0,,174100000,,151100000.0,0.42,0.42,-300000.0,0.0,0.0,23000000,,14800000,20400000,6400000,,,46100000,61500000,,,4852500000.0,3392100000,,25100000.0,,231100000,506800000,187800000,87900000,,,,,,,,,,,14976100000,2868900000,,1200000.0,,2585300000,1143200000.0,,,,,,,,,,,,1442100000.0,4800000,-485100000,-485100000.0,-1183600000,-1183600000.0,686500000,705900000.0,150800000.0,,151100000.0,,,,,,,,,,3.0,,,200800000,15000000.0,,45400000.0,144300000.0,40000000.0,180300000.0,,,,,,,,,,,,,,361900000,,-35700000.0,,,-35700000,-34800000,-900000,,1198000000,,-1600000.0,-1100000.0,,8000000.0,,72600000.0,34500000.0,,,1156700000,28000000,14.0978,0.05,0.0,0.0,,0.01,15000000.0,0.0,0.0,0.0,249700000,0.0,,,,,,18100000.0,215000000.0,,,,25800000.0,,,,12100000.0,13000000.0,150800000,,395000000,,,,-1200000.0,-900000.0,-300000.0,,,,,611100000.0,,87800000,,,,5882200000.0,1299500000.0,,143200000.0,,,24000000.0,,455600000,55200000,,,,,,,,,,,,,,,,,,,,,,,,,,,,,,,,,,,,,,,,,,9318000000,9322800000,,,,,,,-2000000.0,,,,,,,,,,,,,,3300000.0,362200000.0,,358900000.0,,,,,,,,,,,,,,,,,,
2022-03-01,True,359066396,25300000000.0,18000.0,,557900000,930200000,6000000.0,53000000.0,1011200000.0,960700000,,679000000,-185000000,3670000000.0,320800000,77400000,64500000,39700000.0,39700000.0,11200000.0,321000000.0,,16465500000,2514900000,0.0,0.0,,,,,,,,27000000.0,819300000,,819300000.0,-1005500000.0,0.0,0.0,-31800000.0,,18600000.0,0.07,0.01,2000000000,360400000,359100000,3600000,564500000,71000000.0,491400000.0,457600000.0,33800000.0,307000000.0,2247600000,,21500000.0,75000000.0,7800000.0,3606500000.0,8.8e-05,13000000,,,-21900000.0,-16900000.0,1012800000.0,,,-2200000.0,5200000.0,11400000.0,314900000.0,182000000.0,,36900000.0,29000000.0,7500000.0,30600000.0,5400000.0,73700000.0,697900000.0,157300000.0,765100000.0,42600000.0,4000000.0,43800000.0,4500000.0,133900000.0,,,,,,57000000.0,74700000,395500000.0,,0.0,,,,0.0,0.0,0.0,0.0,,,0.0,0.0,,0.0,0.0,0.0,0.0,0.0,,,25100000.0,0.0,,0.46,,0.44,0.093,0.21,,0.056,-0.044,0.003,,,0.009,,-3000000.0,,132000000.0,12900000,,,0.0,57000000.0,0.0,10000000.0,1544400000.0,381000000.0,362000000.0,364000000.0,367000000.0,369000000.0,4812400000.0,542000000.0,0.0,,0.0,29900000.0,-104900000.0,9152000000,1843000000.0,-47900000,0.0,-2300000.0,,794000000,64000000.0,,614200000.0,367400000.0,677500000,310100000.0,167900000.0,0.47,0.46,-2900000.0,-0.01,-0.01,63300000,103000000.0,73400000,84100000,28300000,41000000.0,,53600000,34500000,0.0,3300000.0,5434600000.0,3890200000,,103200000.0,0.0,215400000,512700000,203300000,94000000,,203300000.0,58300000.0,45600000.0,15600000.0,19500000.0,27600000.0,36700000.0,,18800000.0,16465500000,3714900000,0.0,0.0,,3959000000,2151700000.0,,550000000.0,2156500000.0,,,,,900000000.0,0.0,0.0,0.0,1807300000.0,4800000,652000000,652000000.0,-2615600000,-2615600000.0,961100000,992900000.0,573900000.0,,579700000.0,579700000.0,,,,,50.0,,,3.0,,,5.0,201600000,60000000.0,184500000.0,44600000.0,139900000.0,53000000.0,175600000.0,,,,,,,,,0.026,1800000000.0,53000000.0,142200000.0,33200000.0,337300000,-41000000.0,-47200000.0,6200000.0,,-68700000,-43900000,-24800000,,1286400000,,-14100000.0,,23300000.0,300000.0,,97700000.0,34500000.0,,17000000.0,2570100000,50000000,14.0978,0.05,34500000.0,0.0,1000.0,0.01,15000000.0,0.0,0.0,0.0,252700000,999800000.0,,,1340000000.0,,,30600000.0,364900000.0,,4500000.0,52400000.0,25200000.0,0.0,23000000.0,2200000.0,17600000.0,17500000.0,165000000,1074500000.0,395500000,7100000.0,493000000.0,369000000.0,-4300000.0,-3300000.0,-1000000.0,,14000000.0,,,611100000.0,,354800000,,10800000.0,18700000.0,6023600000.0,1374800000.0,13000000.0,740100000.0,,,34000000.0,,1839500000,77400000,,,,,,,,,43000000.0,4800000.0,42.78,55900000.0,700000.0,64.28,2000000.0,-1400000.0,224300000.0,10400000.0,54.81,,,,222900000.0,10300000.0,54.62,36.4,69.07,44.94,4800000.0,10400000.0,,160900000.0,,,252000.0,,400000.0,,,,,9512200000,9517000000,1500000.0,,15000000.0,,,,0.0,2000000000.0,193000000.0,1200000.0,1400000.0,200000.0,25000000.0,6000000.0,7900000.0,1700000.0,3400000.0,,15600000.0,27000000.0,,352300000.0,,349000000.0,52400000.0,19400000.0,1100000000.0,57000000.0,,,,,,,,,,,,,,
2022-04-28,False,358447899,,,,576100000,929000000,,,,985700000,,723200000,-223900000,3619100000.0,96300000,19900000,17200000,39400000.0,,3600000.0,,,16266400000,2447700000,,,,,,,,,,30000000.0,684300000,,684300000.0,-135000000.0,,,0.0,,17000000.0,0.07,0.01,2000000000,360900000,358400000,3600000,126200000,72000000.0,527200000.0,491400000.0,35800000.0,154000000.0,584500000,,,,,,,8000000,,,,,,,,,,,,,,,,,,,,,,,,,,,,,,,,,,21500000,,,,,,,,,,,,,,,,,,,,,,,25100000.0,0.0,,0.46,,0.45,0.135,,,,,,,,,,700000.0,,197200000.0,2700000,,,,0.0,,,,,,,,,,,,,,,0.0,9132900000,,-27800000,,8700000.0,,792000000,,,165100000.0,,190800000,,165100000.0,0.46,0.45,0.0,0.0,0.0,25700000,,19200000,1400000,-31200000,,,43200000,31400000,,2700000.0,,3788900000,,18800000.0,,232000000,553300000,218300000,103000000,,,,,,,,,,,16266400000,2561600000,,,,3738700000,999800000.0,,,,,,,,,,,,2738900000.0,5300000,-332600000,,-17900000,,214800000,214800000.0,165100000.0,,,166900000.0,,,,,50.0,,,3.0,3.0,,,212300000,15000000.0,,,,14000000.0,,,,,,,,,,,,,,,484300000,,-39400000.0,,,-39400000,-38900000,-500000,,1399200000,,-2700000.0,,,,,25100000.0,0.0,,,-900000,18800000,14.0978,0.05,0.0,0.0,,0.01,15000000.0,0.0,0.0,0.0,281100000,,,,,,,-17900000.0,930700000.0,,,,23200000.0,,,,4300000.0,2300000.0,165100000,,412600000,3400000.0,,,-600000.0,-500000.0,-100000.0,,,,,0.0,,99100000,,,,6226400000.0,1376500000.0,,727600000.0,,,2000000.0,,480600000,19900000,,,,,,,,,,,,,,,,,,,,,,,,,,,,,,,,,,,,,,,,,,9561400000,9566700000,,,,,,,,,,,,,,,,,,,,,,368400000.0,,359300000.0,,,1100000000.0,,6400000.0,1800000.0,63800000.0,1156500000.0,20000000.0,19000000.0,63800000.0,,,,,,,
2022-07-28,False,355697032,,,,581700000,940900000,,,,1029700000,,733100000,-342100000,3651200000.0,192100000,25100000,20700000,37900000.0,,5400000.0,,,16070900000,2445300000,,,,,,,,,,33000000.0,682900000,,682900000.0,-136400000.0,,,0.0,,16000000.0,0.07,0.01,2000000000,361200000,355600000,3600000,54800000,83000000.0,514900000.0,479800000.0,35100000.0,102000000.0,629800000,,,,,,,8000000,,,,,,,,,,,,,,,,,,,,,,,,,,,,,,,,,,41900000,,,,,,,,,,,,,,,,,,,,,,,24900000.0,0.0,,0.48,,0.48,0.169,,,,,,,,,,-24000000.0,,171700000.0,4400000,,,,0.0,,,,,,,,,,,,,,0.0,0.0,9058200000,,-104200000,,10400000.0,,833500000,,,173000000.0,,208200000,,173000000.0,0.48,0.48,0.0,0.0,0.0,35200000,,40100000,37700000,-29600000,,,50700000,39200000,,2400000.0,,3678500000,,21000000.0,,224800000,547700000,218900000,104000000,,,,,,,,,,,16070900000,2611300000,,,,3682100000,999900000.0,,,,,,,,,,,,2682200000.0,5100000,-582900000,,-38700000,,509200000,509200000.0,173000000.0,,,173000000.0,,,,,50.0,,,,3.0,,,232300000,14000000.0,,,,26000000.0,,,,,,,,,,,,,,,481300000,,-121300000.0,,,-118600000,-118200000,-400000,,1328000000,,-3100000.0,0.0,,600000.0,,50000000.0,0.0,,,1600000,37100000,14.0978,0.05,0.0,0.0,,0.01,15000000.0,0.0,0.0,0.0,273800000,397000000.0,,,,,,-11800000.0,481300000.0,,,,22600000.0,,,,9200000.0,6800000.0,173000000,,407600000,4200000.0,,,-3200000.0,-3100000.0,-100000.0,,,,,0.0,,100100000,,,,6374500000.0,1463300000.0,,709200000.0,,,6000000.0,,484900000,45000000,,,,,,,,,,,,,,,,,,,,,,,,,,,,,,,,,,,,,200000.0,,,,,9444300000,9449400000,,,,,,,,,,,,,,,,,,,,,,359800000.0,,357400000.0,,,1100000000.0,,0.0,0.0,242900000.0,1156500000.0,20000000.0,16000000.0,242900000.0,3600000.0,,,,,,
2022-10-26,False,353808253,,,,572600000,901000000,,,,1019600000,,740600000,-453700000,3677400000.0,287400000,22900000,18900000,41500000.0,,7700000.0,,,15893100000,2447900000,,,,,,,,,,37000000.0,705300000,,705300000.0,-114000000.0,,,0.0,,16000000.0,0.07,0.01,2000000000,361400000,353800000,3600000,78300000,84000000.0,507400000.0,472200000.0,35200000.0,63000000.0,610600000,,,,,,,8100000,,,,,,,,,,,,,,,,,,,,,,,,,,,,,,,,,,61600000,,,,,,,,,,,,,,,,,,,,,,,24800000.0,0.0,,0.53,,0.53,0.127,,,,,,,,,,-46300000.0,,159300000.0,4000000,,,,0.0,,,,,,,,,,,,,,0.0,0.0,8977500000,,-175100000,,2500000.0,,845400000,,,189900000.0,,217500000,,189900000.0,0.53,0.53,0.0,0.0,0.0,27600000,,46600000,21400000,-11700000,,,73200000,55400000,,2700000.0,,3568300000,,26400000.0,,228500000,560500000,226900000,105100000,,,,,,,,,,,15893100000,2592100000,,,,3558900000,999900000.0,,,,,,,,,,,,2559000000.0,4900000,-838400000,,-68300000,,839000000,839000000.0,189900000.0,,,189900000.0,,,,,50.0,,,,3.0,,,251900000,13000000.0,,,,38000000.0,,,,,,,,,,,,,,,494200000,,-112400000.0,,,-112400000,-111600000,-800000,,1346300000,,-8000000.0,0.0,,,,74800000.0,0.0,,,15200000,59700000,14.0978,0.05,0.0,0.0,,0.01,15000000.0,0.0,0.0,0.0,281100000,396900000.0,,6600000.0,,,,-9200000.0,381300000.0,,,,23000000.0,,,,14100000.0,12300000.0,189900000,,405200000,10900000.0,,,-1200000.0,-800000.0,-400000.0,,,,,0.0,,101100000,,,,6539600000.0,1456000000.0,,703100000.0,,,18000000.0,,491300000,67900000,,,,,,,,,,,,,,,,,,,,,,,,,,,,,,,,,,,,,400000.0,,,,,9390800000,9395700000,,,,,,,,,,,,,,,,,,,,,,357900000.0,,355200000.0,,,1100000000.0,,0.0,0.0,376100000.0,1156500000.0,20000000.0,14000000.0,376100000.0,14600000.0,8100000.0,,,,,
2023-02-28,True,353198783,19500000000.0,18000.0,,623000000,958500000,6000000.0,132500000.0,893500000.0,1104400000,,754500000,-325700000,3706300000.0,382100000,93800000,80000000,43900000.0,43900000.0,9100000.0,382000000.0,,15890600000,2477000000,,,,,,,,,,42000000.0,709200000,,709200000.0,-110100000.0,0.0,0.0,0.0,,16200000.0,0.07,0.01,2000000000,361500000,352900000,3600000,614500000,82000000.0,547600000.0,509600000.0,38000000.0,363000000.0,2462300000,,75400000.0,85300000.0,19700000.0,3259200000.0,,7900000,,,-32800000.0,8600000.0,1064400000.0,,,-37900000.0,,10400000.0,432100000.0,145000000.0,,24400000.0,34200000.0,,39400000.0,,74600000.0,632300000.0,205000000.0,779700000.0,36800000.0,,42900000.0,4400000.0,77900000.0,,,,,,60000000.0,83500000,465600000.0,,0.0,,,,,,,,,,,,,,,,,,,,24700000.0,0.0,,2.12,,2.1,0.135,0.21,,0.07,0.001,-0.009,,,-0.018,,-37800000.0,,135000000.0,13800000,1000000.0,,,,0.0,,1910100000.0,371000000.0,347000000.0,360000000.0,367000000.0,370000000.0,4781000000.0,284000000.0,,,0.0,0.0,0.0,9048500000,1843000000.0,-99000000,0.0,-2200000.0,2300000.0,3363400000,58000000.0,,755200000.0,587700000.0,873500000,285800000.0,755200000.0,2.12,2.1,0.0,0.0,0.0,118300000,148000000.0,81300000,52100000,41900000,62100000.0,,40300000,-10700000,0.0,2800000.0,5397500000.0,3487400000,,98300000.0,0.0,215300000,536700000,225000000,96400000,,187200000.0,52900000.0,36200000.0,15400000.0,21700000.0,26400000.0,34600000.0,,17800000.0,15890600000,2727100000,,,,3251300000,999700000.0,,550000000.0,1000000000.0,,,,,0.0,900000000.0,404200000.0,0.0,2251600000.0,5200000,-1273000000,-1273000000.0,-102500000,-102500000.0,1303200000,1303200000.0,755200000.0,,755200000.0,757000000.0,,,,,50.0,,,3.0,,,,987400000,56000000.0,169400000.0,38400000.0,131000000.0,50000000.0,162000000.0,,,,,,,,,0.03,1500000000.0,53000000.0,132500000.0,18200000.0,455800000,-133800000.0,-144100000.0,10300000.0,,-178700000,-140700000,-38000000,,1223300000,,-15600000.0,3500000.0,10800000.0,,,99500000.0,0.0,,,12800000,95800000,14.0978,0.05,0.0,0.0,1000.0,0.01,15000000.0,0.0,0.0,0.0,272600000,1394100000.0,,,1340000000.0,,,-6700000.0,38500000.0,,9600000.0,17600000.0,21600000.0,,20000000.0,1600000.0,18700000.0,17300000.0,755200000,1176400000.0,421900000,14000000.0,615000000.0,497000000.0,-3600000.0,-3400000.0,-200000.0,,,,,1000000000.0,,401500000,,0.0,18700000.0,6742100000.0,5825700000.0,,706000000.0,,,32000000.0,,1956600000,93800000,,,,,,,,,43000000.0,5700000.0,47.67,12400000.0,800000.0,65.56,2200000.0,,99500000.0,11300000.0,56.7,,,,99400000.0,11100000.0,56.57,38.19,64.76,,5700000.0,11300000.0,,97100000.0,,,,,-2200000.0,,,,,9683400000,9688600000,500000.0,,14000000.0,,,,-5100000.0,1900000000.0,178200000.0,1500000.0,6300000.0,0.0,26000000.0,10000000.0,6200000.0,1700000.0,11200000.0,,24400000.0,1000000.0,,360800000.0,,356400000.0,,19400000.0,1100000000.0,,1600000.0,1800000.0,442900000.0,1156500000.0,20000000.0,13000000.0,442900000.0,,8100000.0,-18200000.0,400000.0,63.25,7000000.0,
2023-04-26,False,353549934,,,,593000000,940700000,,,,1037300000,,772700000,-312300000,3730500000.0,92400000,26700000,22900000,,41200000.0,,,2900000.0,15804800000,2455300000,,,,,,,,,,44000000.0,672800000,,672800000.0,-36400000.0,,,,,14000000.0,0.07,0.01,2000000000,362200000,353500000,3600000,187000000,96000000.0,536100000.0,497200000.0,38900000.0,-175000000.0,612500000,,,,,3101500000.0,,7100000,,,,,,,,,,,,,,,,,,,,,,,,,,,,,,,,,,20400000,,,,,,,,,,,,,,,,,,,,,,,24700000.0,,,0.49,,0.49,0.157,,,,,,,,,,1100000.0,,206800000.0,3800000,,,,,,,,,,,,,,,,,,,,9057100000,,8600000,,,,848200000,,,173600000.0,,205800000,,173600000.0,0.49,0.49,,,,32200000,,-32300000,-21500000,-78000000,,,33600000,16300000,,2900000.0,,3396800000,,32100000.0,,234800000,570200000,231800000,103600000,,,,,,,,,,,15804800000,2630100000,,,,3094400000,999800000.0,,,,,,,,,,,,2094600000.0,5800000,-187100000,,-24800000,,174400000,,,,,173600000.0,,,,,50.0,,,,3.0,,,240400000,12000000.0,162000000.0,,,12000000.0,155000000.0,,,,,,,,,,,,,,470000000,,13400000.0,,,13400000,13400000,0,,1204400000,,-2500000.0,,,,,24700000.0,,,,0,24800000,,,,,,,,,,,271600000,,,,,,,-3100000.0,-159300000.0,,,,,,,,,,173600000,,425600000,,,,-100000.0,0.0,-100000.0,,,,,,,100100000,17600000.0,13400000.0,,6891000000.0,1460700000.0,,699100000.0,,,4000000.0,,507700000,26700000,,,,,,,,,,,,,,,,,,,,,,,,,,,,,,,,,,,,,,,,,,9869900000,9875700000,,,,,,,,,,,,,,,,,,,,,,356500000.0,,353600000.0,,,,,0.0,0.0,0.0,0.0,20000000.0,13000000.0,442900000.0,-1700000.0,,,,63.74,1000000.0,
2023-07-26,False,352024375,,,,585600000,935200000,,,,999500000,,789200000,-319900000,3778700000.0,184200000,29000000,25000000,,40400000.0,,,,15730700000,2474600000,,,,,,,,,,48000000.0,712800000,,712800000.0,3600000.0,,,,,14000000.0,0.07,0.01,2000000000,362700000,351900000,3600000,201400000,97000000.0,536900000.0,495400000.0,41500000.0,-113000000.0,621000000,,,,,2984800000.0,,6700000,,,,,,,,,,,,,,,,,,,,,,,,,,,,,,,,,,42100000,,,,,,,,,,,,,,,,,,,,,,,24600000.0,,,0.59,,0.59,0.165,,,,,,,,,,-9500000.0,,174800000.0,4000000,,,,,,,,,,,,,,,,,,,,9051900000,,3400000,,,,905400000,,,209000000.0,,250400000,,209000000.0,0.59,0.59,,,,41400000,,-36400000,-26000000,-118300000,,,27400000,13100000,,2500000.0,,3304000000,,33100000.0,,231200000,561200000,224800000,105200000,,,,,,,,,,,15730700000,2585000000,,,,2978100000,999900000.0,,,,,,,,,,,,1978200000.0,6000000,-441400000,,-40900000,,495400000,,,,,209000000.0,,,,,50.0,,,,3.0,,,291300000,12000000.0,166000000.0,,,24000000.0,158000000.0,,,,,,,,,,,,,,474300000,,-7400000.0,,,-7400000,-7600000,200000,,1195700000,,-7800000.0,,,,,49300000.0,,,,0,45800000,,,,,,,,,,,265400000,0.0,,,,,,5600000.0,-268600000.0,,4900000.0,,,,,,,,209000000,,425900000,,,,500000.0,200000.0,300000.0,,,,,,,100100000,,,,7075400000.0,1526400000.0,,678900000.0,,,18000000.0,,514000000,55700000,,,,,,,,,,,,,,,,,,,,,,,,,,,,,,,,,,,,,,,,,,9965800000,9971800000,,,,,,,,,,,,,,,,,,,,,,355500000.0,,353000000.0,,,,,0.0,0.0,129100000.0,0.0,20000000.0,11000000.0,,5100000.0,,,,64.54,2000000.0,572000000.0
