filing_date,annual,EntityCommonStockSharesOutstanding_shares,EntityPublicFloat_USD,AccountsAndOtherReceivablesNetCurrent_USD,AccountsPayableTradeCurrent_USD,AccountsReceivableNetCurrent_USD,AccruedLiabilitiesCurrent_USD,AccumulatedDepreciationDepletionAndAmortizationPropertyPlantAndEquipment_USD,AcquiredFiniteLivedIntangibleAssetResidualValue_USD,AdditionalPaidInCapital_USD,AdjustmentsToAdditionalPaidInCapitalSharebasedCompensationRequisiteServicePeriodRecognitionValue_USD,AdjustmentsToAdditionalPaidInCapitalTaxEffectFromShareBasedCompensation_USD,AllowanceForDoubtfulAccountsReceivable_USD,AllowanceForDoubtfulAccountsReceivableRecoveries_USD,AllowanceForDoubtfulAccountsReceivableWriteOffs_USD,AmortizationOfIntangibleAssets_USD,AssetImpairmentCharges_USD,Assets_USD,AssetsCurrent_USD,AvailableForSaleSecurities_USD,BuildingsAndImprovementsGross_USD,BusinessCombinationRecognizedIdentifiableAssetsAcquiredAndLiabilitiesAssumedIntangibles_USD,CapitalExpendituresIncurredButNotYetPaid_USD,CashAndCashEquivalentsAtCarryingValue_USD,CashAndCashEquivalentsPeriodIncreaseDecrease_USD,CashCashEquivalentsRestrictedCashAndRestrictedCashEquivalentsPeriodIncreaseDecreaseIncludingExchangeRateEffect_USD,CommonStockDividendsPerShareCashPaid_USD/shares,CommonStockDividendsPerShareDeclared_USD/shares,CommonStockParOrStatedValuePerShare_USD/shares,CommonStockSharesAuthorized_shares,CommonStockSharesIssued_shares,CommonStockSharesOutstanding_shares,CommonStockValue_USD,ComprehensiveIncomeNetOfTax_USD,CostOfServicesDirectTaxesAndLicensesCosts_USD,CostsAndExpenses_USD,CurrentFederalTaxExpenseBenefit_USD,CurrentIncomeTaxExpenseBenefit_USD,CurrentStateAndLocalTaxExpenseBenefit_USD,DebtCurrent_USD,DebtWeightedAverageInterestRate_pure,DeferredCompensationLiabilityCurrentAndNoncurrent_USD,DeferredFederalIncomeTaxExpenseBenefit_USD,DeferredIncomeTaxExpenseBenefit_USD,DeferredIncomeTaxLiabilities_USD,DeferredIncomeTaxLiabilitiesNet_USD,DeferredStateAndLocalIncomeTaxExpenseBenefit_USD,DeferredTaxAssetsEquityMethodInvestments_USD,DeferredTaxAssetsGross_USD,DeferredTaxAssetsLiabilitiesNet_USD,DeferredTaxAssetsLiabilitiesNetCurrent_USD,DeferredTaxAssetsNet_USD,DeferredTaxAssetsNetCurrent_USD,DeferredTaxAssetsOperatingLossCarryforwardsStateAndLocal_USD,DeferredTaxAssetsOther_USD,DeferredTaxAssetsTaxDeferredExpenseCompensationAndBenefits_USD,DeferredTaxAssetsTaxDeferredExpenseCompensationAndBenefitsPostretirementBenefits_USD,DeferredTaxAssetsTaxDeferredExpenseReservesAndAccrualsAllowanceForDoubtfulAccounts_USD,DeferredTaxAssetsTaxDeferredExpenseReservesAndAccrualsContingencies_USD,DeferredTaxAssetsTaxDeferredExpenseReservesAndAccrualsSelfInsurance_USD,DeferredTaxAssetsValuationAllowance_USD,DeferredTaxLiabilities_USD,DeferredTaxLiabilitiesCurrent_USD,DeferredTaxLiabilitiesDeferredExpense_USD,DeferredTaxLiabilitiesNoncurrent_USD,DeferredTaxLiabilitiesOther_USD,DeferredTaxLiabilitiesPropertyPlantAndEquipment_USD,DefinedContributionPlanCostRecognized_USD,DefinedContributionPlanEmployerMatchingContributionPercent_pure,DepositAssets_USD,DepreciationAndAmortization_USD,DepreciationDepletionAndAmortization_USD,DirectCommunicationsAndUtilitiesCosts_USD,DirectTaxesAndLicensesCosts_USD,DividendsCash_USD,EarningsPerShareBasic_USD/shares,EarningsPerShareDiluted_USD/shares,EffectiveIncomeTaxRateContinuingOperations_pure,EffectiveIncomeTaxRateReconciliationAtFederalStatutoryIncomeTaxRate_pure,EmployeeRelatedLiabilitiesCurrent_USD,EquityMethodInvestmentOwnershipPercentage_pure,EquitySecuritiesFvNi_USD,ExcessTaxBenefitFromShareBasedCompensationFinancingActivities_USD,FairValueConcentrationOfRiskTradingAccountAssets_USD,FiniteLivedIntangibleAssetsAccumulatedAmortization_USD,FiniteLivedIntangibleAssetsAmortizationExpenseNextTwelveMonths_USD,FiniteLivedIntangibleAssetsAmortizationExpenseRemainderOfFiscalYear_USD,FiniteLivedIntangibleAssetsAmortizationExpenseYearFive_USD,FiniteLivedIntangibleAssetsAmortizationExpenseYearFour_USD,FiniteLivedIntangibleAssetsAmortizationExpenseYearThree_USD,FiniteLivedIntangibleAssetsAmortizationExpenseYearTwo_USD,FiniteLivedIntangibleAssetsGross_USD,FiniteLivedIntangibleAssetsNet_USD,FuelCosts_USD,FurnitureAndFixturesGross_USD,GainLossOnSaleOfPropertyPlantEquipment_USD,GeneralAndAdministrativeExpense_USD,Goodwill_USD,GoodwillImpairmentLoss_USD,GoodwillPeriodIncreaseDecrease_USD,ImpairmentOfLongLivedAssetsToBeDisposedOf_USD,IncomeLossFromContinuingOperationsBeforeIncomeTaxesExtraordinaryItemsNoncontrollingInterest_USD,IncomeLossFromEquityMethodInvestments_USD,IncomeTaxExaminationPenaltiesAndInterestAccrued_USD,IncomeTaxExpenseBenefit_USD,IncomeTaxExpenseBenefitContinuingOperationsAdjustmentOfDeferredTaxAssetLiability_USD,IncomeTaxesPaid_USD,IncomeTaxReceivable_USD,IncomeTaxReconciliationChangeInDeferredTaxAssetsValuationAllowance_USD,IncomeTaxReconciliationChangeInEnactedTaxRate_USD,IncomeTaxReconciliationIncomeTaxExpenseBenefitAtFederalStatutoryIncomeTaxRate_USD,IncomeTaxReconciliationNondeductibleExpenseMealsAndEntertainment_USD,IncomeTaxReconciliationNondeductibleExpenseShareBasedCompensationCost_USD,IncomeTaxReconciliationOtherAdjustments_USD,IncomeTaxReconciliationStateAndLocalIncomeTaxes_USD,IncomeTaxReconciliationTaxContingenciesStateAndLocal_USD,IncomeTaxReconciliationTaxCreditsResearch_USD,IncreaseDecreaseInAccountsPayable_USD,IncreaseDecreaseInAccountsReceivable_USD,IncreaseDecreaseInAccruedIncomeTaxesPayable_USD,IncreaseDecreaseInAccruedLiabilities_USD,IncreaseDecreaseInDeferredIncomeTaxes_USD,IncreaseDecreaseInIncomeTaxes_USD,IncreaseDecreaseInOtherAccruedLiabilities_USD,IncreaseDecreaseInOtherOperatingAssets_USD,IncreaseDecreaseInSelfInsuranceReserve_USD,IncrementalCommonSharesAttributableToShareBasedPaymentArrangements_shares,IntangibleAssetsNetExcludingGoodwill_USD,IntangibleAssetsNetIncludingGoodwill_USD,InterestExpense_USD,InterestIncomeExpenseNet_USD,InterestIncomeOperating_USD,InterestPaid_USD,InterestPaidNet_USD,InterestRevenueExpenseNet_USD,InventoryNet_USD,InvestmentIncomeInterest_USD,LaborAndRelatedExpense_USD,Land_USD,LeaseAndRentalExpense_USD,LesseeOperatingLeaseLiabilityPaymentsDue_USD,LesseeOperatingLeaseLiabilityPaymentsDueAfterRollingYearFive_USD,LesseeOperatingLeaseLiabilityPaymentsDueInRollingYearFive_USD,LesseeOperatingLeaseLiabilityPaymentsDueInRollingYearFour_USD,LesseeOperatingLeaseLiabilityPaymentsDueInRollingYearThree_USD,LesseeOperatingLeaseLiabilityPaymentsDueInRollingYearTwo_USD,LesseeOperatingLeaseLiabilityPaymentsDueNextRollingTwelveMonths_USD,LesseeOperatingLeaseLiabilityUndiscountedExcessAmount_USD,Liabilities_USD,LiabilitiesAndStockholdersEquity_USD,LiabilitiesCurrent_USD,LineOfCreditFacilityAmountOutstanding_USD,LineOfCreditFacilityMaximumBorrowingCapacity_USD,LitigationReserve_USD,LongTermDebt_USD,LongTermDebtCurrent_USD,LongTermDebtMaturitiesRepaymentsOfPrincipalAfterYearFive_USD,LongTermDebtMaturitiesRepaymentsOfPrincipalInNextTwelveMonths_USD,LongTermDebtMaturitiesRepaymentsOfPrincipalInYearFive_USD,LongTermDebtMaturitiesRepaymentsOfPrincipalInYearFour_USD,LongTermDebtMaturitiesRepaymentsOfPrincipalInYearThree_USD,LongTermDebtMaturitiesRepaymentsOfPrincipalInYearTwo_USD,LongTermDebtNoncurrent_USD,LongTermDebtPercentageBearingVariableInterestRate_pure,LongTermLineOfCredit_USD,LossContingencyEstimateOfPossibleLoss_USD,MachineryAndEquipmentGross_USD,NetCashProvidedByUsedInFinancingActivities_USD,NetCashProvidedByUsedInFinancingActivitiesContinuingOperations_USD,NetCashProvidedByUsedInInvestingActivities_USD,NetCashProvidedByUsedInInvestingActivitiesContinuingOperations_USD,NetCashProvidedByUsedInOperatingActivities_USD,NetCashProvidedByUsedInOperatingActivitiesContinuingOperations_USD,NetIncomeLoss_USD,NotesReceivableRelatedParties_USD,NumberOfOperatingSegments_pure,NumberOfReportableSegments_pure,OperatingIncomeLoss_USD,OperatingInsuranceAndClaimsCostsProduction_USD,OperatingLeaseCost_USD,OperatingLeaseExpense_USD,OperatingLeaseLiability_USD,OperatingLeaseLiabilityCurrent_USD,OperatingLeaseLiabilityNoncurrent_USD,OperatingLeasePayments_USD,OperatingLeaseRightOfUseAsset_USD,OperatingLeasesFutureMinimumPaymentsDue_USD,OperatingLeasesFutureMinimumPaymentsDueCurrent_USD,OperatingLeasesFutureMinimumPaymentsDueInFiveYears_USD,OperatingLeasesFutureMinimumPaymentsDueInFourYears_USD,OperatingLeasesFutureMinimumPaymentsDueInThreeYears_USD,OperatingLeasesFutureMinimumPaymentsDueInTwoYears_USD,OperatingLeasesFutureMinimumPaymentsDueThereafter_USD,OperatingLeasesRentExpenseNet_USD,OperatingLeaseWeightedAverageDiscountRatePercent_pure,OtherAccruedLiabilitiesCurrent_USD,OtherAssetImpairmentCharges_USD,OtherAssetsCurrent_USD,OtherAssetsNoncurrent_USD,OtherComprehensiveIncomeDerivativesQualifyingAsHedgesNetOfTaxPeriodIncreaseDecrease_USD,OtherComprehensiveIncomeReclassificationAdjustmentOnDerivativesIncludedInNetIncomeNetOfTax_USD,OtherComprehensiveIncomeUnrealizedGainLossOnDerivativesArisingDuringPeriodNetOfTax_USD,OtherLiabilitiesNoncurrent_USD,OtherPrepaidExpenseCurrent_USD,OtherSellingGeneralAndAdministrativeExpense_USD,PaymentsForProceedsFromOtherInvestingActivities_USD,PaymentsForRepurchaseOfCommonStock_USD,PaymentsForRepurchaseOfEquity_USD,PaymentsOfDividends_USD,PaymentsRelatedToTaxWithholdingForShareBasedCompensation_USD,PaymentsToAcquireBusinessesNetOfCashAcquired_USD,PaymentsToAcquirePropertyPlantAndEquipment_USD,PreferredStockParOrStatedValuePerShare_USD/shares,PreferredStockSharesAuthorized_shares,PreferredStockSharesOutstanding_shares,PreferredStockValue_USD,PrepaidExpenseAndOtherAssetsCurrent_USD,PrepaidExpenseCurrent_USD,PrepaidInsurance_USD,ProceedsFromCollectionOfNotesReceivable_USD,ProceedsFromIssuanceOfLongTermDebt_USD,ProceedsFromLinesOfCredit_USD,ProceedsFromSaleAndMaturityOfAvailableForSaleSecurities_USD,ProceedsFromSaleOfMachineryAndEquipment_USD,ProceedsFromStockOptionsExercised_USD,PropertyPlantAndEquipmentGross_USD,PropertyPlantAndEquipmentNet_USD,ProvisionForDoubtfulAccounts_USD,PurchaseCommitmentRemainingMinimumAmountCommitted_USD,PurchaseObligationDueInNextTwelveMonths_USD,RepaymentsOfLinesOfCredit_USD,RepaymentsOfLongTermDebt_USD,RetainedEarningsAccumulatedDeficit_USD,RevenueFromContractWithCustomerIncludingAssessedTax_USD,RevenueFromRelatedParties_USD,Revenues_USD,RightOfUseAssetObtainedInExchangeForOperatingLeaseLiability_USD,SalesRevenueServicesNet_USD,SegmentReportingInformationRevenue_USD,SelfInsuranceReserve_USD,SelfInsuranceReserveCurrent_USD,SeniorNotes_USD,ShareBasedCompensation_USD,ShareBasedCompensationArrangementByShareBasedPaymentAwardEquityInstrumentsOtherThanOptionsNonvestedIntrinsicValue_USD/shares,ShareBasedCompensationArrangementByShareBasedPaymentAwardEquityInstrumentsOtherThanOptionsVestedInPeriodTotalFairValue_USD,ShareBasedCompensationArrangementByShareBasedPaymentAwardFairValueAssumptionsExpectedTermMaximum_pure,ShareBasedCompensationArrangementByShareBasedPaymentAwardFairValueAssumptionsExpectedTermMinimum_pure,ShareBasedCompensationArrangementByShareBasedPaymentAwardOptionsExercisesInPeriodTotalIntrinsicValue_USD,ShareBasedCompensationArrangementByShareBasedPaymentAwardOptionsForfeituresInPeriod_shares,ShareBasedCompensationArrangementByShareBasedPaymentAwardOptionsGrantsInPeriodGross_shares,ShareBasedCompensationArrangementByShareBasedPaymentAwardOptionsOutstandingIntrinsicValue_USD,ShareBasedCompensationArrangementByShareBasedPaymentAwardOptionsOutstandingNumber_shares,ShareBasedCompensationArrangementByShareBasedPaymentAwardOptionsOutstandingWeightedAverageExercisePrice_USD/shares,ShareBasedCompensationArrangementsByShareBasedPaymentAwardOptionsExercisesInPeriodWeightedAverageExercisePrice_USD/shares,ShareBasedCompensationArrangementsByShareBasedPaymentAwardOptionsForfeituresInPeriodWeightedAverageExercisePrice_USD/shares,SignificantPurchaseCommitmentRemainingMinimumAmountCommitted_USD,StockholdersEquity_USD,StockIssuedDuringPeriodSharesRestrictedStockAwardGross_shares,StockIssuedDuringPeriodSharesStockOptionsExercised_shares,StockIssuedDuringPeriodValueRestrictedStockAwardNetOfForfeitures_USD,StockIssuedDuringPeriodValueShareBasedCompensation_USD,StockIssuedDuringPeriodValueStockOptionsExercised_USD,StockRepurchasedDuringPeriodShares_shares,StockRepurchasedDuringPeriodValue_USD,StockRepurchaseProgramAuthorizedAmount_USD,StockRepurchaseProgramAuthorizedAmount1_USD,StockRepurchaseProgramNumberOfSharesAuthorizedToBeRepurchased_shares,StockRepurchaseProgramRemainingAuthorizedRepurchaseAmount_USD,StockRepurchaseProgramRemainingAuthorizedRepurchaseAmount1_USD,TaxBenefitFromStockOptionsExercised_USD,TaxBenefitFromStockOptionsExercised1_USD,TradingSecurities_USD,TradingSecuritiesFairValueDisclosure_USD,TreasuryStockShares_shares,TreasuryStockSharesAcquired_shares,TreasuryStockValue_USD,TreasuryStockValueAcquiredCostMethod_USD,UnrecognizedTaxBenefits_USD,UnrecognizedTaxBenefitsDecreasesResultingFromPriorPeriodTaxPositions_USD,UnrecognizedTaxBenefitsDecreasesResultingFromSettlementsWithTaxingAuthorities_USD,UnrecognizedTaxBenefitsIncomeTaxPenaltiesAndInterestAccrued_USD,UnrecognizedTaxBenefitsIncreasesResultingFromCurrentPeriodTaxPositions_USD,UnrecognizedTaxBenefitsIncreasesResultingFromPriorPeriodTaxPositions_USD,UnrecognizedTaxBenefitsReductionsResultingFromLapseOfApplicableStatuteOfLimitations_USD,UnrecognizedTaxBenefitsThatWouldImpactEffectiveTaxRate_USD,UnsecuredDebt_USD,WeightedAverageNumberDilutedSharesOutstandingAdjustment_shares,WeightedAverageNumberOfDilutedSharesOutstanding_shares,WeightedAverageNumberOfSharesOutstandingBasic_shares,OperatingLeaseRightOfUseAssetAmortizationExpense_USD,CashAndCashEquivalentsAtCarryingValueIncludingDiscontinuedOperations_USD,LiabilityForClaimsAndClaimsAdjustmentExpense_USD,GoodwillGross_USD,CashCashEquivalentsRestrictedCashAndRestrictedCashEquivalentsIncludingDisposalGroupAndDiscontinuedOperations_USD,IncomeTaxReconciliationTaxCreditsOther_USD,TreasuryStockCommonShares_shares,TreasuryStockCommonValue_USD
2010-07-30,False,123307759,2700000000.0,,196730000,363669000,41923000.0,784820000,,,,,,,,,,1900941000,423571000,,,,,7714000,-129000.0,,,0.12,,,,,,,6707000.0,851429000,,,,200000000.0,,,,4218000,,,,,,,,,,,,,,,,,,,11116000.0,,346870000.0,,,,,,49148000,,4329000,,,0.41,0.4,,,52942000,,,,,,,,,,,,,,84542000,,-3032000,,,,,,,223000.0,,32623000,,38820000,,,,,,,,,,,9314000,-53330000,8492000.0,19562000,,,6591000.0,19295000,,,,,,6611000.0,,13092000.0,,,,,228204000,,,,,,,,,,,,1900941000,527847000,,,,,,,,,,,,417100000,,,,,-104962000.0,,-103997000.0,,208830000.0,,52113000,,,,91347000,11649000,,,,,,,,,,,,,,,,,25136000,180000.0,,19710000,,,,38065000,,8824000.0,52000.0,131808000.0,,30253000,,,130768000,,,,,,52188000.0,,,,712300000,735000.0,26823000,2977000.0,2242480000,1457660000,,,,662529000.0,7000000.0,,,,942776000.0,,812033000.0,,,,,10786000,,,,,,,,,,,,,,571059000,,,,,,,,,,,,,4351000.0,,,,,,,,,,,,,,,,,,128920000,125686000,,,,,,,,
2010-10-29,False,123272249,,,218703000,371120000,17794000.0,827055000,,,,,,,,,,1956009000,486265000,,,,,68560000,60717000.0,,,0.12,,,,,,,6790000.0,894534000,,,,200000000.0,,,,3397000,,,,,,,,,,,,,,,,,,,11108000.0,,346056000.0,,,,,,49808000,,4675000,,,0.42,0.41,,,49810000,,,,,,,,,,,,,,84592000,,-3250000,,,,,,,-229000.0,,32659000,,68087000,,,,,,,,,,,31049000,-60782000,8125000.0,13870000,,,9257000.0,24678000,,,,,,6662000.0,,25188000.0,,,,,237353000,,,,,,,,,,,,1956009000,525216000,,,,,,,,,,,,449164000,,,,,-124111000.0,,-145409000.0,,330237000.0,,52169000,,,,91490000,11543000,,,,,,,,,,,,,,,,,27801000,180000.0,,19712000,,,,41115000,,13147000.0,49000.0,175250000.0,,45105000,,,175156000,,,,,,46585000.0,,,249164000.0,1051238000,2005000.0,29796000,5299000.0,2277087000,1450032000,,,,1218374000.0,68500000.0,,,,986024000.0,,854836000.0,,,,,14981000,,,,,,,,,,,,,,594458000,,,,,,,,,,,,,8917000.0,,,,,,,,,,,,,,,,,,126404000,123390000,,,,,,,,
2011-02-25,True,121349245,3100000000.0,,192103000,351187000,19191000.0,858852000,,180986000.0,,,,,,,,1961660000,462645000,,126206000.0,,,7651000,-192000.0,,,0.48,0.01,1000000000.0,167099432.0,121490168.0,1671000.0,137621000.0,26895000.0,3445860000,,,,200000000.0,,,,40101000,,,,,,,,,,,,,,,,,,,8865000.0,,385003000.0,,,,,,197062000,,18174000,,-59910000.0,1.6,1.56,,,57149000,,,,,,,,,,,,,,343700000,150389000.0,-1724000,,,,,,,-3456000.0,,120077000,,88717000,,,,,,,,,,,1883000,-40848000,-21433000.0,27173000,,,14096000.0,-9426000,,,,,28006000.0,,,25548000.0,,,17336000.0,75000.0,911028000,29246000.0,,,,,,,,,,1388639000.0,1961660000,509949000,,,,,,,,,,,,454207000,,,,,-202254000.0,,-226016000.0,,428078000.0,,199617000,,,,347625000,48280000,,,,,,,,,,,,,,,,,32641000,180000.0,32147000.0,19531000,1186000.0,,-193000.0,39480000,16161000.0,37017000.0,84000.0,250892000.0,,59910000,,,262449000,100.0,10000000.0,,,,,38163000.0,,249207000.0,1058805000,7646000.0,36517000,6802000.0,2338336000,1479484000,,,,1218420000.0,68500000.0,1563527000.0,,,3793485000.0,,3277218000.0,,,,,21397000,,,,,,,,,,,,,,573021000,,,,,6802000.0,,,,,,,,12154000.0,,,,45609264.0,,1173163000.0,,,,,,,,,,,,127767000,124712000,,,,,,,,
2011-04-29,False,120233567,,,249730000,402922000,29194000.0,857434000,,,,,,,,,,2040372000,475567000,,,,,5393000,-2258000.0,,,0.13,,,,,,,6648000.0,910957000,,,,49000000.0,,,,-11834000,,,,,,,,,,,,,,,,,,,15577000.0,,366457000.0,,,,,,51357000,,4870000,,,0.41,0.4,,,47931000,,,,,,,,,,,,,,108975000,,-4364000,,,,,,,,,31294000,,1453000,,,,,,,,,,,58754000,-51735000,40679000.0,-16042000,,,904000.0,13265000,,,,,,8434000.0,,16200000.0,,,,,232027000,,,,,,,,,,,,2040372000,424977000,,,,,,,,,,,,649249000,,,,,-26483000.0,,-112358000.0,,136583000.0,,50095000,,,,89823000,9847000,,,,,,,,,,,,,,,,,33545000,,,19680000,,,,40423000,,6880000.0,12000.0,55354000.0,,15752000,,,132911000,,,,,,67252000.0,,,200000000.0,208470000,,20565000,1048000.0,2402559000,1545125000,,,,165600000.0,200000000.0,,,,1000780000.0,,831600000.0,,,,,5504000,,,,,,,,,,,,,,559266000,,,,,,,,,,,,,705000.0,,,,,,,,,,,,,,,,,,123966000,120980000,,,,,,,,
2011-07-29,False,120202602,,,270961000,440755000,34864000.0,886619000,,,,,,,,,,2120861000,508151000,,,,,11149000,3498000.0,,,0.13,,,,,,,6883000.0,1036412000,,,,15000000.0,0.007,,,13049000,,,,,,,,,,,,,,,,,,,22362000.0,,384554000.0,,,,,,52551000,,4418000,,,0.55,0.53,0.385,,66100000,,,,,,,,,,,,,,120276000,,-6129000,,,,,,,,,41041000,,8126000,,,,,,,,,,,81055000,-89568000,41756000.0,6703000,,,4205000.0,24270000,,3000000.0,,,,,,17775000.0,,6706000.0,,,255462000,,,,,,,,,,,,2120861000,446134000,15000000.0,350000000.0,,649300000.0,-15000000.0,,,,,,,649292000,0.0135,15000000.0,,,-93298000.0,,-210877000.0,,307673000.0,,65696000,,,,113443000,11642000,,,,,,,,,,,,,,,,,36847000,180000.0,,19460000,,,,42542000,,7515000.0,-86000.0,85331000.0,,31393000,,,240354000,,,,,,56247000.0,,,200000000.0,412208000,,29391000,4915000.0,2479869000,1593250000,,,,402400000.0,200000000.0,,,,1149855000.0,,924689000.0,,,,449300000.0,12633000,,,,,,,,,,,,,,598339000,,,,,,,,,,500000000.0,,,8703000.0,,,10600000.0,,9200000.0,,,17800000.0,,,3500000.0,,,,11600000.0,200000000.0,,123285000,120237000,,,,,,,,
2011-10-28,False,116730528,,,275673000,424634000,33164000.0,911285000,,,,,,,,,,2162656000,477390000,,,,,7747000,96000.0,,,0.13,,,,,,,7095000.0,1052590000,,,,50000000.0,0.0164,,,41977000,,,,,,,,,,,,,,,,,,,22362000.0,,413483000.0,,,,,,54404000,,4501000,,,0.58,0.57,0.385,,68356000,,,,,,,,,,,,,,117779000,,-10008000,,,,,,111535000.0,,,42885000,,14010000,,,,,,,,,,,82673000,-73447000,,5087000,,,5018000.0,31930000,,2500000.0,,,,,,30039000.0,,7145000.0,,,255982000,,,,,,,,,,,,2162656000,487215000,118700000.0,500000000.0,,718000000.0,-50000000.0,,,,,,,718034000,0.0147,118700000.0,,,-164197000.0,,-323916000.0,,488209000.0,,68650000,,,,118680000,11042000,,,,,,,,,,,,,,,,,37660000,180000.0,,28882000,,,,46293000,,6114000.0,-350000.0,246406000.0,,47051000,,,365923000,,,,,,45009000.0,,,200000000.0,736644000,,41657000,2318000.0,2567669000,1656384000,,,,623172000.0,200000000.0,,,,1171270000.0,,947381000.0,,,,,17838000,,,,,,,,,,,,,,497631000,,,,,,,,500000000.0,,,,,13470000.0,,,10900000.0,,13200000.0,,,18200000.0,,,3500000.0,,,,11800000.0,,,121126000,118627000,,,,,,,,
2012-02-24,True,117045048,4300000000.0,,251625000,411479000,17419000.0,931273000,,192470000.0,,,6700000.0,,,,,2267332000,513542000,,132202000.0,,,5450000,-2201000.0,,0.52,0.52,0.01,1000000000.0,167099432.0,116932448.0,1671000.0,257006000.0,27871000.0,4082609000,32845000.0,41016000.0,8171000.0,50000000.0,,10800000.0,110495000.0,117711000,,,7216000.0,2197000.0,68328000.0,-511579000.0,,65579000.0,5136000.0,,3584000.0,20522000.0,24727000.0,1827000.0,7155000.0,8316000.0,2749000.0,577158000.0,8865000.0,17605000.0,516715000.0,8027000.0,551526000.0,10500000.0,,,213943000,,18180000,,-62243000.0,2.16,2.11,,0.35,77107000,0.37,,,,,,,,,,,,,463597000,152095000.0,-14109000,,,,,180000.0,415733000.0,-3456000.0,1500000.0,158727000,,16377000,14200000.0,552000.0,,145506000.0,1570000.0,,-180000.0,9668000.0,1611000.0,,56179000,-60292000,,18348000,117711000.0,,9722000.0,1298000,,,,,,,8000.0,30733000.0,,28508000.0,20932000.0,,1001953000,29246000.0,24800000.0,,,,,,,,,1699789000.0,2267332000,438515000,99800000.0,500000000.0,,699200000.0,-50000000.0,99800000.0,50000000.0,,249400000.0,250000000.0,100000000.0,699177000,,99800000.0,8500000.0,2344600000.0,-192364000.0,,-445529000.0,,635692000.0,,257006000,7700000.0,,,444233000,44929000,,,,,,,,20300000.0,8000000.0,1300000.0,2300000.0,3200000.0,5000000.0,500000.0,,,42364000,180000.0,24161000.0,26920000,1186000.0,1186000.0,,45382000,,28900000.0,-340000.0,246406000.0,,62243000,,,502282000,100.0,10000000.0,0.0,,,16735000.0,29649000.0,5600000.0,200000000.0,1097657000,7646000.0,56413000,3762000.0,2658143000,1726870000,,,,1000696000.0,200000000.0,1758290000.0,,13700000.0,4526842000.0,,3677679000.0,,42000000.0,,,26841000,156300000.0,20000000.0,10.0,3.0,,,,,,,,,,567543000,,,,,3762000.0,,246406000.0,,,,,,15562000.0,,,10800000.0,50166984.0,6000000.0,1384888000.0,,17400000.0,-300000.0,-400000.0,2900000.0,4000000.0,2500000.0,-3200000.0,11300000.0,,2764000.0,121922000,119158000,,,,,,,,
2012-04-27,False,117084853,,,301636000,447706000,46283000.0,952680000,,,,,,,,,,2322862000,536086000,,,,,5713000,263000.0,,,0.14,,,,,,,7142000.0,1049325000,,,,100000000.0,,,,-11540000,,,,,,,,,,,,,,,,,,,,,500039000.0,,,,,,56120000,,4497000,,,0.58,0.57,0.3825,,53570000,,,,,,,,,,,,,,120554000,,-5709000,,,,,,109610000.0,,,41926000,,1196000,,,,,,,,,,,52061000,-36227000,,-29254000,,,-433000.0,-4152000,,2700000.0,,,,,,12526000.0,,6987000.0,,,250044000,,,,,,,,,,,,2322862000,543420000,,,,,-100000000.0,,,,,,,602119000,,52700000.0,,,-62243000.0,,-83766000.0,,146272000.0,,67684000,,,,116597000,11045000,,,,,,,,,,,,,,,,,41931000,,,26262000,,,,46988000,,3995000.0,-16000.0,55354000.0,,16386000,,,112719000,,,,,,82667000.0,,,200000000.0,334093000,,28937000,1218000.0,2713194000,1760514000,,,,383304000.0,200000000.0,,,,1165922000.0,,938683000.0,1166000000.0,,,,8101000,,,,,,,,,,,,,,630296000,,,,,,,,500000000.0,,,,,,2136000.0,,11700000.0,,13200000.0,,,17900000.0,,,3100000.0,,,,11700000.0,,,119750000,117017000,,,,,,,,
2012-07-31,False,117549605,,,298587000,472077000,24111000.0,981317000,,,,,,,,,,2365276000,540425000,,,,,5887000,437000.0,,,0.14,,,,,,,7323000.0,1117915000,,,,100000000.0,,,,-13121000,,,,,,,,,,,,,,,,,,,,,498457000.0,,,,,,56227000,,4202000,,,0.69,0.67,0.3825,,57683000,,,,,,,,,,,,,,113085000,,-9773000,,,,,,130286000.0,,,49835000,,74525000,,,,,,,,,,,50424000,-60598000,,-17953000,,,1617000.0,12777000,,2800000.0,,,,,,14324000.0,,6929000.0,,,255864000,,,,,,,,,,,,2365276000,524361000,,,,,-100000000.0,,,,,,,579462000,,30000000.0,,,-89286000.0,,-170856000.0,,260579000.0,,80451000,,4.0,,137215000,12595000,,,,,,,,,,,,,,,,,43980000,,,29061000,,,,49723000,,6356000.0,-24000.0,85331000.0,,32780000,,,214748000,,,,,,62461000.0,,,200000000.0,719352000,,43868000,5073000.0,2777107000,1795790000,,,,789843000.0,200000000.0,,,,1255130000.0,,1005519000.0,1255000000.0,,,,16389000,,,,,,,,,,,,,,713273000,22687.0,483670.0,,,,,,500000000.0,,,,,,8912000.0,,11400000.0,,13200000.0,,,18800000.0,,,3200000.0,,,,12200000.0,,,120027000,117226000,,,,,,,,
2012-10-26,False,118258107,,,328757000,504252000,13409000.0,1013932000,,,,,,,,,,2438342000,563257000,,,,,5659000,209000.0,,,0.14,,,,,,,7451000.0,1162740000,,,,100000000.0,,,,5146000,,,,,,,,,,,,,,,,,,,,,516724000.0,,,,,,57773000,,4467000,,,0.66,0.65,0.3825,,58315000,,,,,,,,,,,,,,114694000,,11707000,,,,,,126706000.0,,,48465000,,99646000,,,,,,,,,,,78371000,92773000,,-22291000,,,5830000.0,-20835000,,2100000.0,,,,,,26362000.0,,6346000.0,,,260911000,,,,,,,,,,,,2438342000,548675000,,,,,100000000.0,,,,,,,544904000,,,,,-137723000.0,,-279407000.0,,417339000.0,,78241000,,4.0,,133052000,13745000,,,,,,,,,,,,,,,,,48194000,,,26632000,,,,46849000,,9369000.0,370000.0,246406000.0,,49325000,,,329598000,,,,,,53346000.0,,,200000000.0,1174531000,,50561000,-3674000.0,2862385000,1848453000,,,,1227543000.0,50000000.0,,,,1295792000.0,,1046769000.0,1296000000.0,,,,21979000,,,,,,,,,,,,,,781190000,,,,,,,,500000000.0,,,503000000.0,,,18288000.0,,10900000.0,,13200000.0,,497000000.0,19100000.0,,,3700000.0,,,,12400000.0,,,120281000,118131000,,,,,,,,
2013-02-22,True,117549810,5400000000.0,,266722000,466011000,17199000.0,1019232000,,207073000.0,,,6600000.0,,,,,2464641000,554532000,,135974000.0,,,5589000,139000.0,,,0.71,0.01,1000000000.0,167099432.0,117529307.0,1671000.0,,29461000.0,4524780000,152140000.0,173235000.0,21095000.0,100000000.0,,11200000.0,12458000.0,21052000,,,8594000.0,2197000.0,70462000.0,-532374000.0,,67713000.0,5136000.0,,3403000.0,16851000.0,25997000.0,1715000.0,10586000.0,9713000.0,2749000.0,600087000.0,750000.0,19069000.0,531624000.0,9188000.0,571830000.0,11100000.0,0.5,,229166000,,17445000,,-83431000.0,0.71,0.7,,0.35,70647000,,,,,,,,,,,,,,465874000,161167000.0,-16845000,,,,,,504641000.0,,1100000.0,194287000,,132096000,2400000.0,552000.0,,176624000.0,1568000.0,,-222000.0,16191000.0,126000.0,,15097000,-54532000,,2174000,20795000.0,,5078000.0,-4826000,,,,,25560000.0,,1000.0,27070000.0,,,23065000.0,,1037526000,36482000.0,27500000.0,,,,,,,,,1672781000.0,2464641000,502760000,,,,,-100000000.0,,100000000.0,,85800000.0,249500000.0,250000000.0,585347000,,,5000000.0,2571083000.0,-178311000.0,,-369594000.0,,548044000.0,,83977000,,4.0,,143335000,53832000,,,,,,,,21100000.0,7800000.0,,300000.0,3500000.0,9500000.0,,,,47442000,180000.0,9761000.0,24635000,,,,53050000,,27231000.0,-85000.0,50000000.0,,83431000,,,439494000,100.0,10000000.0,0.0,,,17632000.0,32474000.0,,200000000.0,1605674000,,69815000,,2904706000,1885474000,,,,1618233000.0,50000000.0,1985213000.0,,,1338136000.0,,4058165000.0,,38000000.0,,,29715000,,,,,,,,,,,,,283000000.0,791860000,,,,,-2411000.0,,50000000.0,,,,453000000.0,,,20090000.0,,11200000.0,49570125.0,849000.0,1402097000.0,,25800000.0,,-400000.0,4000000.0,7100000.0,4200000.0,-2900000.0,16800000.0,,2450000.0,120022000,117572000,,,,,,,,
2013-04-26,False,117583210,,,374968000,529333000,47168000.0,1041271000,,,,,,,,,,2586119000,615198000,,,,,5747000,158000.0,,,0.15,,,,,,,7513000.0,1166548000,,,,200000000.0,,,,4398000,,,,,,,,,,,,,,,,,,,750000.0,,536022000.0,,,,,,60730000,,4819000,,,0.62,0.61,0.3825,,54485000,,,,,,,,,,,,,,116560000,,-1307000,,,,,,118783000.0,,,45434000,,2047000,,,,,,,,,,,108246000,-63322000,,-20093000,,,2408000.0,-4166000,,2300000.0,,,,,,10846000.0,,6256000.0,,,263724000,,,,,,,,,,,,2586119000,727221000,,,,,200000000.0,,,,,,,393289000,,,,,-91531000.0,,-115070000.0,,206759000.0,,73349000,,4.0,,125039000,12770000,,,,,,,,,,,,,,,,,49850000,,,29495000,,,,53815000,,10985000.0,12000.0,,,16386000,,,125537000,,,,,,80118000.0,,,,302643000,,10479000,360000.0,2982697000,1941426000,,,,345600000.0,50000000.0,,,,1291587000.0,,1038940000.0,1292000000.0,,,,9137000,,,,,,,,,,,,,,875772000,,,,,,,,500000000.0,,,453000000.0,,,1066000.0,,11700000.0,,,,,26400000.0,,,4400000.0,,,,17100000.0,,,119825000,117553000,,,,,,,,
2013-07-30,False,117067399,,,364195000,579643000,16286000.0,1077390000,,,,,,,,,,2656316000,651562000,,,,,5923000,334000.0,,,0.15,,,,,,,8042000.0,1235451000,,,,200000000.0,,,,-3473000,,,,,,,,,,,,,,,,,,,750000.0,,528151000.0,,,,,,62283000,,4637000,,,0.75,0.73,0.3788,,61267000,,,7999000.0,12000000.0,,,,,,,,,,110280000,,1442000,,,,,,141177000.0,,,53480000,,91074000,,,,,,,,,,,97473000,113632000,,-9683000,,,9167000.0,-11006000,,2300000.0,,,,,,12695000.0,,6230000.0,,,282252000,,,,,,,,,,,,2656316000,699106000,,,,,200000000.0,,,,,,,474132000,,,,,-81544000.0,,-211693000.0,,,293571000.0,87697000,,4.0,,147407000,12111000,,,,,,,,,,,,,,,,,56608000,,,28528000,,,,52688000,,12425000.0,1000.0,64723000.0,65000000.0,17555000,,,238494000,,,,,,65996000.0,,,,846985000,,26802000,5635000.0,3053616000,1976226000,,,,809885000.0,50000000.0,,,,1382858000.0,,1120164000.0,,,,,17977000,,,,,,,,,,,,,,902239000,,,,,,900000.0,,500000000.0,,,388000000.0,,,,,,,,,,25900000.0,,,4400000.0,,,,16900000.0,,,119472000,117139000,,,,,,,,
2013-10-30,False,117856402,,,304799000,584914000,11793000.0,1112933000,,,,,,,,,,2712434000,648032000,,,,,5968000,379000.0,,,0.15,,,,,,,8168000.0,1285121000,,,,250000000.0,,,,15798000,,,,,,,,,,,,,,,,,,,750000.0,,547422000.0,,,,,,64291000,,4881000,,,0.76,0.75,0.3825,,61173000,,,23637000.0,11800000.0,,,,,,,,,,114147000,,4625000,,,,,,144894000.0,,,55422000,,111404000,,,,,,,,,,,37396000,118903000,,-14253000,,,14381000.0,-17890000,,1600000.0,,,,,,23514000.0,,5835000.0,,,289789000,,,,,,,,,,,,2712434000,690338000,,,,,250000000.0,,,,,,,437474000,,,,,-77190000.0,,-333659000.0,,,411228000.0,89472000,,4.0,,150729000,13878000,,,,,,,,,,,,,,,,,61823000,,,27016000,,,,56723000,,10172000.0,35000.0,64723000.0,,35226000,,,372564000,,,,,,57150000.0,,,,1372752000,,38940000,-9192000.0,3150319000,2037386000,,,,1264438000.0,100000000.0,,,,1435850000.0,,1165965000.0,,,,,23602000,,,,,,,,,,,,,,980477000,,,,,,,,500000000.0,,,388000000.0,,,,,,,,,,26600000.0,,,4800000.0,,,,17300000.0,,,119357000,117723000,,,,,,,,
2014-02-21,True,117247544,6600000000.0,,305465000,568519000,14062000.0,1147610000,,226595000.0,,,8100000.0,,,,,2819404000,680203000,,144439000.0,,,5831000,242000.0,,,0.45,0.01,1000000000.0,167099432.0,117241438.0,1671000.0,,32307000.0,5007863000,144299000.0,163110000.0,18811000.0,250000000.0,,12700000.0,41811000.0,48076000,651780000.0,,6265000.0,1443000.0,73324000.0,,,71330000.0,,,3586000.0,13783000.0,25398000.0,2077000.0,12099000.0,14938000.0,1994000.0,580450000.0,2485000.0,24554000.0,577965000.0,11415000.0,615811000.0,11400000.0,,,253380000,,19142000,,-52811000.0,0.78,0.77,,0.35,72063000,,,21950000.0,,,,,,,,,,,455926000,173257000.0,5334000,,,,,,553568000.0,,1900000.0,211186000,,141968000,7500000.0,-755000.0,,193749000.0,1543000.0,,-610000.0,13551000.0,3708000.0,,11530000,102508000,,2327000,-48076000.0,,20779000.0,23254000,,,,,23209000.0,,69000.0,24722000.0,,,26248000.0,,1138213000,37829000.0,33200000.0,,,,,,,,,1806952000.0,2819404000,712296000,,,,,-250000000.0,,250000000.0,,,208700000.0,249700000.0,458417000,,,4500000.0,2904289000.0,-131568000.0,,-442541000.0,,574351000.0,,91864000,,4.0,4.0,153533000,55158000,,,,,,,,31500000.0,10600000.0,1500000.0,4200000.0,6500000.0,8700000.0,,,,68221000,,15415000.0,26997000,,,,58274000,,45469000.0,37000.0,114723000.0,,52811000,17963000.0,,493431000,100.0,10000000.0,0.0,,,21602000.0,42588000.0,,200000000.0,1933753000,,50927000,,3259814000,2112204000,,606600000.0,,1811177000.0,100000000.0,2274784000.0,,,1474276000.0,,4527238000.0,,59000000.0,,,32354000,,,,,,,,,,,,,,1012452000,,,,,-8560000.0,,114723000.0,,,,338000000.0,,,,12700000.0,,49857994.0,1575000.0,1490598000.0,,29700000.0,,-100000.0,4200000.0,7000000.0,-1200000.0,-1800000.0,19300000.0,,1955000.0,119404000,117449000,,,,,,,,
2014-04-25,False,117259962,,,371235000,635111000,46236000.0,1163169000,,,,,,,,,,3115725000,842068000,,,,,124212000,118381000.0,,,0.2,,,,,,,8973000.0,1289601000,,,,100000000.0,,,,-5287000,,,,,,,,,,,,,,,,,,,2485000.0,,572679000.0,,,,,,68967000,,5358000,,,0.59,0.58,0.381,,65801000,,,320000.0,,,,,,,,,,,119950000,,2691000,,,,,,110927000.0,,,42263000,,3663000,,,,,,,,,,,35038000,66592000,,-8875000,,,8826000.0,-8259000,,1700000.0,,,,,,8802000.0,,-6380000.0,,,304394000,,,,,,,,,,,,3115725000,662804000,,,,,100000000.0,,,,,,,752207000,,,,,117548000.0,,-158212000.0,,159045000.0,,68664000,,,4.0,117307000,15832000,,,,,,,,,,,,,,,,,77047000,,,37556000,,,,59910000,,9925000.0,12000.0,,,23450000,99000.0,,198264000,,,,,,82745000.0,,,499642000.0,397946000,,40052000,,3399270000,2236101000,,,,607078000.0,150000000.0,,,,1406908000.0,,1152349000.0,,,,,9972000,,,,,,,,,,,,,,1068125000,,,,,,,,500000000.0,,,388000000.0,,,,,,,,,,30400000.0,,,4600000.0,,,,19800000.0,,,118943000,117250000,,,,,,,,
2014-07-29,False,116546855,,,338063000,667620000,17695000.0,1172061000,,,,,,,,,,3091359000,739225000,,,,,5870000,39000.0,,,0.2,,,,,,,9650000.0,1388637000,,,,250000000.0,,,,-17672000,,,,,,,,,,,,,,,,,,,2485000.0,,560293000.0,,,,,,71726000,,5155000,,,0.8,0.79,0.381,,75170000,,,5437000.0,,,,,,,,,,,116999000,,5110000,,,,,,150901000.0,,,57493000,,93853000,,,,,,,,,,,46858000,99101000,,8507000,,,13000000.0,-25441000,,1800000.0,,,,,,12306000.0,,-8329000.0,,,320016000,,,,,,,,,,,,3091359000,514634000,,,,,250000000.0,,,,,,,874028000,,,,,51881000.0,,-352843000.0,,301001000.0,,93408000,,,4.0,159230000,19886000,,,,,,,,,,,,,,,,,81221000,,,35589000,,,,61287000,,11547000.0,-9000.0,75000000.0,,46747000,520000.0,,438013000,,,,,,65735000.0,,,499642000.0,869221000,,85161000,,3488606000,2316545000,,,,954763000.0,250000000.0,,,,1548000000.0,,1268636000.0,,,,,18814000,,,,,,,,,,,,,,1081117000,,,,,,,,,500000000.0,,,263000000.0,,,,,,990000.0,,,31600000.0,,,5100000.0,,,,20600000.0,,,118541000,116764000,,,,,,,,
2014-10-30,False,117154271,,,352645000,671298000,11585000.0,1199847000,,,,,,,,,,3158918000,737678000,,,,,5859000,28000.0,,0.2,0.2,,,,,,,9893000.0,1429056000,,,,250000000.0,,,,-10315000,,,,,,,,,,,,,,,,,,,13787000.0,,556349000.0,,,,,,75416000,,5107000,,,0.87,0.87,0.381,,74862000,,,17645000.0,,,,,,,,,,,115503000,,5413000,,,,,,165451000.0,,,63037000,,136116000,,,,,,,,,,,39070000,102779000,,3267000,,,19192000.0,-29126000,,1200000.0,,,,,,25635000.0,,-6649000.0,,,327106000,,,,,,,,,,,,3158918000,790292000,,,,,250000000.0,,,,,,,587074000,,,,,-7133000.0,,-479204000.0,,486365000.0,,102414000,,,4.0,172100000,21904000,,,,,,,,,,,,,,,,,87413000,,,36134000,,,,65384000,,15057000.0,-21000.0,75000000.0,,70167000,22789000.0,,599824000,,,,,,60521000.0,,,499642000.0,1380887000,,120599000,,3584953000,2385106000,,,,1494421000.0,250000000.0,,,,1601156000.0,,1316951000.0,,,,,26122000,,,,,,,,,,,,,,1159819000,,,,,,,,,500000000.0,,,263000000.0,,,,,,0.0,,,32400000.0,,,5500000.0,,,,21100000.0,,,118221000,117050000,,,,,,,,
2015-02-24,True,116515423,6800000000.0,,325838000,653795000,17966000.0,1237225000,,247641000.0,,,9500000.0,,,,,3397117000,880130000,0.0,153704000.0,,,5961000,130000.0,,,0.8,0.01,1000000000.0,167099432.0,116575163.0,1671000.0,,38796000.0,5533899000,130761000.0,150466000.0,19705000.0,250000000.0,,13500000.0,72547000.0,79343000,748622000.0,,6796000.0,1443000.0,90823000.0,,18631000.0,88829000.0,,,3954000.0,15260000.0,25042000.0,2291000.0,12268000.0,30565000.0,1994000.0,659793000.0,2485000.0,30012000.0,678424000.0,11539000.0,707071000.0,11600000.0,,,294496000,,20811000,,,0.94,0.93,,0.35,80547000,,,16645000.0,,,,,,,,,,,453919000,190546000.0,6342000,,,,,,604601000.0,,1800000.0,229809000,,192955000,79800000.0,-755000.0,,211610000.0,1395000.0,,-809000.0,17357000.0,256000.0,,15284000,85276000,,12735000,,-72291000.0,28498000.0,29793000,,,,,27028000.0,,87000.0,26685000.0,,,27740000.0,,1290404000,38978000.0,39100000.0,,,,,,,,,2192594000.0,3397117000,771070000,,,,,250000000.0,,249900000.0,,249700000.0,250900000.0,183000000.0,683539000,,,4400000.0,3336529000.0,13032000.0,,-659681000.0,,646779000.0,,110306000,,4.0,4.0,182905000,81062000,,,,,,,,27000000.0,10500000.0,500000.0,2400000.0,5400000.0,8200000.0,,,,96719000,,95457000.0,34455000,,,,59561000,,50596000.0,-29000.0,125000000.0,,93604000,23419000.0,,808569000,100.0,10000000.0,0.0,0.0,,22886000.0,55660000.0,,499642000.0,2092193000,,148859000,,3719757000,2482532000,,,555000000.0,2110749000.0,250000000.0,2555972000.0,,,1609511000.0,,5082827000.0,,88000000.0,,,35333000,,,,,,,,,,,,,,1204523000,,,,,,,,,,,,213200000.0,,,,,50524269.0,1605000.0,1600761000.0,125000000.0,31600000.0,,3700000.0,3500000.0,8200000.0,400000.0,3000000.0,20500000.0,,1445000.0,118445000,117000000,,,,,,,,
2015-04-24,False,116555820,,,328111000,631172000,12918000.0,1248329000,,,,,,,,,,3428997000,803512000,,,,,5646000,-314000.0,,,0.21,,,,,,,10088000.0,1284960000,,,,250000000.0,,,,22094000,,,,,,,18631000.0,,,,,,,,,,,,,,700518000.0,,,,,,81378000,,5644000,,,0.79,0.78,0.381,,72106000,,,1060000.0,,,,,,,,,,,81813000,,804000,,,,,,148517000.0,,,56585000,,1638000,,,,,,,,,,,1742000,-22623000,,-12589000,,30883000.0,2477000.0,-5678000,,1200000.0,,,6703000.0,,,12786000.0,,,,,330510000,,,,,,,,,,,,3428997000,762331000,,,,,250000000.0,,,,,,,628203000,,,,,-94513000.0,,-161344000.0,,255543000.0,,91932000,,,4.0,155220000,17428000,,,,,,,,,,,,,,,,,99196000,,,72622000,,,,60565000,,13933000.0,20000000.0,6354000.0,,24468000,505000.0,,180158000,,,,,,,148063000.0,,499642000.0,439762000,,38814000,,3801192000,2552863000,,,,505071000.0,150000000.0,,,,1440180000.0,,1263910000.0,,,,,10129000,,,,,,,,,,,,,,1277380000,,,,,,,,,500000000.0,,,207000000.0,,,,,,79500.0,,,32400000.0,,,3900000.0,,,,21000000.0,,,117800000,116558000,,,,,,,,
2015-07-30,False,116250852,,,341520000,665241000,20991000.0,1254973000,,,,,,,,,,3485350000,786630000,,,,,5586000,-375000.0,,,0.21,,,,,,,10734000.0,1366222000,,,,250000000.0,,,,-11283000,,,,,,,,,,,,,,,,,,,,,667141000.0,,,,,,83661000,,5213000,,,0.89,0.88,0.381,,65671000,,,1698000.0,,,,,,,,,,,84891000,,-147000,,,,,,167074000.0,,,63655000,,54816000,,,,,,,,,,,17701000,11446000,,-12409000,,73073000.0,1704000.0,-14964000,,1300000.0,,,6661000.0,,,13435000.0,,,,,348277000,,,,,,,,,,,,3485350000,776605000,,,,,250000000.0,,,,,,,643202000,,,,,-134569000.0,,-319343000.0,,453537000.0,,103419000,,,4.0,173735000,18207000,,,,,,,,,,,,,,,,,98423000,,,72616000,,,,59197000,,27670000.0,20097000.0,34357000.0,,48945000,955000.0,,381681000,,,,,,,115803000.0,,499642000.0,977630000,,82435000,,3881077000,2626104000,,,,1030833000.0,250000000.0,,,,1539957000.0,,1360631000.0,,,,,20697000,,,,,,,,,,,,,,1339205000,,,,,,,,,500000000.0,,,179000000.0,,,,,,331000.0,,,30600000.0,,,4200000.0,,,,19900000.0,,,117811000,116470000,,,,,,,,
2015-10-23,False,114601888,,,355671000,671398000,18281000.0,1287213000,,,,,,,,,,3519264000,768171000,,,,,5542000,-419000.0,,,0.21,,,,,,,10683000.0,1392648000,,,,250000000.0,,,,-5395000,,,,,,,,,,,,,,,,,,,,,673030000.0,,,,,,86201000,,4967000,,,1.0,0.99,0.381,,69447000,,,14446000.0,,,,,,,,,,,76755000,,1257000,,,,,,186008000.0,,,70869000,,103832000,,,,,,,,,,,27644000,17603000,,-9839000,,75150000.0,3930000.0,-35591000,,800000.0,,,7838000.0,,,25290000.0,,,,,351651000,,,,,,,,,,,,3519264000,544048000,,,,,-250000000.0,,,,,,,993353000,,,,,-246624000.0,,-450755000.0,,696960000.0,,115139000,,,4.0,193846000,20078000,,,,,,,,,,,,,,,,,100649000,,,80584000,,,,59646000,,14866000.0,20095000.0,212227000.0,,73295000,24263000.0,,561774000,,,,,,,91231000.0,,349129000.0,1576329000,,131114000,,3957722000,2670509000,,,,1629244000.0,250000000.0,,,,1586494000.0,,1419451000.0,,,,,27010000,,,,,,,,,,,,,,1249187000,,,,,,,,,500000000.0,,,1000000.0,,,,,,2245000.0,,,31800000.0,,,4900000.0,,,,20700000.0,,,116282000,115456000,,,,,,,,
2016-02-23,True,112774244,7500000000.0,,340332000,654542000,28445000.0,1318122000,,268728000.0,,,9900000.0,,,,,3636567000,859367000,0.0,154142000.0,,,5566000,-395000.0,,,0.84,0.01,1000000000.0,167099432.0,113947780.0,1671000.0,,43084000.0,5471952000,160235000.0,182541000.0,22306000.0,250000000.0,,13600000.0,71292000.0,80427000,830990000.0,,9135000.0,1443000.0,91322000.0,,,90770000.0,,,4036000.0,13991000.0,24687000.0,2335000.0,12751000.0,33522000.0,552000.0,740220000.0,,33064000.0,740220000.0,11086000.0,786840000.0,14700000.0,,,339613000,,20588000,,,1.02,1.01,,0.35,59420000,,,12877000.0,,,,,,,,,,,313034000,189516000.0,1281000,,,,,,690203000.0,,1900000.0,262968000,,163304000,76700000.0,-755000.0,,241571000.0,1420000.0,,-455000.0,18671000.0,1761000.0,,8600000,747000,,-10589000,,3055000.0,7502000.0,17735000,,,,,25577000.0,,86000.0,27245000.0,,,23191000.0,,1394239000,39026000.0,39500000.0,,,,,,,,,2336215000.0,3636567000,532417000,,,,399800000.0,-250000000.0,602700000.0,,150000000.0,252300000.0,,,1005026000,,,4400000.0,3636767000.0,-297171000.0,,-576532000.0,,873308000.0,,116746000,,4.0,4.0,192893000,73689000,,,,,,,,28100000.0,13500000.0,500000.0,1300000.0,3900000.0,8700000.0,200000.0,,,104220000,,90412000.0,75871000,,,,58552000,,72522000.0,20096000.0,262275000.0,,97364000,24850000.0,,725122000,100.0,10000000.0,0.0,0.0,,25057000.0,60599000.0,,349129000.0,2110800000,,168686000,,4019451000,2701329000,,,463000000.0,2138466000.0,250000000.0,2885843000.0,,,1621015000.0,,5516282000.0,,95000000.0,,,37228000,,,,,,,,,,,,,,1300352000,,,,,,,,,,,,451000000.0,,,,,53151652.0,3300000.0,1855890000.0,262300000.0,32000000.0,,3000000.0,4000000.0,9400000.0,-2500000.0,3500000.0,20800000.0,,1051000.0,116728000,115677000,,,,,,,,
2016-04-29,False,112654332,,,381185000,690352000,21291000.0,1339275000,,,,,,,,,,3646958000,814930000,,,,,5992000,426000.0,,,0.22,,,,,,,11126000.0,1360822000,,,,,,,,15257000,,,,,,,,,,,,,,,,,,,,,755477000.0,,,,,,88352000,,5219000,,,0.89,0.88,0.38,,70997000,,,47000.0,,,,,,,,,,,59414000,,-30000,,,,,,161448000.0,,,61350000,,3046000,,,,,,,,,,,41168000,31254000,,8785000,,41803000.0,3020000.0,-26665000,,900000.0,,,6442000.0,,,8797000.0,,,,,362511000,,,,,,,,,,,,3646958000,580714000,,,,961300000.0,,,,,,,,961346000,,,,,-190010000.0,,-114460000.0,,304896000.0,,100098000,,,4.0,167890000,17428000,,,,,,,,,,,,,,,,,107241000,,,92662000,,,,63341000,,21833000.0,2000.0,100000000.0,,24810000,621000.0,,156786000,,,,,,,118586000.0,,,313729000,,42328000,,4078641000,2739366000,,,,378397000.0,,,,,1528712000.0,,1426654000.0,,,,,10972000,,,,,,,,,,,,,,1286080000,,,,,,,,,500000000.0,,,351000000.0,,,,,,1305000.0,,,32800000.0,,,3900000.0,,,,21300000.0,,,114003000,113072000,,,,,,,,
2016-07-28,False,112680259,,,343652000,744026000,27199000.0,1361627000,,,,,,,,,,3697364000,827008000,,,,,11277000,5711000.0,,,0.22,,,,,,,11365000.0,1439234000,,,,,,,,2354000,,,,,,,,,,,,,,,,,,,,,742574000.0,,,,,,90364000,,4840000,,,0.93,0.92,0.38,,66237000,,,280000.0,,,,,,,,,,,71489000,,-1030000,,,,,,169372000.0,,,64361000,,49039000,,,,,,,,,,,11267000,84184000,,11500000,,72041000.0,11408000.0,-41982000,,1100000.0,,,6420000.0,,,12855000.0,,,,,371969000,,,,,,,,,,,,3697364000,552716000,,,,957600000.0,,,,,,,,957574000,,,,,-210462000.0,,-257965000.0,,474138000.0,,105011000,,,4.0,175792000,19094000,,,,,,,,,,,,,,,,,115628000,,,103441000,,,,65075000,,18711000.0,7000.0,100000000.0,,49598000,975000.0,,351507000,,,,,,,71705000.0,,,676687000,,93549000,,4128542000,2766915000,,,,738198000.0,,,,,1615026000.0,,1483354000.0,,,,,22915000,,,,,,,,,,,,,,1379425000,,,,,,,,,500000000.0,,,351000000.0,,,,,,0.0,,,33700000.0,,,4400000.0,,,,21900000.0,,,113761000,112669000,,,,,,,,
2016-10-28,False,112185072,,,402913000,775020000,20769000.0,1400339000,,,,,,,,,,3729994000,842401000,,,,,5481000,-85000.0,,0.22,0.22,,,,,,,11665000.0,1507682000,,,,,,,,-9152000,,,,,,,,,,,,,,,,,,,,,731068000.0,,,,,,91001000,,5004000,,,0.97,0.97,0.38,,72920000,,,6532000.0,,,,,,,,,,,74179000,,-2357000,,,,,,176492000.0,,,67067000,,118803000,,,,,,,,,,,56827000,132936000,,14058000,,73512000.0,22000.0,-64851000,,700000.0,,,6485000.0,,,21614000.0,,,,,374517000,,,,,,,,,,,,3729994000,600845000,,,,943700000.0,,,,,,,,943696000,,,,,,-325277000.0,,-358771000.0,,683963000.0,109425000,,,4.0,182977000,21862000,,,,,,,,,,,,,,,,,104243000,,,78852000,,,,69302000,,21025000.0,17000.0,174760000.0,,74477000,18613000.0,,498913000,,,,,,,61900000.0,,349129000.0,1087164000,,140159000,,4209080000,2808741000,,,,1152465000.0,250000000.0,,,,1690659000.0,,1538701000.0,,,,,30173000,,,,,,,,,,,,,,1385083000,,,,,,,,,500000000.0,,,276000000.0,,,,,,2228000.0,,,,,,4900000.0,,,,22600000.0,,,113363000,112630000,,,,,,,,
2017-02-23,True,111310853,7200000000.0,67926000.0,384308000,745288000,27152000.0,1440124000,,293087000.0,40625000.0,,13400000.0,,,,,3828988000,945681000,0.0,175900000.0,,,6377000,811000.0,,,0.88,0.01,1000000000.0,167099432.0,111305021.0,1671000.0,,45954000.0,5834439000,191422000.0,213293000.0,21871000.0,,,14900000.0,45846000.0,50414000,882212000.0,,4568000.0,,91578000.0,,,91578000.0,,,3853000.0,10443000.0,26062000.0,2347000.0,14085000.0,34788000.0,552000.0,790634000.0,,37119000.0,790634000.0,13538000.0,831555000.0,15600000.0,,,361510000,,19973000,,98990000.0,1.05,1.05,,0.35,51929000,,,7044000.0,,,,,,,,,,,283437000,215749000.0,-5490000,,,,,,695797000.0,,1900000.0,263707000,,143634000,15700000.0,,,243529000.0,1419000.0,,649000.0,19165000.0,-1055000.0,,60818000,120994000,,-5189000,,60956000.0,5524000.0,37101000,,,,,25294000.0,,71000.0,24800000.0,,,18577000.0,,1469187000,46827000.0,,,,,,,,,,2414927000.0,3828988000,573134000,,,,,,,,,139000000.0,250900000.0,,986278000,,,4400000.0,3820439000.0,-367944000.0,,,-485388000.0,,854143000.0,117556000,,4.0,4.0,194361000,78410000,,,,,,,,36700000.0,15200000.0,1800000.0,4300000.0,5900000.0,9400000.0,100000.0,44100000.0,,109745000,,,64516000,,,,64881000,,87053000.0,132000.0,249760000.0,,98990000,18641000.0,,638430000,100.0,10000000.0,0.0,0.0,,107513000.0,,,349129000.0,1715427000,,153174000,,4258915000,2818791000,,,967000000.0,1724365000.0,250000000.0,3218943000.0,,,1721062000.0,,6007347000.0,,98000000.0,,,40625000,,,,,5800000.0,1000.0,,100000.0,2000.0,20.76,20.76,24.27,,1414061000,,2000.0,,,-17300000.0,,249760000.0,,,,,201200000.0,,,,,55794411.0,3100000.0,2099640000.0,249800000.0,35400000.0,3200000.0,400000.0,4400000.0,10300000.0,400000.0,3300000.0,23000000.0,,887000.0,113361000,112474000,,,,,,,,
2017-04-28,False,109983186,,,369763000,707433000,52844000.0,1500472000,,,,,,,,,,3770395000,893341000,,,,,12261000,5884000.0,,,0.23,,,,,,,10680000.0,1479769000,,,,,,,,1928000,,,,,,,,,,,,,,,,,,,,,792561000.0,,,,,,92189000,,4996000,,,0.93,0.92,0.28,,57083000,,,47000.0,,,,,,,,,,,80646000,,-1709000,,,,,,142572000.0,,,39870000,,2082000,,,,,,,,,,13600000.0,-26901000,-37855000,,-2236000,,35064000.0,-2910000.0,-35063000,,1100000.0,,,6817000.0,,,9561000.0,,,,,380311000,,,,,,,,,,,,3770395000,586525000,,,,,,,,,,,,950558000,,,,,,-185275000.0,,-94474000.0,,285633000.0,102702000,,,4.0,149389000,23005000,,,,,,,,,,,,,,,,,106835000,,,46426000,,,,68457000,,23481000.0,3467000.0,129761000.0,,25602000,276000.0,,98775000,,,,,,,173647000.0,,,666864000,,7768000,,4331100000,2830628000,,,,696500000.0,,,,,1629158000.0,,1461768000.0,,,,,11170000,,,,,,,,,,,,,,1372294000,,,,,,,,,500000000.0,,,71000000.0,,,,,,1328000.0,,,,,,4700000.0,,,,23200000.0,,,112026000,110878000,,,,,,,,
2017-07-28,False,109435453,,,419306000,749042000,28425000.0,1564951000,,,,,,,,,,3778382000,908351000,,,,,7274000,897000.0,,,0.23,,,,,,,10905000.0,1563300000,,,,,,,,-37357000,,,,,,,,,,,,,,,,,,,,,753277000.0,,,,,,93050000,,5603000,,,0.89,0.88,0.374,,46288000,,,280000.0,,,,,,,,,,,79072000,,-3393000,,,,,,156222000.0,,,58353000,,122718000,,,,,,,,,,13600000.0,13269000,3754000,,-3996000,,11370000.0,4329000.0,-47274000,,1200000.0,,,7393000.0,,,14477000.0,,,,,389873000,,,,,,,,,,,,3778382000,608092000,,,,,,,,,,,,943174000,,,,,,-273994000.0,,-168556000.0,,443447000.0,97869000,,,4.0,163615000,27461000,,,,,,,,,,,,,,,,,114073000,,,50001000,,,,66118000,,21728000.0,3464000.0,179813000.0,,50877000,431000.0,,176660000,,,,,,,152035000.0,,,1247227000,,11568000,,4384981000,2820030000,,,,1291200000.0,,,,,1726915000.0,,1551051000.0,,,,,23110000,,,,,,,,,,,,,,1407721000,,,,,,,,,500000000.0,,,521000000.0,,,,,,1892000.0,,,,,,5200000.0,,,,22900000.0,,,110822000,109630000,,,,,,,,
2017-10-27,False,109751895,,,493585000,858720000,23011000.0,1632108000,0.0,,,,,,,1500000.0,,4053923000,1006591000,,,,,7707000,1330000.0,,,0.23,,,,,,,10744000.0,1678362000,,,,,,,,-43801000,,,,,,,,,,,,,,,,,,,,,746833000.0,,,,,,95959000,,5738000,,,0.92,0.91,0.359,,47514000,,,6532000.0,,1500000.0,,,,,,,60200000.0,58700000.0,87006000,,-5716000,,55737000.0,0.0,0.0,,156662000.0,,,56277000,,187313000,,,1500000.0,,,,,,,13600000.0,100020000,113432000,,-7542000,,8350000.0,7901000.0,-58230000,,900000.0,58685000.0,,8310000.0,,,,24641000.0,,,,408340000,,,,,,,,,,,,4053923000,681755000,,,,,,,,,,,,1084801000,,,,,-171110000.0,,-456109000.0,,628549000.0,,100385000,,,4.0,164972000,26463000,,,,,,,,,,,,,,,,,117645000,,,57101000,,,,68564000,,29389000.0,3641000.0,179813000.0,,76120000,19167000.0,137630000.0,328218000,,,,,,,140164000.0,,,2108891000,,13380000,,4507917000,2875809000,,,,2006001000.0,,,,,1843334000.0,,1657380000.0,,,,,30953000,,,,,,,,,,,,,,1471970000,,,,,,,,,500000000.0,,,521000000.0,,,,,,0.0,,,,,,5800000.0,,,,23200000.0,,,110628000,109703000,,,,,,,,
2018-02-23,True,109754492,7800000000.0,283499000.0,598594000,920767000,,1687133000,0.0,310811000.0,38291000.0,,,,,4200000.0,20240000.0,4465349000,1338728000,0.0,202730000.0,,53026000.0,14612000,8235000.0,,0.23,0.92,0.01,1000000000.0,167099432.0,109753008.0,1671000.0,,44825000.0,6565779000,134284000.0,157740000.0,23456000.0,,,16400000.0,-261592000.0,-248764000,609271000.0,,12828000.0,,72345000.0,,,67401000.0,,4944000.0,3134000.0,3661000.0,17620000.0,6605000.0,8681000.0,27700000.0,4944000.0,541870000.0,,28089000.0,541870000.0,14786000.0,566396000.0,16700000.0,,0.0,383518000,383518000.0,23983000,,101362000.0,3.51,3.48,,0.35,42382000,,,7044000.0,,12300000.0,8600000.0,,7600000.0,7600000.0,7600000.0,7800000.0,86000000.0,73700000.0,347573000,261625000.0,-7370000,125878000.0,39764000.0,0.0,,,595239000.0,,2100000.0,-91024000,-309200000.0,190783000,61300000.0,,-309223000.0,208334000.0,1374000.0,-4907000.0,-1283000.0,18334000.0,3403000.0,7056000.0,85237000,166111000,,168000,,-45542000.0,,-69462000,25021000.0,,73691000.0,,28785000.0,,,,28785000.0,,20688000.0,235000.0,1608378000,47231000.0,,,,,,,,,,2626024000.0,4465349000,921844000,,,10000000.0,,,,,,,241400000.0,249900000.0,1085649000,,,4400000.0,4158878000.0,-195636000.0,,-651282000.0,,855153000.0,,385308000,,4.0,4.0,145814000,123579000,,,,,,,,74200000.0,24500000.0,4200000.0,8800000.0,15000000.0,18600000.0,3100000.0,64300000.0,,28888000,,,29835000,,,,76661000,,,3888000.0,179813000.0,,101362000,19215000.0,136879000.0,526928000,100.0,10000000.0,0.0,0.0,,99162000.0,,,349129000.0,2716155000,,16413000,,4670464000,2983331000,,,797600000.0,2612501000.0,250000000.0,3803844000.0,,,1990160000.0,,6435858000.0,,238000000.0,251980000.0,,38291000,,,,,5800000.0,1000.0,0.0,100000.0,2000.0,20.76,20.76,24.27,,1839325000,,2000.0,-18115000.0,-17300000.0,,,179813000.0,,,,,521400000.0,,,,,57346424.0,1900000.0,2277001000.0,179800000.0,45300000.0,3200000.0,2400000.0,3600000.0,11600000.0,5400000.0,4700000.0,37500000.0,,1062000.0,111049000,109987000,,,,,,,,
2018-04-27,False,109755618,,,503829000,900903000,,1720446000,,,,,,,,,,4421657000,1236064000,,,,42554000.0,7082000,-7530000.0,,0.23,0.24,,,,,,,,1779464000,,,,,,,,3412000,,,,,,,,,,,,,,,,,,,,,545282000.0,,,,,,105583000,105583000.0,7749000,11588000.0,,1.08,1.07,,0.26,58599000,,,,,,,,,,,,,,107881000,,-2815000,32326000.0,,,,,159629000.0,,,41487000,,1834000,,,,,,,,,,13600000.0,-10650000,-19864000,,11628000,,35434000.0,,49189000,12543000.0,1100000.0,,,9152000.0,,,,11769000.0,,,,450265000,,,,,,,,,,,,4421657000,1092516000,,,10000000.0,,247609000.0,,,,,,,752423000,,,,328079000.0,-89804000.0,,-179344000.0,,261618000.0,,118142000,,,4.0,168781000,28499000,,,,,,,,,,,,,,,,,25583000,,,141317000,,,,88373000,,,299000.0,129761000.0,,26341000,99000.0,,206108000,,,,,,,,,,687036000,,27063000,,4764722000,3044276000,,,,750400000.0,,,1948245000.0,,,,,,,256896000.0,,12036000,,,,,,,,,,,,,,1943063000,,,,,,,,,500000000.0,,,521000000.0,,,,,,0.0,,,46100000.0,,,4100000.0,,,,36400000.0,,,110863000,109754000,,,,,,,,
2018-05-04,False,109755618,,,503829000,900903000,,1720446000,,,,,,,,,,4421657000,1236064000,,,,42554000.0,7082000,-7530000.0,,0.23,0.24,,,,,,,,1779464000,,,,,,,,3412000,,,,,,,,,,,,,,,,,,,,,545282000.0,,,,,,105583000,105583000.0,7749000,11588000.0,,1.08,1.07,,0.26,58599000,,,,,,,,,,,,,,107881000,,-2815000,32326000.0,,,,,159629000.0,,,41487000,,1834000,,,,,,,,,,13600000.0,-10650000,-19864000,,11628000,,35434000.0,,49189000,12543000.0,1100000.0,,,9152000.0,,,,11769000.0,,,,450265000,,,,,,,,,,,,4421657000,1092516000,,,10000000.0,,247609000.0,,,,,,,752423000,,,,328079000.0,-89804000.0,,-179344000.0,,261618000.0,,118142000,,,4.0,168781000,28499000,,,,,,,,,,,,,,,,,25583000,,,141317000,,,,88373000,,,299000.0,129761000.0,,26341000,99000.0,,206108000,,,,,,,,,,687036000,,27063000,,4764722000,3044276000,,,,750400000.0,,,1948245000.0,,,,,,,256896000.0,,12036000,,,,,,,,,,,,,,1943063000,,,,,,,,,500000000.0,,,521000000.0,,,,,,0.0,,,46100000.0,,,4100000.0,,,,36400000.0,,,110863000,109754000,,,,,,,,
2018-07-27,False,109344030,,,551715000,1019622000,,1782297000,,,,,,,,,,4589243000,1307421000,,,,56645000.0,15191000,579000.0,,,0.24,,,,,,,,1924215000,,,,,,,,10996000,,,,,,,,,,,,,,,,,,,,,552866000.0,,,,,,107423000,213006000.0,8404000,12234000.0,,1.39,1.37,,0.26,63792000,,,,,,,,,,,,,,115541000,,-6459000,37306000.0,,,,,204957000.0,,,53305000,,27762000,,,,,,,,,,13600000.0,33716000,98855000,,28067000,,54392000.0,,26693000,12150000.0,1200000.0,,,9855000.0,,,,19027000.0,,,,465326000,,,,,,,,,,,,4589243000,1158537000,,,10000000.0,,249436000.0,,,,,,,755575000,,,,,-173030000.0,,-355424000.0,,529033000.0,,151652000,,,4.0,214812000,28371000,,,,,,,,,,,,,,,,,34516000,,,139435000,,,,88903000,,,1293000.0,50027000.0,,52583000,,,411744000,,,,,272608000.0,,,,,1421328000,,57613000,,4924684000,3142387000,,,,1492600000.0,,,2139027000.0,,,,,,,259078000.0,,26001000,,,,,,,,,,,,,,2033362000,,,,,,,,,500000000.0,,,471000000.0,,,,,,420000.0,,50000000.0,46900000.0,,,4700000.0,,,,37100000.0,,,110682000,109449000,,,,,,,,
2018-10-29,False,109176325,,,569453000,1095638000,,1822619000,,,,,,,,,,4721671000,1342482000,,,,30843000.0,7587000,-7025000.0,,,0.24,,,,,,,,2035072000,,,,,,,,-23442000,,,,,,,,,,,,,,,,,,,,,518428000.0,,,,,,108801000,321807000.0,7088000,13203000.0,,1.2,1.19,,0.204,74802000,,,,,,,,,,,,,,117976000,,-8441000,42449000.0,,,,,164727000.0,,,33617000,,81334000,,,,,,,,,,13600000.0,77257000,174871000,,27707000,,72926000.0,,-4647000,25043000.0,1000000.0,,,9961000.0,,,,31479000.0,,,,495350000,,,,,,,,,,,,4721671000,1212660000,,,,,248680000.0,,,,,,,820864000,,,,,-198373000.0,,-586255000.0,,777603000.0,,131110000,,,4.0,174688000,45594000,,,,,,,,,,,,,,,,,40589000,,,137682000,,,,89141000,,,1278000.0,100027000.0,,78785000,,137630000.0,676097000,,,,,239257000.0,,,,,2407462000,,91120000,,5064126000,3241507000,,,,2409000000.0,,,2209760000.0,,,,,,,279136000.0,,37184000,,,,,,,,,,,,,,2080578000,,,,,,,,,500000000.0,,,421000000.0,,,,,,422000.0,,50000000.0,43200000.0,,,4100000.0,,,,34100000.0,,,110235000,109254000,,,,,,,,
2019-02-22,True,108738788,10500000000.0,274511000.0,709736000,1051698000,,1884132000,0.0,340457000.0,47369000.0,7044000.0,,,,8600000.0,20240000.0,5091647000,1502981000,,238202000.0,,49390000.0,7600000,-7012000.0,,,0.24,0.01,1000000000.0,167099432.0,108710825.0,1671000.0,,,7933853000,22904000.0,49642000.0,26738000.0,,,15700000.0,97670000.0,101591000,731846000.0,,3921000.0,,94426000.0,,,88385000.0,,6041000.0,4626000.0,10461000.0,20396000.0,7649000.0,10364000.0,34889000.0,6041000.0,643461000.0,,33594000.0,643461000.0,1339000.0,696913000.0,19700000.0,,0.0,435893000,435893000.0,30911000,51080000.0,104994000.0,0.81,0.81,,0.21,80922000,,0.0,7044000.0,,20900000.0,7800000.0,,7600000.0,7600000.0,7600000.0,7600000.0,86000000.0,65100000.0,459011000,324695000.0,-12107000,163270000.0,40087000.0,0.0,,,640818000.0,,2400000.0,151233000,-309200000.0,83822000,102400000.0,,-3219000.0,134572000.0,1071000.0,-4919000.0,-430000.0,24627000.0,-1469000.0,-1000000.0,98037000,130931000,,59814000,,-41071000.0,,6133000,21580000.0,,65070000.0,,40427000.0,,,,39901000.0,,21977000.0,224000.0,1926213000,49486000.0,,,,,,,,,,2990263000.0,5091647000,1352348000,,,,,250706000.0,248800000.0,250700000.0,307100000.0,342500000.0,,,898398000,,,1300000.0,,-208080000.0,,-886773000.0,,1087841000.0,,88681000,,4.0,4.0,122740000,129406000,,,,,,,,117800000.0,34900000.0,,13700000.0,20700000.0,29900000.0,18600000.0,98700000.0,,35845000,,,38398000,,,,96056000,,,1288000.0,150338000.0,,104994000,20530000.0,136879000.0,995650000,100.0,10000000.0,0.0,,4716860000.0,147195000.0,,,,3204715000,,110165000,,5329243000,3445111000,,,381600000.0,3137900000.0,,4188435000.0,2317842000.0,,,,,,260000000.0,275139000.0,,47369000,,,,,,,0.0,,,,,,,2101384000,,,-19563000.0,-17300000.0,,,,,,,,371000000.0,,,,,58388607.0,1300000.0,2429179000.0,150338000.0,52200000.0,2400000.0,2400000.0,4600000.0,13900000.0,5400000.0,4600000.0,43100000.0,,1053000.0,110428000,109375000,,,,,,,,
2019-04-26,False,108738893,,,594704000,1002483000,,1913831000,0.0,,13571000.0,,,,,2200000.0,,5327282000,1438159000,,,,49639000.0,52363000,44763000.0,,,0.26,,,,,,,,1921832000,,,,,,,,25030000,,,,,,,,,,,,,,,,,,,,,668490000.0,,,,,,119930000,119930000.0,8198000,13160000.0,28272000.0,1.1,1.09,,0.227,63991000,,,,,23100000.0,,12800000.0,14200000.0,14200000.0,14200000.0,14200000.0,151500000.0,128400000.0,112125000,,-2252000,45038000.0,68500000.0,0.0,,,154762000.0,,,35161000,,2163000,,,,,,,,,,,-14325000,-58109000,,-38783000,,12213000.0,,54421000,-920000.0,900000.0,,196940000.0,13033000.0,,,,14363000.0,,,,516326000,,,,,,,,,,9400000.0,,5327282000,998239000,,,,,250706000.0,,,,,,,1284550000,,,,,104726000.0,,-310704000.0,,250741000.0,,119601000,,,4.0,167795000,28994000,8484000.0,9400000.0,116700000.0,38500000.0,78200000.0,9600000.0,117500000.0,126100000.0,38400000.0,7200000.0,15000000.0,22900000.0,32900000.0,9700000.0,,0.035,72063000,,,152445000,,,,172239000,,,15000.0,,,28272000,2520000.0,98543000.0,257658000,,,,,383313000.0,,,,700000000.0,730618000,,45512000,,5453569000,3539738000,,,,1045100000.0,250000000.0,,2089627000.0,,,23700000.0,,,,267481000.0,,13571000,,,,,,,,,,,,,,2203764000,,,-2520000.0,,,,,,500000000.0,,,371000000.0,,,,,,0.0,,,49500000.0,,,5300000.0,,,,40900000.0,,,109664000,108730000,,,,,,,,
2019-07-26,False,106768145,,,640324000,1040153000,,1957782000,0.0,,14732000.0,,,,,3500000.0,,5420739000,1384364000,,,45800000.0,47920000.0,6875000,-725000.0,,,0.26,,,,,,,,2068554000,,,,,,,,32601000,,,,,,,,,,,,,,,,,,,,,676062000.0,,,,,,123995000,243924000.0,8578000,13565000.0,28006000.0,1.24,1.23,,0.251,59282000,,,,,26700000.0,,12100000.0,10800000.0,10800000.0,11200000.0,12700000.0,131800000.0,105100000.0,118037000,,-5042000,46539000.0,88300000.0,0.0,,,178330000.0,,,44697000,,15794000,,,,,,,,,,,33015000,-20512000,,-40512000,,34931000.0,,23403000,783000.0,1000000.0,,193403000.0,14763000.0,,,,20046000.0,,,,535147000,,,,,,,,,,9700000.0,,5420739000,1061522000,,,,,0.0,,,,,,,1372143000,,,,,-33467000.0,,-573919000.0,,606661000.0,,133633000,,,4.0,193093000,52013000,,10700000.0,123400000.0,41500000.0,81900000.0,10900000.0,124300000.0,133100000.0,41700000.0,7600000.0,15800000.0,24600000.0,34500000.0,8900000.0,,0.035,84247000,,,164887000,,,,175656000,,,45000.0,189734000.0,,56278000,,98543000.0,555131000,,,,,337336000.0,,,,700000000.0,1334499000,,79800000,,5635867000,3678085000,,,,1570400000.0,250000000.0,,2261647000.0,,,16500000.0,,,,277669000.0,,28304000,,,,,,,,,,,,,,2135356000,,,967000.0,,,,,,500000000.0,,,181000000.0,,,,,,1980000.0,,189734000.0,50200000.0,,,6100000.0,,,,41500000.0,,,108373000,107387000,,,,,,,,
2019-11-01,False,106577902,,,654959000,1051027000,,1964927000,0.0,,13850000.0,,,,,3500000.0,,5386337000,1383456000,,,45800000.0,26934000.0,75132000,67532000.0,,,0.26,,,,,,,,2195798000,,,,,,,,644000,,,,,,,,,,,,,,,,,,,,,644105000.0,,,,,,126803000,370728000.0,8639000,14266000.0,27809000.0,1.11,1.1,,0.239,66692000,,,,,30200000.0,,12400000.0,10800000.0,10800000.0,11200000.0,12700000.0,131800000.0,101600000.0,114764000,,-9085000,49077000.0,88300000.0,0.0,,,155505000.0,,,37095000,,33738000,,,,,,,,,,,64578000,-9579000,,-61130000,,89975000.0,,-16356000,-4749000.0,1000000.0,,189863000.0,12357000.0,,,,42111000.0,,,,554872000,,,131100000.0,8300000.0,6400000.0,15200000.0,24200000.0,34200000.0,42800000.0,9200000.0,,5386337000,1075024000,,,,,0.0,,,,,,,1293312000,,,,,-185147000.0,,-684916000.0,,937595000.0,,118410000,,,4.0,167862000,43956000,,11800000.0,121900000.0,42200000.0,79700000.0,12100000.0,122800000.0,,,,,,,,,0.035,71615000,,,162656000,,,,180367000,,,77000.0,225680000.0,,84087000,,98232000.0,722371000,,,,,257297000.0,,,,700000000.0,1590506000,,135764000,,5615289000,3650362000,,,,1904000000.0,250000000.0,,2363660000.0,,,8700000.0,,,,281758000.0,,42154000,,,,,,,,,,,,,,2193529000,,,-10332000.0,,,,,,500000000.0,,,145000000.0,,,,,,380000.0,,35946000.0,52400000.0,,,5300000.0,,,,43200000.0,,,107692000,106735000,,,,,,,,
2020-03-02,True,106258961,7700000000.0,230331000.0,602601000,1011829000,,2019940000,0.0,374049000.0,53324000.0,,,,,12400000.0,0.0,5470854000,1481299000,,302184000.0,,25505000.0,35000000,27400000.0,,,0.26,0.01,1000000000.0,167099432.0,106212908.0,1671000.0,,,8431433000,87977000.0,108958000.0,20981000.0,,,20400000.0,51229000.0,55617000,810231000.0,699078000.0,4388000.0,,118648000.0,,,111153000.0,,7495000.0,6357000.0,4925000.0,24521000.0,8052000.0,9867000.0,27180000.0,7495000.0,699078000.0,,39285000.0,,11916000.0,729016000.0,20800000.0,,0.0,499145000,499145000.0,34797000,55336000.0,111817000.0,1.36,1.35,,0.21,68220000,,0.0,,,33300000.0,13600000.0,,11700000.0,11700000.0,11700000.0,11900000.0,139800000.0,106500000.0,463195000,442183000.0,-13057000,191933000.0,96326000.0,0.0,,,680895000.0,,3200000.0,164575000,309200000.0,71681000,60900000.0,,0.0,142988000.0,1688000.0,-1238000.0,482000.0,19293000.0,1562000.0,200000.0,-85327000,-50310000,,-59361000,,41447000.0,,4975000,-20727000.0,,106506000.0,,54684000.0,,,,46721000.0,,21106000.0,1754000.0,2167851000,58692000.0,,133700000.0,10000000.0,5200000.0,14600000.0,24000000.0,35000000.0,44900000.0,9200000.0,3203825000.0,5470854000,1035766000,,,,,0.0,694000000.0,,248600000.0,,353100000.0,,1295740000,,,2700000.0,,-266985000.0,,-803962000.0,,1098347000.0,,144676000,,4.0,4.0,205074000,157251000,,43500000.0,,,,44500000.0,,117800000.0,34900000.0,,13700000.0,20700000.0,29900000.0,18600000.0,,0.0346,85355000,,,165857000,,,,173241000,,,111000.0,275657000.0,,111817000,,115654000.0,854115000,100.0,10000000.0,0.0,0.0,4837747000.0,183033000.0,,,700000000.0,1591014000,,165918000,,5640806000,3620866000,,,938000000.0,1904000000.0,250000000.0,4592938000.0,2450323000.0,,,61600000.0,,,263000000.0,279590000.0,,53324000,,,,,,,,,,,,,,2267029000,,,-16525000.0,,,,,,,,,95000000.0,,,,,60886524.0,2800000.0,2701629000.0,275657000.0,50600000.0,6500000.0,0.0,4800000.0,11000000.0,5400000.0,6100000.0,41800000.0,,978000.0,108307000,107329000,,,,,,,,
2020-05-01,False,105460633,,,497649000,978280000,,2064273000,,,18063000.0,,,,,,,5380042000,1397969000,,,,22395000.0,48454000,13454000.0,,,0.27,,,,,,,,2126085000,,,,,,,,15470000,,714548000.0,,,,,,,,,,,,,,,,,,,,,,,,,130095000,130095000.0,8031000,13312000.0,28688000.0,0.99,0.98,,0.265,75736000,,,,,,,,,,,,,,101123000,,-1472000,45165000.0,,,,,142705000.0,,,37871000,,1173000,,,,,,,,,,,-5392000,-33549000,,-15438000,,23066000.0,,60029000,-7938000.0,1000000.0,,,12036000.0,,,,21673000.0,,,,574249000,,,,,,,,,,,,5380042000,909376000,,,,,,,,,,,,1302756000,,,,,-107001000.0,,-128708000.0,,249163000.0,,104834000,,,5.0,154741000,32361000,,,,,,,,,,,,,,,,,70451000,,,164336000,,,,170944000,,,-28000.0,75193000.0,,28688000,,0.0,166814000,,,,,199437000.0,371235000.0,,,0.0,220607000,,38078000,,5682573000,3618300000,,,,220100000.0,0.0,,2280826000.0,,,,,,,265540000.0,,18063000,,,,,,,,,,,,,,2282418000,,,-3627000.0,,,,,,500000000.0,,,520000000.0,,,,,,800000.0,,75193000.0,52900000.0,,,4200000.0,,,,43600000.0,,,106950000,105985000,,,,,,,,
2020-07-28,False,105507223,,,513517000,950636000,,2104148000,,,16002000.0,,,,,,,5553632000,1544697000,,,,22344000.0,274654000,239654000.0,,0.27,0.27,,,,,,,,1970390000,,,,,,,,621000,,699698000.0,,,,,,,,,,,,,,,,,,,,,,,,,130298000,260393000.0,8001000,13567000.0,28487000.0,1.15,1.14,,0.25,98692000,,,,,,,,,,,,,,75459000,,-2442000,44599000.0,,,,,162365000.0,,,40667000,,31319000,,,,,,,,,,,10526000,-61193000,,9167000,,46964000.0,,26446000,-9060000.0,1100000.0,,,12818000.0,,,,29771000.0,,,,554136000,,,,,,,,,,,,5553632000,970682000,,,,,,,,,,,,1307019000,,,,,-135770000.0,,-264526000.0,,639950000.0,,121698000,,,5.0,175183000,30899000,,,,,,,,,,,,,,,,,88648000,,,186497000,,,,185390000,,,-88000.0,75193000.0,,57175000,,0.0,342309000,,,,,196042000.0,319407000.0,,,0.0,221113000,,77695000,,5730544000,3626396000,,,,220100000.0,0.0,,2145573000.0,,,,,,,269825000.0,,34065000,,,,,,,,,,,,,,2390843000,,,-788000.0,,,,,,500000000.0,,,520000000.0,,,,,,0.0,,0.0,54300000.0,,,5000000.0,,,,44700000.0,,,106580000,105505000,,,,,,,,
2020-10-29,False,105678955,,,603523000,1121825000,,2159710000,,,14594000.0,,,,,,,5779062000,1728598000,,,,36010000.0,318549000,,283549000.0,0.27,0.27,,,,,,,,2297020000,,,,,,,,12223000,,711301000.0,,,,,,,,,,,,,,,,,,,,,,,,,132392000,392786000.0,8678000,13696000.0,28533000.0,1.19,1.18,,0.233,145110000,,,,,,,,,,,,,,87350000,,-2255000,41894000.0,,,,,163608000.0,,,38112000,,58497000,,,,,,,,,,,86867000,109996000,,44182000,,45411000.0,,-7910000,-5440000.0,1100000.0,,,11895000.0,,,,47095000.0,,,,594162000,,,,,,,,,,,,5779062000,1095423000,,,,,,,,,,,,1303353000,,,,,-178773000.0,,-448672000.0,,910994000.0,,125496000,,,5.0,175503000,35412000,,,,,,,,,,,,,,,,,73702000,,,175412000,,,,181561000,,,-49000.0,75193000.0,,85708000,,0.0,559763000,,,,,192648000.0,288224000.0,,,0.0,221618000,,111042000,,5842114000,3682404000,,,,220100000.0,0.0,,2472523000.0,,,,,,,273088000.0,,48658000,,,,,,,,,,,,,,2487424000,,,-14976000.0,,,,,,500000000.0,,,520000000.0,,,,,,800000.0,,0.0,55200000.0,,,5500000.0,,,,45400000.0,,,106798000,105653000,,,,,,,,
2021-02-23,True,83657096,10100000000.0,185849000.0,587510000,1124403000,,2219816000,0.0,408244000.0,60698000.0,,,5600000.0,500000.0,13800000.0,,5928348000,1842117000,,307869000.0,,12533000.0,313302000,,278302000.0,1.08,0.27,0.01,1000000000.0,167099432.0,105653644.0,1671000.0,,,8923454000,138952000.0,167046000.0,28094000.0,,,23100000.0,-2392000.0,-7056000,829212000.0,692022000.0,-4664000.0,,145650000.0,,,137190000.0,,8460000.0,4237000.0,10809000.0,25702000.0,9270000.0,10312000.0,24304000.0,8460000.0,692022000.0,,42126000.0,,5251000.0,748883000.0,24500000.0,,,527375000,527375000.0,33511000,54331000.0,114234000.0,1.46,1.44,,0.21,130943000,,0.0,,,47100000.0,14000000.0,,13600000.0,13700000.0,13700000.0,13700000.0,153900000.0,106800000.0,357483000,547034000.0,-4389000,180083000.0,105367000.0,0.0,,,666025000.0,,2900000.0,159990000,,95454000,3100000.0,,0.0,139865000.0,1344000.0,-3503000.0,2115000.0,20071000.0,98000.0,0.0,-5482000,109758000,,69932000,,57851000.0,,18038000,-9072000.0,,106755000.0,,47580000.0,,,,48351000.0,,23804000.0,486000.0,2347716000,62145000.0,,144900000.0,15500000.0,6400000.0,12400000.0,23900000.0,37600000.0,49100000.0,9400000.0,3328210000.0,5928348000,1084803000,,,,,,,,,249100000.0,,361300000.0,1305424000,,,3800000.0,4991662000.0,-231600000.0,,-612957000.0,,1122859000.0,,154007000,,5.0,5.0,207691000,134482000,,50200000.0,,,,49700000.0,,,,,,,,,,0.0305,90294000,,,185215000,,,,245961000,,,52000.0,92548000.0,,114234000,,12136000.0,738545000,100.0,10000000.0,0.0,0.0,,194759000.0,,,0.0,222124000,,137776000,,5908710000,3688894000,,,1120000000.0,220100000.0,0.0,4984739000.0,2737652000.0,,,57000000.0,,,257000000.0,276056000.0,,60698000,,,,,,,,,,,,,,2600138000,,,-26842000.0,,,,,,,,,503000000.0,,,,,61445788.0,942000.0,2794516000.0,92548000.0,66100000.0,6500000.0,1000000.0,5600000.0,9800000.0,13900000.0,7200000.0,57100000.0,,1066000.0,106766000,105700000,,,,,,,,
2021-05-03,False,105671006,,,641887000,1219162000,,2302310000,,,14967000.0,,15600000.0,,3400000.0,,,6162606000,2131999000,,,,23630000.0,552970000,,239668000.0,0.28,0.28,,,,,,,,2410497000,,,,,,,,30996000,,723018000.0,,,,,,,,,,,,,,,,,,,,,,,,,137545000,137545000.0,9146000,13814000.0,29597000.0,1.39,1.37,,0.251,161311000,,,,,,,,,,,,,,113040000,,-1147000,44891000.0,,,,,195628000.0,,,49022000,,3779000,,,,,,,,,,,43280000,94759000,,11797000,,12156000.0,,-46385000,2242000.0,1100000.0,,208399000.0,12024000.0,,,,21343000.0,,,,620032000,,,,,,,,,,,,6162606000,1166400000,,,,,,,,,,,,1301430000,,,,,-39140000.0,,-85850000.0,,364658000.0,,146606000,,,5.0,207652000,38030000,,,,,,,,,,,,,,,,,83887000,,,171287000,,,,249692000,,,-4000.0,5239000.0,,29597000,,,108775000,,,,,359867000.0,,,,,505000,,22921000,,5953231000,3650921000,600000.0,,,0.0,,,2618149000.0,,,,,,,279315000.0,,14967000,,,,,,,,,,,,,,2722066000,,,-4809000.0,,,,,,500000000.0,,,498000000.0,,,,,,34000.0,,5239000.0,68200000.0,,,6400000.0,,,,58800000.0,,,106816000,105678000,,,,,,,,
2021-08-03,False,105196031,,,674856000,1293924000,,2390467000,,,16498000.0,,16300000.0,,200000.0,,,6323394000,2209299000,,,,50606000.0,570918000,,257616000.0,0.3,0.3,,,,,,,,2666824000,,,,,,,,36945000,,728968000.0,,,,,,,,,,,,,,,,,,,,,,,,,139371000,276916000.0,8668000,14209000.0,31704000.0,1.63,1.61,,0.25,174718000,,,,,,,,,,,,,,126841000,,-2359000,47505000.0,,,,,229487000.0,,,57325000,,92368000,,,,,,,,,,,49273000,169521000,,30474000,,-26359000.0,,-85657000,7359000.0,1300000.0,,204886000.0,12059000.0,,,,24341000.0,,,,665471000,,,,,,,,,,,,6323394000,1228355000,,,,,,,,,,,,1303467000,,,,,-150333000.0,,-260799000.0,,668748000.0,,172162000,,,5.0,241546000,35508000,,,,,,,,,,,,,,,,,96450000,,,191481000,,,,263576000,,,88000.0,86580000.0,,61301000,,,306727000,,,,,344457000.0,,,,,1011000,,46016000,,6108195000,3717728000,800000.0,,,0.0,,,2908370000.0,,,,,,,282331000.0,,31466000,,,,,,,,,,,,,,2799028000,,,1347000.0,,,,,,500000000.0,,,416000000.0,,,,,,484000.0,,81341000.0,70400000.0,,,7200000.0,,,,60500000.0,,,106816000,105509000,,,,,,,,
2021-10-28,False,105013893,,,749071000,1442948000,,2495557000,,,15946000.0,,17000000.0,,300000.0,,,6513190000,2265147000,,,,72459000.0,529595000,,216293000.0,0.3,0.3,,,,,,,,2870983000,,,,,,,,38566000,,730588000.0,,,,,,,,,,,,,,,,,,,,,,,,,138923000,415839000.0,8450000,15464000.0,31590000.0,1.9,1.88,,0.237,163940000,,,,,,,,,,,,,,139155000,,-2317000,50266000.0,,,,,261852000.0,,,62023000,,140992000,,,,,,,,,,,101636000,318545000,,-1373000,,-16976000.0,,-131753000,10464000.0,1300000.0,,201706000.0,11977000.0,,,,45643000.0,,,,711694000,,,,,,,,,,,,6513190000,1644627000,,,,,354755000.0,,,,,,,944887000,,,,,-242402000.0,,-511154000.0,,969849000.0,,199829000,,,5.0,273829000,41254000,,,,,,,,,,,,,,,,,88724000,,,191753000,,,,270860000,,,79000.0,136917000.0,,92891000,,,572717000,,,,,292604000.0,,,,,1516000,,61642000,,6350141000,3854584000,1100000.0,,,0.0,,,3144812000.0,,,,,,,288137000.0,,47411000,,,,,,,,,,,,,,2922228000,,,-10649000.0,,,,,,500000000.0,,,366000000.0,,,,,,286000.0,,50336000.0,72800000.0,,,8000000.0,,,,62400000.0,,,106436000,105173000,,,,,,,,
2022-02-25,True,104850002,13600000000.0,216615000.0,772736000,1506619000,,2612661000,0.0,448217000.0,61505000.0,,,2600000.0,4200000.0,14300000.0,,6794348000,2313369000,,318222000.0,,60464000.0,355549000,,42247000.0,1.18,0.3,0.01,1000000000.0,167099432.0,105093706.0,1671000.0,,,11122772000,142542000.0,185546000.0,43004000.0,,,26000000.0,43900000.0,53420000,905037000.0,745442000.0,9520000.0,,166898000.0,,,159595000.0,,7303000.0,5549000.0,22061000.0,28937000.0,8886000.0,12870000.0,27487000.0,7303000.0,745442000.0,,44132000.0,,0.0,816744000.0,28100000.0,,,557093000,557093000.0,34865000,59462000.0,124442000.0,7.22,7.14,,0.21,190950000,,0.0,,,61300000.0,13500000.0,,,13100000.0,13200000.0,,151900000.0,90600000.0,530642000,,-5540000,195616000.0,100521000.0,,,,999772000.0,,3500000.0,238966000,,203740000,33700000.0,,,209952000.0,130000.0,-7583000.0,1492000.0,37223000.0,-724000.0,1524000.0,140295000,382216000,,-16848000,,-30633000.0,,15252000,35051000.0,,90572000.0,,46251000.0,,,,47016000.0,,25032000.0,493000.0,2761680000,67540000.0,,190500000.0,37800000.0,10800000.0,16800000.0,25700000.0,40800000.0,58600000.0,8200000.0,3676532000.0,6794348000,1729600000,,,,,355972000.0,,356000000.0,695900000.0,,249300000.0,,945257000,,,5000000.0,5667131000.0,-304633000.0,,-877018000.0,,1223898000.0,,760806000,,5.0,5.0,1045530000,165052000,,58600000.0,,,,59500000.0,,,,,,,,,,0.0197,102732000,,,222231000,,,,256233000,,,0.0,151720000.0,,124442000,,0.0,947563000,100.0,10000000.0,0.0,0.0,209554000.0,,,,0.0,0,,70545000,,6680316000,4067655000,,,1880000000.0,0.0,0.0,5621103000.0,12168302000.0,,,101900000.0,,,287000000.0,307210000.0,,61505000,,,,,,,,,,,,,,3117816000,,,-28471000.0,,,,,,,,,351100000.0,,,,,62005726.0,879000.0,2953175000.0,151720000.0,78500000.0,6500000.0,900000.0,6400000.0,14900000.0,4800000.0,6400000.0,67200000.0,,1234000.0,106593000,105359000,55137000.0,,,,,,,
2022-05-02,False,104783408,,,854879000,1745647000,,2716061000,0.0,,19141000.0,,16300000.0,,100000.0,3800000.0,,7031941000,2269797000,,,,52195000.0,144529000,,-211020000.0,0.4,0.4,,,,,,,,3154294000,,,,,,,,8285000,,753727000.0,,,,,,,,,,,,,,,,,,,,,,,,,148763000,148763000.0,8868000,15749000.0,41940000.0,2.32,2.29,,0.244,143181000,,,,,65100000.0,18400000.0,17600000.0,,16300000.0,17100000.0,17600000.0,193800000.0,128700000.0,189466000,,17262000,37447000.0,112900000.0,,,,321708000.0,,,78383000,,22153000,,,,,,,,,,,86959000,232920000,,-65746000,,33688000.0,,-35734000,13357000.0,1200000.0,,241633000.0,12586000.0,,,,20974000.0,,,,763591000,,,,,,,,,,,,7031941000,1784730000,,,,,351214000.0,,,,,,,945628000,,,,,-126740000.0,,-376065000.0,,291785000.0,,243325000,,,5.0,334294000,46131000,,,,,,,,,,,,,,,,,125507000,,,286245000,,,,294314000,,,0.0,75018000.0,,41940000,,86939000.0,309338000,,,,,379621000.0,,,,,0,,20212000,,6950327000,4234266000,400000.0,,,,,,3488588000.0,,,,,,,309949000.0,,19141000,,,,,,,,,,,,,,3253542000,,,-9782000.0,,,,,,500000000.0,,,276000000.0,,,,,,382000.0,,75018000.0,81600000.0,,,7100000.0,,,,69600000.0,,,106075000,104894000,18461000.0,144529000.0,,,,,,
2022-07-29,False,103813143,,,886617000,1776773000,,2846384000,0.0,,20443000.0,,,,,4800000.0,,7252562000,2281918000,,,,90490000.0,123841000,,-231708000.0,0.4,0.4,,,,,,,,3484449000,,,,,,,,65189000,,810631000.0,,,,,,,,,,,,,,,,,,,,,,,,,157571000,306334000.0,8866000,16323000.0,41735000.0,2.45,2.42,,0.25,185829000,,,,,69800000.0,19400000.0,18200000.0,,17100000.0,17900000.0,18200000.0,194600000.0,124800000.0,265636000,,20667000,59764000.0,111700000.0,,,,340241000.0,,,84899000,,111641000,,,,,,,,,,,83856000,262943000,,-37201000,,-13915000.0,,-61653000,24905000.0,1100000.0,,236489000.0,12842000.0,,,,21335000.0,,,,841825000,,,,,,,,,,,,7252562000,1870065000,,,,,349955000.0,,,,,,,945999000,,,,,-331202000.0,,-685033000.0,,784527000.0,,255342000,,,5.0,353083000,87258000,,,,,,,,,,,,,,,,,122906000,,,286460000,,,,301003000,,,0.0,239340000.0,,83674000,,86939000.0,667742000,,,,,381304000.0,,,,,0,,69648000,,7294079000,4447695000,,,,,,,3837532000.0,,,,,,,324758000.0,,39584000,,,,,,,,,,,,,,3324864000,,,1594000.0,,,,,,500000000.0,,,112000000.0,,,,,,979000.0,,164322000.0,84800000.0,,,8100000.0,,,,72200000.0,,,105387000,104252000,39066000.0,123841000.0,30000000.0,,,,,
2022-11-04,False,103537423,,,838859000,1726155000,,2972231000,0.0,,20153000.0,,,,,4800000.0,,7431559000,2152416000,,,,70903000.0,84334000,,-271215000.0,0.4,0.4,,,,,,,,3476029000,,,,,,,,90463000,,835905000.0,,,,,,,,,,,,,,,,,,,,,,,,,166580000,472914000.0,9067000,17082000.0,41554000.0,2.6,2.57,,0.227,208707000,,,,,74700000.0,19500000.0,18200000.0,,17200000.0,18000000.0,18300000.0,195500000.0,120800000.0,242379000,,20970000,62815000.0,,,,,348666000.0,,,79284000,,156304000,,,,,,,,,,,55640000,212325000,,-48969000,,-7616000.0,,-102506000,34322000.0,1200000.0,,241443000.0,13562000.0,,,,48694000.0,,,,887723000,,,,,,,,,,,,7431559000,1500724000,,,,1243800000.0,0.0,,,,,,,1243814000,,,,,-490492000.0,,-1136129000.0,,1355406000.0,,269382000,,,5.0,362228000,60189000,,,,,,,,,,,,,,,,,112951000,,,329693000,,,,346007000,,,0.0,300030000.0,,125228000,,118101000.0,1087881000,,,,,341927000.0,,,,,1035200000,,69853000,,7680238000,4708007000,,,,735200000.0,350000000.0,,3838257000.0,,,,,,,340207000.0,,59737000,,,,,,,,,,,,,,3505109000,,,-7046000.0,,,,,,500000000.0,,,551000000.0,,,,,,349000.0,,60690000.0,87800000.0,,,9000000.0,,,,74500000.0,,,104924000,103757000,61656000.0,84334000.0,30000000.0,120600000.0,,,,
2023-02-24,True,103770366,13000000000.0,330764000.0,798776000,1528075000,,3019663000,0.0,499897000.0,77535000.0,,,9000000.0,3500000.0,18200000.0,,7786582000,2211778000,,382007000.0,,107474000.0,51927000,,-303622000.0,1.6,0.4,0.01,1000000000.0,167099432.0,103743382.0,1671000.0,,,13482446000,85855000.0,136933000.0,51078000.0,,,25100000.0,172334000.0,175089000,1138922000.0,920531000.0,2755000.0,,225156000.0,,,218391000.0,,6765000.0,7361000.0,30492000.0,28249000.0,10230000.0,16280000.0,54047000.0,6765000.0,920531000.0,,55132000.0,,,1011963000.0,32500000.0,,,644520000,644520000.0,36707000,68230000.0,166724000.0,9.31,9.21,,0.21,188252000,,0.0,,,69100000.0,19500000.0,,13400000.0,17200000.0,18000000.0,18300000.0,185000000.0,115900000.0,931710000,,25422000,215361000.0,,,,,1281373000.0,,4300000.0,312022000,,195827000,102700000.0,,,269088000.0,294000.0,-7584000.0,1200000.0,41624000.0,1561000.0,-5839000.0,-23838000,13950000,,-75170000,,-69025000.0,,83892000,117887000.0,,115941000.0,,51249000.0,,,,50433000.0,,40602000.0,1069000.0,3373063000,88699000.0,,327800.0,52700.0,27000.0,40600.0,54300.0,66100.0,87100.0,18300.0,4119814000.0,7786582000,1568231000,,,,1261700000.0,0.0,,,314700000.0,697300000.0,,249700000.0,1261738000,,,5000000.0,6815776000.0,-530434000.0,,-1550070000.0,,1776882000.0,,969351000,,5.0,5.0,1331553000,318123000,,87700000.0,,,,87600000.0,,,,,,,,,,0.0227,129054000,,,358597000,,,,369314000,,,0.0,300030000.0,,166724000,,118175000.0,1540796000,100.0,10000000.0,0.0,0.0,260410000.0,,,,,1738100000,,108901000,,7999480000,4979817000,,,2370000000.0,1420600000.0,350000000.0,6423730000.0,14813999000.0,,,213900000.0,,,427000000.0,452149000.0,,77535000,,,,,,,,,,,,,,3666768000,,,-31180000.0,,,,,,,,,551100000.0,,,,,63356050.0,1710000.0,3258530000.0,300030000.0,89100000.0,,8000000.0,7900000.0,25800000.0,2800000.0,10000000.0,72600000.0,,1135000.0,105276000,104141000,83797000.0,,94000000.0,120449000.0,,,,
2023-04-28,False,103647731,,,749774000,1382896000,,2965980000,,,19248000.0,,,,,,,7790402000,1988927000,,,,134578000.0,52604000,,677000.0,0.42,0.42,,,,,,,,2952099000,,,,,,,,1446000,,921977000.0,,,,,,,,,,,,,,,,,,,,,,,,,175812000,175812000.0,10456000,18108000.0,43584000.0,1.91,1.89,,0.247,96961000,,,,,,,,,,,,,,195834000,,-6038000,60404000.0,,,,,262700000.0,,,64932000,,7455000,,,,,,,,,,,-76106000,-145179000,,-127538000,,52951000.0,,-52886000,17085000.0,1000000.0,,231518000.0,14789000.0,,,,24577000.0,,,,824999000,,,,,,,,,,,,7790402000,1703583000,,,,991700000.0,249785000.0,,,,,,,991710000,,,,,-107113000.0,,-379831000.0,,487621000.0,,197768000,,,5.0,277489000,70328000,,,,,,,,,,,,,,,,,121440000,,,372159000,,,,375761000,,,,30849000.0,,43584000,,0.0,461314000,,,,,553427000.0,,,,,945400000,,81483000,,8163778000,5197798000,,,,966100000.0,,,3229588000.0,,,,,,,485623000.0,,19248000,,,,,,,,,,,,,,3797371000,,,-11980000.0,,,,,,500000000.0,,,520000000.0,,,,,,183000.0,,30849000.0,92200000.0,,,8900000.0,,,,77200000.0,,,104729000,103724000,22852000.0,,,,52604000.0,,,
2023-07-27,False,103344606,,,767428000,1286244000,,2940246000,,,20597000.0,,,,,,,8247732000,2137580000,,,,130618000.0,295929000,,244002000.0,0.42,0.42,,,,,,,,2861911000,,,,,,,,58264000,,978795000.0,,,,,,,,,,,,,,,,,,,,,,,,,179972000,355784000.0,10366000,18951000.0,43528000.0,1.83,1.81,,0.26,119898000,,,,,,,,,,,,,,171846000,,-9558000,61472000.0,,,,,256108000.0,,,66556000,,56313000,,,,,,,,,,,-54492000,-241832000,,-111230000,,11217000.0,,-99983000,12365000.0,1000000.0,,226646000.0,14604000.0,,,,29935000.0,,,,821876000,,,,,,,,,,,,8247732000,1768524000,,,,1195300000.0,249844000.0,,,,,,,1195309000,,,,,490000.0,,-853778000.0,,1097290000.0,,189552000,,,5.0,270712000,63893000,,,,,,,,,,,,,,,,,139132000,,,399425000,,,,393181000,,,,83935000.0,,87112000,,0.0,1058970000,,,,,555407000.0,,,,,2093600000,,205192000,,8424327000,5484081000,,,,1911100000.0,,,3132623000.0,,,,,,,492222000.0,,39845000,,,,,,,,,,,,,,3911923000,,,1017000.0,,,,,,500000000.0,,,467000000.0,,,,,,315000.0,,53086000.0,94500000.0,,,10000000.0,,,,79100000.0,,,104566000,103562000,46844000.0,,,,295929000.0,,,
2023-10-27,False,103142805,,,808803000,1369974000,,2942438000,0.0,,20673000.0,,,,,4900000.0,,8372970000,1970174000,,,,75348000.0,75198000,,23271000.0,0.42,0.42,,,,,,,,2922037000,,,,,,,,65989000,,986520000.0,,,,,,,,,,,,,,,,,,,,,,,,,187714000,543498000.0,10245000,18739000.0,43431000.0,1.81,1.8,,0.182,98438000,,,,,83700000.0,22600000.0,20500000.0,,17600000.0,21500000.0,22300000.0,226900000.0,143200000.0,195962000,,-17244000,69413000.0,,,,,229130000.0,,,41699000,,115145000,,,,,,,,,,,-7564000,-224387000,,-175724000,,-2366000.0,,-165622000,-8510000.0,1100000.0,,276046000.0,12586000.0,,,,56189000.0,,,,803187000,,,,,,,,,,,,8372970000,1779076000,,,,1195700000.0,249902000.0,,,,,,,1195708000,,,,,-101436000.0,,-1404905000.0,,1529612000.0,,187431000,,,5.0,241716000,62675000,,,,,,,,,,,,,,,,,140970000,,,408981000,,,,393564000,,,,135036000.0,,130544000,,85000000.0,1558587000,,,,,525002000.0,,,,,2093600000,,238682000,,8660207000,5717769000,,,,1911100000.0,0.0,,3163753000.0,,,,,,,480963000.0,,60518000,,,,,,,,,,,,,,4018102000,,,-7393000.0,,,,,,500000000.0,,,416000000.0,,,,,,267000.0,,51101000.0,81300000.0,,,9300000.0,,,,65500000.0,,,104394000,103302000,71766000.0,,,132800000.0,75198000.0,,,
2024-02-23,True,103298462,15000000000.0,354968000.0,737364000,1334912000,,2993959000,0.0,549132000.0,79189000.0,,,9000000.0,6700000.0,20500000.0,,8538260000,2084912000,,462536000.0,,44692000.0,53344000,,1417000.0,1.68,0.42,0.01,1000000000.0,167099432.0,103220027.0,1671000.0,,,11836469000,146595000.0,190923000.0,44328000.0,,,31600000.0,23544000.0,15677000,1203218000.0,936208000.0,-7867000.0,,272488000.0,,,267010000.0,,5478000.0,7673000.0,8003000.0,36309000.0,10766000.0,17491000.0,104720000.0,5478000.0,936208000.0,,63880000.0,,,1057922000.0,34300000.0,,,737954000,737954000.0,42351000,74996000.0,173898000.0,7.04,6.97,,0.21,94563000,,0.0,,,89700000.0,22600000.0,,11400000.0,17300000.0,21300000.0,22300000.0,223600000.0,133900000.0,751497000,,-27806000,274564000.0,,,,,934887000.0,,5300000.0,206600000,,135385000,40700000.0,,,196326000.0,2331000.0,-7442000.0,1819000.0,28997000.0,-193000.0,622000.0,-48346000,-259449000,,-194196000,,62054000.0,,39351000,18429000.0,,133896000.0,,65933000.0,,,,65561000.0,,42186000.0,7624000.0,3257484000,258144000.0,,384100000.0,48000000.0,29500000.0,47700000.0,66900000.0,90100000.0,101900000.0,31300000.0,4434502000.0,8538260000,1779421000,,,,1326100000.0,249961000.0,,250000000.0,,627900000.0,698200000.0,,1326107000,,,3600000.0,7293093000.0,-57986000.0,,-1685215000.0,,1744618000.0,,728287000,,5.0,5.0,993196000,315678000,,106800000.0,,,,106200000.0,,,,,,,,,,0.0373,150256000,,,411482000,,,,392766000,,,,159576000.0,,173898000,,85000000.0,1862431000,100.0,10000000.0,0.0,0.0,299502000.0,,,,,2223600000,,262216000,,8767872000,5773913000,,,1300000000.0,1911100000.0,0.0,6978119000.0,12829665000.0,,,159700000.0,,,523000000.0,547277000.0,,79189000,,,,,,,,,,,,,,4103758000,,,-37012000.0,,,,,,,,,391500000.0,,,,,,902100.0,,159576000.0,80900000.0,,14600000.0,9000000.0,16200000.0,500000.0,10300000.0,65600000.0,,1011000.0,104451000,103440000,97666000.0,,,134057000.0,53344000.0,14616000.0,63879405.0,3425164000.0
