filing_date,annual,EntityCommonStockSharesOutstanding_shares,EntityListingParValuePerShare_USD/shares,EntityNumberOfEmployees_employee,EntityPublicFloat_USD,AccountsPayableCurrent_USD,AccountsReceivableNetCurrent_USD,AccruedEmployeeBenefitsCurrent_USD,AccruedLiabilitiesCurrent_USD,AccruedLiabilitiesCurrentAndNoncurrent_USD,AccruedMarketingCostsCurrent_USD,AccumulatedDepreciationDepletionAndAmortizationPropertyPlantAndEquipment_USD,AccumulatedOtherComprehensiveIncomeLossDefinedBenefitPensionAndOtherPostretirementPlansNetOfTax_USD,AccumulatedOtherComprehensiveIncomeLossForeignCurrencyTranslationAdjustmentNetOfTax_USD,AccumulatedOtherComprehensiveIncomeLossNetOfTax_USD,AdditionalPaidInCapital_USD,AdditionalPaidInCapitalCommonStock_USD,AdjustmentsRelatedToTaxWithholdingForShareBasedCompensation_USD,AdjustmentsToAdditionalPaidInCapitalShareBasedCompensationStockOptionsRequisiteServicePeriodRecognition_USD,AdjustmentsToAdditionalPaidInCapitalSharebasedCompensationAndExerciseOfStockOptions_USD,AllocatedShareBasedCompensationExpense_USD,AllocatedShareBasedCompensationExpenseNetOfTax_USD,AllowanceForDoubtfulAccountsReceivableCurrent_USD,AmortizationOfFinancingCosts_USD,AmortizationOfIntangibleAssets_USD,AntidilutiveSecuritiesExcludedFromComputationOfEarningsPerShareAmount_shares,Assets_USD,AssetsCurrent_USD,CapitalExpendituresIncurredButNotYetPaid_USD,CapitalLeaseObligations_USD,CapitalLeaseObligationsCurrent_USD,CapitalLeaseObligationsNoncurrent_USD,CapitalLeasesFutureMinimumPaymentsDue_USD,CapitalLeasesFutureMinimumPaymentsDueCurrent_USD,CapitalLeasesFutureMinimumPaymentsDueInFiveYears_USD,CapitalLeasesFutureMinimumPaymentsDueInFourYears_USD,CapitalLeasesFutureMinimumPaymentsDueInThreeYears_USD,CapitalLeasesFutureMinimumPaymentsDueInTwoYears_USD,CapitalLeasesFutureMinimumPaymentsDueThereafter_USD,CapitalLeasesFutureMinimumPaymentsInterestIncludedInPayments_USD,CapitalLeasesFutureMinimumPaymentsRemainderOfFiscalYear_USD,CashAndCashEquivalentsAtCarryingValue_USD,CashAndCashEquivalentsPeriodIncreaseDecrease_USD,CashCashEquivalentsRestrictedCashAndRestrictedCashEquivalents_USD,CashCashEquivalentsRestrictedCashAndRestrictedCashEquivalentsPeriodIncreaseDecreaseIncludingExchangeRateEffect_USD,CashEquivalentsAtCarryingValue_USD,CommonStockDividendsPerShareDeclared_USD/shares,CommonStockParOrStatedValuePerShare_USD/shares,CommonStockSharesAuthorized_shares,CommonStockSharesIssued_shares,CommonStockSharesOutstanding_shares,CommonStockValue_USD,ComprehensiveIncomeNetOfTax_USD,ComprehensiveIncomeNetOfTaxAttributableToNoncontrollingInterest_USD,ComprehensiveIncomeNetOfTaxIncludingPortionAttributableToNoncontrollingInterest_USD,CostOfGoodsAndServicesSold_USD,CostOfGoodsSold_USD,CostOfRevenue_USD,CumulativeEffectOnRetainedEarningsNetOfTax1_USD,CurrentFederalTaxExpenseBenefit_USD,CurrentForeignTaxExpenseBenefit_USD,CurrentIncomeTaxExpenseBenefit_USD,CurrentStateAndLocalTaxExpenseBenefit_USD,DebtInstrumentCarryingAmount_USD,DebtInstrumentFaceAmount_USD,DebtLongtermAndShorttermCombinedAmount_USD,DecreaseInUnrecognizedTaxBenefitsIsReasonablyPossible_USD,DeferredCompensationLiabilityCurrentAndNoncurrent_USD,DeferredFederalIncomeTaxExpenseBenefit_USD,DeferredFinanceCostsGross_USD,DeferredFinanceCostsNet_USD,DeferredForeignIncomeTaxExpenseBenefit_USD,DeferredIncomeTaxAssetsNet_USD,DeferredIncomeTaxExpenseBenefit_USD,DeferredIncomeTaxesAndTaxCredits_USD,DeferredIncomeTaxLiabilities_USD,DeferredIncomeTaxLiabilitiesNet_USD,DeferredStateAndLocalIncomeTaxExpenseBenefit_USD,DeferredTaxAssetsDeferredIncome_USD,DeferredTaxAssetsGoodwillAndIntangibleAssets_USD,DeferredTaxAssetsGross_USD,DeferredTaxAssetsInventory_USD,DeferredTaxAssetsLiabilitiesNetNoncurrent_USD,DeferredTaxAssetsNet_USD,DeferredTaxAssetsOperatingLossCarryforwards_USD,DeferredTaxAssetsOther_USD,DeferredTaxAssetsTaxDeferredExpenseCompensationAndBenefitsEmployeeCompensation_USD,DeferredTaxAssetsTaxDeferredExpenseReservesAndAccruals_USD,DeferredTaxAssetsValuationAllowance_USD,DeferredTaxLiabilitiesDeferredExpenseDeferredFinancingCosts_USD,DeferredTaxLiabilitiesGoodwillAndIntangibleAssets_USD,DeferredTaxLiabilitiesInvestmentInNoncontrolledAffiliates_USD,DeferredTaxLiabilitiesLeasingArrangements_USD,DeferredTaxLiabilitiesNoncurrent_USD,DeferredTaxLiabilitiesOther_USD,DeferredTaxLiabilitiesPropertyPlantAndEquipment_USD,DefinedBenefitPlanContributionsByEmployer_USD,DefinedBenefitPlanExpectedAmortizationOfGainLossNextFiscalYear_USD,DefinedBenefitPlanExpectedAmortizationOfPriorServiceCostCreditNextFiscalYear_USD,DefinedBenefitPlanExpectedFutureEmployerContributionsRemainderOfFiscalYear_USD,DefinedBenefitPlanFutureAmortizationOfGainLoss_USD,DefinedBenefitPlanHealthCareCostTrendRateAssumedNextFiscalYear_pure,DefinedBenefitPlanRecognizedNetGainLossDueToSettlements1_USD,DefinedBenefitPlansEstimatedFutureEmployerContributionsInCurrentFiscalYear_USD,DefinedBenefitPlanUltimateHealthCareCostTrendRate_pure,DefinedBenefitPlanUltimateHealthCareCostTrendRate1_pure,DefinedContributionPlanCostRecognized_USD,DefinedContributionPlanEmployerMatchingContributionPercentOfMatch_pure,DefinedContributionPlanEmployersMatchingContributionAnnualVestingPercentage_pure,DefinedContributionPlanMaximumAnnualContributionsPerEmployeeAmount_USD,Depreciation_USD,DepreciationDepletionAndAmortization_USD,DerivativeAssets_USD,DerivativeFairValueOfDerivativeAssetAmountNotOffsetAgainstCollateral_USD,DerivativeFairValueOfDerivativeLiabilityAmountNotOffsetAgainstCollateral_USD,DerivativeLiabilities_USD,DerivativeLiabilityCollateralRightToReclaimCashOffset_USD,DividendsCommonStockCash_USD,DividendsPayableCurrent_USD,DividendsPayableCurrentAndNoncurrent_USD,EarningsPerShareBasic_USD/shares,EarningsPerShareDiluted_USD/shares,EffectiveIncomeTaxRateContinuingOperations_pure,EffectiveIncomeTaxRateReconciliationAtFederalStatutoryIncomeTaxRate_pure,EffectiveIncomeTaxRateReconciliationTaxCutsAndJobsActOf2017Amount_USD,EffectiveIncomeTaxRateReconciliationTaxCutsAndJobsActOf2017TransitionTaxOnAccumulatedForeignEarningsAmount_USD,EffectOfExchangeRateOnCashAndCashEquivalents_USD,EffectOfExchangeRateOnCashCashEquivalentsRestrictedCashAndRestrictedCashEquivalentsIncludingDisposalGroupAndDiscontinuedOperations_USD,EmployeeServiceShareBasedCompensationNonvestedAwardsTotalCompensationCostNotYetRecognized_USD,EmployeeServiceShareBasedCompensationNonvestedAwardsTotalCompensationCostNotYetRecognizedShareBasedAwardsOtherThanOptions_USD,EmployeeServiceShareBasedCompensationTaxBenefitFromCompensationExpense_USD,EquityMethodInvestmentDividendsOrDistributions_USD,EquityMethodInvestmentSummarizedFinancialInformationCurrentAssets_USD,EquityMethodInvestmentSummarizedFinancialInformationCurrentLiabilities_USD,EquityMethodInvestmentSummarizedFinancialInformationGrossProfitLoss_USD,EquityMethodInvestmentSummarizedFinancialInformationNetIncomeLoss_USD,EquityMethodInvestmentSummarizedFinancialInformationNoncurrentAssets_USD,EquityMethodInvestmentSummarizedFinancialInformationNoncurrentLiabilities_USD,EquityMethodInvestmentSummarizedFinancialInformationRevenue_USD,EquityMethodInvestments_USD,FinanceLeaseInterestExpense_USD,FinanceLeaseLiability_USD,FinanceLeaseLiabilityCurrent_USD,FinanceLeaseLiabilityNoncurrent_USD,FinanceLeaseLiabilityPaymentsDue_USD,FinanceLeaseLiabilityPaymentsDueAfterYearFive_USD,FinanceLeaseLiabilityPaymentsDueNextTwelveMonths_USD,FinanceLeaseLiabilityPaymentsDueYearFive_USD,FinanceLeaseLiabilityPaymentsDueYearFour_USD,FinanceLeaseLiabilityPaymentsDueYearThree_USD,FinanceLeaseLiabilityPaymentsDueYearTwo_USD,FinanceLeaseLiabilityPaymentsRemainderOfFiscalYear_USD,FinanceLeaseLiabilityUndiscountedExcessAmount_USD,FinanceLeasePrincipalPayments_USD,FinanceLeaseRightOfUseAsset_USD,FinanceLeaseRightOfUseAssetAccumulatedAmortization_USD,FinanceLeaseRightOfUseAssetAmortization_USD,FinanceLeaseWeightedAverageDiscountRatePercent_pure,FiniteLivedIntangibleAssetsAccumulatedAmortization_USD,FiniteLivedIntangibleAssetsAmortizationExpenseAfterYearFive_USD,FiniteLivedIntangibleAssetsAmortizationExpenseNextRollingTwelveMonths_USD,FiniteLivedIntangibleAssetsAmortizationExpenseNextTwelveMonths_USD,FiniteLivedIntangibleAssetsAmortizationExpenseRemainderOfFiscalYear_USD,FiniteLivedIntangibleAssetsAmortizationExpenseYearFive_USD,FiniteLivedIntangibleAssetsAmortizationExpenseYearFour_USD,FiniteLivedIntangibleAssetsAmortizationExpenseYearThree_USD,FiniteLivedIntangibleAssetsAmortizationExpenseYearTwo_USD,FiniteLivedIntangibleAssetsGross_USD,FiniteLivedIntangibleAssetsNet_USD,ForeignCurrencyTransactionGainLossBeforeTax_USD,Goodwill_USD,GoodwillAcquiredDuringPeriod_USD,GoodwillForeignCurrencyTranslationGainLoss_USD,GoodwillImpairmentLoss_USD,GrossProfit_USD,ImpairmentOfIntangibleAssetsIndefinitelivedExcludingGoodwill_USD,IncomeLossFromContinuingOperationsBeforeIncomeTaxesDomestic_USD,IncomeLossFromContinuingOperationsBeforeIncomeTaxesExtraordinaryItemsNoncontrollingInterest_USD,IncomeLossFromContinuingOperationsBeforeIncomeTaxesForeign_USD,IncomeLossFromContinuingOperationsBeforeIncomeTaxesMinorityInterestAndIncomeLossFromEquityMethodInvestments_USD,IncomeLossFromContinuingOperationsIncludingPortionAttributableToNoncontrollingInterest_USD,IncomeLossFromEquityMethodInvestments_USD,IncomeLossFromEquityMethodInvestmentsNetOfDividendsOrDistributions_USD,IncomeTaxExpenseBenefit_USD,IncomeTaxesPaidNet_USD,IncomeTaxReconciliationChangeInEnactedTaxRate_USD,IncomeTaxReconciliationIncomeTaxExpenseBenefitAtFederalStatutoryIncomeTaxRate_USD,IncomeTaxReconciliationOtherAdjustments_USD,IncomeTaxReconciliationStateAndLocalIncomeTaxes_USD,IncomeTaxReconciliationTaxCredits_USD,IncomeTaxReconciliationTaxSettlementsForeign_USD,IncreaseDecreaseInAccountsPayable_USD,IncreaseDecreaseInAccruedLiabilities_USD,IncreaseDecreaseInIncomeTaxesPayableNetOfIncomeTaxesReceivable_USD,IncreaseDecreaseInInventories_USD,IncreaseDecreaseInPrepaidDeferredExpenseAndOtherAssets_USD,IncreaseDecreaseInReceivables_USD,IncrementalCommonSharesAttributableToShareBasedPaymentArrangements_shares,IndefiniteLivedIntangibleAssetsExcludingGoodwill_USD,IntangibleAssetsGrossExcludingGoodwill_USD,IntangibleAssetsNetExcludingGoodwill_USD,InterestExpense_USD,InterestExpenseDebt_USD,InterestExpenseLesseeAssetsUnderCapitalLease_USD,InterestIncomeExpenseNet_USD,InterestIncomeExpenseNonoperatingNet_USD,InterestPaid_USD,InterestPayableCurrent_USD,InventoryFinishedGoods_USD,InventoryFinishedGoodsNetOfReserves_USD,InventoryGross_USD,InventoryNet_USD,InventoryRawMaterials_USD,InventoryRawMaterialsNetOfReserves_USD,InventorySuppliesNetOfReserves_USD,InvestmentsInAndAdvancesToAffiliatesAtFairValuePeriodIncreaseDecrease_USD,LeaseAndRentalExpense_USD,LeaseCost_USD,LesseeOperatingLeaseLiabilityPaymentsDue_USD,LesseeOperatingLeaseLiabilityPaymentsDueAfterYearFive_USD,LesseeOperatingLeaseLiabilityPaymentsDueNextTwelveMonths_USD,LesseeOperatingLeaseLiabilityPaymentsDueYearFive_USD,LesseeOperatingLeaseLiabilityPaymentsDueYearFour_USD,LesseeOperatingLeaseLiabilityPaymentsDueYearThree_USD,LesseeOperatingLeaseLiabilityPaymentsDueYearTwo_USD,LesseeOperatingLeaseLiabilityPaymentsRemainderOfFiscalYear_USD,LesseeOperatingLeaseLiabilityUndiscountedExcessAmount_USD,Liabilities_USD,LiabilitiesAndStockholdersEquity_USD,LiabilitiesCurrent_USD,LiabilitiesNoncurrent_USD,LongTermDebtAndCapitalLeaseObligations_USD,LongTermDebtAndCapitalLeaseObligationsCurrent_USD,LongTermDebtAndCapitalLeaseObligationsMaturitiesRepaymentsOfPrincipalAfterYearFive_USD,LongTermDebtAndCapitalLeaseObligationsMaturitiesRepaymentsOfPrincipalInYearFive_USD,LongTermDebtAndCapitalLeaseObligationsMaturitiesRepaymentsOfPrincipalInYearFour_USD,LongTermDebtAndCapitalLeaseObligationsMaturitiesRepaymentsOfPrincipalInYearThree_USD,LongTermDebtAndCapitalLeaseObligationsMaturitiesRepaymentsOfPrincipalInYearTwo_USD,LongTermDebtAndCapitalLeaseObligationsMaturitiesRepaymentsOfPrincipalRemainderOfFiscalYear_USD,LongTermDebtAndCapitalLeaseObligationsRepaymentsOfPrincipalInNextTwelveMonths_USD,LongTermDebtCurrent_USD,LongTermDebtMaturitiesRepaymentsOfPrincipalAfterYearFive_USD,LongTermDebtMaturitiesRepaymentsOfPrincipalInNextTwelveMonths_USD,LongTermDebtMaturitiesRepaymentsOfPrincipalInYearFive_USD,LongTermDebtMaturitiesRepaymentsOfPrincipalInYearFour_USD,LongTermDebtMaturitiesRepaymentsOfPrincipalInYearThree_USD,LongTermDebtMaturitiesRepaymentsOfPrincipalInYearTwo_USD,LongTermDebtMaturitiesRepaymentsOfPrincipalRemainderOfFiscalYear_USD,LongTermDebtNoncurrent_USD,LongTermLineOfCredit_USD,MarketingAndAdvertisingExpense_USD,MinorityInterestChangeInRedemptionValue_USD,NetCashProvidedByUsedInFinancingActivities_USD,NetCashProvidedByUsedInFinancingActivitiesContinuingOperations_USD,NetCashProvidedByUsedInInvestingActivities_USD,NetCashProvidedByUsedInInvestingActivitiesContinuingOperations_USD,NetCashProvidedByUsedInOperatingActivities_USD,NetCashProvidedByUsedInOperatingActivitiesContinuingOperations_USD,NetIncomeLoss_USD,NetIncomeLossAttributableToNoncontrollingInterest_USD,NetIncomeLossAvailableToCommonStockholdersBasic_USD,NetIncomeLossAvailableToCommonStockholdersDiluted_USD,NotesPayable_USD,NumberOfOperatingSegments_segment,NumberOfReportableSegments_segment,OperatingIncomeLoss_USD,OperatingLeaseCost_USD,OperatingLeaseLiability_USD,OperatingLeaseLiabilityCurrent_USD,OperatingLeaseLiabilityNoncurrent_USD,OperatingLeasePayments_USD,OperatingLeaseRightOfUseAsset_USD,OperatingLeasesFutureMinimumPaymentsDue_USD,OperatingLeasesFutureMinimumPaymentsDueCurrent_USD,OperatingLeasesFutureMinimumPaymentsDueInFiveYears_USD,OperatingLeasesFutureMinimumPaymentsDueInFourYears_USD,OperatingLeasesFutureMinimumPaymentsDueInThreeYears_USD,OperatingLeasesFutureMinimumPaymentsDueInTwoYears_USD,OperatingLeasesFutureMinimumPaymentsDueThereafter_USD,OperatingLeasesFutureMinimumPaymentsRemainderOfFiscalYear_USD,OperatingLeaseWeightedAverageDiscountRatePercent_pure,OtherAccruedLiabilitiesCurrent_USD,OtherAssetsNoncurrent_USD,OtherComprehensiveIncomeDefinedBenefitPlansNetUnamortizedGainLossArisingDuringPeriodNetOfTax_USD,OtherComprehensiveIncomeDefinedBenefitPlansNetUnamortizedGainLossArisingDuringPeriodTax_USD,OtherComprehensiveIncomeLossForeignCurrencyTransactionAndTranslationAdjustmentBeforeTax_USD,OtherComprehensiveIncomeLossForeignCurrencyTransactionAndTranslationAdjustmentNetOfTax_USD,OtherComprehensiveIncomeLossForeignCurrencyTranslationAdjustmentTax_USD,OtherComprehensiveIncomeLossPensionAndOtherPostretirementBenefitPlansAdjustmentBeforeReclassificationAdjustmentsAndTax_USD,OtherComprehensiveIncomeLossPensionAndOtherPostretirementBenefitPlansAdjustmentBeforeReclassificationAdjustmentsNetOfTax_USD,OtherComprehensiveIncomeLossPensionAndOtherPostretirementBenefitPlansAdjustmentBeforeTax_USD,OtherComprehensiveIncomeLossPensionAndOtherPostretirementBenefitPlansAdjustmentNetOfTax_USD,OtherComprehensiveIncomeLossPensionAndOtherPostretirementBenefitPlansBeforeReclassificationAdjustmentsTax_USD,OtherComprehensiveIncomeLossPensionAndOtherPostretirementBenefitPlansNetUnamortizedGainLossArisingDuringPeriodBeforeTax_USD,OtherComprehensiveIncomeLossReclassificationAdjustmentFromAOCIPensionAndOtherPostretirementBenefitPlansBeforeTax_USD,OtherComprehensiveIncomeLossReclassificationAdjustmentFromAOCIPensionAndOtherPostretirementBenefitPlansNetOfTax_USD,OtherComprehensiveIncomeLossReclassificationAdjustmentFromAOCIPensionAndOtherPostretirementBenefitPlansTax_USD,OtherInventorySupplies_USD,OtherLiabilitiesNoncurrent_USD,OtherOperatingActivitiesCashFlowStatement_USD,OtherSellingGeneralAndAdministrativeExpense_USD,PaymentsForProceedsFromOtherInvestingActivities_USD,PaymentsOfDebtIssuanceCosts_USD,PaymentsOfDistributionsToAffiliates_USD,PaymentsOfDividends_USD,PaymentsOfDividendsCommonStock_USD,PaymentsToAcquireBusinessesNetOfCashAcquired_USD,PaymentsToAcquireEquityMethodInvestments_USD,PaymentsToAcquireInterestInJointVenture_USD,PaymentsToAcquireOtherProductiveAssets_USD,PaymentsToAcquirePropertyPlantAndEquipment_USD,PaymentsToMinorityShareholders_USD,PensionExpense_USD,PensionExpenseReversalOfExpenseNoncash_USD,PreferredStockSharesAuthorized_shares,PreferredStockSharesIssued_shares,PreferredStockSharesOutstanding_shares,PrepaidExpenseAndOtherAssetsCurrent_USD,ProceedsFromIssuanceOfDebt_USD,ProceedsFromIssuanceOfLongTermDebt_USD,ProceedsFromIssuanceOfLongTermDebtAndCapitalSecuritiesNet_USD,ProceedsFromLinesOfCredit_USD,ProceedsFromPaymentsForOtherFinancingActivities_USD,ProceedsFromRepaymentsOfShortTermDebt_USD,ProceedsFromSaleOfPropertyPlantAndEquipment_USD,ProceedsFromShortTermDebt_USD,ProfessionalFees_USD,ProfitLoss_USD,PropertyPlantAndEquipmentAndFinanceLeaseRightOfUseAssetAccumulatedDepreciationAndAmortization_USD,PropertyPlantAndEquipmentAndFinanceLeaseRightOfUseAssetAfterAccumulatedDepreciationAndAmortization_USD,PropertyPlantAndEquipmentAndFinanceLeaseRightOfUseAssetBeforeAccumulatedDepreciationAndAmortization_USD,PropertyPlantAndEquipmentGross_USD,PropertyPlantAndEquipmentNet_USD,RedeemableNoncontrollingInterestEquityCarryingAmount_USD,RepaymentsOfDebt_USD,RepaymentsOfLongTermDebtAndCapitalSecurities_USD,RepaymentsOfShortTermDebt_USD,ResearchAndDevelopmentExpense_USD,RetainedEarningsAccumulatedDeficit_USD,RevenueFromContractWithCustomerIncludingAssessedTax_USD,Revenues_USD,RightOfUseAssetObtainedInExchangeForFinanceLeaseLiability_USD,RightOfUseAssetObtainedInExchangeForOperatingLeaseLiability_USD,SalesRevenueGoodsNet_USD,SellingGeneralAndAdministrativeExpense_USD,ShareBasedCompensation_USD,ShareBasedCompensationArrangementByShareBasedPaymentAwardEquityInstrumentsOtherThanOptionsGrantsInPeriodWeightedAverageGrantDateFairValue_USD/shares,ShareBasedCompensationArrangementByShareBasedPaymentAwardEquityInstrumentsOtherThanOptionsVestedInPeriodTotalFairValue_USD,ShareBasedCompensationArrangementByShareBasedPaymentAwardFairValueAssumptionsExpectedDividendRate_pure,ShareBasedCompensationArrangementByShareBasedPaymentAwardFairValueAssumptionsExpectedVolatilityRate_pure,ShareBasedCompensationArrangementByShareBasedPaymentAwardFairValueAssumptionsRiskFreeInterestRate_pure,ShareBasedCompensationArrangementByShareBasedPaymentAwardNumberOfSharesAuthorized_shares,ShareBasedCompensationArrangementByShareBasedPaymentAwardNumberOfSharesAvailableForGrant_shares,ShareBasedCompensationArrangementByShareBasedPaymentAwardOptionsExercisableNumber_shares,ShareBasedCompensationArrangementByShareBasedPaymentAwardOptionsOutstandingIntrinsicValue_USD,ShareBasedCompensationArrangementByShareBasedPaymentAwardOptionsOutstandingNumber_shares,ShareBasedCompensationArrangementByShareBasedPaymentAwardOptionsOutstandingWeightedAverageExercisePrice_USD/shares,ShortTermBorrowings_USD,StockholdersEquity_USD,StockholdersEquityOther_USD,StockIssuedDuringPeriodValueStockOptionsExercised_USD,StockRepurchaseProgramAuthorizedAmount1_USD,StockRepurchaseProgramRemainingAuthorizedRepurchaseAmount1_USD,SubleaseIncome_USD,TaxCutsAndJobsActOf2017ChangeInTaxRateDeferredTaxAssetIncomeTaxExpense_USD,TaxCutsAndJobsActOf2017ChangeInTaxRateDeferredTaxLiabilityIncomeTaxBenefit_USD,TaxCutsAndJobsActOf2017ChangeInTaxRateIncomeTaxExpenseBenefit_USD,TaxCutsAndJobsActOf2017IncompleteAccountingProvisionalIncomeTaxExpenseBenefit_USD,TaxesPayableCurrent_USD,TreasuryStockCommonShares_shares,TreasuryStockCommonValue_USD,TreasuryStockSharesAcquired_shares,TreasuryStockValueAcquiredCostMethod_USD,UnbilledReceivablesCurrent_USD,UndistributedEarnings_USD,UnrecognizedTaxBenefits_USD,UnrecognizedTaxBenefitsDecreasesResultingFromPriorPeriodTaxPositions_USD,UnrecognizedTaxBenefitsDecreasesResultingFromSettlementsWithTaxingAuthorities_USD,UnrecognizedTaxBenefitsIncomeTaxPenaltiesAndInterestAccrued_USD,UnrecognizedTaxBenefitsIncomeTaxPenaltiesAndInterestExpense_USD,UnrecognizedTaxBenefitsReductionsResultingFromLapseOfApplicableStatuteOfLimitations_USD,UnrecognizedTaxBenefitsThatWouldImpactEffectiveTaxRate_USD,ValuationAllowancesAndReservesBalance_USD,ValuationAllowancesAndReservesDeductions_USD,WeightedAverageNumberOfDilutedSharesOutstanding_shares,WeightedAverageNumberOfSharesOutstandingBasic_shares,DebtInstrumentUnamortizedDiscountPremiumAndDebtIssuanceCostsNet_USD,GainsLossesOnExtinguishmentOfDebt_USD,GainsLossesOnExtinguishmentOfDebtBeforeWriteOffOfDeferredDebtIssuanceCost_USD,WriteOffOfDeferredDebtIssuanceCost_USD,IncomeTaxReconciliationNondeductibleExpenseImpairmentLosses_USD,EmployeeServiceShareBasedCompensationNonvestedAwardsTotalCompensationCostNotYetRecognizedStockOptions_USD,ShareBasedCompensationArrangementByShareBasedPaymentAwardOptionsGrantsInPeriodGross_shares,ShareBasedCompensationArrangementByShareBasedPaymentAwardOptionsGrantsInPeriodWeightedAverageGrantDateFairValue_USD/shares,StockholdersEquityIncludingPortionAttributableToNoncontrollingInterest_USD,StockIssuedDuringPeriodValueNewIssues_USD,ForeignCurrencyTransactionGainBeforeTax_USD,BusinessCombinationStepAcquisitionEquityInterestInAcquireeRemeasurementGain_USD,DeferredTaxAssetsDerivativeInstruments_USD,DefinedBenefitPlanExpectedFutureEmployerContributionsNextFiscalYear_USD,DefinedBenefitPlanNetPeriodicBenefitCost_USD,DefinedContributionPlanEmployerDiscretionaryContributionAmount_USD,ReceivablesNetCurrent_USD,ShareBasedCompensationArrangementByShareBasedPaymentAwardOptionsExercisableWeightedAverageExercisePrice_USD/shares,ShareBasedCompensationArrangementByShareBasedPaymentAwardOptionsForfeituresAndExpirationsInPeriod_shares,ShareBasedCompensationArrangementByShareBasedPaymentAwardOptionsForfeituresAndExpirationsInPeriodWeightedAverageExercisePrice_USD/shares,ShareBasedCompensationArrangementsByShareBasedPaymentAwardOptionsExercisesInPeriodWeightedAverageExercisePrice_USD/shares,ShareBasedCompensationArrangementsByShareBasedPaymentAwardOptionsGrantsInPeriodWeightedAverageExercisePrice_USD/shares,SharebasedCompensationArrangementBySharebasedPaymentAwardOptionsExercisableIntrinsicValue1_USD,SharePrice_USD/shares,StockIssuedDuringPeriodSharesStockOptionsExercised_shares,BusinessCombinationStepAcquisitionEquityInterestInAcquireeRemeasurementGainOrLoss_USD,CapitalizedComputerSoftwareNet_USD,OtherAssetsMiscellaneousNoncurrent_USD,UnrealizedGainLossOnDerivativesAndCommodityContracts_USD
2017-01-10,False,146058934,,,,314300000,232200000.0,55300000,146600000,,41700000,1037400000.0,,,-22200000,-897700000.0,,,,,2500000.0,1600000.0,600000,300000.0,500000,300000.0,2400200000,936000000,,77200000.0,,,77200000.0,5600000.0,5200000.0,4900000.0,5000000.0,5400000.0,47300000.0,,3800000.0,69400000,33000000.0,,,,0.1875,1,600000000,146046395,146046395.0,146000000,75300000,3800000.0,79100000.0,,,591800000.0,,,,,,2380800000,2341000000.0,,,,,,37300000.0,,,,,,,,,,,,,,,,,,,,,,,56900000.0,,,,,,,,,,,,,,,,,25800000,52100000,2100000.0,2100000.0,200000.0,600000.0,100000.0,,,,0.59,0.59,0.27,,,,-800000.0,,16700000.0,,900000.0,13900000.0,,,,,,,,150800000,,,,,,,,,,,,,,,,,,,14800000,,1900000.0,,1000000.0,1800000.0,1800000.0,1800000.0,1800000.0,35100000,20300000.0,,131700000,,-2200000,,198900000,,,124900000,,118700000,91000000.0,6200000,,33900000,90600000,,,,,,,59800000,,-8300000.0,117000000,41400000,45800000,300000,18000000,53100000,38300000,6800000.0,900000.0,35500000.0,37300000.0,,,6500000,379000000.0,,615900000.0,615900000,199500000.0,,,-2800000.0,,,,,,,,,,,,2503700000.0,2400200000,605100000,,2382000000,,1734400000.0,538600000.0,40400000.0,40400000.0,40800000.0,22500000.0,40900000.0,39000000.0,1687100000.0,35300000.0,533400000.0,35500000.0,35400000.0,35400000.0,18700000.0,2380800000.0,80000000.0,,500000.0,,-2800000.0,,-125800000.0,,162400000.0,87200000,3800000.0,87200000,86700000.0,25200000.0,4,4,125500000,,,,,,,,,,,,,,,,22100000,9100000,5000000.0,1700000.0,-11900000,-11900000,,,,,,,6700000.0,,,,37400000.0,64800000,-400000,67500000.0,,9600000.0,,,,,,,,127800000,,-200000.0,,60000000.0,0.0,0.0,18500000,798100000.0,,,80000000.0,,,2000000.0,9800000.0,9000000.0,,,,,2171700000.0,1134300000.0,50000000.0,3400000.0,,,,15300000,,790700000.0,,,790700000.0,73400000,5200000,,,,,,,,,,,,,-758600000.0,,,,,,,,,,7500000.0,,,,,,,,,,,,,,,,146300000,146000000,,,,,,,,,,,,,,,,,,,,,,,,,,,,,
2017-04-06,False,146068558,,,,271900000,218100000.0,61500000,163000000,,36900000,1057400000.0,,,-19400000,-900300000.0,,,,,4500000.0,2800000.0,600000,1100000.0,500000,100000.0,2432200000,912100000,,76500000.0,,,76500000.0,2700000.0,2300000.0,2000000.0,2400000.0,2500000.0,64000000.0,,600000.0,37500000,1100000.0,,,,0.1875,1,600000000,146068558,146068558.0,146100000,87000000,3400000.0,90400000.0,,,561500000.0,,,,,,2380300000,2341000000.0,,,,,37700000.0,36300000.0,,,,,,,,,,,,,,,,,,,,,,,61600000.0,,,,,,,,,,200000.0,,,,,,,25800000,79600000,2100000.0,2100000.0,200000.0,2500000.0,100000.0,,,,0.57,0.57,0.33,,,,-400000.0,,18800000.0,,1700000.0,,,,,,,,,155600000,,,,,,,,,,,,,,,,,,,15200000,10100000.0,,1900000.0,500000.0,1800000.0,1800000.0,1800000.0,1800000.0,34900000,19700000.0,,132700000,,-1200000,,207000000,,,131600000,,118900000,,12700000,,44000000,134400000,,,,,,,17900000,,,73500000,24300000,31700000,400000,18000000,52900000,37700000,,,,,-26300000.0,4200000.0,28400000,,411400000.0,,572400000,,132500000.0,28500000.0,-7300000.0,,,,,,,,,,,,,2432200000,575200000,2507900000.0,2372700000,,1751000000.0,535700000.0,37500000.0,37800000.0,37900000.0,84900000.0,64500000.0,47800000.0,1687000000.0,61800000.0,533400000.0,35500000.0,35400000.0,35400000.0,84300000.0,2472800000.0,,,-700000.0,,-50100000.0,,-202500000.0,,254100000.0,84200000,3400000.0,84200000,83500000.0,,4,4,145200000,,,,,,,,,,,,,,,,22300000,8500000,400000.0,100000.0,2800000,2800000,,,,,,,500000.0,-5300000.0,-4000000.0,-1300000.0,,73600000,3100000,57400000.0,,12300000.0,,27400000.0,,,,,,204500000,,2100000.0,,60000000.0,0.0,0.0,84100000,798100000.0,,,,200000.0,,2000000.0,67300000.0,5100000.0,87600000.0,,,,2243000000.0,1185600000.0,50700000.0,4700000.0,,,,72100000,,768500000.0,,,768500000.0,61800000,9800000,,,0.0218,0.2394,0.0157,,,,,,,92500000.0,-701600000.0,,,,,,,,,,4500000.0,3786.0,100000.0,,,,,,,,,,,,,,146500000,146100000,,,,,,,,,,,,,,,,,,,,,,,,,,,,,
2017-07-25,True,146104057,,6500.0,4760000000.0,295000000,185200000.0,80100000,200500000,,40500000,1078300000.0,-1000000.0,-10300000.0,-9300000,-904800000.0,,,4100000.0,,15400000.0,9700000.0,500000,2500000.0,2300000,,2485600000,858200000,60400000.0,75900000.0,,,75900000.0,2700000.0,2400000.0,2100000.0,2400000.0,2500000.0,63800000.0,,,57100000,20700000.0,,,57100000.0,0.1875,1,600000000,146080901,146080901.0,146100000,326800000,13300000.0,340100000.0,,,2381500000.0,,132000000.0,9500000.0,155400000.0,13900000.0,2362100000,2341000000.0,2384100000.0,,8800000.0,9700000.0,,35100000.0,1900000.0,,14800000.0,,185500000.0,,3200000.0,8200000.0,125000000.0,193900000.0,,500000.0,95500000.0,17000000.0,900000.0,20300000.0,22500000.0,98400000.0,8300000.0,23000000.0,,,90500000.0,17400000.0,159800000.0,,,,,200000.0,,17700000.0,,0.045,,,1.0,0.2,6000000.0,104300000,109100000,,,,,,54800000.0,,27400000.0,0.52,0.51,0.33,,,,1100000.0,,16500000.0,,5700000.0,31000000.0,325200000.0,209000000.0,190900000.0,106600000.0,312500000.0,71700000.0,992600000.0,178600000,,,,,,,,,,,,,,,,,,,15700000,10200000.0,,1800000.0,,1800000.0,1800000.0,1800000.0,1800000.0,34900000,,,133000000,,-900000,,200000000,,467500000.0,510400000,42900000.0,95900000,,53300000,22300000.0,41200000,170000000,,178600000.0,-1000000.0,11400000.0,11000000.0,-7800000.0,12100000,35300000.0,-16100000.0,26100000,11900000,-1200000,500000,18000000,52900000,37200000,,,,,-61200000.0,48800000.0,10200000,,409700000.0,,525000000,,84500000.0,30800000.0,,63000000.0,,,,,,,,,,,,2485600000,555400000,2526700000.0,2365000000,37900000.0,1751000000.0,535800000.0,37600000.0,37800000.0,37900000.0,,59900000.0,,1687200000.0,57200000.0,533400000.0,35500000.0,35400000.0,35400000.0,,,,22600000.0,-2100000.0,-142000000.0,,-285300000.0,,446900000.0,,75900000,13300000.0,324800000,,,4,4,518300000,,,,,,,68800000.0,,3900000.0,8200000.0,12200000.0,14400000.0,12400000.0,17700000.0,,27800000,7400000,1000000.0,600000.0,-1100000,-1100000,,,,,,,1600000.0,0.0,-4000000.0,-1300000.0,,71200000,-4800000,245600000.0,,12300000.0,12200000.0,27400000.0,,74900000.0,,,,287400000,,4100000.0,,60000000.0,0.0,0.0,90900000,798100000.0,,,,700000.0,,2100000.0,21400000.0,26500000.0,340200000.0,,,,2349500000.0,1271200000.0,50700000.0,23800000.0,,2800000.0,10600000.0,121000000,,,,,832500000.0,268200000,15400000,,700000.0,0.0218,0.2394,0.0157,10000000.0,8200000.0,,,,,22000000.0,-647200000.0,-200000.0,400000.0,,,,,,,,4700000.0,6143.0,200000.0,,,,118000000.0,6900000.0,500000.0,200000.0,2800000.0,,900000.0,6200000.0,98900000.0,100000.0,146600000,146100000,,,,,,,,,,,,,,,,,,,,,,,,,,,,,
2017-10-04,False,146196958,,,,261600000,213700000.0,45300000,183900000,,42400000,1094500000.0,,,5900000,-902600000.0,,,,,3500000.0,2200000.0,500000,,500000,,2527800000,838400000,14100000.0,80300000.0,,,,,,,,,,,,69800000,12700000.0,,,,0.1875,1,600000000,146244550,146244550.0,146200000,98600000,4900000.0,103500000.0,,,620800000.0,,,,,,2352900000,,,,,,,34000000.0,,,11500000.0,,,,,,,,,,,,,,,,,,,,102000000.0,,,,,,,200000.0,,,1700000.0,,,,,,,29300000,31000000,,,,,,,,27400000.0,0.56,0.56,0.33,0.35,,,4100000.0,,23700000.0,,1300000.0,12900000.0,,,,,,,,196000000,,,,,,,,,,,,,,,,,,,16200000,,,,,,,,,35000000,,,134100000,,1100000,,196700000,,,132400000,,112400000,,20000000,7100000.0,44100000,30000000,,,,,,,12900000,-21200000.0,3400000.0,-30700000,-26800000,28500000,600000,18000000,53000000,36800000,,,,,-25200000.0,6100000.0,29500000,,414000000.0,,494400000,,50000000.0,30400000.0,,,,,,,,,,,,,,2527800000,516900000,2532500000.0,2360100000,39100000.0,,,,,,,,,,,,,,,,,,,-800000.0,-30500000.0,,-104400000.0,,143500000.0,,83400000,4900000.0,82600000,,,4,4,137600000,,,,,,,,,,,,,,,,23300000,13000000,,,15200000,15200000,,,,,,,,,,,,70400000,-7800000,55700000.0,,,2300000.0,27400000.0,,,,,,104400000,,1900000.0,,60000000.0,0.0,0.0,60500000,,,,,-1100000.0,10200000.0,1000000.0,,2200000.0,88300000.0,,,,2404000000.0,1309500000.0,54100000.0,9900000.0,,,,176900000,,,,,817500000.0,59100000,3500000,,13000000.0,0.0171,0.2327,0.0151,10000000.0,7900000.0,,,,,32300000.0,-575700000.0,,,,,,,,,,4600000.0,47592.0,2100000.0,,,,,,,,,,,,,,146800000,146200000,,,,,,,,,,,,,,,,,,,,,,,,,,,,,
2018-01-04,False,146224085,,,,342700000,224400000.0,56500000,176300000,,42800000,1114800000.0,,,5400000,-906700000.0,,,,,6600000.0,4200000.0,600000,,600000,,2714900000,1004300000,19000000.0,80800000.0,,,,,,,,,,,,71100000,14000000.0,,,,0.1913,1,600000000,146257130,,146300000,76200000,6400000.0,82600000.0,,,615400000.0,,,,,,2344500000,,,,,,,32800000.0,,,19400000.0,,,,,,,,,,,,,,,,,,,,115800000.0,,,,200000.0,,1700000.0,,,,,,,,,,,33900000,66600000,,,,,,,,27400000.0,0.52,0.52,0.33,0.21,,,3400000.0,,29800000.0,,2400000.0,9900000.0,,,,,,,,198600000,,,,,,,,,,,,,,,,,,,16700000,,,,,,,,,35000000,,,134400000,,1400000,,209200000,,,124500000,,112400000,,12100000,9300000.0,41500000,60200000,,,,,,,89100000,-28600000.0,6500000.0,137900000,-36300000,39200000,600000,18000000,53000000,36300000,,,,,-27400000.0,45500000.0,10000000,,426400000.0,,662900000,,205900000.0,30600000.0,,,,,,,,,,,,,,2714900000,646500000,2543300000.0,2353200000,39300000.0,,,,,,,,,,,,,,,,,,,-500000.0,-15900000.0,,-155700000.0,,182200000.0,,76600000,6400000.0,76100000,,,4,4,139800000,,,,,,,,,,,,,,,,24300000,9800000,,,-400000,-400000,,,,100000.0,100000.0,,,,,,,74300000,-2200000,63900000.0,,9600000.0,6700000.0,54800000.0,,,,,1800000.0,154000000,,1900000.0,,60000000.0,0.0,0.0,45900000,798100000.0,,,,-1200000.0,66100000.0,100000.0,,4000000.0,83000000.0,,,,2446300000.0,1331500000.0,56500000.0,19300000.0,,,,225800000,,,,,824600000.0,69400000,10200000,,13400000.0,,,,10000000.0,7900000.0,,,,,88200000.0,-531400000.0,,,,,,,,,,4400000.0,49691.0,2200000.0,,,,,,,,,,,,,,146900000,146300000,,,,,,,,,,,,,,,,,,,,,,,,,,,,,
2018-04-05,False,146230471,,,,292400000,236600000.0,68200000,216000000,,43200000,1130800000.0,,,13400000,-904100000.0,,,,,4900000.0,3500000.0,600000,,600000,,2753900000,998200000,26100000.0,80100000.0,,,,,,,,,,,,49400000,-7700000.0,,,,0.1913,1,600000000,146282248,146282248.0,146300000,164800000,2800000.0,167600000.0,,,619500000.0,,,,,,2335300000,,,,,,,31700000.0,,,-16000000.0,,,,,,,,,,,,,,,,,,,,80400000.0,,,12000000.0,200000.0,,,,,,,,,,,,,35800000,104100000,,,,,,,28000000.0,,1.07,1.06,0.045,0.35,,,5300000.0,,28600000.0,,1400000.0,13700000.0,,,,,,,,217400000,,,,,,,,,,,,,,,,,,,17300000,,,,,,,,,35200000,,,135700000,,2700000,,243900000,,,167100000,,140700000,,26400000,22000000.0,7500000,72400000,-23000000.0,,,,,,31600000,4300000.0,38000000.0,105400000,11500000,51400000,800000,18000000,53200000,35900000,,,,,-28500000.0,58200000.0,30000000,,450100000.0,,630500000,,148700000.0,31700000.0,,,,,,,,,,,,,,2753900000,579300000,2512200000.0,2344400000,39300000.0,,,,,,,,,,,,,,,,,,,-900000.0,-116400000.0,,-206800000.0,,310200000.0,,156800000,2800000.0,155900000,,,4,4,169200000,,,,,,,,,,,,,,,,27000000,9900000,,,8000000,8000000,,,,100000.0,100000.0,,,,,,,87400000,-7500000,67000000.0,,12300000.0,12400000.0,82200000.0,,,,,2500000.0,204400000,,1900000.0,,60000000.0,0.0,0.0,81700000,798100000.0,,,,-1300000.0,9400000.0,100000.0,,1700000.0,159600000.0,,,,2487600000.0,1356800000.0,54600000.0,29900000.0,,,,354500000,,,,,863400000.0,74700000,15100000,,14500000.0,,,,10000000.0,7900000.0,,,,,31600000.0,-392200000.0,,,,,,,,,,10600000.0,52092.0,2300000.0,,,,,,,,,,,,,,147100000,146300000,,,,,,,,,,,,,,,,,,,,,,,,,,,,,
2018-07-26,True,146332332,,7200.0,7960000000.0,254400000,225900000.0,91700000,216000000,,45400000,1160500000.0,,,-4300000,,-900400000.0,2700000.0,4100000.0,13500000.0,22300000.0,15400000.0,600000,4600000.0,2400000,,2752600000,930400000,27900000.0,79000000.0,,,79000000.0,3400000.0,3200000.0,3100000.0,3000000.0,3300000.0,63000000.0,,,55600000,-1500000.0,,,,0.1913,1,600000000,146395866,146395866.0,146400000,421800000,16900000.0,438700000.0,,2544200000.0,,,94300000.0,15000000.0,124000000.0,14700000.0,2326800000,,2336400000.0,,12400000.0,-4400000.0,,30400000.0,1500000.0,,-2800000.0,-3600000.0,153400000.0,,100000.0,7200000.0,68000000.0,123700000.0,,400000.0,61700000.0,15800000.0,700000.0,15300000.0,16700000.0,62000000.0,4600000.0,,9100000.0,,92100000.0,12000000.0,127700000.0,,700000.0,500000.0,,,,17700000.0,,,0.045,13900000.0,1.0,0.2,,136300000,143300000,,,,,,110800000.0,28000000.0,,0.68,0.68,0.218,0.21,,,3000000.0,,25400000.0,,6900000.0,48700000.0,376900000.0,247500000.0,246300000.0,167200000.0,362700000.0,63400000.0,1142700000.0,219800000,,,,,,,,,,,,,,,,,,,17800000,8500000.0,,1800000.0,,1800000.0,1800000.0,1800000.0,1800000.0,35200000,,,135100000,,2100000,,232700000,,478200000.0,554900000,76700000.0,105800000,,83600000,35100000.0,28100000,106900000,-17700000.0,162600000.0,-5000000.0,12600000.0,8100000.0,-7000000.0,-8300000,11500000.0,13700000.0,23600000,15500000,40400000,700000,18000000,53200000,35400000,,,,,-108800000.0,104000000.0,10800000,,430500000.0,,549700000,,87200000.0,32000000.0,,62800000.0,,,,,,,,,,,,2752600000,518700000,2513100000.0,2336700000,38700000.0,1748500000.0,5000000.0,536500000.0,38500000.0,38600000.0,,48300000.0,,1685500000.0,44900000.0,1800000.0,533400000.0,35500000.0,35300000.0,,,,31600000.0,-2700000.0,-178900000.0,,-306800000.0,,481200000.0,,100000000,16900000.0,414100000,,,4,4,580100000,,,,,,,89300000.0,20700000.0,6200000.0,11600000.0,15000000.0,19200000.0,16600000.0,,,27400000,11100000,,,9100000,9100000,,6000000.0,4300000.0,,,1700000.0,,300000.0,200000.0,100000.0,,84300000,-2100000,267800000.0,2200000.0,12300000.0,14600000.0,110200000.0,,,,,,306800000,,7800000.0,-5900000.0,60000000.0,0.0,0.0,99200000,,,798100000.0,,-500000.0,-14400000.0,2200000.0,,,433700000.0,,,,2581300000.0,1420800000.0,55600000.0,,39200000.0,,13500000.0,426400000,,,,,918200000.0,299400000,13500000,,16600000.0,,,,10000000.0,7900000.0,,,,,9600000.0,-334800000.0,8800000.0,2100000.0,,,,,,,,3100000.0,63534.0,2900000.0,,,,,13200000.0,500000.0,200000.0,2900000.0,,1600000.0,11100000.0,,,147000000,146300000,,,,,,,,,,,,,,,,,,,,,,,,,,,,,
2018-10-02,False,146454635,,,,270200000,331100000.0,53900000,200600000,,42500000,1194000000.0,,,-8500000,,-896400000.0,,,,6300000.0,4800000.0,600000,,600000,,2854300000,984800000,29200000.0,80000000.0,,,,,,,,,,,,150500000,,150500000.0,94900000.0,,0.1913,1,600000000,146565333,,146600000,103600000,3600000.0,107200000.0,684300000.0,,,,,,,,2317500000,,,,,,,29300000.0,,,,13900000.0,,,,,,,,,,,,,,,,,,,109900000.0,,,,-700000.0,,,,,,,,,,,,,36800000,38600000,,,,,,,28000000.0,,0.73,0.73,0.235,0.21,,,,-300000.0,40300000.0,,1500000.0,16600000.0,,,,,,,,221700000,,,,,,,,,,,,,,,,,,,18100000,,,,,,,,,34900000,,,133300000,,-1800000,,230600000,,,145700000,,125800000,,19900000,3200000.0,34300000,10500000,,,,,,,17100000,-22400000.0,9500000.0,-33200000,-41100000,18600000,700000,18000000,52900000,34800000,,,,,-26800000.0,7300000.0,29900000,,367100000.0,,447700000,,48900000.0,31700000.0,,,,,,,,,,,,,,2854300000,518300000,2524200000.0,2329500000,38700000.0,,,,,,,,,,,,,,,,,,,-900000.0,-45900000.0,,-86800000.0,,227900000.0,,107800000,3600000.0,106900000,,,4,4,152600000,,,,,,,,,,,,,,,,24500000,11800000,,,-4300000,-4300000,,,,,,,,200000.0,100000.0,100000.0,,84800000,1200000,71600000.0,-200000.0,,2900000.0,,28000000.0,,,,,87000000,,,1900000.0,,,,55500000,,,,,-3100000.0,-1000000.0,,,,111400000.0,,,,2661900000.0,1467900000.0,57200000.0,,10900000.0,,,519700000,914900000.0,,,,,78000000,4200000,,20800000.0,,,,10000000.0,7800000.0,,,,,8800000.0,-245400000.0,,,,,,,,,,10100000.0,117577.0,6800000.0,,,,,,,,,,,,,,147200000,146500000,,,,,,,,,,,,,,,,,,,,,,,,,,,,,
2019-01-04,False,146492043,1.0,,,376200000,340100000.0,70400000,268000000,,43900000,1218300000.0,,,-15900000,,-900900000.0,,,,6600000.0,5100000.0,600000,,500000,,3052500000,1134600000,35800000.0,80300000.0,,,,,,,,,,,,121600000,,121600000.0,66000000.0,,0.2,1,600000000,146616397,,146600000,111600000,5000000.0,116600000.0,662400000.0,,,,,,,,2309200000,,,,,,,28200000.0,,,,27900000.0,,,,,,,,,,,,,,,,,,,114800000.0,,,,-700000.0,,,,,,,,,,,,,36900000,77200000,,,,,,,28000000.0,,0.74,0.74,0.215,0.21,,,,-700000.0,38400000.0,,1500000.0,9000000.0,,,,,,,,218200000,,,,,,,,,,,,,,,,,,,18500000,,,,,,,,,34900000,,,132600000,,-2500000,,249000000,,,158000000,,147800000,,10200000,4500000.0,34000000,36000000,,,,,,,114800000,-26500000.0,3700000.0,149400000,-51000000,28200000,800000,18000000,52900000,34400000,,,,,-26200000.0,46000000.0,10400000,,375600000.0,,628200000,,218900000.0,33700000.0,,,,,,,,,,,,,,3052500000,696800000,2522800000.0,2321800000,39500000.0,,,,,,,,,,,,,,,,,,,-10000000.0,-81400000.0,,-168700000.0,,316800000.0,,119000000,5000000.0,109000000,,,4,4,174000000,,,,,,,,,,,,,,,,23800000,11300000,,,-7600000,-7600000,,,,,,,,200000.0,200000.0,100000.0,,86200000,2400000,68900000.0,-1700000.0,,6100000.0,,56000000.0,,,,,170400000,,,3800000.0,,,,44700000,,,,,-3300000.0,4300000.0,,,,124000000.0,,,,2739700000.0,1521400000.0,55600000.0,,20300000.0,,,610400000,911400000.0,,,,,75000000,9200000,,24100000.0,,,,10000000.0,7800000.0,,,,,13100000.0,-167100000.0,,,250000000.0,,,,,,,3700000.0,124494.0,7300000.0,,,,,,,,,,,,,,147400000,146600000,,,,,,,,,,,,,,,,,,,,,,,,,,,,,
2019-04-02,False,146273906,1.0,,,308800000,359300000.0,73300000,221700000,221700000.0,45800000,1251600000.0,,,-13300000,,-896800000.0,100000.0,,4500000.0,4500000.0,3500000.0,700000,,500000,,3111200000,1068000000,30700000.0,79500000.0,,,,,,,,,,,,17200000,,17200000.0,-38400000.0,,0.2,1,600000000,146620264,,146600000,144000000,8600000.0,144000000.0,653400000.0,,,13700000.0,,,,,2273500000,,,,,,,27000000.0,,,,38500000.0,,,,,,,,,,,,,,,,,,,126600000.0,,,,-700000.0,,,,,,,,,,,,,38700000,117500000,,,,,,29300000.0,29300000.0,,0.96,0.95,0.219,0.21,,,,-1600000.0,32700000.0,,1000000.0,9800000.0,,,,,,,,222800000,,,,,,,,,,,,,,,,,,,19000000,,,,,,,,,39300000,,,208800000,75100000.0,-1400000,,273400000,,,181000000,,166800000,,14200000,9000000.0,39600000,54700000,,,,,,,51600000,-7900000.0,14100000.0,104700000,7000000,43300000,800000,18000000,57300000,38300000,,,,,-27000000.0,60700000.0,29900000,,398800000.0,,588200000,,156000000.0,33400000.0,,,,,,,,,,,,,,3111200000,666600000,2500800000.0,2288600000,37400000.0,,,,,,,,,,,,,,,,,,,-500000.0,-147300000.0,,-333900000.0,,444400000.0,,141400000,8600000.0,140900000,,,4,4,193800000,,,,,,,,,,,,,,,,19100000,16300000,,,2400000,2400000,,,,,,,,200000.0,200000.0,100000.0,,85600000,-1500000,70700000.0,1100000.0,,6100000.0,,84000000.0,88600000.0,,,,244200000,78200000.0,,5600000.0,,,,103300000,,,,,1100000.0,89300000.0,,,,141400000.0,,,,2808600000.0,1557000000.0,55600000.0,,57100000.0,,,722500000,926800000.0,,,,,79600000,13700000,,24700000.0,,,,10000000.0,7800000.0,,,,,98700000.0,-56200000.0,-100000.0,1100000.0,250000000.0,,,,,,,14500000.0,236774.0,15200000.0,109900.0,7800000.0,,,,,,,,,,,,147400000,146600000,,,,,,,,,,,,,,,,,,,,,,,,,,,,,
2019-07-25,True,146069033,1.0,7600.0,11900000000.0,289200000,340100000.0,92400000,217200000,,48600000,1276700000.0,,,-25300000,,-890300000.0,2700000.0,4100000.0,18800000.0,22100000.0,17000000.0,1300000,4700000.0,2200000,,3048100000,961500000,27100000.0,78900000.0,,,78900000.0,4300000.0,3200000.0,3500000.0,4100000.0,4000000.0,59800000.0,,,12200000,,12200000.0,-43400000.0,,0.2,1,600000000,146654827,146069033.0,146700000,457600000,8600000.0,466200000.0,2753000000.0,,,13700000.0,66800000.0,11600000.0,96100000.0,17700000.0,2265100000,,2273500000.0,,15100000.0,42200000.0,,25800000.0,-4600000.0,1800000.0,37500000.0,37500000.0,194300000.0,125700000.0,-100000.0,,64100000.0,135000000.0,11500000.0,,70400000.0,15300000.0,12100000.0,17800000.0,14200000.0,64600000.0,4100000.0,,3500000.0,,,8600000.0,178100000.0,,-700000.0,,,,,,,,0.045,21300000.0,1.0,0.2,,155500000,162400000,,,,,,114600000.0,29200000.0,,0.76,0.75,0.215,0.21,28400000.0,-2400000.0,,-1700000.0,27800000.0,,5100000.0,45700000.0,406200000.0,282900000.0,212200000.0,119000000.0,368400000.0,55900000.0,1172600000.0,224600000,,,,,,,,,,,,,,,,,,,19500000,10000000.0,,2000000.0,,2000000.0,2000000.0,2000000.0,2000000.0,39100000,,,205900000,75100000.0,-4300000,,250500000,,574500000.0,620800000,46300000.0,120900000,,59500000,13800000.0,25700000,103000000,-4200000.0,130400000.0,-3900000.0,14800000.0,600000.0,-4700000.0,32900000,1900000.0,-16400000.0,15800000,1900000,25100000,800000,18000000,57100000,37600000,,,,,-107100000.0,107800000.0,7600000,,371400000.0,,498300000,,93100000.0,33800000.0,,63100000.0,,,,,,,,,,,,3048100000,552800000,2499900000.0,2280200000,38000000.0,1725800000.0,3200000.0,3500000.0,535700000.0,37800000.0,,46400000.0,,1666000000.0,42100000.0,,,531600000.0,33800000.0,,,,32400000.0,-10800000.0,-299600000.0,,-423000000.0,,680900000.0,,110400000,8600000.0,467800000,,,4,4,668400000,,,,,,,96500000.0,18600000.0,8600000.0,10500000.0,15700000.0,16500000.0,26600000.0,,,30300000,20700000,,,-19100000,-19100000,,3300000.0,2500000.0,,,800000.0,,700000.0,600000.0,100000.0,,94000000,7700000,302700000.0,200000.0,12300000.0,6100000.0,,113300000.0,88600000.0,,,,334200000,78200000.0,,5500000.0,60000000.0,0.0,0.0,110900000,,,798100000.0,,2100000.0,,,,,487200000.0,,,,2874500000.0,1597800000.0,55600000.0,,66700000.0,1000000.0,15400000.0,803600000,1003400000.0,,,,,335100000,18800000,,24700000.0,,,,10000000.0,7800000.0,,,,,8400000.0,-4600000.0,100000.0,2000000.0,250000000.0,,,7400000.0,24800000.0,-2800000.0,-4400000.0,500000.0,585794.0,39300000.0,458749.0,31800000.0,,,21700000.0,800000.0,,3900000.0,,1100000.0,18800000.0,,,147300000,146500000,,,,,,,,,,,,,,,,,,,,,,,,,,,,,
2019-10-02,False,146062722,1.0,,,284900000,371100000.0,47000000,218700000,,50000000,1311100000.0,,,-34200000,,-884700000.0,3900000.0,,5400000.0,6400000.0,4900000.0,1300000,,500000,,3222600000,906200000,12900000.0,14000000.0,4300000.0,74600000.0,107700000.0,7500000.0,5900000.0,6400000.0,7200000.0,7200000.0,73500000.0,28800000.0,,19000000,,19000000.0,6800000.0,,0.2,1,600000000,146760237,,146800000,106800000,3600000.0,106800000.0,740400000.0,,,20500000.0,,,,,2256600000,,,,,,,24000000.0,,,,10300000.0,,143500000.0,,,,,,,,,,,,,,,,,,,,,-700000.0,,,,,,,,,,,,,42600000,46000000,,,,,,29200000.0,29200000.0,,0.79,0.79,0.241,0.21,,,,-100000.0,42700000.0,,1500000.0,10200000.0,,,,,,,,225500000,200000.0,14000000.0,2800000.0,11200000.0,17000000.0,,,1000000.0,1600000.0,2500000.0,2900000.0,2500000.0,3000000.0,400000.0,12300000.0,,700000.0,0.039,20100000,,,,,,,,,42500000,,,306400000,106300000.0,-5800000,,248600000,,,152400000,,141800000,,10600000,500000.0,36700000,1500000,,,,,,,7700000,-28400000.0,24800000.0,-35600000,-43300000,27000000,800000,18000000,60500000,40400000,,,,,-28200000.0,5700000.0,28200000,,372700000.0,,466500000,,59600000.0,34200000.0,,,7700000.0,198200000.0,,,17600000.0,17800000.0,25100000.0,23400000.0,24800000.0,34800000.0,,3222600000,540100000,2590200000.0,2210100000,36500000.0,,,,,,,,,,,,,,,,,,,-900000.0,-54900000.0,,-176700000.0,,238500000.0,,115700000,3600000.0,115700000,,,4,4,170000000,4800000.0,163400000.0,24300000.0,139100000.0,3100000.0,160300000.0,96500000.0,18600000.0,8600000.0,10500000.0,15700000.0,16500000.0,26600000.0,,0.039,20900000,28700000,,,-9100000,-9100000,,,,,,,,200000.0,200000.0,100000.0,,236600000,5600000,73800000.0,9500000.0,,2900000.0,,29200000.0,116900000.0,,,,50300000,,,,,,,49600000,299300000.0,,,,-300000.0,,,,,115700000.0,,,,2866200000.0,1555100000.0,,,309000000.0,8300000.0,,911100000,989000000.0,,800000.0,11000000.0,,78600000,5400000,67.49,,,,,,7600000.0,,,,,8400000.0,92300000.0,-800000.0,800000.0,250000000.0,,,,,,,8100000.0,697515.0,46700000.0,72502.0,4800000.0,,,,,,,,,,,,147000000,146200000,,,,,,,,,,,,,,,,,,,,,,,,,,,,,
2020-01-03,False,146092112,1.0,,,406000000,399700000.0,68300000,217400000,,54300000,1340000000.0,,,-33500000,,-877000000.0,500000.0,,7200000.0,7200000.0,5600000.0,1300000,,800000,,3466800000,1107300000,14700000.0,14500000.0,4300000.0,74600000.0,107700000.0,7500000.0,5900000.0,6400000.0,7200000.0,7200000.0,73500000.0,28800000.0,,23800000,,23800000.0,11600000.0,,0.23,1,600000000,146837024,,146800000,141100000,5000000.0,141100000.0,734100000.0,,,20500000.0,,,,,2248200000,,,,,,,22900000.0,,,,17200000.0,,149500000.0,,,,,,,,,,,,,,,,,,,,,-700000.0,,,,,,,,,,,,,43900000,91700000,,,,,,29200000.0,29200000.0,,0.96,0.95,0.233,0.21,,,,100000.0,39100000.0,,1600000.0,7800000.0,,,,,,,,257900000,200000.0,14500000.0,2400000.0,12100000.0,17400000.0,,,1100000.0,1900000.0,2800000.0,3100000.0,1800000.0,2900000.0,1000000.0,12600000.0,,800000.0,0.033,20800000,,,,,,,,,42600000,,,307200000,106100000.0,-4800000,,285100000,,,183100000,,168100000,,15000000,7600000.0,42700000,44400000,,,,,,,126400000,-28300000.0,17500000.0,133400000,-46300000,55200000,900000,18000000,60600000,39800000,,,,,-25400000.0,52600000.0,6700000,,386700000.0,,636000000,,213500000.0,35800000.0,,,8400000.0,195400000.0,,,17800000.0,18200000.0,25700000.0,29600000.0,14500000.0,30600000.0,,3466800000,669400000,2596300000.0,2203700000,36100000.0,,,,,,,,,,,,,,,,,,6000000.0,-10000000.0,-93600000.0,,-240200000.0,,345300000.0,,140400000,5000000.0,140400000,,,4,4,193500000,6600000.0,164800000.0,23500000.0,141300000.0,11100000.0,162900000.0,96500000.0,18600000.0,8600000.0,10500000.0,15700000.0,16500000.0,26600000.0,,0.039,24700000,39400000,,,-400000,600000,-1000000.0,,,,,,,200000.0,100000.0,100000.0,,243100000,2000000,,-1000000.0,,6100000.0,,29200000.0,116700000.0,,17100000.0,19300000.0,88100000,,,,,,,47800000,299300000.0,,,,100000.0,1400000.0,,,,140400000.0,,,,2892300000.0,1552300000.0,,,318100000.0,,,1021900000,1019200000.0,,1900000.0,20200000.0,,91600000,12600000,68.03,,,,,,7600000.0,,,,,9900000.0,201100000.0,100000.0,200000.0,250000000.0,204700000.0,,,,,,2000000.0,833820.0,57100000.0,112698.0,8600000.0,,,,,,,,,,,,147100000,146200000,,,,,,,,,,,,,,,,,,,,,,,,,,,,,
2020-04-01,False,146038893,1.0,,,291900000,368800000.0,75800000,244200000,,53700000,1381700000.0,,,-40600000,,-867000000.0,,,5600000.0,5600000.0,4500000.0,900000,,600000,,3466200000,1097500000,21000000.0,14000000.0,4300000.0,74600000.0,107700000.0,7500000.0,5900000.0,6400000.0,7200000.0,7200000.0,73500000.0,28800000.0,,30100000,,30100000.0,17900000.0,,0.23,1,600000000,146993259,,147000000,104300000,8600000.0,104300000.0,686900000.0,,,20500000.0,,,,,2239800000,,,,,,,21900000.0,,,,25300000.0,,156900000.0,,,,,,,,,,,,,,,,,,,,,-700000.0,,,,,,,,,,,,,44200000,137500000,,,,,,33600000.0,33600000.0,,0.76,0.76,0.243,0.21,,,,-300000.0,32700000.0,,1100000.0,10900000.0,,,,,,,,253400000,100000.0,14000000.0,2800000.0,11200000.0,16600000.0,,,1100000.0,2000000.0,2900000.0,3100000.0,1000000.0,2600000.0,1800000.0,12000000.0,,900000.0,0.032,21400000,,,,,,,,,42400000,21000000.0,,303000000,106100000.0,-9000000,,250400000,,,147100000,,137300000,,9800000,6500000.0,35700000,81200000,,,,,,,2100000,-600000.0,8100000.0,94600000,-1800000,24300000,1000000,18000000,60400000,39000000,,,,,-25200000.0,58000000.0,26500000,,410200000.0,,597300000,,149600000.0,37500000.0,,,9700000.0,207100000.0,,,20500000.0,21500000.0,28700000.0,31200000.0,8400000.0,31800000.0,,3466200000,593700000,2602100000.0,2195300000,36600000.0,,,,,,,,,,,,,,,,,,6600000.0,-500000.0,-127700000.0,,-289800000.0,,435700000.0,,111400000,8600000.0,111400000,,,4,4,162500000,8900000.0,175300000.0,24300000.0,151000000.0,21000000.0,172400000.0,96500000.0,18600000.0,8600000.0,10500000.0,15700000.0,16500000.0,26600000.0,,0.036,18900000,46900000,,,-7800000,-7200000,-600000.0,,,,,,,200000.0,100000.0,100000.0,,249900000,1200000,,-1500000.0,,6100000.0,,33600000.0,116700000.0,,22600000.0,24200000.0,127800000,78200000.0,,,,,,101300000,299300000.0,,,,4000000.0,12700000.0,,,,111400000.0,,,,2935700000.0,1554000000.0,,,327100000.0,,,1099200000,937300000.0,,2100000.0,36500000.0,,87900000,18200000,68.47,,,,,,7600000.0,,,,,21000000.0,270400000.0,-700000.0,4100000.0,250000000.0,195300000.0,800000.0,,,,,1500000.0,954680.0,68200000.0,102039.0,9400000.0,,,,,,,,,,,,147200000,146200000,,,,,,,,,,,,,,,,,,,,,,,,,,,,,
2020-07-28,True,146059508,1.0,7700.0,12100000000.0,244400000,342100000.0,74500000,233000000,,42500000,,,,-40500000,,-862900000.0,2700000.0,,22800000.0,23800000.0,19200000.0,1300000,6200000.0,2500000,,4662300000,2302600000,9900000.0,13300000.0,4300000.0,74600000.0,107700000.0,7500000.0,5900000.0,6400000.0,7200000.0,7200000.0,73500000.0,28800000.0,,1364000000,,1364000000.0,1351800000.0,,0.23,1,600000000,146993751,146038893.0,147000000,350700000,8600000.0,350700000.0,2897200000.0,,,,75700000.0,3400000.0,92300000.0,13200000.0,3056300000,,3555000000.0,,18000000.0,18600000.0,,28200000.0,-3000000.0,,20000000.0,20000000.0,239800000.0,152500000.0,4400000.0,,54900000.0,144100000.0,4500000.0,,89600000.0,5200000.0,7700000.0,19700000.0,15200000.0,54500000.0,3400000.0,,3600000.0,35400000.0,,8600000.0,188800000.0,,-300000.0,,,,,,,,0.045,28700000.0,1.0,0.2,,175300000,184000000,,,,,,125600000.0,33600000.0,,-0.01,-0.01,0.235,0.21,-28400000.0,-2400000.0,,-1200000.0,,23600000.0,4600000.0,29000000.0,,,,,,,,250200000,600000.0,13300000.0,2800000.0,10500000.0,15800000.0,5700000.0,3200000.0,800000.0,1200000.0,2000000.0,2900000.0,,2500000.0,2600000.0,11300000.0,12200000.0,3200000.0,0.033,22100000,9000000.0,,2600000.0,,1700000.0,2000000.0,2500000.0,2600000.0,42400000,20300000.0,-100000.0,303800000,106100000.0,-8200000,0.0,111100000,0.0,462000000.0,478200000,16200000.0,1700000,,29300000,400000.0,-2800000,82500000,-4200000.0,100400000.0,1600000.0,15300000.0,600000.0,-4400000.0,-34900000,-16100000.0,2700000.0,-15300000,2000000,-1100000,900000,18000000,60400000,38300000,,,,,-108000000.0,105700000.0,8700000,,339200000.0,,486700000,,106200000.0,41300000.0,,24300000.0,36600000.0,201400000.0,78200000.0,32700000.0,18800000.0,20800000.0,21800000.0,29100000.0,,28400000.0,,4662300000,1024900000,3397400000.0,2992600000,48800000.0,,,,,,,,,1333000000.0,544600000.0,1325800000.0,31300000.0,31300000.0,289000000.0,,,,23000000.0,-10800000.0,1125000000.0,,-346000000.0,,574000000.0,,-1600000,8600000.0,365900000,,,4,4,556900000,29700000.0,173000000.0,28400000.0,144600000.0,26800000.0,167000000.0,96500000.0,18600000.0,8600000.0,10500000.0,15700000.0,16500000.0,26600000.0,,0.036,34600000,65400000,,,-17400000,-16000000,-1400000.0,-400000.0,-300000.0,,,-100000.0,,800000.0,500000.0,300000.0,,252300000,15600000,,-1700000.0,,6100000.0,,121300000.0,116700000.0,22600000.0,,40700000.0,167700000,78200000.0,,,60000000.0,0.0,0.0,109800000,1122900000.0,,,,-1900000.0,490500000.0,,,,365900000.0,1407700000.0,1535000000.0,2942700000.0,,,,,336300000.0,,15400000.0,1064600000,846900000.0,,2200000.0,41400000.0,,338300000,22800000,,24900000.0,,,,10000000.0,7600000.0,434218.0,14600000.0,453050.0,27.79,498700000.0,240000000.0,-800000.0,4300000.0,250000000.0,195300000.0,2700000.0,,24800000.0,-2800000.0,,1300000.0,954858.0,68200000.0,287239.0,22900000.0,,,31300000.0,800000.0,,5500000.0,,700000.0,26700000.0,,,147100000,146200000,,,,,,,,,,,,,,,,,,,,,,,,,,,,,
2020-10-07,False,146339062,1.0,,,259300000,334800000.0,51500000,236800000,,36700000,,,,-1000000,,-856500000.0,9600000.0,,6000000.0,6000000.0,4900000.0,1100000,,700000,,4272600000,1891000000,6200000.0,12700000.0,,,,,,,,,,,,1032500000,,1032500000.0,-331500000.0,,0.23,1,600000000,147430952,,147400000,128800000,,,657700000.0,,,,,,,,3047900000,,,,,,,27000000.0,,,,1900000.0,,157200000.0,,,,,,,,,,,,,,,,,,,,,-300000.0,,,,,,,,,,,,,44900000,46900000,,,,,,33700000.0,33700000.0,,0.61,0.61,0.239,0.21,,,,1200000.0,,32400000.0,1100000.0,2700000.0,,,,,,,,275000000,,,,,,,,,,,,,,,,,,,22800000,,,,,,,,,43300000,20500000.0,,323300000,,19500000,,213800000,,,117300000,,105400000,,11900000,9200000.0,28000000,2800000,,,,,,,18700000,-7900000.0,29000000.0,-18000000,-38000000,-9100000,800000,18000000,61300000,38500000,,,,,-30300000.0,5700000.0,34000000,,363200000.0,,470600000,,67200000.0,40200000.0,,,,,,,,,,,,,,4272600000,549600000,3391000000.0,2980800000,52800000.0,,,,,,,,,,,,,,,,,,1200000.0,,-550200000.0,,-33100000.0,,250600000.0,,89300000,,89300000,89300000.0,,4,4,135700000,,,28800000.0,,,158400000.0,,,,,,,,,,29000000,74900000,,,41900000,39400000,2500000.0,,,,,,,100000.0,100000.0,,,253000000,10800000,,12500000.0,,,,33700000.0,116900000.0,,,,20600000,,,,,,,53100000,,299300000.0,,,300000.0,-498100000.0,,,,89300000.0,1456700000.0,1511500000.0,2968200000.0,,,,,9200000.0,,,1119900000,871500000.0,,,,,78100000,6000000,,,,,,,7400000.0,,,,,700000.0,332000000.0,100000.0,600000.0,250000000.0,195300000.0,,,,,,11000000.0,1106009.0,77800000.0,,,,,,,,,,,,,,147100000,146300000,,,,,,,,,,,,,,,,,,,,,,,,,,,,,
2021-01-07,False,146355082,1.0,,,377400000,353200000.0,54600000,205100000,,36600000,,,,7000000,,-850400000.0,200000.0,,5300000.0,5300000.0,4400000.0,1000000,,1400000,,4159100000,1785800000,5200000.0,7600000.0,,,,,,,,,,,,763900000,,763900000.0,-600100000.0,,0.235,1,600000000,147466446,,147500000,104900000,,,672600000.0,,,,,,,,2768200000,,,,,,,24600000.0,,,,2500000.0,,158000000.0,,,,,,,,,,,,,,,,,,,,,,,,,,,,,,,,,,45200000,95700000,,,,,,33700000.0,33700000.0,,0.66,0.66,0.248,0.21,,,,1600000.0,,35700000.0,900000.0,3900000.0,,,,,,,,291400000,,,,,,,,,,,,,,,,,,,23600000,,,,,,,,,43500000,19900000.0,,325100000,,21300000,,223500000,,,128800000,,109600000,,19200000,24400000.0,31900000,24000000,,,,,,,138500000,-42500000.0,33000000.0,140300000,-51800000,8500000,600000,18000000,61500000,37900000,,,,,-30000000.0,60500000.0,8900000,,382700000.0,,630500000,,208200000.0,39600000.0,,,,,,,,,,,,,,4159100000,614300000,3135900000.0,2719400000,31800000.0,,,,,,,,,,,,,,,,,,2500000.0,,-867200000.0,,-53300000.0,,318800000.0,,96900000,,96900000,96900000.0,,4,4,139600000,,,28700000.0,,,155100000.0,,,,,,,,,,18000000,78600000,,,8100000,8000000,100000.0,,,,,,,100000.0,100000.0,100000.0,,258500000,15500000,,-400000.0,2800000.0,,,33700000.0,116700000.0,17100000.0,,11400000.0,42300000,,,,,,,38200000,,299300000.0,,,1000000.0,-498800000.0,,,,186200000.0,1488700000.0,1485200000.0,2973900000.0,,,,,289600000.0,,,1182800000,896100000.0,,,,,83900000,11300000,61.62,,,,,,7400000.0,,,,,498700000.0,408900000.0,-100000.0,500000.0,250000000.0,195300000.0,,,,,,13800000.0,1111364.0,78000000.0,0.0,,,,,,,,,,,,,147100000,146500000,,,,,,,,,,,,,,,,,,,,,,,,,,,,,
2021-04-07,False,146282439,1.0,,,303600000,375600000.0,78900000,254600000,,37800000,,,,22800000,,-841400000.0,,,6300000.0,6300000.0,5200000.0,1000000,,1500000,,4158200000,1759400000,11300000.0,7500000.0,,,,,,,,,,,,714300000,,714300000.0,-649700000.0,,0.235,1,600000000,147564905,,147600000,81900000,,,699100000.0,,,,,,,,2760400000,,,,,,,23600000.0,,,,1000000.0,,157800000.0,,,,,,,,,,,,,,,,,,,,,,,,,,,,,,,,,,44800000,143300000,,,,,,34400000.0,34400000.0,,0.45,0.45,0.198,0.21,,,,1600000.0,,32900000.0,1100000.0,5800000.0,,,,,,,,303100000,,,,,,,,,,,,,,,,,,,24400000,,,,,,,,,43900000,19500000.0,,333700000,,29900000,,196700000,,,82400000,,71300000,,11100000,29900000.0,16300000,44400000,,,,,,,60900000,9500000.0,28200000.0,80600000,6500000,30400000,700000,18000000,61900000,37500000,,,,,-29300000.0,65200000.0,34100000,,385700000.0,,571500000,,144000000.0,41800000.0,,,,,,,,,,,,,,4158200000,590200000,3116300000.0,2712300000,32000000.0,,,,,,,,,,,,,,,,,,5400000.0,,-919900000.0,,-106200000.0,,374800000.0,,66100000,,66100000,66100000.0,,4,4,100600000,,,28700000.0,,,148600000.0,,,,,,,,,,18900000,77700000,,,16900000,15800000,1100000.0,,,,,,,100000.0,100000.0,100000.0,,246200000,9400000,,-500000.0,,,,34400000.0,116700000.0,22600000.0,,14600000.0,92100000,,,,,,,98000000,,299300000.0,,,300000.0,-498800000.0,,,,252300000.0,1534100000.0,1498200000.0,3032300000.0,,,,,297600000.0,,,1213800000,895800000.0,,,,,96100000,17600000,62.46,,,,,,7400000.0,,,,,498700000.0,451700000.0,-400000.0,1700000.0,250000000.0,182600000.0,,,,,,10400000.0,1282466.0,91100000.0,164678.0,12700000.0,,,,,,,,,,,,147200000,146500000,,,,,,,,,,,,,,,,,,,,,,,,,,,,,
2021-07-27,True,146193864,1.0,7800.0,10700000000.0,359300000,366900000.0,83200000,226900000,,39900000,,,,29500000,,-836800000.0,,,20600000.0,20600000.0,16900000.0,900000,6100000.0,5000000,,4209400000,1781700000,23100000.0,,,,,,,,,,,,,783500000,,783500000.0,-580500000.0,,0.235,1,600000000,147640632,146191864.0,147600000,387800000,8600000.0,387800000.0,2838900000.0,,,,66200000.0,5500000.0,86700000.0,15000000.0,2752600000,,2752600000.0,,23500000.0,-400000.0,,22500000.0,3000000.0,,3800000.0,3800000.0,241400000.0,159700000.0,1200000.0,,46300000.0,137000000.0,5500000.0,,83900000.0,3600000.0,3500000.0,32200000.0,13900000.0,53100000.0,2900000.0,,4700000.0,30300000.0,,16400000.0,187100000.0,,,,,,0.0619,,,,0.045,28800000.0,1.0,0.2,,177700000,188800000,,,,,,136200000.0,34400000.0,,2.17,2.16,0.222,0.21,,,,2800000.0,,26800000.0,3700000.0,18800000.0,,,,,,,,310200000,300000.0,7300000.0,700000.0,6600000.0,9100000.0,4500000.0,900000.0,800000.0,900000.0,1000000.0,1000000.0,,1800000.0,1700000.0,5400000.0,4700000.0,1900000.0,0.032,23300000,7900000.0,,2700000.0,,1800000.0,1800000.0,2100000.0,2600000.0,42200000,18900000.0,1300000.0,334500000,106100000.0,30700000,0.0,832000000,0.0,352000000.0,408300000,56300000.0,356500000,,51800000,33000000.0,90500000,84100000,,85700000.0,-4200000.0,13700000.0,,-4700000.0,104700000,-9000000.0,-3300000.0,22000000,4900000,21000000,700000,18000000,60200000,36900000,,,,,-118300000.0,120600000.0,7900000,,377800000.0,,513500000,,89800000.0,45900000.0,,,41000000.0,170700000.0,62700000.0,31700000.0,15200000.0,18600000.0,20700000.0,21800000.0,,21300000.0,,4209400000,618200000,3110600000.0,2705400000,32000000.0,,,,,,,,,1333000000.0,31300000.0,,1325700000.0,31300000.0,31300000.0,,,,17800000.0,-10800000.0,-974000000.0,,-162500000.0,,553200000.0,,317800000,8600000.0,317800000,317800000.0,,4,4,474800000,33200000.0,149400000.0,29100000.0,120300000.0,30900000.0,141700000.0,,,,,,,,,0.034,20300000,80400000,,,76100000,72300000,3800000.0,3200000.0,2500000.0,,,700000.0,,300000.0,200000.0,100000.0,,245500000,10700000,,-800000.0,,6100000.0,,135300000.0,116700000.0,22600000.0,,16100000.0,147200000,78200000.0,,,60000000.0,0.0,0.0,117800000,,1122900000.0,,,1700000.0,-498800000.0,,,,317800000.0,1567100000.0,1524000000.0,3091100000.0,,,,,305500000.0,,12900000.0,1244600000,3670900000.0,,2200000.0,5200000.0,,357200000,20600000,,29300000.0,,,,10000000.0,7400000.0,,,,,498700000.0,480600000.0,-400000.0,4100000.0,250000000.0,169600000.0,3400000.0,,24800000.0,-27200000.0,,800000.0,1448768.0,104300000.0,328918.0,25700000.0,111000000.0,,37100000.0,800000.0,800000.0,,7200000.0,2100000.0,31600000.0,,,147100000,146400000,,,,,,,,,,,,,,,,,,,,,,,,,,,,,
2021-10-07,False,146068401,1.0,,,380400000,401300000.0,60400000,237600000,,47500000,,,,7300000,,-830200000.0,,,5200000.0,5200000.0,4300000.0,1100000,,1500000,,4176300000,1735000000,34400000.0,,,,,,,,,,,,,789700000,,789700000.0,6200000.0,,0.235,1,600000000,148016633,,148000000,7600000,,,832900000.0,,,,,,,,2744800000,,,7000000.0,,,,,,,,1700000.0,,159700000.0,,,,,,,,,,,,,,,,,,,,,,,,,,,,,,,,,,44500000,47300000,,,,,,34400000.0,34400000.0,,0.2,0.2,0.226,0.21,,,,-1000000.0,,44200000.0,900000.0,9700000.0,,,,,,,,298800000,,7200000.0,,,,,,,,,,,,,,,,,23900000,,,,,,,,,41700000,17800000.0,,323500000,,-11000000,,151300000,,,38500000,,32300000,,6200000,-3500000.0,8700000,2900000,,,,,,,10000000,11800000.0,9700000.0,-43400000,-33000000,35100000,600000,18000000,59700000,35800000,,,,,-27900000.0,2700000.0,34400000,,352900000.0,,469200000,,71600000.0,44700000.0,,,,,,,,,,,,,,4176300000,650000000,3098900000.0,2698600000,32000000.0,,,,,,,,,,,,,,,,,,4100000.0,,-75800000.0,,-78800000.0,,161800000.0,,29800000,,29800000,29800000.0,,4,4,60200000,,,28100000.0,,,135100000.0,,,,,,,,,,19300000,82400000,,,-23800000,-22300000,-1500000.0,,,,,,,100000.0,100000.0,,,240600000,1500000,,-100000.0,,,,34400000.0,,,,12600000.0,78900000,,,,,,,74800000,,,,,-100000.0,-498100000.0,,,,29800000.0,1601900000.0,1565700000.0,3167600000.0,,,,,7900000.0,,,1240000000,984200000.0,,,,,91100000,5200000,67.41,,,,,,7100000.0,,,,,,427400000.0,100000.0,1900000.0,250000000.0,143600000.0,,,,,,,1955617.0,137700000.0,395361.0,26000000.0,,,,,,,,,,,,146900000,146300000,,,,,,,,,,,,,,,,,,,,,,,,,,,,,
2022-01-06,False,145203600,1.0,,,445400000,423200000.0,70100000,215400000,,47200000,,,,-7500000,,-825800000.0,,,4400000.0,4400000.0,3500000.0,1100000,,1500000,300000.0,4155600000,1717800000,14500000.0,,,,,,,,,,,,,621900000,,621900000.0,-161600000.0,,0.245,1,600000000,148028060,,148000000,17700000,,,801100000.0,,,,,,,,2741000000,,,7000000.0,,,,,,,,4300000.0,,161400000.0,,,,,,,,,,,,,,,,,,,,,,,,,,,,,,,,,,44700000,94900000,,,,,,34200000.0,34200000.0,,0.23,0.22,0.228,0.21,,,,-2200000.0,,36800000.0,900000.0,4500000.0,,,,,,,,294700000,,7500000.0,,,,,,,,,,,,,,,,,24500000,,,,,,,,,41500000,17000000.0,,318600000,,-15900000,,205500000,,,42100000,,32000000,,10100000,2200000.0,9600000,10300000,,,,,,,94700000,-11500000.0,3100000.0,101300000,-58500000,57700000,300000,18000000,59500000,35000000,,,,,-82400000.0,61400000.0,6300000,,361100000.0,,613900000,,206100000.0,46700000.0,,,,,,,,,,,,,,4155600000,693000000,3097400000.0,2692100000,32200000.0,,,,,,,,,,,,,,,,,,5000000.0,,-219300000.0,,-147600000.0,,207500000.0,,32500000,,32500000,32500000.0,,4,4,114400000,,,26300000.0,,,136100000.0,,,,,,,,,,19400000,85400000,,,-15600000,-14900000,-700000.0,,,,,,,100000.0,100000.0,,,243900000,-500000,,-500000.0,,,,34300000.0,,,,1000000.0,147100000,,,,,,,58800000,,1655400000.0,,,-800000.0,-498800000.0,,,,32500000.0,1639200000.0,1568000000.0,3207200000.0,,,,,1682100000.0,,,1238300000,1006600000.0,,,,,91100000,9600000,66.0,,,,,,7100000.0,,,,,,365200000.0,100000.0,1900000.0,250000000.0,93600000.0,,,,,,,2827412.0,187800000.0,868753.0,50000000.0,,,,,,,,,,,,146300000,146000000,24200000.0,-53300000.0,-39600000.0,13700000.0,,,,,,,,,,,,,,,,,,,,,,,,,
2022-04-07,False,144446885,1.0,,,349300000,430600000.0,71200000,231400000,,39500000,,,,-7400000,,-819400000.0,,,5900000.0,5900000.0,4900000.0,1100000,,1300000,100000.0,4100800000,1610700000,15100000.0,,,,,,,,,,,,,428600000,,428600000.0,-354900000.0,,0.245,1,600000000,148038020,,148000000,106700000,,,734000000.0,,,,,,,,2746900000,,,,,,,,,,,14200000.0,,171900000.0,,,,,,,,,,,,,,,,,,,,,,,,,,,,,,,,,,45300000,142400000,,,,,,35400000.0,35400000.0,,0.73,0.73,0.226,0.21,,,,-500000.0,,35100000.0,1000000.0,5000000.0,,,,,,,,312800000,,7200000.0,,,,,,,,,,,,,,,,,25200000,,,,,,,,,41700000,16500000.0,,321800000,,-12700000,,221000000,,,137700000,,108000000,,29700000,26800000.0,31100000,17200000,,,,,,,-3800000,-1900000.0,16400000.0,121200000,15600000,64100000,400000,18000000,59700000,34500000,,,,,-25800000.0,64700000.0,30300000,,447200000.0,,634500000,,137700000.0,49600000.0,,,,,,,,,,,,,,4100800000,612900000,3095600000.0,2697000000,32200000.0,,,,,,,,,,,,,,,,,,3500000.0,,-302200000.0,,-226200000.0,,174000000.0,,106600000,,106600000,106600000.0,,4,4,133800000,,,23200000.0,,,128200000.0,,,,,,,,,,19400000,136700000,,,100000,-300000,400000.0,,,,,,,100000.0,100000.0,100000.0,,226700000,-3300000,,-800000.0,,,,35400000.0,,,,9200000.0,217800000,,,,,,,117000000,,1669200000.0,,,-5000000.0,-498800000.0,,,,106600000.0,1670800000.0,1556100000.0,3226900000.0,,,,,1690100000.0,,,1309100000,955000000.0,,,,,87200000,15500000,65.99,,,,,,7100000.0,,,,,,392300000.0,-100000.0,1900000.0,250000000.0,293600000.0,,,,,,,3593439.0,238000000.0,763777.0,50000000.0,,,,,,,,,,,,145500000,145100000,24900000.0,-53300000.0,-39600000.0,13700000.0,,,,,,,,,,,,,,,,,,,,,,,,,
2022-07-27,True,143748274,1.0,8000.0,7600000000.0,402600000,447300000.0,81000000,264300000,,41200000,,,,-15600000,,-813300000.0,,,21300000.0,21300000.0,17400000.0,1100000,4800000.0,5800000,,4139800000,1659600000,38300000.0,,,,,,,,,,,,,525000000,,525000000.0,-258500000.0,,0.245,1,600000000,148045584,144071428.0,148000000,155800000,,,3266900000.0,,,,45400000.0,3400000.0,58300000.0,9500000.0,2745000000,,2745000000.0,,21600000.0,10000000.0,,,5400000.0,,13500000.0,13500000.0,235700000.0,172500000.0,-1900000.0,,37600000.0,116000000.0,8600000.0,,65900000.0,4500000.0,3300000.0,21000000.0,14100000.0,50100000.0,100000.0,,3400000.0,25100000.0,,17700000.0,189400000.0,,,,,,0.07,,,,0.045,30500000.0,1.0,0.2,,181500000,192100000,,,,,,139300000.0,35300000.0,,1.38,1.38,0.263,0.21,,,,-2700000.0,,31000000.0,3900000.0,19200000.0,,,,,,,,257400000,200000.0,7000000.0,900000.0,6100000.0,8800000.0,4100000.0,1200000.0,600000.0,800000.0,1000000.0,1100000.0,,1800000.0,1100000.0,4400000.0,5800000.0,1100000.0,0.031,25700000,5700000.0,,2600000.0,,1800000.0,1800000.0,1800000.0,2000000.0,41400000,15700000.0,-3300000.0,318000000,,-16500000,0.0,832000000,0.0,287900000.0,272700000,-15200000.0,283400000,,-10700000,-29900000.0,71800000,44300000,,57300000.0,-4400000.0,6400000.0,,-700000.0,16500000,32100000.0,11600000.0,63000000,6800000,76300000,400000,18000000,59400000,33700000,,,,,-161000000.0,80600000.0,42100000,,426500000.0,,574400000,,96100000.0,51800000.0,,,38100000.0,149000000.0,52800000.0,25200000.0,14900000.0,15900000.0,18900000.0,21300000.0,,21900000.0,,4139800000,699100000,3080200000.0,2695800000,32200000.0,,,,,,,,,2170000000.0,31300000.0,17300000.0,1600000.0,493500000.0,31300000.0,,,,18900000.0,,-363400000.0,,-310500000.0,,418100000.0,,200900000,,200900000,200900000.0,,4,4,444400000,33900000.0,127100000.0,22400000.0,104700000.0,29100000.0,119000000.0,,,,,,,,,0.04,31900000,172900000,,,-51000000,-48900000,-2100000.0,-3700000.0,-2900000.0,,,-800000.0,,400000.0,300000.0,100000.0,,211900000,-7000000,,4100000.0,,,,138400000.0,116700000.0,22600000.0,,16300000.0,290100000,,,,60000000.0,0.0,0.0,112900000,,1676100000.0,,,-5000000.0,-498800000.0,,,,200900000.0,1702100000.0,1579200000.0,3281300000.0,,,,,1698100000.0,,16200000.0,1305500000,4098900000.0,,500000.0,1400000.0,,387600000,21300000,,22400000.0,,,,10000000.0,7200000.0,,,,,,360500000.0,-400000.0,1900000.0,250000000.0,268900000.0,4900000.0,,,,,,3974156.0,264100000.0,2407184.0,150700000.0,122700000.0,,40400000.0,,1000000.0,,7300000.0,5200000.0,34300000.0,,,145900000,145500000,24000000.0,-53300000.0,-39600000.0,13700000.0,13200000.0,,,,,,,,,,,,,,,,,,,,,,,,
2022-10-05,False,143831204,1.0,,,462700000,449500000.0,84600000,276300000,,43400000,,,,-46100000,,-796900000.0,,,7600000.0,7600000.0,6300000.0,1800000,,1400000,600000.0,4409700000,1630200000,64400000.0,,,,,,,,,,,,,485300000,,485300000.0,-39700000.0,,0.245,1,600000000,148286975,,148300000,201400000,,,852300000.0,,,,,,,,2748500000,,,,,,,,,,,34500000.0,,218700000.0,,,,,,,,,,,,,,,,,,,,,,,,,,,,,,,,,,47300000,49800000,,,,,,35200000.0,35200000.0,,1.61,1.6,0.241,0.21,,,,-1400000.0,92300000.0,,1300000.0,,,,,,,,,372500000,,,,,,,,,,,,,,,,,,,26300000,,,,,,,,,41100000,14800000.0,,352200000,42100000.0,-7900000,,273300000,,,305600000,,131000000,,174600000,174600000.0,73700000,3200000,,,,,,,24300000,-24800000.0,42300000.0,51500000,-45500000,-9900000,600000,18000000,59100000,32800000,,,,,-26000000.0,56800000.0,14900000,,493700000.0,,635500000,,89300000.0,52500000.0,,,,,,,,,,,,,,4409700000,780300000,3119400000.0,2700100000,32200000.0,,,,,,,,,,,,,,,,,,4500000.0,,-63500000.0,,-166900000.0,,192100000.0,,231900000,,231900000,231900000.0,,4,4,157000000,,,22800000.0,,,112300000.0,,,,,,,,,,25200000,218800000,,,-31700000,-30700000,-1000000.0,,,,,,,100000.0,100000.0,,,200600000,-2800000,,3400000.0,,,,35200000.0,,,42300000.0,20000000.0,101200000,,,,,,,59900000,,13800000.0,,,400000.0,,,,,231900000.0,1744700000.0,1690900000.0,3435600000.0,,,,,8000000.0,,,1501800000,1125600000.0,,,,,116300000,7600000,,,,,,,6200000.0,,,,79.66,9100000.0,,-8200000.0,,500000000.0,240600000.0,,,,,,36100000.0,4456388.0,297100000.0,404476.0,28400000.0,,,,,,,,,,,,144600000,144000000,23200000.0,,,,,13800000.0,600000.0,25.9,510000000.0,500000.0,,,,,,,,,,,,,,,,,,,
2023-01-05,False,143870590,1.0,,,580600000,508900000.0,107700000,296700000,,48000000,,,,-61500000,,-785500000.0,,,10000000.0,10000000.0,8100000.0,1400000,,1500000,600000.0,4569600000,1801100000,65100000.0,,,,,,,,,,,,,419400000,,419400000.0,-105600000.0,,0.28,1,600000000,148330983,,148300000,87700000,,,894900000.0,,,,,,,,2749000000,,,,,,,,,,,-6800000.0,,177700000.0,,,,,,,,,,,,,,,,,,,,,,,,,,,,,,,,,,49700000,102000000,,,,,,35300000.0,35200000.0,,0.72,0.71,0.263,0.21,,,,14000000.0,83800000.0,,1900000.0,,,,,,,,,263700000,,,,,,,,,,,,,,,,,,,26800000,,,,,,,,,40800000,14000000.0,,347500000,42100000.0,-12600000,,381600000,,,139900000,,247200000,,-107300000,67600000.0,36800000,92100000,,,,,,,140600000,14600000.0,24800000.0,240100000,-52700000,54800000,600000,18000000,58800000,32000000,,,,,-24600000.0,76600000.0,26600000,,539300000.0,,822100000,,228000000.0,54800000.0,,,,,,,,,,,,,,4569600000,918500000,3078100000.0,2701100000,32200000.0,,,,,,,,,,,,,,,,,,6600000.0,,-96600000.0,,-311000000.0,,288000000.0,,103100000,,103100000,103100000.0,,4,4,271800000,,,23300000.0,,,113900000.0,,,,,,,,,,26400000,253200000,,,-16100000,-15600000,-500000.0,,,,,,,100000.0,100000.0,,,199300000,-13200000,,-1600000.0,,,,35200000.0,42300000.0,,,37400000.0,232900000,,,,,,,50700000,,23300000.0,,,2300000.0,,,,,103100000.0,1780700000.0,1758200000.0,3538900000.0,,,,,16700000.0,,,1569200000,1276500000.0,,,,,109800000,17600000,,,,,,,6000000.0,,,,,9000000.0,,100000.0,,500000000.0,240600000.0,,,,,,17100000.0,4460674.0,297500000.0,0.0,28400000.0,,,,,,,,,,,,144600000,144000000,22200000.0,-53300000.0,-39600000.0,13700000.0,,12600000.0,600000.0,25.93,573000000.0,1100000.0,16800000.0,,,,,,,,,,,,,,,,,,
2023-04-06,False,145704167,1.0,,,453100000,500500000.0,134000000,308900000,,36700000,,,,-52900000,,-774000000.0,,,10400000.0,10400000.0,8400000.0,1200000,,1400000,600000.0,5087300000,2117900000,71800000.0,,,,,,,,,,,,,675000000,,675000000.0,150000000.0,,0.28,1,600000000,148339042,,148300000,183700000,,,855800000.0,,,,,,,,3229500000,,,,,,,,,,,-25500000.0,,160800000.0,,,,,,,,,,,,,,,,,,,,,,,,,,,,,,,,,,48800000,153300000,,,,,,40300000.0,40300000.0,,1.22,1.21,0.194,0.21,,,,19300000.0,74100000.0,,2000000.0,,,,,,,,,243600000,,6300000.0,,,,,,,,,,,,,,,,,27400000,,,,,,,,,40800000,13400000.0,,347700000,42100000.0,-12400000,,397800000,,,217200000,,240500000,,-23300000,44300000.0,42100000,168500000,,,,,,,16700000,22800000.0,13100000.0,254300000,-5900000,47200000,800000,18000000,58800000,31400000,,,,,-25800000.0,120600000.0,18600000,,602600000.0,,837400000,,176500000.0,58300000.0,,,,,,,,,,,,,,5087300000,817300000,3555200000.0,3163900000,49100000.0,,,,,,,,,,,,,,,,,,9000000.0,,331300000.0,,-535700000.0,,335100000.0,,175100000,,175100000,175100000.0,,4,4,266300000,,,26500000.0,,,150500000.0,,,,,,,,,,27100000,328900000,,,8400000,8500000,-100000.0,,,,,,,100000.0,100000.0,,,230500000,-22300000,,-3600000.0,,,,40300000.0,42300000.0,,,67600000.0,429400000,,,,,,,105000000,510800000.0,,,,-1900000.0,,,,,175100000.0,1823700000.0,1867300000.0,3691000000.0,,,,,24600000.0,,,1703300000,1253600000.0,,,,,131500000,28000000,,,,,,,6000000.0,,,,,6200000.0,,-300000.0,,500000000.0,228400000.0,,,,,,12500000.0,4587296.0,309900000.0,124691.0,12200000.0,,,,,,,,,,,,144800000,144000000,22800000.0,-53300000.0,-39600000.0,13700000.0,,11500000.0,600000.0,25.93,714800000.0,100000.0,21200000.0,,,,,,,,,,,,,,,,,,
2023-07-25,True,145666703,1.0,10200.0,12300000000.0,636600000,,187500000,509800000,,86100000,,,,-26800000,,-558600000.0,,,38500000.0,38500000.0,31400000.0,2600000,4100000.0,7000000,,6519800000,2127200000,82600000.0,,,,,,,,,,,,,304800000,,304800000.0,-220200000.0,,0.28,1,600000000,150293511,145665683.0,150300000,997700000,,,3918500000.0,,,,174100000.0,24300000.0,224200000.0,25800000.0,3319200000,,3479800000.0,,22600000.0,-12600000.0,,,13400000.0,,400000.0,400000.0,332500000.0,252100000.0,-400000.0,,12000000.0,133200000.0,5400000.0,,83700000.0,4400000.0,8300000.0,24400000.0,13500000.0,49500000.0,,,8300000.0,32200000.0,,6900000.0,285100000.0,2000000.0,,,,,,,,,,,1.0,0.2,,211300000,222800000,,,,,,151600000.0,40800000.0,,6.98,6.95,0.182,0.21,,,,18200000.0,67400000.0,,7100000.0,19200000.0,,,,,,,,43500000,200000.0,7700000.0,1500000.0,6200000.0,9600000.0,3900000.0,1700000.0,300000.0,800000.0,1400000.0,1500000.0,,1900000.0,500000.0,3800000.0,6800000.0,1000000.0,0.038,29200000,56400000.0,,7300000.0,,7100000.0,7100000.0,7200000.0,7100000.0,121400000,92200000.0,19700000.0,1040700000,733300000.0,-10600000,0.0,1432100000,0.0,794200000.0,1233500000,439300000.0,772900000,,460600000,35700000.0,224600000,226500000,,259000000.0,-100000.0,21200000.0,,-12400000.0,83100000,56500000.0,-12300000.0,125100000,-1800000,53600000,700000,18000000,139400000,110200000,,,,,-109200000.0,151800000.0,31100000,,708300000.0,,932000000,,145700000.0,78000000.0,,,42400000.0,190900000.0,66200000.0,33100000.0,21000000.0,21500000.0,22800000.0,26300000.0,,34900000.0,,6519800000,1360200000,3748300000.0,3248400000,55300000.0,,,,,,,,,2007500000.0,214400000.0,522500000.0,304600000.0,45600000.0,385200000.0,,,,34400000.0,,340800000.0,,-1340900000.0,,761700000.0,,1008900000,,1008900000,1008900000.0,,4,4,882100000,35800000.0,156000000.0,28500000.0,127500000.0,26200000.0,146100000.0,,,,,,,,,0.054,33500000,244100000,,,-16600000,-14200000,-2400000.0,-3400000.0,-2600000.0,,,-800000.0,,,,,,247800000,23900000,,-5500000.0,,,,40800000.0,610400000.0,,,82000000.0,654000000,,,,60000000.0,0.0,0.0,166200000,529500000.0,,,,200000.0,41400000.0,,,,1008900000.0,1875800000.0,2808000000.0,4683800000.0,,,,,32600000.0,,17200000.0,2160700000,5350600000.0,,500000.0,44600000.0,,550000000,38500000,,20800000.0,,,,10000000.0,6100000.0,158429.0,27800000.0,701839.0,69.92,160600000.0,,-17400000.0,,,223900000.0,5000000.0,,,,,21200000.0,4627828.0,314300000.0,569698.0,45000000.0,146900000.0,,59600000.0,,4900000.0,,9200000.0,2200000.0,52200000.0,,,145200000,144500000,25300000.0,-53300000.0,-39600000.0,,13200000.0,10200000.0,557223.0,25.93,1411300000.0,199000000.0,,425800000.0,8800000.0,2500000.0,2500000.0,38700000.0,724200000.0,36.05,2895.0,79.66,33.81,79.69,11600000.0,109.45,49595.0,,,,
2023-10-05,False,144927051,1.0,,,678500000,,101900000,411000000,,86600000,,,,-25800000,,-548700000.0,,,9900000.0,,,2500000,,2700000,200000.0,6539600000,1846300000,159300000.0,,,,,,,,,,,,,163300000,,163300000.0,-141500000.0,,0.28,1,600000000,150679160,,150700000,235800000,,,1165800000.0,,,,,,,,3318300000,,,,,,,,,,,3600000.0,,255800000.0,,,,,,,,,,,,,,,,,,,,,,,,,,,,,,,,,,65900000,70100000,,,,,,40800000.0,40800000.0,,1.61,1.6,0.229,0.21,,,,400000.0,,,,,,,,,,,,55500000,,7400000.0,,,,,,,,,,,,,,,,,31100000,,,,,,,,,121900000,90800000.0,-7400000.0,1041700000,,1000000,,499500000,,,304700000,,292600000,,12100000,12200000.0,69900000,4200000,,,,,,,-22400000,-143100000.0,61200000.0,-60200000,-62800000,-400000,900000,18000000,139900000,108800000,,,,,-30700000.0,56900000.0,18900000,,682900000.0,,872900000,,111200000.0,78800000.0,,,,,,,,,,,,,,6539600000,1285400000,3751200000.0,3248500000,55100000.0,,,,,,,,,,,,,,,,,,,,-171700000.0,,-304800000.0,,334600000.0,,234800000,,234800000,234800000.0,,2,2,323300000,,,28900000.0,,,145600000.0,,,,,,,,,,30000000,388600000,,,800000,1200000,-400000.0,200000.0,200000.0,,,,,,,,,246900000,9300000,,100000.0,,,,40800000.0,42300000.0,,,37400000.0,267300000,,,,,,,84400000,15100000.0,,,,100000.0,-18900000.0,,,,234800000.0,1936600000.0,3008600000.0,4945200000.0,,,,,13700000.0,,,2354600000,1665300000.0,,,,,176200000,9900000,,,,,,,,,,,,143600000.0,,100000.0,,500000000.0,123900000.0,,,,,,65500000.0,5752260.0,427800000.0,992365.0,100000000.0,,,,,,,,,,,,146600000,145700000,24900000.0,,,,,,,,1503000000.0,400000.0,,,,,,,725700000.0,,,,,,,,,15100000.0,199900000.0,32000000.0,27300000.0
