filing_date,annual,EntityCommonStockSharesOutstanding_shares,EntityPublicFloat_USD,AccountsReceivableNet_USD,AccumulatedOtherComprehensiveIncomeLossNetOfTax_USD,AdditionalCollateralAggregateFairValue_USD,AdditionalPaidInCapital_USD,AdditionalPaidInCapitalCommonStock_USD,AdjustmentsRelatedToTaxWithholdingForShareBasedCompensation_USD,AdjustmentsToAdditionalPaidInCapitalSharebasedCompensationRequisiteServicePeriodRecognitionValue_USD,AdjustmentsToAdditionalPaidInCapitalTaxEffectFromShareBasedCompensation_USD,AdjustmentsToReconcileNetIncomeLossToCashProvidedByUsedInOperatingActivities_USD,AdjustmentToAdditionalPaidInCapitalIncomeTaxEffectFromShareBasedCompensationNet_USD,AllowanceForLoanAndLeaseLossesAdjustmentsNet_USD,AllowanceForLoanAndLeaseLossesLoansSold_USD,AllowanceForLoanAndLeaseLossesWriteoffsNet_USD,AmortizationOfIntangibleAssets_USD,AntidilutiveSecuritiesExcludedFromComputationOfEarningsPerShareAmount_shares,AociTaxAttributableToParent_USD,Assets_USD,AssetsFairValueDisclosure_USD,AssetsOfDisposalGroupIncludingDiscontinuedOperation_USD,AvailableForSaleDebtSecuritiesAmortizedCostBasis_USD,AvailableForSaleSecurities_USD,AvailableForSaleSecuritiesAmortizedCost_USD,AvailableForSaleSecuritiesDebtSecurities_USD,CashAndCashEquivalentsAtCarryingValue_USD,CashAndCashEquivalentsPeriodIncreaseDecrease_USD,CashCashEquivalentsRestrictedCashAndRestrictedCashEquivalents_USD,CashCashEquivalentsRestrictedCashAndRestrictedCashEquivalentsPeriodIncreaseDecreaseIncludingExchangeRateEffect_USD,CashCollateralForBorrowedSecurities_USD,CashProvidedByUsedInOperatingActivitiesDiscontinuedOperations_USD,ChangeInUnrealizedGainLossOnHedgedItemInFairValueHedge1_USD,CollateralAlreadyPostedAggregateFairValue_USD,CommonStockDividendsPerShareCashPaid_USD/shares,CommonStockDividendsPerShareDeclared_USD/shares,CommonStockParOrStatedValuePerShare_USD/shares,CommonStockSharesAuthorized_shares,CommonStockSharesIssued_shares,CommonStockValue_USD,ComprehensiveIncomeNetOfTax_USD,ComprehensiveIncomeNetOfTaxAttributableToNoncontrollingInterest_USD,ComprehensiveIncomeNetOfTaxIncludingPortionAttributableToNoncontrollingInterest_USD,CostOfGoodsAndServicesSoldOverhead_USD,CumulativeEffectOnRetainedEarningsNetOfTax1_USD,CurrentFederalTaxExpenseBenefit_USD,CurrentForeignTaxExpenseBenefit_USD,CurrentIncomeTaxExpenseBenefit_USD,CurrentStateAndLocalTaxExpenseBenefit_USD,DebtLongtermAndShorttermCombinedAmount_USD,DeconsolidationGainOrLossAmount_USD,DeferredFederalIncomeTaxExpenseBenefit_USD,DeferredForeignIncomeTaxExpenseBenefit_USD,DeferredIncomeTaxExpenseBenefit_USD,DeferredIncomeTaxesAndOtherTaxReceivableCurrent_USD,DeferredIncomeTaxLiabilities_USD,DeferredStateAndLocalIncomeTaxExpenseBenefit_USD,DeferredTaxAssetsDeferredIncome_USD,DeferredTaxAssetsLiabilitiesNet_USD,DeferredTaxAssetsNet_USD,DeferredTaxAssetsOperatingLossCarryforwards_USD,DeferredTaxAssetsTaxCreditCarryforwardsForeign_USD,DeferredTaxAssetsTaxDeferredExpenseCompensationAndBenefitsShareBasedCompensationCost_USD,DeferredTaxAssetsTaxDeferredExpenseReservesAndAccrualsAccruedLiabilities_USD,DeferredTaxAssetsTaxDeferredExpenseReservesAndAccrualsProvisionForLoanLosses_USD,DeferredTaxAssetsValuationAllowance_USD,DeferredTaxLiabilities_USD,DeferredTaxLiabilitiesFinancingArrangements_USD,DeferredTaxLiabilitiesGoodwillAndIntangibleAssets_USD,DeferredTaxLiabilitiesOther_USD,DerivativeAssetFairValueOfCollateral_USD,DerivativeAssets_USD,DerivativeCollateralObligationToReturnCash_USD,DerivativeCollateralObligationToReturnSecurities_USD,DerivativeCollateralRightToReclaimCash_USD,DerivativeCreditRiskValuationAdjustmentDerivativeAssets_USD,DerivativeFairValueAmountOffsetAgainstCollateralNet_USD,DerivativeFairValueOfDerivativeAsset_USD,DerivativeFairValueOfDerivativeLiability_USD,DerivativeFairValueOfDerivativeNet_USD,DerivativeInstrumentsGainLossReclassificationFromAccumulatedOCIToIncomeEstimatedNetAmountToBeTransferred_USD,DerivativeLiabilityFairValueOfCollateral_USD,DerivativeNetLiabilityPositionAggregateFairValue_USD,DerivativeNotionalAmount_USD,DirectOperatingCosts_USD,DiscontinuedOperationIncomeLossFromDiscontinuedOperationBeforeIncomeTax_USD,DiscontinuedOperationTaxEffectOfDiscontinuedOperation_USD,DisposalGroupIncludingDiscontinuedOperationOtherAssets_USD,DividendsCommonStockCash_USD,DividendsPreferredStock_USD,DividendsSharebasedCompensationStock_USD,EarningsPerShareBasic_USD/shares,EarningsPerShareDiluted_USD/shares,EffectiveIncomeTaxRateContinuingOperations_pure,EffectiveIncomeTaxRateReconciliationAtFederalStatutoryIncomeTaxRate_pure,EffectiveIncomeTaxRateReconciliationOtherAdjustments_pure,EffectiveIncomeTaxRateReconciliationStateAndLocalIncomeTaxes_pure,EmployeeServiceShareBasedCompensationNonvestedAwardsTotalCompensationCostNotYetRecognized_USD,EmployeeServiceShareBasedCompensationTaxBenefitRealizedFromExerciseOfStockOptions_USD,ExtinguishmentOfDebtAmount_USD,FairValueMeasurementWithUnobservableInputsReconciliationRecurringBasisAssetGainLossIncludedInEarnings1_USD,FairValueNetDerivativeAssetLiabilityMeasuredOnRecurringBasisUnobservableInputsReconciliationGainLossIncludedInEarnings_USD,FairValueNetDerivativeAssetLiabilityMeasuredOnRecurringBasisUnobservableInputsReconciliationGainLossIncludedInOtherComprehensiveIncomeLoss_USD,FairValueNetDerivativeAssetLiabilityMeasuredOnRecurringBasisUnobservableInputsReconciliationSettlements_USD,FairValueNetDerivativeAssetLiabilityMeasuredOnRecurringBasisUnobservableInputsReconciliationTransfersNet_USD,FairValueNetDerivativeAssetLiabilityMeasuredOnRecurringBasisWithUnobservableInputs_USD,FinancialLiabilitiesFairValueDisclosure_USD,FinancingReceivableAllowanceForCreditLosses_USD,FinancingReceivableAllowanceForCreditLossesCollectivelyEvaluatedForImpairment_USD,FinancingReceivableAllowanceForCreditLossesIndividuallyEvaluatedForImpairment1_USD,FinancingReceivableAllowanceForCreditLossesRecovery_USD,FinancingReceivableAllowanceForCreditLossesWriteOffs_USD,FinancingReceivableAllowanceForCreditLossWriteoffAfterRecovery_USD,FinancingReceivableChangeInPresentValueExpenseReversal_USD,FinancingReceivableCollectivelyEvaluatedForImpairment_USD,FinancingReceivableIndividuallyEvaluatedForImpairment_USD,FinancingReceivableModificationsPreModificationRecordedInvestment2_USD,FinancingReceivableModificationsRecordedInvestment_USD,FinancingReceivableModificationsSubsequentDefaultRecordedInvestment1_USD,FinancingReceivableSignificantSales_USD,FinancingReceivablesImpairedTroubledDebtRestructuringWriteDown_USD,FinancingReceivableUnamortizedLoanCommitmentOriginationFeeAndPremiumDiscount_USD,FiniteLivedIntangibleAssetsAccumulatedAmortization_USD,FiniteLivedIntangibleAssetsAmortizationExpenseNextTwelveMonths_USD,FiniteLivedIntangibleAssetsAmortizationExpenseYearFive_USD,FiniteLivedIntangibleAssetsAmortizationExpenseYearFour_USD,FiniteLivedIntangibleAssetsAmortizationExpenseYearThree_USD,FiniteLivedIntangibleAssetsAmortizationExpenseYearTwo_USD,FiniteLivedIntangibleAssetsGross_USD,FiniteLivedIntangibleAssetsNet_USD,ForeignCurrencyContractsLiabilityFairValueDisclosure_USD,ForeignCurrencyFairValueHedgeDerivativeAtFairValueNet_USD,GainLossOnDerivativeInstrumentsNetPretax_USD,GainLossOnRepurchaseOfDebtInstrument_USD,GainLossOnSaleOfDerivatives_USD,GainLossOnSalesOfLoansNet_USD,GainsLossesOnExtinguishmentOfDebt_USD,GainsLossesOnSalesOfAssets_USD,Goodwill_USD,GoodwillGross_USD,GoodwillImpairedAccumulatedImpairmentLoss_USD,GoodwillImpairmentLoss_USD,HeldToMaturitySecurities_USD,ImpairedFinancingReceivableAverageRecordedInvestment_USD,ImpairedFinancingReceivableInterestIncomeCashBasisMethod_USD,ImpairedFinancingReceivableRecordedInvestment_USD,ImpairedFinancingReceivableRelatedAllowance_USD,ImpairedFinancingReceivableUnpaidPrincipalBalance_USD,ImpairedFinancingReceivableWithRelatedAllowanceRecordedInvestment_USD,ImpairedFinancingReceivableWithRelatedAllowanceUnpaidPrincipalBalance_USD,IncomeLossFromContinuingOperationsBeforeIncomeTaxesExtraordinaryItemsNoncontrollingInterest_USD,IncomeLossFromContinuingOperationsBeforeIncomeTaxesMinorityInterestAndIncomeLossFromEquityMethodInvestments_USD,IncomeLossFromContinuingOperationsIncludingPortionAttributableToNoncontrollingInterest_USD,IncomeLossFromContinuingOperationsPerBasicShare_USD/shares,IncomeLossFromContinuingOperationsPerDilutedShare_USD/shares,IncomeLossFromDiscontinuedOperationsNetOfTaxAttributableToReportingEntity_USD,IncomeLossFromDiscontinuedOperationsNetOfTaxPerBasicShare_USD/shares,IncomeLossFromDiscontinuedOperationsNetOfTaxPerDilutedShare_USD/shares,IncomeTaxExpenseBenefit_USD,IncomeTaxesPaidNet_USD,IncreaseDecreaseInAccruedInterestReceivableNet_USD,IncreaseDecreaseInInterestPayableNet_USD,IncreaseDecreaseInOperatingAssets_USD,IncreaseDecreaseInOtherOperatingAssets_USD,IncreaseDecreaseInOtherOperatingLiabilities_USD,IncreaseDecreaseInRestrictedCash_USD,IncreaseDecreaseInRestrictedCashForOperatingActivities_USD,IncrementalCommonSharesAttributableToShareBasedPaymentArrangements_shares,IntangibleAssetsNetIncludingGoodwill_USD,InterestAndDividendIncomeOperating_USD,InterestAndFeeIncomeLoansConsumer_USD,InterestAndFeeIncomeLoansOtherConsumer_USD,InterestAndFeeIncomeOtherLoans_USD,InterestExpense_USD,InterestIncomeExpenseAfterProvisionForLoanLoss_USD,InterestIncomeExpenseNet_USD,InterestIncomeOperating_USD,InterestPaidNet_USD,InterestReceivable_USD,InterestReceivableAndOtherAssets_USD,Investments_USD,InvestmentsAndCash_USD,LaborAndRelatedExpense_USD,Liabilities_USD,LiabilitiesAndStockholdersEquity_USD,LiabilitiesAssumed1_USD,LiabilitiesOfDisposalGroupIncludingDiscontinuedOperation_USD,LineOfCreditFacilityAverageOutstandingAmount_USD,LoansAndLeasesReceivableAllowance_USD,LoansAndLeasesReceivableNetReportedAmount_USD,LoansReceivableNet_USD,LongTermDebt_USD,LongTermDebtFairValue_USD,LongTermDebtMaturitiesRepaymentsOfPrincipalAfterYearFive_USD,LongTermDebtMaturitiesRepaymentsOfPrincipalInNextTwelveMonths_USD,LongTermDebtMaturitiesRepaymentsOfPrincipalInYearFive_USD,LongTermDebtMaturitiesRepaymentsOfPrincipalInYearFour_USD,LongTermDebtMaturitiesRepaymentsOfPrincipalInYearThree_USD,LongTermDebtMaturitiesRepaymentsOfPrincipalInYearTwo_USD,LongtermDebtWeightedAverageInterestRate_pure,LossContingencyAccrualAtCarryingValue_USD,LossContingencyAccrualProvision_USD,LossContingencyNewClaimsFiledNumber_Case,MarketableSecurities_USD,MinorityInterest_USD,MinorityInterestDecreaseFromRedemptions_USD,MinorityInterestPeriodIncreaseDecrease_USD,NetCashProvidedByUsedInFinancingActivities_USD,NetCashProvidedByUsedInFinancingActivitiesContinuingOperations_USD,NetCashProvidedByUsedInInvestingActivities_USD,NetCashProvidedByUsedInInvestingActivitiesContinuingOperations_USD,NetCashProvidedByUsedInOperatingActivities_USD,NetCashProvidedByUsedInOperatingActivitiesContinuingOperations_USD,NetIncomeLoss_USD,NetIncomeLossAttributableToNoncontrollingInterest_USD,NetIncomeLossAvailableToCommonStockholdersBasic_USD,NoncashOrPartNoncashAcquisitionNetNonmonetaryAssetsAcquiredLiabilitiesAssumed1_USD,NoncontrollingInterestDecreaseFromDeconsolidation_USD,NoncontrollingInterestIncreaseFromBusinessCombination_USD,NoninterestExpense_USD,NoninterestIncome_USD,NoninterestIncomeOtherOperatingIncome_USD,NotesReceivableGross_USD,NotesReceivableNet_USD,NumberOfOperatingSegments_Segment,NumberOfReportableSegments_Segment,OperatingExpenses_USD,OperatingLossCarryforwards_USD,OperatingLossCarryforwardsValuationAllowance_USD,OtherAssets_USD,OtherAssetsMiscellaneous_USD,OtherComprehensiveIncomeLossCashFlowHedgeGainLossAfterReclassificationAndTax_USD,OtherComprehensiveIncomeLossCashFlowHedgeGainLossReclassificationBeforeTax_USD,OtherComprehensiveIncomeLossDerivativesQualifyingAsHedgesBeforeTax_USD,OtherComprehensiveIncomeLossDerivativesQualifyingAsHedgesNetOfTax_USD,OtherComprehensiveIncomeLossNetOfTax_USD,OtherComprehensiveIncomeLossNetOfTaxPortionAttributableToParent_USD,OtherComprehensiveIncomeLossReclassificationAdjustmentFromAOCIOnDerivativesBeforeTax_USD,OtherComprehensiveIncomeLossTax_USD,OtherComprehensiveIncomeUnrealizedGainLossOnDerivativesArisingDuringPeriodBeforeTax_USD,OtherComprehensiveIncomeUnrealizedGainLossOnDerivativesArisingDuringPeriodNetOfTax_USD,OtherComprehensiveIncomeUnrealizedHoldingGainLossOnSecuritiesArisingDuringPeriodBeforeTax_USD,OtherIncome_USD,OtherInvestments_USD,OtherLiabilities_USD,OtherNoninterestExpense_USD,PaymentsForProceedsFromOtherInvestingActivities_USD,PaymentsForRepurchaseOfCommonStock_USD,PaymentsOfDistributionsToAffiliates_USD,PaymentsOfDividendsCommonStock_USD,PaymentsOfDividendsPreferredStockAndPreferenceStock_USD,PaymentsToAcquireAvailableForSaleSecurities_USD,PaymentsToAcquireBusinessesNetOfCashAcquired_USD,PaymentsToAcquireLoansHeldForInvestment_USD,PaymentsToAcquireOtherInvestments_USD,PreferredStockDividendsIncomeStatementImpact_USD,PreferredStockParOrStatedValuePerShare_USD/shares,PreferredStockSharesAuthorized_shares,ProceedsFromAccountsReceivableSecuritization_USD,ProceedsFromIncomeTaxRefunds_USD,ProceedsFromIssuanceOfLongTermDebt_USD,ProceedsFromIssuanceOfOtherLongTermDebt_USD,ProceedsFromIssuanceOfUnsecuredDebt_USD,ProceedsFromOtherShortTermDebt_USD,ProceedsFromPaymentsForOtherFinancingActivities_USD,ProceedsFromSaleAndMaturityOfAvailableForSaleSecurities_USD,ProceedsFromSaleAndMaturityOfOtherInvestments_USD,ProceedsFromSaleOfLoansHeldForInvestment_USD,ProceedsFromStockOptionsExercised_USD,ProfitLoss_USD,PropertyPlantAndEquipmentNet_USD,ProvisionForLoanAndLeaseLosses_USD,ProvisionForLoanLossesExpensed_USD,RealizedInvestmentGainsLosses_USD,ReceivableWithImputedInterestEffectiveYieldInterestRate_pure,RepaymentsOfAccountsReceivableSecuritization_USD,RepaymentsOfLongTermDebt_USD,RepaymentsOfOtherLongTermDebt_USD,RepaymentsOfOtherShortTermDebt_USD,RepaymentsOfUnsecuredDebt_USD,ReportingUnitPercentageOfFairValueInExcessOfCarryingAmount_pure,RestrictedCashAndCashEquivalents_USD,RestrictedCashAndInvestments_USD,RestrictedInvestments_USD,RestructuringCharges_USD,RetainedEarningsAccumulatedDeficit_USD,RevenueFromContractWithCustomerExcludingAssessedTax_USD,SecuritiesHeldAsCollateralAtFairValue_USD,ServicingFeesNet_USD,ShareBasedCompensation_USD,ShareBasedCompensationArrangementByShareBasedPaymentAwardOptionsExercisableNumber_shares,ShareBasedCompensationArrangementByShareBasedPaymentAwardOptionsExercisableWeightedAverageExercisePrice_USD/shares,ShareBasedCompensationArrangementByShareBasedPaymentAwardOptionsForfeituresInPeriod_shares,ShareBasedCompensationArrangementByShareBasedPaymentAwardOptionsGrantsInPeriod_shares,ShareBasedCompensationArrangementByShareBasedPaymentAwardOptionsGrantsInPeriodGross_shares,ShareBasedCompensationArrangementByShareBasedPaymentAwardOptionsOutstandingIntrinsicValue_USD,ShareBasedCompensationArrangementByShareBasedPaymentAwardOptionsOutstandingNumber_shares,ShareBasedCompensationArrangementByShareBasedPaymentAwardOptionsOutstandingWeightedAverageExercisePrice_USD/shares,ShareBasedCompensationArrangementByShareBasedPaymentAwardSharesPurchasedForAward_shares,ShareBasedCompensationArrangementsByShareBasedPaymentAwardOptionsExercisesInPeriodWeightedAverageExercisePrice_USD/shares,ShareBasedCompensationArrangementsByShareBasedPaymentAwardOptionsForfeituresInPeriodWeightedAverageExercisePrice_USD/shares,ShareBasedCompensationArrangementsByShareBasedPaymentAwardOptionsGrantsInPeriodWeightedAverageExercisePrice_USD/shares,SharebasedCompensationArrangementBySharebasedPaymentAwardOptionsExercisableIntrinsicValue1_USD,SharesPaidForTaxWithholdingForShareBasedCompensation_shares,ShortTermBorrowings_USD,ShortTermDebtWeightedAverageInterestRate_pure,ShorttermDebtAverageOutstandingAmount_USD,ShorttermDebtFairValue_USD,ShorttermDebtMaximumMonthendOutstandingAmount_USD,StockholdersEquity_USD,StockholdersEquityBeforeTreasuryStock_USD,StockholdersEquityIncludingPortionAttributableToNoncontrollingInterest_USD,StockholdersEquityNoteSpinoffTransaction_USD,StockIssuedDuringPeriodSharesNewIssues_shares,StockIssuedDuringPeriodSharesStockOptionsExercised_shares,StockIssuedDuringPeriodValueNewIssues_USD,StockRepurchaseProgramAuthorizedAmount_USD,StockRepurchaseProgramAuthorizedAmount1_USD,StockRepurchaseProgramRemainingAuthorizedRepurchaseAmount_USD,StockRepurchaseProgramRemainingAuthorizedRepurchaseAmount1_USD,TreasuryStockAcquiredAverageCostPerShare_USD/shares,TreasuryStockRetiredCostMethodAmount_USD,TreasuryStockShares_shares,TreasuryStockSharesAcquired_shares,TreasuryStockSharesRetired_shares,TreasuryStockValue_USD,TreasuryStockValueAcquiredCostMethod_USD,UnrealizedGainLossOnDerivatives_USD,UnrecognizedTaxBenefits_USD,UnrecognizedTaxBenefitsDecreasesResultingFromPriorPeriodTaxPositions_USD,UnrecognizedTaxBenefitsDecreasesResultingFromSettlementsWithTaxingAuthorities_USD,UnrecognizedTaxBenefitsIncreasesResultingFromCurrentPeriodTaxPositions_USD,UnrecognizedTaxBenefitsIncreasesResultingFromPriorPeriodTaxPositions_USD,UnrecognizedTaxBenefitsIncreasesResultingFromSettlementsWithTaxingAuthorities_USD,UnrecognizedTaxBenefitsReductionsResultingFromLapseOfApplicableStatuteOfLimitations_USD,UnrecognizedTaxBenefitsThatWouldImpactEffectiveTaxRate_USD,UnsecuredDebt_USD,WeightedAverageNumberDilutedSharesOutstandingAdjustment_shares,WeightedAverageNumberOfDilutedSharesOutstanding_shares,WeightedAverageNumberOfSharesOutstandingBasic_shares,EffectiveIncomeTaxRateReconciliationNondeductibleExpense_pure,LitigationSettlementExpense_USD,OtherComprehensiveIncomeLossCashFlowHedgeGainLossBeforeReclassificationAfterTax_USD,AllowanceForLoanAndLeaseLossesWriteOffs_USD,DerivativeAssetFairValueGrossLiability_USD,DerivativeFairValueOfDerivativeAssetAmountOffsetAgainstCollateral_USD,DerivativeFairValueOfDerivativeLiabilityAmountOffsetAgainstCollateral_USD,DerivativeLiabilities_USD,DerivativeLiabilityFairValueGrossAsset_USD,EffectiveIncomeTaxRateReconciliationTaxContingenciesStateAndLocal_pure,StockholdersEquityOther_USD,TreasuryStockCommonShares_shares
2014-05-09,False,422739239,,,7000000,15000000.0,4461000000.0,,50000000,18000000,11000000.0,,,,6000000.0,241000000.0,,,,156472000000,,,,135000000.0,138000000.0,,3742000000,-1448000000.0,,,,-2000000.0,,118000000.0,,0.15,0.2,1125000000,549000000,110000000,,,213000000,72000000.0,,,,,,,,,,,,,,,,,,,,,,,,,,,,,,,,,,1935000000,1667000000,268000000,,,133000000.0,,294000000,,,,64000000,5000000.0,1000000,0.5,0.49,,,,,,,,7000000.0,,,,,,,1297000000.0,1092000000.0,1101000000.0,61000000.0,26000000.0,,,133113000000.0,9634000000.0,,,,,,,,,,,,,,,,,-8000000,,119000000.0,,23000000.0,,,,,,,9065000000.0,147000000.0,9241000000.0,1081000000.0,9295000000.0,,,,355000000.0,219000000.0,0.5,0.49,1000000.0,,,136000000,38000000,-109000000,-69000000,-257000000.0,,11000000,221000000.0,-5000000.0,8000000,421000000,1296000000.0,,3000000.0,,530000000,581000000,766000000,,519000000,,,,,142000000,150874000000,156472000000,,,,2193000000.0,,,136177000000,,,,,,,,,,,,787000000.0,5000000.0,,,-2998000000.0,,992000000.0,,558000000.0,558000000.0,219000000,,214000000.0,,,,396000000,,6000000.0,,,,,366000000,,,6936000000.0,,,,-8000000.0,,-6000000,,-3000000.0,-2000000.0,-11000000.0,,-1000000.0,,652000000.0,3071000000,224000000,-119000000,200000000,,64000000,5000000.0,25000000.0,,1975000000,,,0.2,20000000.0,,1000000.0,,834000000.0,,,-11000000,2000000.0,,226000000.0,,219000000,,185000000,,,,,,1535000000.0,,,,,3794000000.0,,26000000.0,2733000000,,1316000000.0,,18000000,,,,,,,,,,,,,,2115470,11626000000,,,,,5593000000.0,7876000000,5598000000,,4238182,,34000000,,,0.0,,23.89,,127000000.0,8000000.0,,2283000000,200000000.0,226000000.0,,,,,,,,,,8000000,435000000,427000000,,,,,,,,,,,,
2014-08-01,False,419438459,,,7000000,2000000.0,2868000000.0,,22000000,10000000,1000000.0,,,,8000000.0,182000000.0,,,,142976000000,,,,7000000.0,6000000.0,,1636000000,-3554000000.0,,,,1000000.0,,118000000.0,,0.15,0.01,1125000000,424000000,4000000,,1000000.0,307000000,57000000.0,,,,,,,,,,,,,,,,,,,,,,,,,,,,,,,,,,1936000000,1336000000,600000000,,,120000000.0,,154000000,,,,63000000,2000000.0,2000000,0.72,0.71,,,,,,,,87000000.0,,,,,,,1269000000.0,1022000000.0,1083000000.0,58000000.0,23000000.0,,,121877000000.0,10058000000.0,,,,,,,,,,,,,,,,,61000000,,114000000.0,,19000000.0,,41000000.0,,,,,9453000000.0,151000000.0,9650000000.0,1063000000.0,9712000000.0,,,,498000000.0,307000000.0,0.72,0.71,1000000.0,0.08,0.08,191000000,192000000,-63000000,-32000000,-177000000.0,,437000000,-54000000.0,45000000.0,8000000,373000000,1175000000.0,,2000000.0,,513000000,497000000,662000000,,1005000000,,,,,116000000,138955000000,142976000000,,,,2105000000.0,,,131919000000,,,,,,,,,168000000.0,103000000.0,,658000000.0,5000000.0,,,-7895000000.0,,3228000000.0,,1113000000.0,1112000000.0,307000000,-1000000.0,305000000.0,,5000000.0,,274000000,275000000.0,9000000.0,,,,,211000000,,,6642000000.0,,,,-3000000.0,,0,307000000.0,-1000000.0,-2000000.0,-4000000.0,,3000000.0,,651000000.0,2720000000,95000000,-108000000,265000000,,127000000,6000000.0,28000000.0,,2917000000,,,0.2,20000000.0,,70000000.0,,834000000.0,,,158000000,3000000.0,,707000000.0,,307000000,,165000000,,,,,,2040000000.0,,,,,3613000000.0,,61000000.0,1224000000,,1414000000.0,73000000.0,28000000,,,,,,,,,,,,,,1270458,4316000000,,,,,4021000000.0,4103000000,4021000000,,1867844,,13000000,400000000.0,,335000000.0,,16.81,2300000000.0,5000000.0,3862214.0,127000000.0,82000000,65000000.0,345000000.0,,,,,,,,,,8000000,430000000,422000000,,,,,,,,,,,,
2014-10-30,False,410219225,,,8000000,,2880000000.0,,8000000,5000000,2000000.0,,,,14000000.0,173000000.0,,,,140345000000,134646000000.0,,,7000000.0,6000000.0,,1942000000,-3248000000.0,,,,-1000000.0,,119000000.0,,0.15,0.01,1125000000,425000000,4000000,,-1000000.0,360000000,48000000.0,,,,,,133663000000.0,,,,,,,,,,,,,,,,,,,,,,,676000000.0,,,,,1139000000,1232000000,-93000000,,,118000000.0,,147000000,,,,62000000,6000000.0,2000000,0.87,0.85,,,,,,,,-748000000.0,,,,,,131969000000.0,1253000000.0,936000000.0,1140000000.0,48000000.0,19000000.0,,,119605000000.0,10374000000.0,,,,,,,,,,,,,,,,,108000000,,103000000.0,,42000000.0,,,,,,,9772000000.0,155000000.0,9932000000.0,1121000000.0,10009000000.0,,,,561000000.0,361000000.0,0.87,0.85,-2000000.0,0.02,0.02,200000000,339000000,-136000000,-108000000,-811000000.0,,25000000,52000000.0,3000000.0,8000000,371000000,1132000000.0,,2000000.0,,508000000,484000000,624000000,,1489000000,,,,,109000000,136189000000,140345000000,,,,2076000000.0,,,127669000000,125982000000.0,,,,,,,,120000000.0,103000000.0,,622000000.0,5000000.0,,,,-9746000000.0,,4883000000.0,1615000000.0,1616000000.0,359000000,-1000000.0,359000000.0,,5000000.0,,211000000,288000000.0,34000000.0,,,,,195000000,,,5544000000.0,,,,-12000000.0,,1000000,360000000.0,-3000000.0,-4000000.0,-15000000.0,,1000000.0,,615000000.0,2526000000,86000000,-148000000,432000000,,189000000,6000000.0,28000000.0,,4286000000,,,0.2,20000000.0,,107000000.0,,834000000.0,,,-72000000,3000000.0,,707000000.0,,359000000,,140000000,,,,,,2192000000.0,,,,,3683000000.0,,14000000.0,1521000000,,1111000000.0,81000000.0,33000000,,,,,,,,,,,,,,418431,5994000000,,,5987000000.0,,4156000000.0,4413000000,4156000000,,712711,,5000000,,400000000.0,,168000000.0,17.62,2300000000.0,15000000.0,9513514.0,127000000.0,257000000,167000000.0,-690000000.0,,,,,,,,,,8000000,423000000,415000000,,,,,,,,,,,,
2015-02-27,True,401460484,7400000000.0,,9000000,1000000.0,2893000000.0,,87000000,39000000,15000000.0,,,,14000000.0,781000000.0,8000000.0,3000000.0,,146352000000,139854000000.0,103000000.0,,6000000.0,5000000.0,,1443000000,-3747000000.0,,,935000000.0,142000000.0,1079000000.0,79000000.0,,0.15,0.01,1125000000,426000000,4000000,,-1000000.0,1145000000,227000000.0,,443000000.0,,485000000.0,42000000.0,139529000000.0,312000000.0,189000000.0,,203000000.0,,,14000000.0,49000000.0,1348000000.0,1412000000.0,,,50000000.0,27000000.0,795000000.0,8000000.0,64000000.0,,,64000000.0,,,,,,18000000.0,96000000.0,1022000000,1430000000,-408000000,1000000.0,,80000000.0,,760000000,126000000.0,20000000.0,98000000.0,249000000,,3000000,0.65,0.64,0.375,0.35,0.005,0.02,14000000.0,15000000.0,548000000.0,-1072000000.0,,,,,,136862000000.0,,882000000.0,1151000000.0,,,,,125196000000.0,10654000000.0,,2064000000.0,,,439000000.0,,,5000000.0,0.0,1000000.0,1000000.0,3000000.0,291000000.0,16000000.0,9300000000.0,129000000.0,-22000000,,-219000000.0,,42000000.0,,353000000.0,527000000.0,,,,9595000000.0,613000000.0,10205000000.0,1132000000.0,10266000000.0,,,,1837000000.0,262000000.0,0.65,0.64,1000000.0,0.14,0.13,159000000,484000000,75000000,-27000000,-853000000.0,,-51000000,285000000.0,64000000.0,8000000,369000000,,,9000000.0,,2063000000,476000000,614000000,4730000000.0,1983000000,,,,,458000000,142154000000,146352000000,,94000000.0,,2033000000.0,,134317000000.0,136866000000,134201000000.0,65600000000.0,16900000000.0,12800000000.0,11900000000.0,14700000000.0,14800000000.0,0.0162,78000000.0,112000000.0,,633000000.0,5000000.0,,,,-3758000000.0,-1653000000.0,,1664000000.0,1664000000.0,263000000,-1000000.0,263000000.0,,5000000.0,,1109000000,907000000.0,82000000.0,,,3.0,4.0,215000000,245000000.0,,5664000000.0,,,,-8000000.0,-7000000.0,-4000000,1145000000.0,-3000000.0,-2000000.0,-11000000.0,-5000000.0,2000000.0,,627000000.0,2625000000,529000000,-123000000,600000000,,249000000,6000000.0,28000000.0,,13803000000,,6000000.0,0.2,20000000.0,,108000000.0,,1817000000.0,,23000000.0,251000000,4000000.0,,768000000.0,0.0,263000000,,138000000,,,0.0351,,,3162000000.0,307000000.0,,,,3926000000.0,,10000000.0,1724000000,,1279000000.0,298000000.0,39000000,12390540.0,15.14,89660.0,1988228.0,,155000000.0,17321559.0,14.68,228053.0,8.84,22.95,17.0,116000000.0,4171342,2663000000,0.0206,7541000000.0,2661000000.0,13142000000.0,4198000000.0,4630000000,4198000000,,7389962,2669174.0,58000000,,1000000000.0,,,19.72,2300000000.0,24000000.0,30400000.0,127000000.0,432000000,600000000.0,-283000000.0,51900000.0,12400000.0,600000.0,8400000.0,1000000.0,0.0,500000.0,28300000.0,1900000000.0,8000000,425000000,417000000,,,,,,,,,,,,
2015-04-30,False,389021445,,,-36000000,1000000.0,,2935000000.0,35000000,12000000,9000000.0,,,,,198000000.0,,,,143872000000,137554000000.0,,,6000000.0,5000000.0,,2051000000,608000000.0,,,981000000.0,,858000000.0,64000000.0,,0.16,0.01,1125000000,429000000,4000000,,,247000000,,,,,,,136420000000.0,,,,,,,,,,,,,,,,,,,,,,,,,,0.0,,963000000,2078000000,-1115000000,,,65000000.0,,170000000,,,,63000000,,2000000,0.73,0.72,,,,,,,,,-842000000.0,0.0,1000000.0,0.0,-1059000000.0,134129000000.0,,868000000.0,1095000000.0,,,,,121967000000.0,10902000000.0,,472000000.0,118000000.0,,119000000.0,,,,,,,,,,,,71000000,,-56000000.0,,0.0,,,,,,,10332000000.0,161000000.0,10426000000.0,1077000000.0,10493000000.0,,,473000000.0,,292000000.0,0.73,0.72,0.0,0.0,0.0,181000000,1000000,-148000000,-60000000,-153000000.0,,64000000,-126000000.0,7000000.0,7000000,549000000,,,2000000.0,,514000000,458000000,583000000,1097000000.0,500000000,,,,,123000000,139781000000,143872000000,,,,1963000000.0,,,132330000000,130015000000.0,,,,,,,,73000000.0,,,603000000.0,4000000.0,,,,-2631000000.0,2740000000.0,,499000000.0,,292000000,0.0,292000000.0,,,4000000.0,234000000,249000000.0,7000000.0,,,,,230000000,,,5456000000.0,427000000.0,,,-71000000.0,,-45000000,,-3000000.0,-26000000.0,-71000000.0,,,,597000000.0,3361000000,107000000,-24000000,300000000,,63000000,5000000.0,25000000.0,181000000.0,830000000,,5000000.0,,,,1000000.0,,493000000.0,,,59000000,2000000.0,,193000000.0,,292000000,,125000000,,,,,,590000000.0,,,,,3799000000.0,,3000000.0,1951000000,,1224000000.0,77000000.0,12000000,,,,,,,,,,,,,,1644764,4090000000,,,4114000000.0,,4087000000.0,4854000000,4091000000,,3585238,,21000000,,,,700000000.0,20.49,,40000000.0,14653835.0,,767000000,300000000.0,-634000000.0,,,,,,,,,,7000000,405000000,398000000,,,,,,,,,,,,
2015-08-03,False,374032762,,,-26000000,1000000.0,,2954000000.0,8000000,11000000,3000000.0,,,,,520000000.0,,,16000000.0,140220000000,134185000000.0,,,6000000.0,5000000.0,,1614000000,171000000.0,,,776000000.0,1000000.0,-88000000.0,47000000.0,,0.16,0.01,1125000000,430000000,4000000,,,192000000,,,,,,,133338000000.0,,,,,,,,,,,,,,,,,,,,,,,,,,1000000.0,,755000000,1631000000,-876000000,,,48000000.0,,170000000,,,,61000000,,2000000,0.48,0.47,,,,,,,,,308000000.0,0.0,1000000.0,0.0,-751000000.0,130680000000.0,,369000000.0,1274000000.0,,,,,118697000000.0,10810000000.0,,,97000000.0,,131000000.0,,,,,,,,,,,,-18000000,,-67000000.0,,0.0,,,,,,,10409000000.0,164000000.0,10399000000.0,1257000000.0,10472000000.0,,,295000000.0,,182000000.0,0.48,0.47,1000000.0,0.0,0.0,113000000,67000000,-102000000,-7000000,-407000000.0,,40000000,96000000.0,-63000000.0,6000000,546000000,,,2000000.0,,515000000,351000000,549000000,1064000000.0,991000000,,,,,115000000,136287000000,140220000000,,,,1643000000.0,,,130387000000,127716000000.0,,,,,,,,,,,643000000.0,4000000.0,,,,-6184000000.0,5300000000.0,,1055000000.0,1055000000.0,182000000,0.0,182000000.0,,5000000.0,4000000.0,257000000,201000000.0,7000000.0,,,,,225000000,,,5096000000.0,448000000.0,,,15000000.0,,10000000,,1000000.0,5000000.0,15000000.0,,3000000.0,,637000000.0,2949000000,110000000,18000000,600000000,,124000000,6000000.0,28000000.0,181000000.0,1834000000,,2000000.0,,,,70000000.0,,493000000.0,,,-139000000,1000000.0,,386000000.0,,182000000,,198000000,,,,,,1649000000.0,,,,,3950000000.0,,29000000.0,2072000000,,1051000000.0,106000000.0,23000000,,,,,,,,,,,,,,431168,2951000000,,,2964000000.0,,3929000000.0,5004000000,3933000000,,633170,,5000000,,,,400000000.0,19.76,,56000000.0,15190685.0,,1075000000,300000000.0,226000000.0,,,,,,,,,,6000000,387000000,381000000,,,,,,,,,,,,
2015-10-30,False,362308654,,,-82000000,0.0,,2964000000.0,4000000,4000000,11000000.0,,,3000000.0,,161000000.0,,,48000000.0,137666000000,128858000000.0,,,6000000.0,5000000.0,,1305000000,-138000000.0,,,851000000.0,-1000000.0,-199000000.0,55000000.0,0.16,0.16,0.01,1125000000,430000000,4000000,,0.0,181000000,,,,,,,131109000000.0,,,,,,,,,,,,,,,,,,,,,,,,,,1000000.0,,974000000,1564000000,-590000000,,,55000000.0,,174000000,,,,58000000,,2000000,0.64,0.63,,,,,,,,,48000000.0,0.0,-6000000.0,0.0,-697000000.0,124836000000.0,,345000000.0,1263000000.0,,,,,115982000000.0,10911000000.0,,,98000000.0,,107000000.0,,,,,,,,,,,,20000000,,-73000000.0,,0.0,,,,,,,10444000000.0,163000000.0,10493000000.0,1247000000.0,10559000000.0,,,380000000.0,,236000000.0,0.64,0.63,1000000.0,0.0,0.0,144000000,67000000,-196000000,-93000000,-799000000.0,,-134000000,396000000.0,-50000000.0,6000000,544000000,,,,1000000.0,524000000,430000000,553000000,1077000000.0,1489000000,,,,,106000000,133779000000,137666000000,,,,1608000000.0,,,128293000000,122022000000.0,,,,,,,,,,,685000000.0,4000000.0,,,,-8946000000.0,7349000000.0,,1459000000.0,1459000000.0,237000000,0.0,237000000.0,,5000000.0,4000000.0,231000000,181000000.0,15000000.0,,,,,228000000,,,5045000000.0,421000000.0,,,-88000000.0,,-56000000,181000000.0,1000000.0,-32000000.0,-88000000.0,,1000000.0,,679000000.0,2670000000,122000000,46000000,775000000,,182000000,6000000.0,28000000.0,181000000.0,2940000000,,6000000.0,,,,107000000.0,,493000000.0,,,-111000000,1000000.0,,386000000.0,,237000000,,123000000,,,,,,2075000000.0,,,,,4296000000.0,,32000000.0,2251000000,,1160000000.0,76000000.0,27000000,,,,,,,,,,,,,,211829,2816000000,,,2814000000.0,,3883000000.0,5137000000,3887000000,,563109,,6000000,,,,,14.51,,68000000.0,,,1254000000,175000000.0,374000000.0,,,,,,,,,,6000000,375000000,369000000,,,,,,,,,,,,
2016-02-25,True,342817020,6800000000.0,,-51000000,5000000.0,,2967000000.0,48000000,29000000,11000000.0,,,11000000.0,5000000.0,1036000000.0,12000000.0,,30000000.0,134112000000,,,,5000000.0,4000000.0,,1594000000,151000000.0,,,759000000.0,142000000.0,1061000000.0,12000000.0,0.16,0.64,0.01,1125000000,431000000,4000000,,-1000000.0,937000000,,,136000000.0,,158000000.0,22000000.0,127403000000.0,312000000.0,404000000.0,,446000000.0,,,42000000.0,46000000.0,933000000.0,1002000000.0,,,43000000.0,24000000.0,609000000.0,7000000.0,69000000.0,,,46000000.0,,,,,,1000000.0,85000000.0,728000000,1515000000,-787000000,1000000.0,,17000000.0,,699000000,1000000.0,20000000.0,,240000000,,1000000,0.8,0.79,0.377,0.35,0.001,0.026,15000000.0,9000000.0,1744000000.0,,-751000000.0,0.0,-18000000.0,0.0,-949000000.0,121040000000.0,,343000000.0,1221000000.0,,,,,112969000000.0,11002000000.0,1604000000.0,,403000000.0,,459000000.0,,,19000000.0,60000000.0,12000000.0,13000000.0,15000000.0,441000000.0,154000000.0,9000000000.0,8000000.0,93000000,21000000.0,-277000000.0,,,,551000000.0,725000000.0,,,,10437000000.0,653000000.0,,1209000000.0,,10575000000.0,10642000000.0,1600000000.0,,286000000.0,0.8,0.79,1000000.0,0.0,0.0,166000000,88000000,-175000000,-42000000,-1045000000.0,,-139000000,-220000000.0,-66000000.0,6000000,705000000,,4280000000.0,,7000000.0,2074000000,421000000,536000000,4295000000.0,1981000000,,,,,467000000,130113000000,134112000000,0.0,,,1564000000.0,,122892000000.0,124833000000,118471000000.0,60000000000.0,16900000000.0,12100000000.0,11400000000.0,10800000000.0,14600000000.0,0.0171,,,,501000000.0,24000000.0,,,,-12445000000.0,10686000000.0,,1910000000.0,1910000000.0,286000000,0.0,286000000.0,0.0,5000000.0,24000000.0,962000000,902000000.0,17000000.0,,,3.0,4.0,235000000,251000000.0,,4682000000.0,400000000.0,,,-94000000.0,-59000000.0,-60000000,937000000.0,1000000.0,-34000000.0,-93000000.0,-60000000.0,2000000.0,,496000000.0,2710000000,451000000,-131000000,945000000,,240000000,6000000.0,28000000.0,342000000.0,3736000000,,6000000.0,,,,14000000.0,,493000000.0,,,-245000000,1000000.0,,569000000.0,0.0,286000000,,115000000,,,0.0331,,,2787000000.0,,,,,3738000000.0,,32000000.0,2480000000,,1060000000.0,340000000.0,29000000,11373279.0,13.36,1532861.0,,1978622.0,19000000.0,15761488.0,14.56,,9.45,31.52,21.47,19000000.0,2404328,2570000000,0.0302,3167000000.0,2569000000.0,4710000000.0,3975000000.0,5400000000,3999000000,-1751000000.0,4924021,2005832.0,34000000,,700000000.0,,755000000.0,16.87,2300000000.0,82000000.0,30400000.0,127000000.0,1425000000,945000000.0,-280000000.0,56300000.0,1800000.0,600000.0,6900000.0,1600000.0,0.0,2300000.0,33900000.0,500000000.0,6000000,382000000,376000000,,,,,,,,,,,,
2016-04-28,False,330513819,,,-132000000,,,2975000000.0,11000000,12000000,,,-8000000.0,3000000.0,,159000000.0,,,77000000.0,131377000000,,,,5000000.0,4000000.0,,1168000000,-426000000.0,,,875000000.0,,-586000000.0,,0.16,0.16,0.01,1125000000,433000000,4000000,,,100000000,,,,,,,125283000000.0,,,,,,,,,,,,,,,,,,,,,,,,,,12000000.0,,1043000000,1254000000,-211000000,,,,,186000000,,,,54000000,,3000000,0.53,0.53,,,,,,,,,367000000.0,0.0,-18000000.0,0.0,-564000000.0,118185000000.0,,323000000.0,1196000000.0,,,,,110532000000.0,11121000000.0,368000000.0,,73000000.0,,102000000.0,,,,,,,,,,,,1000000,0.0,-74000000.0,,,,,,,,,165000000.0,10655000000.0,,1185000000.0,,10701000000.0,10754000000.0,284000000.0,,181000000.0,0.53,0.53,0.0,0.0,0.0,103000000,20000000,-71000000,-145000000,-308000000.0,,-64000000,80000000.0,5000000.0,4000000,702000000,,1045000000.0,,1000000.0,565000000,375000000,486000000,1051000000.0,515000000,,,,,132000000,127538000000,131377000000,,,,1519000000.0,,,122920000000,115815000000.0,,,,,,,,,,,427000000.0,24000000.0,,,,-2953000000.0,2185000000.0,,342000000.0,,181000000,0.0,,,,4000000.0,251000000,160000000.0,,,,,,247000000,,,4697000000.0,363000000.0,,,-129000000.0,,-81000000,100000000.0,0.0,-48000000.0,-129000000.0,,,,422000000.0,2255000000,115000000,-69000000,200000000,,54000000,,,181000000.0,1537000000,,,,,,2000000.0,,493000000.0,,,113000000,,,193000000.0,,181000000,,111000000,,,,,,974000000.0,,,,,3818000000.0,,3000000.0,2604000000,,1273000000.0,82000000.0,12000000,,,,,,,,,,,,,,986273,2363000000,,,2370000000.0,,3815000000.0,5451000000,3839000000,,2499585,,4000000,,,,555000000.0,10.42,,103000000.0,,,1636000000,200000000.0,716000000.0,,,,,,,,,,4000000,343000000,339000000,,,,,,,,,,,,
2016-07-25,False,317033006,,,-171000000,,,2985000000.0,5000000,5000000,,,1000000.0,3000000.0,,145000000.0,,,-100000000.0,128372000000,,,,4000000.0,4000000.0,,1377000000,-217000000.0,,,,,184000000.0,,0.16,,0.01,1125000000,434000000,4000000,86000000.0,,86000000,,,,,,,122007000000.0,,,,,,,,,,,,,,,,,,,,,1345000000.0,,451000000.0,503000000.0,511000000.0,1000000.0,,1109000000,1611000000,-502000000,,511000000.0,,,175000000,,,,51000000,,1000000,0.39,0.38,,,,,,,,,-302000000.0,0.0,-21000000.0,0.0,-845000000.0,116041000000.0,,313000000.0,1174000000.0,,,,,107244000000.0,11195000000.0,311000000.0,,66000000.0,,94000000.0,,,,,,,,,,,,-28000000,0.0,-10000000.0,,,,,,,,,10738000000.0,165000000.0,,1163000000.0,,10760000000.0,10819000000.0,206000000.0,,125000000.0,0.39,0.38,0.0,0.0,0.0,81000000,87000000,-50000000,-125000000,-417000000.0,,24000000,-164000000.0,-1000000.0,6000000,696000000,,1020000000.0,,2000000.0,599000000,319000000,429000000,1028000000.0,1088000000,,,,,124000000,124669000000,128372000000,,,,1487000000.0,,,119637000000,113665000000.0,,,,,,,,,,,545000000.0,24000000.0,,,,-6375000000.0,5387000000.0,,771000000.0,,125000000,0.0,,,,4000000.0,236000000,123000000.0,,,,,,230000000,,,4782000000.0,432000000.0,,,-62000000.0,,-39000000,,1000000.0,-23000000.0,-62000000.0,,,,541000000.0,2662000000,106000000,51000000,375000000,,105000000,,,181000000.0,2183000000,,,,,,2000000.0,,493000000.0,,,147000000,1000000.0,,386000000.0,,125000000,,110000000,,,,,,1228000000.0,,,,,3613000000.0,,29000000.0,2677000000,,,71000000.0,18000000,,,,,,,,,,,,,,368439,2370000000,,,2376000000.0,,3679000000.0,5495000000,3703000000,,467007,,4000000,,,,380000000.0,12.9,,116000000.0,,,1816000000,175000000.0,-165000000.0,,,,,,,,,,6000000,328000000,322000000,,,,,,,,,,,,
2016-11-07,False,303098470,,,-126000000,,,3006000000.0,16000000,4000000,,,-8000000.0,2000000.0,,-130000000.0,,,-73000000.0,125312000000,,,,4000000.0,4000000.0,,1823000000,229000000.0,,,,,94000000.0,,0.16,,0.01,1125000000,435000000,4000000,275000000.0,,275000000,,,,,,,119177000000.0,,,,,,,,,,,,,,,,,,,,,1195000000.0,,425000000.0,376000000.0,407000000.0,3000000.0,,949000000,1318000000,-369000000,,407000000.0,,,177000000,,,,49000000,,3000000,0.74,0.73,,,,,,,,,58000000.0,0.0,-24000000.0,0.0,-763000000.0,114906000000.0,,301000000.0,1164000000.0,,,,,104072000000.0,11214000000.0,254000000.0,,67000000.0,,86000000.0,,,,,,,,,,,,137000000,1000000.0,4000000.0,,,,,,,,,10769000000.0,167000000.0,,1153000000.0,,10785000000.0,10832000000.0,377000000.0,,230000000.0,0.74,0.73,1000000.0,0.0,0.0,147000000,164000000,-98000000,-159000000,-489000000.0,,84000000,-136000000.0,-50000000.0,6000000,683000000,,1032000000.0,,2000000.0,627000000,306000000,412000000,1039000000.0,1683000000,,,,,122000000,121578000000,125312000000,,,,1465000000.0,,,116540000000,112258000000.0,,,,,,,,,,,442000000.0,24000000.0,,,,-9383000000.0,8498000000.0,,1114000000.0,,230000000,0.0,,,,4000000.0,240000000,311000000.0,,,,,,228000000,,,4591000000.0,478000000.0,,,73000000.0,,45000000,,1000000.0,28000000.0,74000000.0,,,,438000000.0,2401000000,106000000,4000000,575000000,,154000000,,,181000000.0,2845000000,,,,,,2000000.0,,1231000000.0,,,9000000,1000000.0,,386000000.0,,230000000,,106000000,,,,,,1849000000.0,,,,,3617000000.0,,32000000.0,2858000000,,,76000000.0,22000000,,,,,,,,,,,,,,1145017,2637000000,,,2648000000.0,,3710000000.0,5742000000,3734000000,,1558455,,17000000,,,,180000000.0,13.95,,132000000.0,,,2032000000,200000000.0,59000000.0,,,,,,,,,,6000000,316000000,310000000,,,,,,,,,,,,
2017-02-24,True,291008528,3800000000.0,95000000.0,6000000,,,3022000000.0,43000000,26000000,,,-6000000.0,10000000.0,5000000.0,-570000000.0,29000000.0,,3000000.0,121136000000,,,,3000000.0,3000000.0,,1253000000,-341000000.0,,,,,652000000.0,,0.64,,0.01,1125000000,436000000,4000000,738000000.0,,738000000,,,246000000.0,1000000.0,294000000.0,47000000.0,114702000000.0,,115000000.0,0.0,133000000.0,725000000.0,,18000000.0,37000000.0,802000000.0,867000000.0,,,32000000.0,33000000.0,581000000.0,7000000.0,65000000.0,,,38000000.0,768000000.0,534000000.0,345000000.0,193000000.0,319000000.0,0.0,110000000.0,565000000,1701000000,-1136000000,1000000.0,319000000.0,1670000000.0,,731000000,,,,201000000,,4000000,0.49,0.48,0.385,0.35,-0.003,0.038,18000000.0,,1467000000.0,,-439000000.0,0.0,-94000000.0,-8000000.0,-1302000000.0,112172000000.0,,232000000.0,1201000000.0,,,,,101033000000.0,11197000000.0,1169000000.0,,265000000.0,0.0,382000000.0,,316000000.0,23000000.0,51000000.0,14000000.0,17000000.0,20000000.0,440000000.0,124000000.0,8500000000.0,9000000.0,6000000,1000000.0,-88000000.0,,,-9000000.0,545000000.0,726000000.0,181000000.0,,,10735000000.0,667000000.0,,1190000000.0,,10759000000.0,10805000000.0,1108000000.0,,145000000.0,,,1000000.0,,,96000000,249000000,26000000,-92000000,-628000000.0,,-6000000,,-10000000.0,6000000,670000000,,,,,2441000000,276000000,378000000,4146000000.0,2301000000,1663000000.0,4193000000.0,,,500000000,117413000000,121136000000,,,118973000000.0,1433000000.0,148000000.0,111070000000.0,112368000000,109826000000.0,56800000000.0,14300000000.0,8900000000.0,11100000000.0,10100000000.0,12900000000.0,0.0214,,,,350000000.0,24000000.0,,,,-13109000000.0,11411000000.0,,1357000000.0,,145000000,0.0,681000000.0,,5000000.0,24000000.0,987000000,819000000.0,7000000.0,,,3.0,4.0,246000000,204000000.0,,,380000000.0,,,90000000.0,26000000.0,57000000,,1000000.0,33000000.0,91000000.0,57000000.0,2000000.0,,347000000.0,2711000000,451000000,-35000000,755000000,2217000000.0,201000000,6000000.0,28000000.0,342000000.0,3683000000,44000000.0,6000000.0,,,6691000000.0,4000000.0,,1231000000.0,,,-244000000,2000000.0,49000000.0,569000000.0,,145000000,160000000.0,102000000,,438000000.0,0.0349,13226000000.0,,2603000000.0,,,0.28,,3600000000.0,488000000.0,32000000.0,2890000000,,,304000000.0,26000000,9228819.0,12.27,1699006.0,,3837609.0,76000000.0,14912004.0,12.45,,10.17,28.63,9.18,48000000.0,3197355,2334000000,0.0282,2092000000.0,2346000000.0,2637000000.0,3699000000.0,5922000000,3723000000,-1751000000.0,5476010,2988087.0,35000000,,600000000.0,,,12.68,2288000000.0,145000000.0,,127000000.0,2223000000,755000000.0,-324000000.0,73000000.0,5600000.0,100000.0,4400000.0,19900000.0,0.0,1900000.0,45500000.0,1300000000.0,6000000,322000000,316000000,,,,,,,,,,,,
2017-04-27,False,284941056,,100000000.0,22000000,,,3047000000.0,22000000,14000000,,,-8000000.0,2000000.0,,-151000000.0,,,13000000.0,117890000000,,,,3000000.0,3000000.0,,1364000000,111000000.0,,,,,-101000000.0,,0.16,,0.01,1125000000,439000000,4000000,104000000.0,,104000000,,,,,,,111746000000.0,,,,,673000000.0,,,,,,,,,,,,,,,,651000000.0,423000000.0,317000000.0,97000000.0,282000000.0,0.0,,471000000,1540000000,-1069000000,,282000000.0,1510000000.0,,176000000,,,,46000000,,2000000,0.31,0.3,,,,,,,,,86000000.0,0.0,-33000000.0,0.0,-1183000000.0,109912000000.0,,205000000.0,1186000000.0,,,,,97866000000.0,11127000000.0,215000000.0,,54000000.0,,106000000.0,,,,,,,,,,,,-16000000,,6000000.0,,,,,,,,,10728000000.0,172000000.0,,1176000000.0,,10684000000.0,10727000000.0,141000000.0,,,,,,,,53000000,9000000,-60000000,-65000000,-84000000.0,,50000000,,7000000.0,7000000,664000000,,,,,675000000,233000000,340000000,1015000000.0,670000000,1604000000.0,3992000000.0,,,130000000,114218000000,117890000000,,,,1391000000.0,166000000.0,,109586000000,107743000000.0,,,,,,,,,,,314000000.0,24000000.0,,,,-3250000000.0,3011000000.0,,350000000.0,,88000000,0.0,,,,,244000000,152000000.0,,,,,,238000000,,,,378000000.0,,,25000000.0,,16000000,,0.0,9000000.0,25000000.0,,,,311000000.0,2472000000,108000000,-15000000,110000000,,46000000,,,,798000000,42000000.0,,,,1919000000.0,2000000.0,,807000000.0,,,-120000000,,8000000.0,,,88000000,157000000.0,107000000,,,,3203000000.0,,542000000.0,25000000.0,,,,3720000000.0,491000000.0,,2930000000,,,76000000.0,14000000,,,,,,,,,,,,,,1354280,2160000000,,,2169000000.0,,3648000000.0,6003000000,3672000000,,2794510,,11000000,,,,490000000.0,14.95,,154000000.0,,,2355000000,110000000.0,88000000.0,,,,,,,,,,7000000,296000000,289000000,,,,,,,,,,,,
2017-08-01,False,274104268,,109000000.0,7000000,,,3056000000.0,4000000,6000000,,,1000000.0,2000000.0,,136000000.0,,,3000000.0,120354000000,,,,3000000.0,3000000.0,,1153000000,-100000000.0,,,,,-480000000.0,,0.16,,0.01,1125000000,439187978,4000000,97000000.0,,97000000,,,,,,,114696000000.0,,,,,715000000.0,,,,,,,,,,,,,,,,758000000.0,432000000.0,379000000.0,136000000.0,283000000.0,4000000.0,,473000000,1101000000,-628000000,,283000000.0,1039000000.0,,175000000,,,,45000000,,2000000,0.4,0.39,,,,,,,,,415000000.0,0.0,-32000000.0,0.0,-736000000.0,113714000000.0,,317000000.0,1163000000.0,,,,,107150000000.0,11051000000.0,203000000.0,,47000000.0,,94000000.0,,,,,,,,,,,,-25000000,,-14000000.0,,,,,,,,,10640000000.0,176000000.0,,1153000000.0,,10594000000.0,10645000000.0,172000000.0,,,,,,,,60000000,103000000,-28000000,17000000,-99000000.0,,23000000,,5000000.0,5000000,658000000,,,,,719000000,246000000,351000000,1070000000.0,1379000000,1821000000.0,4276000000.0,,,124000000,116790000000,120354000000,,,,1362000000.0,189000000.0,,110778000000,109764000000.0,,,,,,,,,,,315000000.0,24000000.0,,,,-2603000000.0,,1878000000.0,,625000000.0,112000000,0.0,,,,,236000000,162000000.0,,,,,,230000000,,,,363000000.0,,,-24000000.0,,-15000000,,0.0,-9000000.0,-24000000.0,,,,312000000.0,2094000000,106000000,180000000,275000000,,91000000,,,,5796000000,43000000.0,,,,4090000000.0,2000000.0,,1353000000.0,,,-39000000,1000000.0,15000000.0,,,112000000,152000000.0,105000000,,,,7190000000.0,,793000000.0,25000000.0,,,,3589000000.0,495000000.0,,2997000000,,,70000000.0,19000000,,,,,,,,,,,,,,255875,3918000000,,,3950000000.0,,3540000000.0,6064000000,3564000000,,355802,,3000000,,,,325000000.0,15.1,,165083710.0,,,2524000000,165000000.0,472000000.0,,,,,,,,,,5000000,285000000,280000000,,,,,,,,,,,,
2017-10-27,False,263012203,,135000000.0,16000000,,,3067000000.0,2000000,7000000,,,-8000000.0,2000000.0,,109000000.0,,,9000000.0,117085000000,,,,3000000.0,3000000.0,,1248000000,-5000000.0,,,,,-223000000.0,,0.16,,0.01,1125000000,439573654,4000000,185000000.0,,185000000,,,,,,,111838000000.0,,,,,623000000.0,,,,,,,,,,,,,,,,778000000.0,446000000.0,411000000.0,67000000.0,263000000.0,4000000.0,,482000000,825000000,-343000000,,263000000.0,784000000.0,,183000000,,,,43000000,,3000000,0.65,0.64,,,,,,,,,227000000.0,0.0,-34000000.0,0.0,-475000000.0,111280000000.0,,309000000.0,1179000000.0,,,,,103982000000.0,10991000000.0,200000000.0,,43000000.0,,80000000.0,,,,,,,,,,,,25000000,-1000000.0,-23000000.0,,,3000000.0,,,,,,10562000000.0,180000000.0,,1169000000.0,,10539000000.0,10580000000.0,269000000.0,,,,,,,,93000000,107000000,-90000000,-33000000,-213000000.0,,-65000000,,,5000000,727000000,,,,,785000000,250000000,355000000,1140000000.0,2121000000,1804000000.0,4088000000.0,,,128000000,113535000000,117085000000,,,,1360000000.0,52000000.0,,108557000000,107991000000.0,,,,,,,,,,,296000000.0,24000000.0,,,,-5991000000.0,,5072000000.0,,914000000.0,176000000,,,,,,244000000,263000000.0,,,,,,238000000,,,,389000000.0,,,15000000.0,,9000000,,1000000.0,6000000.0,15000000.0,,,,293000000.0,1697000000,110000000,70000000,440000000,,133000000,,,82000000.0,6428000000,1000000.0,,,,7024000000.0,2000000.0,,1353000000.0,,,-135000000,1000000.0,19000000.0,,,176000000,152000000.0,105000000,,,,10929000000.0,,1342000000.0,25000000.0,,,,3386000000.0,487000000.0,,3130000000,,,75000000.0,26000000,,,,,,,,,,,,,,131374,3281000000,,,3289000000.0,,3526000000.0,6217000000,3550000000,,385676,,4000000,,600000000.0,,160000000.0,14.55,,176561451.0,,,2691000000,165000000.0,269000000.0,,,,,,,,,,5000000,274000000,269000000,,,,,,,,,,,,
2018-02-26,True,263388482,4500000000.0,108000000.0,61000000,,,3077000000.0,29000000,35000000,,,-6000000.0,7000000.0,5000000.0,499000000.0,23000000.0,,36000000.0,114991000000,,,,2000000.0,2000000.0,,1518000000,265000000.0,,,,,-761000000.0,,0.64,,0.01,1125000000,440000000,4000000,347000000.0,,347000000,,,77000000.0,3000000.0,77000000.0,-3000000.0,109783000000.0,,385000000.0,-1000000.0,395000000.0,380000000.0,64000000.0,11000000.0,37000000.0,392000000.0,456000000.0,22000000.0,2000000.0,18000000.0,24000000.0,317000000.0,,,8000000.0,,22000000.0,833000000.0,438000000.0,536000000.0,193000000.0,235000000.0,6000000.0,24000000.0,480000000,735000000,-255000000,2000000.0,235000000.0,659000000.0,,728000000,,,,176000000,,2000000,-0.32,-0.32,0.618,0.35,-0.005,0.008,17000000.0,,513000000.0,,788000000.0,0.0,-133000000.0,0.0,-381000000.0,109704000000.0,,232000000.0,1180000000.0,,,,,101033000000.0,10951000000.0,816000000.0,,181000000.0,0.0,346000000.0,,339000000.0,20000000.0,39000000.0,12000000.0,14000000.0,17000000.0,447000000.0,108000000.0,6700000000.0,64000000.0,38000000,-3000000.0,-53000000.0,,,3000000.0,701000000.0,882000000.0,181000000.0,,,10989000000.0,708000000.0,,1171000000.0,,10890000000.0,10921000000.0,764000000.0,,292000000.0,,,1000000.0,,,266000000,157000000,29000000,11000000,-485000000.0,,-5000000,,1000000.0,6000000,810000000,,,,,2971000000,257000000,366000000,4383000000.0,2872000000,1965000000.0,4025000000.0,,,519000000,111506000000,114991000000,,,109088000000.0,1367000000.0,59000000.0,105122000000.0,105012000000,104921000000.0,53000000000.0,11900000000.0,8100000000.0,9000000000.0,11200000000.0,12700000000.0,0.0267,,,,270000000.0,31000000.0,,,,-8388000000.0,,7496000000.0,,1157000000.0,-84000000,,,,,7000000.0,1018000000,796000000.0,,,,3.0,4.0,260000000,,42000000.0,,438000000.0,,,88000000.0,25000000.0,55000000,,1000000.0,33000000.0,89000000.0,55000000.0,,181000000.0,268000000.0,1723000000,447000000,87000000,440000000,,176000000,,,216000000.0,7456000000,1000000.0,,,,8440000000.0,1000000.0,1613000000.0,,,,-79000000,2000000.0,23000000.0,569000000.0,,292000000,156000000.0,109000000,,,0.0398,13919000000.0,1464000000.0,,,,,,3246000000.0,481000000.0,29000000.0,3004000000,,,290000000.0,35000000,9653511.0,12.34,538638.0,,1308167.0,37000000.0,14183726.0,12.48,,9.57,27.16,15.48,26000000.0,1847651,4771000000,0.0416,3194000000.0,4783000000.0,4771000000.0,3454000000.0,6146000000,3485000000,,3680479,1497807.0,20000000,,600000000.0,,160000000.0,14.85,,177000000.0,,,2692000000,440000000.0,844000000.0,57400000.0,1800000.0,5100000.0,4400000.0,700000.0,,13800000.0,45300000.0,1600000000.0,6000000,281000000,275000000,,,,,,,,,,,,
2018-05-03,False,264606504,4500000000.0,99000000.0,173000000,,,3127000000.0,48000000,13000000,,,-6000000.0,2000000.0,5000000.0,-89000000.0,23000000.0,,55000000.0,113209000000,,,,2000000.0,2000000.0,,2398000000,265000000.0,5797000000.0,1151000000.0,,,96000000.0,,0.16,,0.01,1125000000,445000000,4000000,225000000.0,,225000000,,,77000000.0,3000000.0,77000000.0,-3000000.0,107928000000.0,,385000000.0,-1000000.0,395000000.0,312000000.0,64000000.0,11000000.0,37000000.0,392000000.0,456000000.0,22000000.0,2000000.0,18000000.0,24000000.0,317000000.0,,,8000000.0,,22000000.0,617000000.0,500000000.0,474000000.0,193000000.0,207000000.0,19000000.0,24000000.0,547000000,710000000,-163000000,2000000.0,207000000.0,579000000.0,,195000000,,,,42000000,,2000000,0.48,0.47,0.618,0.35,-0.005,0.008,17000000.0,,513000000.0,,56000000.0,0.0,-30000000.0,0.0,-295000000.0,108125000000.0,,205000000.0,1174000000.0,,,,,97866000000.0,10853000000.0,170000000.0,,37000000.0,0.0,60000000.0,,339000000.0,20000000.0,39000000.0,12000000.0,14000000.0,17000000.0,447000000.0,108000000.0,6700000000.0,64000000.0,48000000,-3000000.0,-16000000.0,,,3000000.0,701000000.0,882000000.0,181000000.0,,,10855000000.0,180000000.0,,1165000000.0,,10796000000.0,10824000000.0,162000000.0,,292000000.0,,,1000000.0,,,36000000,2000000,-18000000,-33000000,-167000000.0,,-40000000,,1000000.0,5000000,802000000,,,,,843000000,242000000,329000000,1172000000.0,798000000,1979000000.0,3928000000.0,,5034000000.0,134000000,109541000000,113209000000,,,109088000000.0,1367000000.0,60000000.0,105122000000.0,102797000000,102970000000.0,53000000000.0,11900000000.0,8100000000.0,9000000000.0,11200000000.0,12700000000.0,0.0267,,,,356000000.0,31000000.0,,,,-1854000000.0,,2721000000.0,,284000000.0,126000000,,,,,7000000.0,291000000,211000000.0,,,,4.0,4.0,275000000,,42000000.0,,347000000.0,,,131000000.0,25000000.0,99000000,,1000000.0,32000000.0,131000000.0,55000000.0,,181000000.0,354000000.0,1613000000,141000000,9000000,440000000,,42000000,,,216000000.0,821000000,1000000.0,,,,3930000000.0,2000000.0,1613000000.0,,,,-59000000,2000000.0,5000000.0,569000000.0,,126000000,150000000.0,87000000,,,0.0398,3668000000.0,167000000.0,,,,,3399000000.0,3246000000.0,481000000.0,7000000.0,3073000000,93000000.0,,69000000.0,13000000,9653511.0,12.34,538638.0,,1308167.0,37000000.0,14183726.0,12.48,,9.57,27.16,15.48,26000000.0,3465135,5131000000,0.0416,3194000000.0,5155000000.0,4771000000.0,3637000000.0,6377000000,3668000000,,5021067,1497807.0,37000000,,600000000.0,,160000000.0,14.85,,180000000.0,,,2740000000,440000000.0,-33000000.0,57400000.0,1800000.0,5100000.0,4400000.0,700000.0,,13800000.0,45300000.0,1600000000.0,5000000,269000000,264000000,,,,,,,,,,,,
2018-08-03,False,264627306,,104000000.0,203000000,,,3134000000.0,1000000,6000000,,,,2000000.0,,-92000000.0,,10000000.0,65000000.0,108949000000,,,,2000000.0,2000000.0,,1622000000,,5008000000.0,362000000.0,,,,,0.16,,0.01,1125000000,445000000,4000000,113000000.0,,113000000,,,,,,,103442000000.0,,,,,293000000.0,,,,,,,,,,,,,,,,377000000.0,169000000.0,268000000.0,,217000000.0,16000000.0,,200000000,767000000,-567000000,,217000000.0,684000000.0,,129000000,,,,42000000,,2000000,0.31,0.31,,,,,,,,,-308000000.0,0.0,-33000000.0,0.0,-570000000.0,103665000000.0,,,1151000000.0,,,,,,10707000000.0,137000000.0,,33000000.0,,60000000.0,,,,,,,,,,,,-40000000,-7000000.0,,,,,,,,,,10733000000.0,187000000.0,,1142000000.0,,10655000000.0,10679000000.0,113000000.0,,,,,,,,30000000,24000000,121000000,86000000,-160000000.0,,-31000000,,,4000000,798000000,,,,,929000000,186000000,298000000,1227000000.0,1618000000,1945000000.0,3604000000.0,,,125000000,105204000000,108949000000,,,,1389000000.0,69000000.0,,98690000000,98883000000.0,,,,,,,,,,,362000000.0,31000000.0,,,-5876000000.0,,5756000000.0,,482000000.0,,83000000,,,,,,209000000,136000000.0,,,,4.0,,201000000,,,,395000000.0,,,41000000.0,,30000000,,1000000.0,11000000.0,42000000.0,,,,360000000.0,1762000000,76000000,38000000,275000000,,85000000,,,,1555000000,,,,,5443000000.0,2000000.0,495000000.0,,,,-46000000,,9000000.0,,,83000000,144000000.0,112000000,,,,6791000000.0,1443000000.0,,,,,3386000000.0,,485000000.0,2000000.0,3114000000,84000000.0,,71000000.0,18000000,,,,,,,,,,,,,,92369,4752000000,,,4782000000.0,,3714000000.0,6455000000,3745000000,,113171,,1000000,,,,,15.1,,180000000.0,,,2741000000,165000000.0,,,,,,,,,,,4000000,269000000,265000000,,,,,,,,,,,,
2018-11-02,False,257966088,,107000000.0,227000000,,,3142000000.0,3000000,4000000,,,,2000000.0,,161000000.0,,6000000.0,72000000.0,106493000000,,,,2000000.0,2000000.0,,2143000000,,5248000000.0,602000000.0,,,,,0.16,,0.01,1125000000,445000000,4000000,138000000.0,,138000000,,,,,,,101096000000.0,,,,,269000000.0,,,,,,,,,,,,,,,,319000000.0,142000000.0,203000000.0,,245000000.0,16000000.0,,165000000,778000000,-613000000,,245000000.0,745000000.0,,184000000,,,,42000000,,2000000,0.44,0.43,,,,,,,,,-48000000.0,0.0,-34000000.0,0.0,-584000000.0,101516000000.0,,,1143000000.0,,,,,,10526000000.0,163000000.0,,35000000.0,,123000000.0,,,,,,,,,,,,2000000,-1000000.0,,,,3000000.0,,,,,,10568000000.0,196000000.0,,,,,,147000000.0,,,,,,,,33000000,55000000,19000000,4000000,-194000000.0,,-97000000,,,4000000,792000000,,,,,935000000,221000000,306000000,1241000000.0,2515000000,1863000000.0,3453000000.0,,,121000000,102738000000,106493000000,,,,1315000000.0,68000000.0,,96089000000,96482000000.0,,,,,,,,,,,296000000.0,31000000.0,,,-8252000000.0,,8199000000.0,,655000000.0,,114000000,,,,,,279000000,205000000.0,,,,4.0,,255000000,,,,378000000.0,,,31000000.0,,24000000,,1000000.0,7000000.0,32000000.0,,,,294000000.0,1642000000,134000000,93000000,95000000,,126000000,,,,2625000000,1000000.0,,,,7144000000.0,3000000.0,495000000.0,,,,-77000000,,103000000.0,,,114000000,138000000.0,85000000,,,,10478000000.0,1530000000.0,,,,,3105000000.0,,488000000.0,1000000.0,3186000000,86000000.0,,,22000000,,,,,,,,,,,,,,175241,5007000000,,,5034000000.0,,3724000000.0,6559000000,3755000000,,395615,,4000000,,500000000.0,,,13.9,,187000000.0,,,2835000000,165000000.0,,,,,,,,,,,4000000,264000000,260000000,,,,,,,,,,,,
2019-02-26,True,244507321,3400000000.0,95000000.0,113000000,,,3145000000.0,53000000,25000000,,,-6000000.0,8000000.0,,459000000.0,31000000.0,,35000000.0,104176000000,,,0.0,,,0.0,1286000000,,5262000000.0,616000000.0,,,,,0.64,,0.01,1125000000,445000000,4000000,434000000.0,,434000000,,,71000000.0,3000000.0,87000000.0,13000000.0,98941000000.0,,33000000.0,-1000000.0,46000000.0,271000000.0,84000000.0,13000000.0,,322000000.0,406000000.0,18000000.0,,16000000.0,14000000.0,292000000.0,,,6000000.0,12000000.0,13000000.0,356000000.0,157000000.0,266000000.0,,188000000.0,26000000.0,19000000.0,179000000,801000000,-622000000,3000000.0,188000000.0,752000000.0,,696000000,,,,166000000,,2000000,0.28,0.28,0.252,0.21,0.003,0.039,12000000.0,,2809000000.0,,-414000000.0,0.0,-131000000.0,0.0,-664000000.0,97591000000.0,,232000000.0,1108000000.0,,,,,101033000000.0,10364000000.0,596000000.0,,142000000.0,,343000000.0,,343000000.0,26000000.0,38000000.0,16000000.0,19000000.0,22000000.0,464000000.0,121000000.0,4500000000.0,7000000.0,-48000000,19000000.0,,,,3000000.0,665000000.0,846000000.0,181000000.0,0.0,,10637000000.0,764000000.0,,,,,,528000000.0,,,,,,,,34000000,57000000,125000000,58000000,-321000000.0,,31000000,,,4000000,786000000,,,,,3668000000,222000000,307000000,4908000000.0,3460000000,1999000000.0,3404000000.0,,,507000000,100629000000,104176000000,,,99195000000.0,1286000000.0,69000000.0,94498000000.0,93519000000,92173000000.0,48800000000.0,10300000000.0,7700000000.0,8000000000.0,7900000000.0,11900000000.0,0.036,,,,226000000.0,28000000.0,3000000.0,,-10884000000.0,,10360000000.0,,1140000000.0,,72000000,,,,,7000000.0,1044000000,702000000.0,,,,4.0,,252000000,,43000000.0,,207000000.0,,,51000000.0,50000000.0,39000000,,15000000.0,12000000.0,66000000.0,39000000.0,,196000000.0,226000000.0,1688000000,477000000,76000000,220000000,,166000000,,,,3652000000,,,,,9006000000.0,6000000.0,495000000.0,,,,-162000000,,115000000.0,,,395000000,136000000.0,85000000,,,0.0479,14057000000.0,2947000000.0,,,,,3976000000.0,,470000000.0,4000000.0,3218000000,359000000.0,,,25000000,7500940.0,13.24,844931.0,,1551307.0,4000000.0,11174890.0,12.97,,10.53,16.69,13.63,4000000.0,3829629,5422000000,0.0356,4833000000.0,5418000000.0,6363000000.0,3519000000.0,6480000000,3547000000,,5659681,3715212.0,43000000,,500000000.0,,,12.64,,198000000.0,,,2961000000,440000000.0,,65700000.0,300000.0,1400000.0,3800000.0,8000000.0,,1800000.0,51900000.0,500000000.0,4000000,264000000,260000000,,,,,,,,,,,,
2019-05-03,False,239307852,,94000000.0,43000000,,,3174000000.0,26000000,12000000,,60000000.0,,3000000.0,,113000000.0,,5000000.0,13000000.0,100579000000,,,,,,,1206000000,,4220000000.0,-1042000000.0,,,,,0.16,,0.01,1125000000,450000000,4000000,58000000.0,,58000000,,,,,,,95645000000.0,,,,,260000000.0,,,,,,,,,,,,,,,,330000000.0,174000000.0,242000000.0,,171000000.0,19000000.0,,193000000,770000000,-577000000,,171000000.0,747000000.0,,184000000,,,,39000000,,4000000,0.52,0.52,,,,,,,,,-41000000.0,0.0,-34000000.0,0.0,-671000000.0,95114000000.0,,,1068000000.0,,,,,,10187000000.0,133000000.0,,32000000.0,,80000000.0,,,,,,,,,,,,7000000,15000000.0,,,,,,,,,,10238000000.0,198000000.0,,,,,,164000000.0,,,,,,,,36000000,4000000,-75000000,-57000000,-62000000.0,,-145000000,,,3000000,780000000,,,,,949000000,209000000,285000000,1234000000.0,903000000,1938000000.0,3323000000.0,,,128000000,97136000000,100579000000,,,,1252000000.0,44000000.0,,88140000000,87576000000.0,,,,,,,,,,,207000000.0,13000000.0,,-15000000.0,-3638000000.0,,2408000000.0,,188000000.0,,128000000,,,,,,264000000,219000000.0,,,,4.0,,256000000,,,,221000000.0,,1000000.0,-92000000.0,,-70000000,,,-22000000.0,-91000000.0,,,,,1491000000,128000000,-27000000,107000000,,39000000,,,,1074000000,,,,,2510000000.0,2000000.0,,,,,-114000000,,,,,128000000,136000000.0,76000000,,,,4508000000.0,30000000.0,,,,,3014000000.0,,456000000.0,1000000.0,3303000000,98000000.0,,,12000000,,,,,,,,,,,,,,2413605,7505000000,,,7538000000.0,,3430000000.0,6524000000,3443000000,,4429464,,17000000,,500000000.0,,,11.4,,210000000.0,,,3094000000,,,,,,,,,,,,3000000,247000000,244000000,,,,,,,,,,,,
2019-08-02,False,230494278,,99000000.0,-80000000,,,3181000000.0,2000000,5000000,,241000000.0,,1000000.0,8000000.0,95000000.0,,4000000.0,-27000000.0,98320000000,,,,,,,1746000000,,4426000000.0,-836000000.0,,,,,0.16,,0.01,1125000000,450000000,4000000,30000000.0,,30000000,,,,,,,93561000000.0,,,,,275000000.0,,,,,,,,,,,,,,,,438000000.0,214000000.0,359000000.0,,164000000.0,15000000.0,,246000000,731000000,-485000000,,164000000.0,713000000.0,,179000000,,,,37000000,,1000000,0.65,0.64,,,,,,,,,12000000.0,0.0,-33000000.0,0.0,-626000000.0,93224000000.0,,,1040000000.0,,,,,,10000000000.0,123000000.0,,27000000.0,,75000000.0,,,,,,,,,,,,-32000000,44000000.0,,16000000.0,,,,,,,22000000.0,9995000000.0,194000000.0,,,,,,194000000.0,,,,,,,,41000000,22000000,-22000000,-29000000,-148000000.0,,-177000000,,,3000000,769000000,,,,,911000000,225000000,293000000,1204000000.0,1845000000,1994000000.0,3383000000.0,,,125000000,95008000000,98320000000,,,,1218000000.0,4000000.0,,86776000000,86412000000.0,,,,,,,,,,,222000000.0,11000000.0,,-2000000.0,-6239000000.0,,4881000000.0,,522000000.0,,153000000,,,,,,253000000,222000000.0,,,,4.0,,241000000,,,,201000000.0,,2000000.0,-164000000.0,,-123000000,,,-41000000.0,-162000000.0,,,,200000000.0,1447000000,116000000,-32000000,233000000,,76000000,,,,1970000000,,,,,4863000000.0,1000000.0,495000000.0,,,,-149000000,,,408000000.0,,153000000,136000000.0,68000000,,,,7630000000.0,937000000.0,,,,,2680000000.0,,460000000.0,1000000.0,3418000000,100000000.0,,,17000000,,,,,,,,,,,,,,120485,6785000000,,,6812000000.0,,3301000000.0,6523000000,3312000000,,195883,,2000000,,500000000.0,,,13.06,,220000000.0,,,3222000000,,,,,,,,,,,,3000000,238000000,235000000,,,,,,,,,,,,
2019-11-01,False,221036735,,88000000.0,-124000000,,,3188000000.0,3000000,3000000,,406000000.0,,2000000.0,,117000000.0,,4000000.0,-41000000.0,96553000000,,,,,,,1583000000,,4260000000.0,-1002000000.0,,,,,0.16,,0.01,1125000000,450000000,4000000,101000000.0,,101000000,,,,,,,91773000000.0,,,,,288000000.0,,,,,,,,,,,,,,,,397000000.0,249000000.0,324000000.0,,183000000.0,12000000.0,,281000000,861000000,-580000000,,183000000.0,843000000.0,107200000000.0,187000000,,,,36000000,,4000000,0.64,0.63,,,,,,,,,-157000000.0,0.0,-29000000.0,0.0,-754000000.0,91419000000.0,,,998000000.0,,,,,,9810000000.0,113000000.0,,25000000.0,,88000000.0,,,,,,,,,,,,4000000,59000000.0,,16000000.0,,,,,,,21000000.0,9887000000.0,194000000.0,,,,,,185000000.0,,,,,,,,40000000,61000000,-123000000,-117000000,,-133000000.0,-120000000,,,3000000,763000000,,,,,854000000,248000000,312000000,1166000000.0,2711000000,1897000000.0,3356000000.0,241000000.0,,120000000,93301000000,96553000000,,,,1166000000.0,6000000.0,,84769000000,84396000000.0,,,,,,,,,,,,12000000.0,,1000000.0,-8239000000.0,,6406000000.0,,831000000.0,,145000000,,,,,,259000000,196000000.0,,,,4.0,,251000000,,,,237000000.0,,1000000.0,-59000000.0,,-44000000,,,-15000000.0,-58000000.0,,,,220000000.0,1528000000,131000000,-7000000,363000000,,112000000,,,,3447000000,,,,,6149000000.0,2000000.0,495000000.0,,,,-250000000,,,408000000.0,,145000000,134000000.0,64000000,,,,10785000000.0,937000000.0,,,,,2677000000.0,,457000000.0,2000000.0,3527000000,99000000.0,,,20000000,,,,,,,,,,,,,,219328,7004000000,,,7023000000.0,,3240000000.0,6595000000,3252000000,,465697,,4000000,,500000000.0,,,13.4,,229000000.0,,,3355000000,,,,,,,,,,,,3000000,228000000,225000000,,,,,,,,,,,,
2020-02-27,True,193333131,3100000000.0,119000000.0,-91000000,,,3198000000.0,38000000,25000000,,422000000.0,,7000000.0,9000000.0,429000000.0,25000000.0,4000000.0,-30000000.0,94903000000,,,,,,,1233000000,,3781000000.0,-1481000000.0,,,,,0.64,,0.01,1125000000,451000000,4000000,393000000.0,,393000000,,,78000000.0,3000000.0,89000000.0,11000000.0,90198000000.0,,73000000.0,1000000.0,77000000.0,258000000.0,58000000.0,3000000.0,,307000000.0,365000000.0,17000000.0,,10000000.0,16000000.0,257000000.0,,,,17000000.0,18000000.0,406000000.0,212000000.0,337000000.0,,155000000.0,11000000.0,12000000.0,230000000,664000000,-434000000,2000000.0,155000000.0,658000000.0,104400000000.0,730000000,,,,147000000,,4000000,0.79,0.78,0.219,0.21,-0.005,0.014,11000000.0,,1184000000.0,,-50000000.0,0.0,-121000000.0,0.0,-593000000.0,89815000000.0,,,941000000.0,,,,,,9617000000.0,475000000.0,,109000000.0,,324000000.0,,340000000.0,21000000.0,23000000.0,13000000.0,15000000.0,19000000.0,432000000.0,92000000.0,4000000000.0,0.0,43000000,45000000.0,,16000000.0,,,665000000.0,,,,19000000.0,9965000000.0,770000000.0,,,,,,763000000.0,,,,,,,,49000000,93000000,-78000000,-96000000,,-191000000.0,-133000000,,,3000000,757000000,,,,,3488000000,244000000,294000000,4673000000.0,3479000000,1952000000.0,3334000000.0,211000000.0,,488000000,91554000000,94903000000,,,86924000000.0,1112000000.0,,,81715000000,81317000000.0,42500000000.0,6800000000.0,7300000000.0,7600000000.0,8000000000.0,10200000000.0,0.0296,,,,,13000000.0,3000000.0,-15000000.0,-9985000000.0,,7485000000.0,,1019000000.0,,171000000,,,,,7000000.0,1020000000,856000000.0,,,86820000000.0,4.0,,235000000,,60000000.0,,199000000.0,-204000000.0,,,-165000000.0,-204000000,,,,,-204000000.0,,176000000.0,192000000.0,1356000000,496000000,-9000000,440000000,,147000000,,,,5411000000,,,,,7919000000.0,4000000.0,495000000.0,,,,-189000000,,7000000.0,408000000.0,,597000000,135000000.0,50000000,,,0.0504,14271000000.0,1950000000.0,,,,,2548000000.0,,459000000.0,2000000.0,3664000000,391000000.0,,,25000000,4887506.0,13.44,2046287.0,,0.0,12000000.0,6301930.0,13.61,,7.79,18.15,,12000000.0,3226301,8483000000,0.0342,6944000000.0,8498000000.0,8564000000.0,3336000000.0,6775000000,3349000000,,5717053,2826673.0,28000000,,1000000000.0,,,12.76,,236000000.0,,,3439000000,,,53600000.0,3800000.0,11100000.0,1900000.0,4000000.0,,3100000.0,42400000.0,0.0,3000000,233000000,230000000,,,,,,,,,,,,
2020-05-01,False,193832080,,95000000.0,-300000000,,,3212000000.0,12000000,9000000,,559000000.0,,,,,,7000000.0,97000000.0,93245000000,,,,,,,1084000000,,3768000000.0,-13000000.0,,,,,0.16,,0.01,1125000000,453000000,4000000,-315000000.0,,-315000000,,-620000000.0,,,,,89749000000.0,,,,,535000000.0,,,,,,,,,,,,,,,,426000000.0,315000000.0,370000000.0,,262000000.0,13000000.0,,381000000,927000000,-546000000,3000000.0,262000000.0,863000000.0,91000000000.0,176000000,,,,31000000,,2000000,-0.53,-0.53,,,,,,,,,-107000000.0,0.0,-22000000.0,0.0,-678000000.0,82287000000.0,1394000000.0,,1068000000.0,,,87000000.0,17000000.0,,10187000000.0,95000000.0,,21000000.0,,58000000.0,528000000.0,,,,,,,,,,,-223000000,15000000.0,,,,,,,,,18000000.0,,,,,,,,-131000000.0,,,,,,,,-25000000,2000000,-79000000,-70000000,,-51000000.0,-51000000,,,3000000,752000000,,,,,714000000,178000000,273000000,987000000.0,712000000,1874000000.0,3579000000.0,316000000.0,,124000000,91197000000,93245000000,,,,,,,81297000000,73871000000.0,,,,,,,,,,,,13000000.0,,-15000000.0,-1451000000.0,,985000000.0,,453000000.0,,-106000000,,,,,,261000000,-48000000.0,,93490000000.0,,4.0,,251000000,,,,171000000.0,-209000000.0,,,-209000000.0,-209000000,,,,,-209000000.0,,,298000000.0,1448000000,127000000,114000000,335000000,,31000000,,,,1921000000,,,,,1976000000.0,,682000000.0,,,,-241000000,,,,,-106000000,132000000.0,95000000,95000000.0,,,3065000000.0,718000000.0,,,,,2684000000.0,,457000000.0,5000000.0,2905000000,88000000.0,,,9000000,,,,,,,,,,,,,,900277,8452000000,,,8416000000.0,,2035000000.0,5821000000,2048000000,,2271554,,5000000,,,,,14.61,,259000000.0,,,3786000000,,,,,,,,,,,,3000000,200000000,200000000,,,,,,,,,,,,
2020-08-05,False,193927074,,97000000.0,-317000000,,,3215000000.0,12000000,2000000,,576000000.0,,,8000000.0,,,4000000.0,99000000.0,91045000000,,,,,,,1632000000,,3989000000.0,208000000.0,,,,,0.16,,0.01,1125000000,453000000,4000000,108000000.0,,108000000,,-620000000.0,,,,,87570000000.0,,,,,493000000.0,,,,,,,,,,,,,,,,427000000.0,318000000.0,372000000.0,,263000000.0,11000000.0,,384000000,880000000,-496000000,3000000.0,263000000.0,816000000.0,87500000000.0,161000000,,,,31000000,,2000000,0.65,0.64,,,,,,,,,48000000.0,0.0,-13000000.0,0.0,-617000000.0,83649000000.0,1400000000.0,,1040000000.0,,,60000000.0,22000000.0,,10000000000.0,70000000.0,,11000000.0,,35000000.0,513000000.0,,,,,,,,,,,-30000000,44000000.0,,16000000.0,,,,,,,17000000.0,,,,,,,,170000000.0,,,,,,,,45000000,3000000,45000000,-76000000,,-161000000.0,-96000000,,,1000000,746000000,,,,,519000000,256000000,300000000,819000000.0,1214000000,1999000000.0,3611000000.0,316000000.0,,117000000,88919000000,91045000000,,,,,,,80260000000,76356000000.0,,,,,,,,,,,,11000000.0,,-2000000.0,-3779000000.0,,3392000000.0,,595000000.0,,125000000,,,,,,219000000,133000000.0,,90864000000.0,,4.0,,213000000,,,,112000000.0,-17000000.0,,,-28000000.0,-17000000,,,,,-17000000.0,,,299000000.0,1349000000,96000000,116000000,335000000,,62000000,,,,2170000000,,,,,3277000000.0,1000000.0,682000000.0,,,,-252000000,,,408000000.0,,125000000,129000000.0,44000000,44000000.0,,,5711000000.0,719000000.0,,,,,2357000000.0,,463000000.0,1000000.0,2999000000,85000000.0,,,11000000,,,,,,,,,,,,,,4125,7310000000,,,7293000000.0,,2115000000.0,5901000000,2126000000,,90689,,1000000,,,,,14.61,,259000000.0,,,3786000000,,,,,,,,,,,,1000000,195000000,194000000,,,,,,,,,,,,
2020-10-30,False,186280079,,121000000.0,-294000000,,,3220000000.0,12000000,5000000,,589000000.0,,,9000000.0,72000000.0,,4000000.0,96000000.0,89664000000,,,,,,,1775000000,,4214000000.0,433000000.0,,,,,0.16,,0.01,1125000000,453000000,4000000,230000000.0,,230000000,,,,,,,86215000000.0,,,,,461000000.0,,,,,,,,,,,,,,,,393000000.0,317000000.0,328000000.0,,259000000.0,7000000.0,,375000000,713000000,-338000000,2000000.0,259000000.0,671000000.0,76200000000.0,170000000,,,,31000000,,3000000,1.08,1.07,,,,,,,,,138000000.0,0.0,-9000000.0,0.0,-470000000.0,84421000000.0,1388000000.0,,998000000.0,,,,46000000.0,,9810000000.0,51000000.0,,7000000.0,,43000000.0,506000000.0,,,,,,,,,,,-2000000,59000000.0,,16000000.0,,,,,,,16000000.0,,,,,,,,259000000.0,,,,,,,,52000000,25000000,-16000000,-135000000,,-152000000.0,-40000000,,,1000000,741000000,,,,,425000000,322000000,336000000,761000000.0,1664000000,1938000000.0,3550000000.0,311000000.0,,121000000,87399000000,89664000000,,,,,,,79137000000,77343000000.0,,,,,,,,,,,,11000000.0,,-2000000.0,-5301000000.0,,4918000000.0,,816000000.0,,207000000,,,,,,240000000,177000000.0,,89187000000.0,,4.0,,232000000,,,,120000000.0,23000000.0,,,4000000.0,23000000,,,,,23000000.0,,,295000000.0,1184000000,111000000,128000000,400000000,,93000000,,,,3473000000,,,,,5606000000.0,2000000.0,682000000.0,,,,-241000000,,,408000000.0,,207000000,127000000.0,14000000,14000000.0,,,8885000000.0,722000000.0,,,,,2439000000.0,,466000000.0,3000000.0,3175000000,108000000.0,,,15000000,,,,,,,,,,,,,,16833,7078000000,,,7078000000.0,,2254000000.0,6105000000,2265000000,,30968,,7000000,,,,,8.42,,267000000.0,,,3851000000,,,,,,,,,,,,1000000,194000000,193000000,,,,,,,,,,,,
2021-02-26,True,183771633,1300000000.0,118000000.0,-274000000,,,3226000000.0,15000000,18000000,,575000000.0,,,9000000.0,256000000.0,21000000.0,,90000000.0,87412000000,,,,,,,1183000000,,3537000000.0,-244000000.0,,,,,0.64,,0.01,1125000000,454000000,4000000,229000000.0,,229000000,,,98000000.0,-1000000.0,111000000.0,14000000.0,83945000000.0,,12000000.0,1000000.0,9000000.0,454000000.0,43000000.0,-3000000.0,,540000000.0,583000000.0,14000000.0,,6000000.0,22000000.0,414000000.0,,,,16000000.0,16000000.0,414000000.0,307000000.0,336000000.0,,234000000.0,8000000.0,13000000.0,357000000,533000000,-176000000,,234000000.0,504000000.0,71700000000.0,687000000,,,,123000000,,2000000,2.14,2.12,0.226,0.21,-0.005,0.016,,,768000000.0,,239000000.0,0.0,-52000000.0,0.0,-302000000.0,83345000000.0,1377000000.0,,941000000.0,,,,109000000.0,,9617000000.0,264000000.0,,47000000.0,,157000000.0,,358000000.0,19000000.0,13000000.0,10000000.0,13000000.0,15000000.0,428000000.0,70000000.0,3600000000.0,28000000.0,-256000000,-6000000.0,,16000000.0,,,665000000.0,,,,15000000.0,,,,,,,,532000000.0,,,,,,,,120000000,74000000,-22000000,-113000000,,-177000000.0,-52000000,,,2000000,735000000,3298000000.0,,,,2046000000,1097000000,1252000000,,2059000000,1933000000.0,3492000000.0,285000000.0,3822000000.0,497000000,84965000000,87412000000,,,,,,,77332000000,76719000000.0,40700000000.0,6800000000.0,6100000000.0,7200000000.0,7600000000.0,9000000000.0,0.0162,,,3.0,,14000000.0,3000000.0,1000000.0,-7679000000.0,,6448000000.0,,987000000.0,,412000000,,,,,,995000000,430000000.0,,88013000000.0,79363000000.0,4.0,,964000000,,64000000.0,,95000000.0,-183000000.0,,,-233000000.0,-183000000,,,,,,,,270000000.0,1020000000,467000000,90000000,400000000,,123000000,,,,4641000000,,,,,7959000000.0,4000000.0,,,682000000.0,,-192000000,,7000000.0,408000000.0,,412000000,116000000.0,155000000,155000000.0,,0.039,11858000000.0,,,,1832000000.0,,2354000000.0,,469000000.0,9000000.0,3331000000,388000000.0,,,18000000,,,,,,,,,,,,,,1200000,6613000000,0.0197,,6626000000.0,,2433000000.0,6287000000,2447000000,,2700000,,10000000,,1000000000.0,,600000000.0,13.06,,267000000.0,,,3854000000,,,57900000.0,3800000.0,200000.0,3500000.0,7600000.0,,6600000.0,45700000.0,700000000.0,2000000,195000000,193000000,,,,,,,,,,,,
2021-04-28,False,179513282,,147000000.0,-226000000,,,3255000000.0,26000000,10000000,,-191000000.0,,,,41000000.0,,2000000.0,75000000.0,84957000000,,,,,,,1497000000,,4102000000.0,565000000.0,,,,,0.16,,0.01,1125000000,457000000,4000000,418000000.0,,418000000,,,,,,,81358000000.0,,,,,325000000.0,,,,,,,,,,,,,,,,286000000.0,214000000.0,231000000.0,,199000000.0,7000000.0,16000000.0,255000000,407000000,-152000000,,199000000.0,381000000.0,69900000000.0,195000000,,,,29000000,,2000000,2.02,2.0,,,,,,,,,63000000.0,0.0,-7000000.0,0.0,-232000000.0,81300000000.0,1274000000.0,,,,,,25000000.0,,,40000000.0,,5000000.0,,26000000.0,,,,,,,,,,,11000000.0,36000000,,,76000000.0,,,,,,,64000000.0,,,,,,,,484000000.0,,,,,,,,114000000,1000000,-80000000,-45000000,,-111000000.0,9000000,,,2000000,731000000,692000000.0,,,,329000000,450000000,363000000,,362000000,1843000000.0,3206000000.0,303000000.0,,149000000,82220000000,84957000000,,,,,,,75674000000,75593000000.0,,,,,,,,,,3.0,,14000000.0,,,-2499000000.0,,2885000000.0,,179000000.0,,370000000,,,,,,270000000,304000000.0,,,,4.0,,259000000,,,,97000000.0,48000000.0,,,27000000.0,48000000,,,,,,,,239000000.0,862000000,110000000,-22000000,100000000,,29000000,,,,1734000000,,,,,1828000000.0,,,,495000000.0,,-34000000,,,1588000000.0,,370000000,113000000.0,-87000000,-87000000.0,,,2846000000.0,,,,78000000.0,,2605000000.0,,467000000.0,6000000.0,3670000000,130000000.0,,,10000000,,,,,,,,,,,,,,2200000,5684000000,,,5707000000.0,,2723000000.0,6703000000,2737000000,,3600000,,19000000,,1000000000.0,,500000000.0,12.23,,278000000.0,,,3980000000,,,,,,,,,,,,2000000,185000000,183000000,,,,,,,,,,,,
2021-07-28,False,167840188,,129000000.0,-209000000,,,3268000000.0,10000000,3000000,,-222000000.0,,,,40000000.0,,0.0,68000000.0,83348000000,,,,,,,1453000000,,3762000000.0,225000000.0,,,,,0.16,,0.01,1125000000,458000000,4000000,202000000.0,,202000000,,,,,,,79882000000.0,,,,,358000000.0,,,,,,,,,,,,,,,,330000000.0,246000000.0,285000000.0,,183000000.0,5000000.0,14000000.0,276000000,269000000,7000000,,183000000.0,254000000.0,69600000000.0,186000000,,,,27000000,,2000000,1.07,1.05,,,,,,,,,112000000.0,0.0,-6000000.0,0.0,-114000000.0,80267000000.0,1253000000.0,,,,,,20000000.0,,,29000000.0,,4000000.0,,27000000.0,,,,,,,,,,,13000000.0,-10000000,-12000000.0,,2000000.0,,,,,,,88000000.0,,,,,,,,240000000.0,,,,,,,,55000000,96000000,-33000000,-27000000,,-126000000.0,11000000,,,2000000,726000000,661000000.0,,,,339000000,323000000,322000000,,723000000,1889000000.0,3272000000.0,313000000.0,,142000000,80636000000,83348000000,,,,,,,75814000000,76156000000.0,,,,,,,,,,3.0,,11000000.0,,-3000000.0,-4327000000.0,,4219000000.0,,333000000.0,,185000000,,,,,,259000000,176000000.0,,,,4.0,,252000000,,,,70000000.0,17000000.0,,,-5000000.0,17000000,,,,,,,,225000000.0,754000000,110000000,-38000000,300000000,,56000000,,,,3050000000,,,,,3971000000.0,,,,495000000.0,,123000000,,,1588000000.0,,185000000,113000000.0,-1000000,-1000000.0,,,5577000000.0,,,,782000000.0,,2309000000.0,,467000000.0,2000000.0,3828000000,134000000.0,,,13000000,,,,,,,,,,,,,,600000,4068000000,,,4111000000.0,,2701000000.0,6891000000,2712000000,,600000,,10000000,,1000000000.0,,300000000.0,17.02,,290000000.0,,,4190000000,,,,,,,,,,,,2000000,176000000,174000000,,,,,,,,,,,,
2021-10-27,False,161172372,,190000000.0,-189000000,,,3277000000.0,4000000,4000000,,-194000000.0,,,,63000000.0,,0.0,63000000.0,81939000000,,,,,,,1050000000,,3311000000.0,-226000000.0,,,,,0.16,,0.01,1125000000,459000000,4000000,193000000.0,,193000000,,,,,,,78410000000.0,,,,,346000000.0,,,,,,,,,,,,,,,,243000000.0,223000000.0,226000000.0,,173000000.0,4000000.0,10000000.0,242000000,285000000,-43000000,,173000000.0,282000000.0,68500000000.0,185000000,,,,26000000,,2000000,1.05,1.04,,,,,,,,,-52000000.0,0.0,-5000000.0,0.0,-161000000.0,78855000000.0,1249000000.0,,,,,,37000000.0,,,40000000.0,,6000000.0,,37000000.0,,,,,,,,,,,5000000.0,-5000000,-20000000.0,,78000000.0,,,,,,,80000000.0,,,,,,,,220000000.0,,,,,,,,47000000,144000000,-88000000,-78000000,,-92000000.0,79000000,,,2000000,721000000,660000000.0,,,,326000000,312000000,334000000,,1050000000,1839000000.0,3244000000.0,295000000.0,,141000000,79205000000,81939000000,,,,,,,75629000000,76058000000.0,,,,,,,,,,3.0,,11000000.0,,-3000000.0,-5873000000.0,,5113000000.0,,534000000.0,,173000000,,,,,,252000000,160000000.0,,,,4.0,,248000000,,,,72000000.0,20000000.0,,,-1000000.0,20000000,,,,,,,,215000000.0,795000000,107000000,-43000000,450000000,,82000000,,,,4708000000,,,,,5992000000.0,9000000.0,,,495000000.0,,97000000,,,1588000000.0,,173000000,114000000.0,22000000,22000000.0,,,8644000000.0,,,,1558000000.0,,2261000000.0,,460000000.0,8000000.0,3975000000,127000000.0,,,18000000,,,,,,,,,,,,,,200000,2781000000,,,2797000000.0,,2723000000.0,7067000000,2734000000,,600000,,5000000,,1000000000.0,,150000000.0,21.42,,297000000.0,,,4344000000,,,,,,,,,,,,2000000,167000000,165000000,,,,,,,,,,,,
2022-02-25,True,152132902,3200000000.0,159000000.0,-133000000,,,3282000000.0,41000000,22000000,,-15000000.0,,,9000000.0,195000000.0,19000000.0,,45000000.0,80605000000,,,,,,,905000000,,3578000000.0,41000000.0,,,,,0.64,,0.01,1125000000,459000000,4000000,858000000.0,,858000000,,,147000000.0,-1000000.0,166000000.0,19000000.0,76978000000.0,,56000000.0,1000000.0,53000000.0,369000000.0,68000000.0,-3000000.0,,442000000.0,510000000.0,12000000.0,,5000000.0,49000000.0,381000000.0,,,,18000000.0,8000000.0,245000000.0,218000000.0,244000000.0,,147000000.0,8000000.0,9000000.0,224000000,260000000,-36000000,,147000000.0,271000000.0,61300000000.0,745000000,,,,107000000,,2000000,4.23,4.18,0.234,0.21,-0.002,0.012,,,2577000000.0,,84000000.0,0.0,-24000000.0,0.0,-194000000.0,77040000000.0,1271000000.0,,941000000.0,,,,150000000.0,,9617000000.0,149000000.0,,21000000.0,,124000000.0,,351000000.0,14000000.0,12000000.0,7000000.0,10000000.0,12000000.0,406000000.0,55000000.0,2100000000.0,0.0,64000000,-73000000.0,,78000000.0,,,671000000.0,,,,74000000.0,,,,,,,,936000000.0,,,,,,,,219000000,190000000,-47000000,-55000000,,-145000000.0,295000000,,,2000000,725000000,2648000000.0,,,,1316000000,1393000000,1332000000,,1378000000,1881000000.0,3223000000.0,267000000.0,,569000000,77997000000,80605000000,,,,,,,74488000000,74548000000.0,39500000000.0,7000000000.0,5800000000.0,6100000000.0,7200000000.0,9100000000.0,0.0151,,,3.0,,11000000.0,,-3000000.0,-7334000000.0,,6673000000.0,,702000000.0,,717000000,,,,,,1263000000,806000000.0,,88013000000.0,72812000000.0,4.0,,1207000000,,69000000.0,,39000000.0,141000000.0,,,,141000000,,,,,,,,193000000.0,1019000000,638000000,-68000000,600000000,,107000000,,,16000000.0,6104000000,,,,,7973000000.0,11000000.0,,,1237000000.0,,197000000,,,1588000000.0,,717000000,95000000.0,-61000000,-61000000.0,,0.0342,11163000000.0,,,,2702000000.0,,2673000000.0,,462000000.0,26000000.0,3939000000,507000000.0,,,22000000,,,,,,,,,,,,,,3000000,2490000000,0.0124,,2492000000.0,,2597000000.0,7092000000,2608000000,,4900000,,34000000,,1000000000.0,,1000000000.0,17.46,,305000000.0,,,4495000000,,,58800000.0,4200000.0,300000.0,6400000.0,6400000.0,,7400000.0,46500000.0,1300000000.0,2000000,172000000,170000000,0.014,205000000.0,55000000.0,,,,,,,,,
2022-04-27,False,148744651,,109000000.0,-19000000,,,3302000000.0,20000000,9000000,,-364000000.0,,,,76000000.0,,0.0,7000000.0,78158000000,,,,,,,708000000,,3214000000.0,-364000000.0,,,,,0.16,,0.01,1125000000,461000000,4000000,369000000.0,,369000000,,,,,,,74627000000.0,,,,,255000000.0,,,,,,,,,,,,,,,,152000000.0,151000000.0,152000000.0,,95000000.0,9000000.0,15000000.0,151000000,239000000,-88000000,,95000000.0,256000000.0,54500000000.0,139000000,,,,24000000,,3000000,1.69,1.67,,,,,,,,,-40000000.0,0.0,-5000000.0,0.0,-229000000.0,73328000000.0,1219000000.0,,,,,,8000000.0,,,55000000.0,,9000000.0,,56000000.0,,,,,,,,,,,0.0,98000000,,,76000000.0,,,,,,,69000000.0,,,,,,,,332000000.0,,,,,,,,77000000,5000000,-48000000,-15000000,,-174000000.0,-286000000,,,2000000,722000000,626000000.0,,,,289000000,321000000,337000000,,300000000,1834000000.0,2911000000.0,210000000.0,,120000000,75328000000,78158000000,,,,,,,70825000000,69515000000.0,,,,,,,,,,3.0,,6000000.0,,-5000000.0,-2006000000.0,,1751000000.0,,-109000000.0,,255000000,,,,,,212000000,223000000.0,,,,4.0,,205000000,,,,15000000.0,114000000.0,,,,114000000,,,,,,,,141000000.0,701000000,85000000,-53000000,115000000,,24000000,,,,1091000000,,,,,995000000.0,4000000.0,,,495000000.0,,43000000,,,1588000000.0,,255000000,91000000.0,16000000,16000000.0,,,3296000000.0,,,,78000000.0,,2506000000.0,,456000000.0,3000000.0,4167000000,95000000.0,,,9000000,,,,,,,,,,,,,,1100000,3802000000,,,3813000000.0,,2824000000.0,7454000000,2830000000,,2400000,,11000000,,1000000000.0,,885000000.0,18.41,,312000000.0,,,4630000000,,,,,,,,,,,,2000000,153000000,151000000,,205000000.0,93000000.0,,,,,,,,,
2022-07-27,False,141878703,,103000000.0,30000000,,,3305000000.0,20000000,3000000,,-405000000.0,,,,80000000.0,,0.0,10000000.0,76065000000,,,,,,,976000000,,3436000000.0,-142000000.0,,,,,0.16,,0.01,1125000000,461000000,4000000,229000000.0,,229000000,,,,,,,72347000000.0,,,,,196000000.0,,,,,,,,,,,,,,,,113000000.0,101000000.0,113000000.0,,90000000.0,12000000.0,24000000.0,101000000,289000000,-188000000,,90000000.0,294000000.0,50600000000.0,134000000,,,,23000000,,1000000,1.23,1.22,,,,,,,,,-62000000.0,0.0,-9000000.0,0.0,-282000000.0,69081000000.0,1166000000.0,,,,,,9000000.0,,,62000000.0,,9000000.0,,59000000.0,,,,,,,,,,,0.0,22000000,-12000000.0,,2000000.0,,,,,,,65000000.0,,,,,,,,244000000.0,,,,,,,,64000000,27000000,-12000000,49000000,,-256000000.0,-310000000,,,1000000,718000000,692000000.0,,,,371000000,303000000,321000000,,648000000,1871000000.0,2828000000.0,201000000.0,,110000000,73138000000,76065000000,,,,,,,67738000000,64484000000.0,,,,,,,,,,3.0,,11000000.0,,-6000000.0,-4128000000.0,,3956000000.0,,30000000.0,,180000000,,,,,,193000000,134000000.0,,,,4.0,,190000000,,,,14000000.0,49000000.0,,,,49000000,,,,,,,,136000000.0,791000000,80000000,-56000000,220000000,,47000000,,,,1516000000,,,,,1706000000.0,5000000.0,,,495000000.0,,56000000,,,1588000000.0,,180000000,91000000.0,18000000,18000000.0,,,6090000000.0,,,,15000000.0,,2460000000.0,,452000000.0,3000000.0,4323000000,87000000.0,,,12000000,,,,,,,,,,,,,,1100000,4609000000,,,4597000000.0,,2927000000.0,7662000000,2927000000,,2400000,,11000000,,1000000000.0,,780000000.0,15.26,,319000000.0,,,4735000000,,,,,,,,,,,,1000000,147000000,146000000,,205000000.0,34000000.0,,,,,,,,,
2022-10-26,False,135614173,,91000000.0,84000000,,,3309000000.0,20000000,4000000,,-442000000.0,,,,141000000.0,,0.0,28000000.0,73625000000,,,,,,,1364000000,,3912000000.0,334000000.0,,,,,0.16,,0.01,1125000000,461000000,4000000,159000000.0,,159000000,,,,,,,69675000000.0,,,,,145000000.0,,,,,,,,,,,,,,,,62000000.0,56000000.0,62000000.0,,69000000.0,8000000.0,7000000.0,56000000,416000000,-360000000,,69000000.0,419000000.0,49500000000.0,135000000,,,,22000000,,4000000,0.75,0.75,,,,,,,,,-140000000.0,0.0,-13000000.0,0.0,-409000000.0,66471000000.0,1085000000.0,,,,,,,,,68000000.0,,13000000.0,,101000000.0,,,,,,,,,,,0.0,40000000,-20000000.0,,78000000.0,,,,,,,62000000.0,,,,,,,,137000000.0,,,,,,,,32000000,29000000,51000000,56000000,,-334000000.0,-269000000,,,2000000,708000000,881000000.0,,,,641000000,212000000,240000000,,1208000000,1933000000.0,2787000000.0,176000000.0,,106000000,70652000000,73625000000,,,,,,,63998000000,60787000000.0,,,,,,,,,,3.0,,11000000.0,,-11000000.0,-6576000000.0,,6812000000.0,,98000000.0,,105000000,,,,,,225000000,150000000.0,,,,4.0,,194000000,,,,35000000.0,54000000.0,,,,54000000,,,,,,,,114000000.0,977000000,88000000,-89000000,315000000,,69000000,,,,1765000000,,,,,2243000000.0,6000000.0,,,495000000.0,,70000000,,,1588000000.0,,105000000,77000000.0,28000000,28000000.0,,,9225000000.0,,,,15000000.0,,2548000000.0,,450000000.0,21000000.0,4406000000,79000000.0,,,16000000,,,,,,,,,,,,,,1100000,5677000000,,,5684000000.0,,2973000000.0,7803000000,2973000000,,2400000,,11000000,,1000000000.0,,685000000.0,15.19,,325000000.0,,,4830000000,,,,,,,,,,,,2000000,141000000,139000000,,205000000.0,52000000.0,130000000.0,6000000.0,6000000.0,347000000.0,416000000.0,6000000.0,,,
2023-02-24,True,128941323,2000000000.0,83000000.0,87000000,,,3313000000.0,22000000,19000000,,-340000000.0,,,,383000000.0,14000000.0,,29000000.0,70795000000,,,,,,,1535000000,,4807000000.0,1229000000.0,,,,,0.64,,0.01,1125000000,461000000,4000000,865000000.0,,865000000,,,-2000000.0,1000000.0,-26000000.0,-25000000.0,66896000000.0,,173000000.0,,208000000.0,132000000.0,247000000.0,35000000.0,,160000000.0,407000000.0,12000000.0,,5000000.0,33000000.0,297000000.0,,,,22000000.0,11000000.0,80000000.0,56000000.0,80000000.0,,62000000.0,6000000.0,11000000.0,56000000,258000000,-202000000,,62000000.0,266000000.0,39700000000.0,534000000,,,,91000000,,3000000,4.54,4.49,0.22,0.21,0.001,0.022,,,2577000000.0,,-104000000.0,0.0,-43000000.0,0.0,-255000000.0,63531000000.0,1022000000.0,,,,,,,,,250000000.0,,46000000.0,,280000000.0,,342000000.0,10000000.0,4000000.0,5000000.0,6000000.0,9000000.0,377000000.0,35000000.0,1800000000.0,0.0,171000000,-73000000.0,,78000000.0,,,670000000.0,,,,60000000.0,,,,,,,,827000000.0,,,,,,,,182000000,30000000,147000000,159000000,,-387000000.0,-266000000,,,2000000,705000000,3223000000.0,,,,2102000000,1042000000,1121000000,,1904000000,2031000000.0,2866000000.0,167000000.0,,444000000,67818000000,70795000000,,,,,,,61026000000,57652000000.0,33700000000.0,5200000000.0,5200000000.0,5200000000.0,5500000000.0,7100000000.0,0.047,,,,,11000000.0,,-11000000.0,-9661000000.0,,10585000000.0,,305000000.0,,645000000,,,,,,831000000,616000000.0,,,62250000000.0,4.0,,776000000,,79000000.0,,38000000.0,220000000.0,,,,220000000,,,,,,,,107000000.0,922000000,332000000,-96000000,400000000,,91000000,,,16000000.0,2051000000,,,,,2243000000.0,12000000.0,,,1237000000.0,,89000000,,,1588000000.0,,645000000,74000000.0,79000000,79000000.0,,0.0453,12581000000.0,,,,15000000.0,,3272000000.0,,452000000.0,36000000.0,4490000000,332000000.0,,,19000000,,,,,,,,,,,,,,1200000,5870000000,0.0578,,5879000000.0,,2977000000.0,7894000000,2977000000,,2500000,,12000000,,1000000000.0,,600000000.0,16.13,,331000000.0,,,4917000000,,,50700000.0,18600000.0,1000000.0,6700000.0,10800000.0,,6000000.0,40100000.0,0.0,2000000,144000000,142000000,0.014,205000000.0,194000000.0,410000000.0,6000000.0,24000000.0,196000000.0,258000000.0,6000000.0,-0.013,,
2023-04-26,False,126464845,,78000000.0,66000000,,,3335000000.0,23000000,9000000,,34000000.0,,,,93000000.0,,,22000000.0,66913000000,,,,,,,570000000,,2778000000.0,-2029000000.0,,,,,0.16,,0.01,1125000000,464000000,4000000,90000000.0,,90000000,,,,,,,63141000000.0,,,,,111000000.0,,,,,,,,,,,,,,,,65000000.0,73000000.0,65000000.0,0.0,51000000.0,5000000.0,,73000000,227000000,-154000000,,51000000.0,235000000.0,32600000000.0,124000000,,,,21000000,,1000000,0.87,0.86,,,,,,,,,15000000.0,0.0,-14000000.0,0.0,-226000000.0,60019000000.0,920000000.0,,,,,,,,,55000000.0,,9000000.0,,56000000.0,,,,,,,,,,,,-8000000,,,,,,,,,,57000000.0,,,,,,,,144000000.0,,,,,,,,33000000,6000000,12000000,-49000000,,-58000000.0,-26000000,,,1000000,703000000,1071000000.0,,,,837000000,248000000,234000000,,845000000,2043000000.0,2856000000.0,153000000.0,,105000000,63955000000,66913000000,,,,,,,57388000000,54261000000.0,,,,,,,,,,,,0.0,,-5000000.0,-4022000000.0,,1848000000.0,,145000000.0,,111000000,,,,,,192000000,88000000.0,,,,4.0,,185000000,,,,28000000.0,-21000000.0,,,,-21000000,,,,,,,,96000000.0,814000000,80000000,-4000000,85000000,,21000000,,,,274000000,,,,,0.0,2000000.0,,,,,-57000000,,,,,111000000,69000000.0,-14000000,-14000000.0,,,3047000000.0,,,,1001000000.0,,2208000000.0,,454000000.0,4000000.0,4579000000,72000000.0,,,9000000,,,,,,,,,,,,,,1300000,5753000000,,,5758000000.0,,2958000000.0,7984000000,2958000000,,2400000,,13000000,,1000000000.0,,515000000.0,17.4,,337000000.0,,,5026000000,,,,,,,,,,,,1000000,130000000,129000000,,,-3000000.0,-106000000.0,0.0,8000000.0,176000000.0,227000000.0,0.0,,-1000000.0,
2023-07-26,False,121601864,,94000000.0,65000000,,,3343000000.0,24000000,8000000,,67000000.0,,,,81000000.0,,,22000000.0,65598000000,,,,,,,1317000000,,3268000000.0,-1539000000.0,,,,,0.16,,0.01,1125000000,464000000,4000000,65000000.0,,65000000,,,,,,,61774000000.0,,,,,84000000.0,,,,,,,,,,,,,,,,60000000.0,53000000.0,60000000.0,0.0,61000000.0,4000000.0,,53000000,236000000,-183000000,,61000000.0,243000000.0,16900000000.0,135000000,,,,20000000,,2000000,0.53,0.52,,,,,,,,,-22000000.0,0.0,-12000000.0,0.0,-236000000.0,58935000000.0,857000000.0,,,,,,,,,62000000.0,,9000000.0,,59000000.0,,,,,,,,,,,,26000000,,,,,,,,,,,,,,,,,,96000000.0,,,,,,,,30000000,9000000,69000000,-7000000,,-81000000.0,2000000,,,1000000,700000000,1097000000.0,,,,919000000,167000000,178000000,,1688000000,2100000000.0,2889000000.0,158000000.0,,98000000,62668000000,65598000000,,,,,,,56936000000,54082000000.0,,,,,,,,,,,,,,-6000000.0,-5457000000.0,,3674000000.0,,244000000.0,,66000000,,,,,,200000000,129000000.0,,,,4.0,,182000000,,,,34000000.0,-1000000.0,,,,-1000000,,,,,,,,,894000000,84000000,-1000000,165000000,,40000000,,,,438000000,,,,,844000000.0,2000000.0,,,495000000.0,,-29000000,,,,,66000000,68000000.0,11000000,11000000.0,,,5837000000.0,,,,1002000000.0,,1951000000.0,,456000000.0,15000000.0,4625000000,83000000.0,,,17000000,,,,,,,,,,,,,,0,4838000000,,,4853000000.0,,,8037000000,2930000000,,0,,13000000,,1000000000.0,,435000000.0,0.0,,,,,5107000000,,,,,,,,,,,,1000000,125000000,124000000,,,18000000.0,-92000000.0,0.0,7000000.0,175000000.0,236000000.0,0.0,,-1000000.0,342000000.0
