filing_date,annual,EntityCommonStockSharesOutstanding_shares,EntityPublicFloat_USD,AdditionalPaidInCapitalCommonStock_USD,AdditionsToNoncurrentAssets_USD,AdjustmentsToAdditionalPaidInCapitalShareBasedCompensationStockOptionsRequisiteServicePeriodRecognition_USD,AdjustmentsToAdditionalPaidInCapitalSharebasedCompensationAndExerciseOfStockOptions_USD,AdjustmentsToAdditionalPaidInCapitalSharebasedCompensationRequisiteServicePeriodRecognitionValue_USD,AdjustmentsToAdditionalPaidInCapitalTaxEffectFromShareBasedCompensation_USD,AdjustmentToAdditionalPaidInCapitalIncomeTaxEffectFromShareBasedCompensationNet_USD,AllocatedShareBasedCompensationExpense_USD,AllowanceForLoanAndLeaseLossesProvisionForLossNet_USD,AllowanceForLoanAndLeaseLossesRealEstate_USD,AmortizationOfIntangibleAssets_USD,AntidilutiveSecuritiesExcludedFromComputationOfEarningsPerShareAmount_shares,AssetImpairmentCharges_USD,Assets_USD,BusinessAcquisitionCostOfAcquiredEntityCashPaid_USD,BusinessAcquisitionPurchasePriceAllocationAssetsAcquired_USD,BusinessAcquisitionPurchasePriceAllocationLiabilitiesAssumed_USD,BusinessCombinationRecognizedIdentifiableAssetsAcquiredAndLiabilitiesAssumedAssets_USD,BusinessCombinationRecognizedIdentifiableAssetsAcquiredAndLiabilitiesAssumedLiabilities_USD,CapitalLeasesFutureMinimumPaymentsDue_USD,CapitalLeasesFutureMinimumPaymentsDueCurrent_USD,CapitalLeasesFutureMinimumPaymentsDueInFiveYears_USD,CapitalLeasesFutureMinimumPaymentsDueInFourYears_USD,CapitalLeasesFutureMinimumPaymentsDueInThreeYears_USD,CapitalLeasesFutureMinimumPaymentsDueInTwoYears_USD,CapitalLeasesFutureMinimumPaymentsDueThereafter_USD,CapitalLeasesFutureMinimumPaymentsInterestIncludedInPayments_USD,CapitalLeasesFutureMinimumPaymentsPresentValueOfNetMinimumPayments_USD,CashAndCashEquivalentsAtCarryingValue_USD,CashAndCashEquivalentsPeriodIncreaseDecrease_USD,CashCashEquivalentsRestrictedCashAndRestrictedCashEquivalents_USD,CashCashEquivalentsRestrictedCashAndRestrictedCashEquivalentsPeriodIncreaseDecreaseIncludingExchangeRateEffect_USD,CommonStockParOrStatedValuePerShare_USD/shares,CommonStockSharesAuthorized_shares,CommonStockSharesHeldInEmployeeTrust_USD,CommonStockSharesHeldInEmployeeTrustShares_shares,CommonStockSharesIssued_shares,CommonStockSharesOutstanding_shares,CommonStockValue_USD,ContractWithCustomerLiabilityRevenueRecognized_USD,CumulativeEffectOfNewAccountingPrincipleInPeriodOfAdoption_USD,CurrentFederalTaxExpenseBenefit_USD,CurrentStateAndLocalTaxExpenseBenefit_USD,CustomerAdvancesAndDeposits_USD,DebtInstrumentFaceAmount_USD,DebtInstrumentInterestRateEffectivePercentage_pure,DebtInstrumentInterestRateStatedPercentage_pure,DebtInstrumentInterestRateStatedPercentageRateRangeMinimum_pure,DeferredCompensationLiabilityCurrentAndNoncurrent_USD,DeferredFederalIncomeTaxExpenseBenefit_USD,DeferredIncomeTaxExpenseBenefit_USD,DeferredIncomeTaxLiabilities_USD,DeferredStateAndLocalIncomeTaxExpenseBenefit_USD,DeferredTaxAssetsGross_USD,DeferredTaxAssetsInventory_USD,DeferredTaxAssetsLiabilitiesNet_USD,DeferredTaxAssetsNet_USD,DeferredTaxAssetsOther_USD,DeferredTaxAssetsTaxDeferredExpenseCompensationAndBenefitsEmployeeCompensation_USD,DeferredTaxAssetsTaxDeferredExpenseCompensationAndBenefitsShareBasedCompensationCost_USD,DeferredTaxAssetsTaxDeferredExpenseOther_USD,DeferredTaxAssetsTaxDeferredExpenseReservesAndAccrualsOther_USD,DeferredTaxAssetsTaxDeferredExpenseReservesAndAccrualsReserves_USD,DeferredTaxLiabilities_USD,DepositsAssets_USD,DepreciationDepletionAndAmortization_USD,DerivativeInstrumentsGainLossRecognizedInIncomeNet_USD,DerivativeInstrumentsNotDesignatedAsHedgingInstrumentsGainLossNet_USD,EarningsPerShareBasic_USD/shares,EarningsPerShareDiluted_USD/shares,EffectiveIncomeTaxRateContinuingOperations_pure,EffectiveIncomeTaxRateReconciliationAtFederalStatutoryIncomeTaxRate_pure,EmployeeServiceShareBasedCompensationCashReceivedFromExerciseOfStockOptions_USD,EmployeeServiceShareBasedCompensationNonvestedAwardsTotalCompensationCostNotYetRecognized_USD,EmployeeServiceShareBasedCompensationNonvestedAwardsTotalCompensationCostNotYetRecognizedPeriodForRecognition_Y,EmployeeServiceShareBasedCompensationTaxBenefitFromCompensationExpense_USD,EmployeeStockOwnershipPlanESOPSharesContributedToESOP_shares,EquityMethodInvestmentDividendsOrDistributions_USD,EquityMethodInvestmentRealizedGainLossOnDisposal_USD,ExcessTaxBenefitFromShareBasedCompensationFinancingActivities_USD,ExcessTaxBenefitFromShareBasedCompensationOperatingActivities_USD,FeesAndCommissionsMortgageBanking_USD,FinanceLeaseInterestExpense_USD,FinanceLeaseInterestPaymentOnLiability_USD,FinanceLeaseLiability_USD,FinanceLeaseLiabilityPaymentsDue_USD,FinanceLeaseLiabilityPaymentsDueAfterYearFive_USD,FinanceLeaseLiabilityPaymentsDueInNextRollingTwelveMonths_USD,FinanceLeaseLiabilityPaymentsDueInRollingAfterYearFive_USD,FinanceLeaseLiabilityPaymentsDueInRollingYearFive_USD,FinanceLeaseLiabilityPaymentsDueInRollingYearFour_USD,FinanceLeaseLiabilityPaymentsDueInRollingYearThree_USD,FinanceLeaseLiabilityPaymentsDueInRollingYearTwo_USD,FinanceLeaseLiabilityPaymentsDueNextTwelveMonths_USD,FinanceLeaseLiabilityPaymentsDueYearFive_USD,FinanceLeaseLiabilityPaymentsDueYearFour_USD,FinanceLeaseLiabilityPaymentsDueYearThree_USD,FinanceLeaseLiabilityPaymentsDueYearTwo_USD,FinanceLeaseLiabilityPaymentsRemainderOfFiscalYear_USD,FinanceLeaseLiabilityUndiscountedExcessAmount_USD,FinanceLeasePrincipalPayments_USD,FinanceLeaseRightOfUseAsset_USD,FinanceLeaseRightOfUseAssetAmortization_USD,FinanceLeaseWeightedAverageDiscountRatePercent_pure,FiniteLivedIntangibleAssetsAccumulatedAmortization_USD,FiniteLivedIntangibleAssetsNet_USD,GainLossOnSaleOfMortgageLoans_USD,GainLossOnSaleOfPropertyPlantEquipment_USD,GainsLossesOnExtinguishmentOfDebt_USD,Goodwill_USD,GoodwillAndIntangibleAssetImpairment_USD,GuaranteeObligationsMaximumExposure_USD,HeldToMaturitySecurities_USD,ImpairmentOfIntangibleAssetsIndefinitelivedExcludingGoodwill_USD,IncomeLossFromContinuingOperationsBeforeIncomeTaxesDomestic_USD,IncomeLossFromContinuingOperationsBeforeIncomeTaxesExtraordinaryItemsNoncontrollingInterest_USD,IncomeLossFromContinuingOperationsBeforeIncomeTaxesMinorityInterestAndIncomeLossFromEquityMethodInvestments_USD,IncomeTaxExpenseBenefit_USD,IncomeTaxExpenseBenefitContinuingOperations_USD,IncomeTaxesPaidNet_USD,IncomeTaxReconciliationIncomeTaxExpenseBenefitAtFederalStatutoryIncomeTaxRate_USD,IncomeTaxReconciliationOtherAdjustments_USD,IncomeTaxReconciliationStateAndLocalIncomeTaxes_USD,IncreaseDecreaseInAccountsPayableAndAccruedLiabilities_USD,IncreaseDecreaseInContractWithCustomerLiability_USD,IncreaseDecreaseInCustomerDeposits_USD,IncreaseDecreaseInDepositsOutstanding_USD,IncreaseDecreaseInInventories_USD,IncreaseDecreaseInOtherOperatingCapitalNet_USD,IncreaseDecreaseInReceivables_USD,IncrementalCommonSharesAttributableToShareBasedPaymentArrangements_shares,IntangibleAssetsNetIncludingGoodwill_USD,InterestAndFeeIncomeLoansHeldForSaleMortgages_USD,InterestCostsIncurred_USD,InterestCostsIncurredCapitalized_USD,InterestExpense_USD,InterestIncomeOperating_USD,InterestPaidNet_USD,InventoryRealEstateLandAndLandDevelopmentCosts_USD,InvestmentsInAffiliatesSubsidiariesAssociatesAndJointVentures_USD,LeaseCost_USD,LesseeOperatingLeaseLiabilityPaymentsDue_USD,LesseeOperatingLeaseLiabilityPaymentsDueAfterRollingYearFive_USD,LesseeOperatingLeaseLiabilityPaymentsDueAfterYearFive_USD,LesseeOperatingLeaseLiabilityPaymentsDueInRollingYearFive_USD,LesseeOperatingLeaseLiabilityPaymentsDueInRollingYearFour_USD,LesseeOperatingLeaseLiabilityPaymentsDueInRollingYearThree_USD,LesseeOperatingLeaseLiabilityPaymentsDueInRollingYearTwo_USD,LesseeOperatingLeaseLiabilityPaymentsDueNextRollingTwelveMonths_USD,LesseeOperatingLeaseLiabilityPaymentsDueNextTwelveMonths_USD,LesseeOperatingLeaseLiabilityPaymentsDueYearFive_USD,LesseeOperatingLeaseLiabilityPaymentsDueYearFour_USD,LesseeOperatingLeaseLiabilityPaymentsDueYearThree_USD,LesseeOperatingLeaseLiabilityPaymentsDueYearTwo_USD,LesseeOperatingLeaseLiabilityPaymentsRemainderOfFiscalYear_USD,LesseeOperatingLeaseLiabilityUndiscountedExcessAmount_USD,LettersOfCreditOutstandingAmount_USD,Liabilities_USD,LiabilitiesAndStockholdersEquity_USD,LineOfCreditFacilityCurrentBorrowingCapacity_USD,LoansHeldForSaleMortgages_USD,LongTermDebt_USD,LongTermDebtMaturitiesRepaymentsOfPrincipalAfterYearFive_USD,LongTermDebtMaturitiesRepaymentsOfPrincipalInNextTwelveMonths_USD,MortgageLoansOnRealEstateFaceAmountOfMortgages_USD,MortgagesHeldForSaleFairValueDisclosure_USD,NetCashProvidedByUsedInFinancingActivities_USD,NetCashProvidedByUsedInFinancingActivitiesContinuingOperations_USD,NetCashProvidedByUsedInInvestingActivities_USD,NetCashProvidedByUsedInInvestingActivitiesContinuingOperations_USD,NetCashProvidedByUsedInOperatingActivities_USD,NetCashProvidedByUsedInOperatingActivitiesContinuingOperations_USD,NetIncomeLoss_USD,NoncashOrPartNoncashAcquisitionValueOfAssetsAcquired1_USD,NoncashOrPartNoncashAcquisitionValueOfLiabilitiesAssumed1_USD,NonRecourseDebt_USD,OperatingLeaseExpense_USD,OperatingLeaseLiability_USD,OperatingLeasePayments_USD,OperatingLeaseRightOfUseAsset_USD,OperatingLeasesFutureMinimumPaymentsDue_USD,OperatingLeasesFutureMinimumPaymentsDueCurrent_USD,OperatingLeasesFutureMinimumPaymentsDueFutureMinimumSubleaseRentals_USD,OperatingLeasesFutureMinimumPaymentsDueInFiveYears_USD,OperatingLeasesFutureMinimumPaymentsDueInFourYears_USD,OperatingLeasesFutureMinimumPaymentsDueInThreeYears_USD,OperatingLeasesFutureMinimumPaymentsDueInTwoYears_USD,OperatingLeasesFutureMinimumPaymentsDueThereafter_USD,OperatingLeasesRentExpenseNet_USD,OperatingLeaseWeightedAverageDiscountRatePercent_pure,OtherOperatingActivitiesCashFlowStatement_USD,PaymentsForOriginationOfMortgageLoansHeldForSale_USD,PaymentsForRepurchaseOfCommonStock_USD,PaymentsOfDebtIssuanceCosts_USD,PaymentsToAcquireBusinessesGross_USD,PaymentsToAcquireBusinessesNetOfCashAcquired_USD,PaymentsToAcquireHeldToMaturitySecurities_USD,PaymentsToAcquireInterestInJointVenture_USD,PaymentsToAcquireLand_USD,PaymentsToAcquireLandHeldForUse_USD,PaymentsToAcquirePropertyPlantAndEquipment_USD,PaymentsToMinorityShareholders_USD,PostconfirmationReorganizationValueInExcessOfAmountsAllocableToIdentifiableAssets_USD,ProceedsAndExcessTaxBenefitFromSharebasedCompensation_USD,ProceedsFromCollectionOfMortgageLoansHeldForSale_USD,ProceedsFromDebtNetOfIssuanceCosts_USD,ProceedsFromEquityMethodInvestmentDividendsOrDistributionsReturnOfCapital_USD,ProceedsFromIssuanceOfSeniorLongTermDebt_USD,ProceedsFromIssuanceOfUnsecuredDebt_USD,ProceedsFromMaturitiesPrepaymentsAndCallsOfHeldToMaturitySecurities_USD,ProceedsFromOtherDebt_USD,ProceedsFromSaleOfMortgageLoansHeldForSale_USD,ProceedsFromSaleOfPropertyPlantAndEquipment_USD,ProceedsFromStockOptionsExercised_USD,ProductWarrantyAccrual_USD,ProductWarrantyAccrualPayments_USD,ProductWarrantyAccrualPreexistingIncreaseDecrease_USD,PropertyPlantAndEquipmentAdditions_USD,ProvisionForLoanLossesExpensed_USD,RealEstateInventoryCapitalizedInterestCosts_USD,RealEstateInventoryCapitalizedInterestCostsCostOfSales_USD,RealEstateInventoryCapitalizedInterestCostsCostOfSales1_USD,RepaymentsOfAssumedDebt_USD,RepaymentsOfDebtAndCapitalLeaseObligations_USD,RepaymentsOfOtherDebt_USD,RepaymentsOfSeniorDebt_USD,RetainedEarningsAccumulatedDeficit_USD,Revenues_USD,RightOfUseAssetObtainedInExchangeForFinanceLeaseLiability_USD,RightOfUseAssetObtainedInExchangeForOperatingLeaseLiability_USD,SeniorNotes_USD,ShareBasedCompensation_USD,ShareBasedCompensationArrangementByShareBasedPaymentAwardCompensationCost_USD,ShareBasedCompensationArrangementByShareBasedPaymentAwardEquityInstrumentsOtherThanOptionsForfeitedInPeriod_shares,ShareBasedCompensationArrangementByShareBasedPaymentAwardEquityInstrumentsOtherThanOptionsGrantsInPeriod_shares,ShareBasedCompensationArrangementByShareBasedPaymentAwardEquityInstrumentsOtherThanOptionsGrantsInPeriodWeightedAverageGrantDateFairValue_USD/shares,ShareBasedCompensationArrangementByShareBasedPaymentAwardFairValueAssumptionsExpectedDividendRate_pure,ShareBasedCompensationArrangementByShareBasedPaymentAwardFairValueAssumptionsExpectedTerm_Y,ShareBasedCompensationArrangementByShareBasedPaymentAwardFairValueAssumptionsExpectedVolatilityRateMaximum_pure,ShareBasedCompensationArrangementByShareBasedPaymentAwardFairValueAssumptionsExpectedVolatilityRateMinimum_pure,ShareBasedCompensationArrangementByShareBasedPaymentAwardFairValueAssumptionsRiskFreeInterestRateMaximum_pure,ShareBasedCompensationArrangementByShareBasedPaymentAwardFairValueAssumptionsRiskFreeInterestRateMinimum_pure,ShareBasedCompensationArrangementByShareBasedPaymentAwardNumberOfSharesAvailableForGrant_shares,ShareBasedCompensationArrangementByShareBasedPaymentAwardOptionsExercisableNumber_shares,ShareBasedCompensationArrangementByShareBasedPaymentAwardOptionsExercisableWeightedAverageExercisePrice_USD/shares,ShareBasedCompensationArrangementByShareBasedPaymentAwardOptionsExercisableWeightedAverageRemainingContractualTerm_Y,ShareBasedCompensationArrangementByShareBasedPaymentAwardOptionsExercisesInPeriodTotalIntrinsicValue_USD,ShareBasedCompensationArrangementByShareBasedPaymentAwardOptionsExercisesInPeriodWeightedAverageExercisePrice_USD,ShareBasedCompensationArrangementByShareBasedPaymentAwardOptionsExpirationsInPeriod_shares,ShareBasedCompensationArrangementByShareBasedPaymentAwardOptionsExpirationsInPeriodWeightedAverageExercisePrice_USD,ShareBasedCompensationArrangementByShareBasedPaymentAwardOptionsForfeituresInPeriod_shares,ShareBasedCompensationArrangementByShareBasedPaymentAwardOptionsForfeituresInPeriodWeightedAverageExercisePrice_USD,ShareBasedCompensationArrangementByShareBasedPaymentAwardOptionsGrantsInPeriod_shares,ShareBasedCompensationArrangementByShareBasedPaymentAwardOptionsGrantsInPeriodGross_shares,ShareBasedCompensationArrangementByShareBasedPaymentAwardOptionsGrantsInPeriodWeightedAverageExercisePrice_USD,ShareBasedCompensationArrangementByShareBasedPaymentAwardOptionsGrantsInPeriodWeightedAverageGrantDateFairValue_USD/shares,ShareBasedCompensationArrangementByShareBasedPaymentAwardOptionsOutstandingIntrinsicValue_USD,ShareBasedCompensationArrangementByShareBasedPaymentAwardOptionsOutstandingNumber_shares,ShareBasedCompensationArrangementByShareBasedPaymentAwardOptionsOutstandingWeightedAverageExercisePrice_USD/shares,ShareBasedCompensationArrangementsByShareBasedPaymentAwardOptionsExercisesInPeriodWeightedAverageExercisePrice_USD/shares,ShareBasedCompensationArrangementsByShareBasedPaymentAwardOptionsForfeituresInPeriodWeightedAverageExercisePrice_USD/shares,ShareBasedCompensationArrangementsByShareBasedPaymentAwardOptionsGrantsInPeriodWeightedAverageExercisePrice_USD/shares,SharebasedCompensationArrangementBySharebasedPaymentAwardOptionsExercisableIntrinsicValue1_USD,SharebasedCompensationArrangementBySharebasedPaymentAwardOptionsOutstandingWeightedAverageRemainingContractualTerm1_Y,ShortTermLeaseCost_USD,SignificantChangeInUnrecognizedTaxBenefitsIsReasonablyPossibleAmountOfUnrecordedBenefit_USD,StockholdersEquity_USD,StockholdersEquityOther_USD,StockIssuedDuringPeriodSharesShareBasedCompensation_shares,StockIssuedDuringPeriodSharesStockOptionsExercised_shares,StockIssuedDuringPeriodSharesTreasuryStockReissued_shares,StockIssuedDuringPeriodValueStockOptionsExercised_USD,StockOptionPlanExpense_USD,TaxAdjustmentsSettlementsAndUnusualProvisions_USD,TaxCutsAndJobsActOf2017ChangeInTaxRateDeferredTaxAssetIncomeTaxExpense_USD,TreasuryStockShares_shares,TreasuryStockSharesAcquired_shares,TreasuryStockValue_USD,TreasuryStockValueAcquiredCostMethod_USD,UnrecognizedTaxBenefits_USD,UnrecognizedTaxBenefitsDecreasesResultingFromPriorPeriodTaxPositions_USD,UnrecognizedTaxBenefitsDecreasesResultingFromSettlementsWithTaxingAuthorities_USD,UnrecognizedTaxBenefitsIncreasesResultingFromCurrentPeriodTaxPositions_USD,UnrecognizedTaxBenefitsIncreasesResultingFromPriorPeriodTaxPositions_USD,UnrecognizedTaxBenefitsInterestOnIncomeTaxesAccrued_USD,UnrecognizedTaxBenefitsInterestOnIncomeTaxesExpense_USD,UnrecognizedTaxBenefitsReductionsResultingFromLapseOfApplicableStatuteOfLimitations_USD,UnrecognizedTaxBenefitsThatWouldImpactEffectiveTaxRate_USD,VariableInterestEntityConsolidatedCarryingAmountAssets_USD,WarehouseAgreementBorrowings_USD,WeightedAverageNumberOfDilutedSharesOutstanding_shares,WeightedAverageNumberOfSharesOutstandingBasic_shares,EquityMethodInvestmentOtherThanTemporaryImpairment_USD,ShareBasedCompensationArrangementByShareBasedPaymentAwardEquityInstrumentsOtherThanOptionsVestedInPeriod_shares,TreasuryStockCommonShares_shares,TreasuryStockCommonValue_USD
2010-08-02,False,5849824,2752200000.0,914585000,,,,,,,,,,,,,2359435000,,,,,,,,,,,,,,,1090882000.0,-159268000.0,,,0.01,60000000,27582000,,20559671,,206000,,,,,,,,,,27582000,,,,,,,,,,,,,,,,,,,,11.64,11.13,,,,,,,,,,58562000.0,58562000.0,,,,,,,,,,,,,,,,,,,,,,,,,,22978000,,,,,,,,,,118259000.0,46983000,,9710000,,,,,,,19256000,1983000,-1847000.0,6169000,,,,,,,,4527000,,,,,,,,,,,,,,,,,,,,543969000,2359435000,,,,,,,,-132841000.0,,39879000.0,,-66306000.0,,71276000,,,,,,,,,,,,,,,,,,,1073149000,176084000.0,,,,150000000.0,2000000.0,,,2921000,,,,330000.0,,,,,194535000.0,,895491000,265000,51537000,,,,,,,,,,,,133370000.0,3926430000,,,,,20826000,,,,,,,,,,,,,,,,,,,,,,,,,,,,,,,,,,,1815466000,,,,,,,,,14635123.0,,3025755000.0,,,,,,,,,,,,,6405000,6123000,,,,
2010-11-03,False,5639662,2752200000.0,937623000,,,,,,,,,,,,,2249819000,,,,,,,,,,,,,,,1055843000.0,-194307000.0,,,0.01,60000000,27582000,,20559671,,206000,,,,,,,,,,27582000,,,,,,,,,,,,,,,,,5548000.0,,,7.65,7.31,,,,,,,,,,61659000.0,61659000.0,,,,,,,,,,,,,,,,,,,,,,,,,,33772000,,,,,,,,,,64890000.0,20946000,,17424000,,,,,,,39170000,140278000,-5431000.0,1899000,,,,,,,,5154000,,,,,,,,,,,,,,,,,,,,563141000,2249819000,,,,,,,,-297441000.0,,188733000.0,,-85599000.0,,43944000,,,,,,,,,,,,,,,,,,,1544422000,377293000.0,,,,150000000.0,2000000.0,,,4308000,,,,1558000.0,,,,,344535000.0,,1446470000,506000,56993000,,,,,,,,,,,,133370000.0,3970374000,,,,,40750000,,,,,,,,,,,,,,,,,,,,,,,,,,,,,,,,,,,1686678000,,,,,,,,,14928791.0,,3221525000.0,,,,,,,,,,,,,6011000,5748000,,,,
2011-02-25,True,5893203,3693820000.0,951234000,,,,53136000.0,63558000.0,,,,,,,,2260061000,,,,,,,,,,,,,,,1193750000.0,-56400000.0,,,0.01,60000000,27582000,,20557913,,206000,,,,,,,,,,27582000,,13558000.0,,,,,,,,,,,,,,,7263000.0,,,34.96,33.42,,,,,,,,,,63558000.0,63558000.0,,,,,,,,,,,,,,,,,,,,,,,,,,46225000,167000.0,251000.0,,,,,,,,,116388000,,40669000,,,,,,,53866000,8783000,20644000.0,-1532000,,,,,,,,5805000,,,,,,,,,,,,,,,,,,,,519687000,2260061000,,,,,,,,-324228000.0,,212440000.0,,55388000.0,,206005000,,,,,,,,,,,,,,,,,,,2109505000,417079000.0,,,,150000000.0,-2000000.0,,,6943000,,,,2554000.0,,,,,369535000.0,,2011765000,655000,77492000,,,,,,,,,,,,133370000.0,4029072000,,,,,53136000,,,,,,,,,,,,,,,,,,,,,,,,,,,,,,,,,,,1740374000,,,,,,,,,14894357.0,,3240138000.0,-417079000.0,,,,,,,,,,,,6165000,5893000,,,,
2011-05-03,False,5883235,3693820000.0,1014017000,,,,,,,,,,,,,2275728000,,,,,,,,,,,,,,,1220295000.0,26545000.0,,,0.01,60000000,25582000,,20556198,,206000,,,,,,,,,,25582000,,,,,,,,,,,,,,,,,1598000.0,,,2.61,2.52,,,,,,,,,,17811000.0,17811000.0,,,,,,,,,,,,,,,,,,,,,,,,,,9130000,,,,,,,,,,,9661000,,10635000,,,,,,,17315000,61423000,-3501000.0,-101000,,,,,,,,513000,,,,,,,,,,,,,,,,,,,,457527000,2275728000,,,,,,,,32040000.0,,3538000.0,,-9033000.0,,15174000,,,,,,,,,,,,,,,,,,,335952000,63408000.0,,,,100000000.0,1000000.0,,,1012000,,,,1317000.0,,,,,194535000.0,,419895000,170000,92670000,,,,,,,,,,,,,4044246000,,,,,15580000,,,,,,,,,,,,,,,,,,,,,,,,,,,,,,,,,,,1818201000,,,,,,,,,14688939.0,,3240268000.0,,,,,,,,,,,,,6020000,5823000,,,,
2011-08-08,False,5431193,3693820000.0,1037299000,,,,31705000.0,21391000.0,,,,,,449134.0,,2175675000,,,,,,,,,,,,,,,930396000.0,-263354000.0,,,0.01,60000000,25582000,,20556198,,206000,,,,,,,,,,25582000,,,,,,,,172318000.0,,,,,,,,-129202000.0,3236000.0,1997000.0,,6.65,6.48,,,,,,,,,,21391000.0,21391000.0,13218000.0,,,,,,,,,,,,,,,,,,,,,,,,,18865000,,,,,,,,,,,24909000,,14033000,,,,,,,32485000,103558000,-9445000.0,487000,144000.0,,,,,,,1056000,,77200000.0,,,,,,,,,,,,,,,,,,524879000,2175675000,,,,,,179833000.0,181525000.0,-176703000.0,,-61428000.0,,-25223000.0,,38445000,,,,,,,,,,,,,,,,,,,816908000,300885000.0,,,,150000000.0,61600000.0,,,7478000,,48927000.0,,2061000.0,,,,,194535000.0,,833579000,307000,104592000,62804000.0,-10567000.0,,,,,,,,,,133370000.0,4082691000,695881000.0,,,,16125000,,,,,,,,,,,,,,,,,,,,,,,,,,,,,,,,,,,1650796000,,,329000000.0,,,,,,14977205.0,411477000.0,3469400000.0,300885000.0,,,,,,,,,,23022000.0,,5929000,5785000,,,,
2011-10-28,False,4976408,3693820000.0,1054234000,,,,47966000.0,21272000.0,,,,,,450934.0,,1799616000,,,,,,,,,,,,,,,497122000.0,-696628000.0,,,0.01,60000000,25582000,,20556198,,206000,,,,,,,,,,25582000,,,,,,,,171737000.0,,,,,,,,-127570000.0,4948000.0,4386000.0,223000.0,8.19,7.98,,,,,,,,,,21272000.0,21272000.0,10496000.0,,,,,,,,,,,,,,,,,,,,,,,,,25887000,,,,,,,,,,,25533000,,22733000,,,,,,,33580000,148415000,-5207000.0,-91000,136000.0,,,,,,,1579000,91392000.0,76100000.0,,,,,,,,,,,,,,,,,,453597000,1799616000,,192203000.0,,,,187817000.0,,-631679000.0,,-60368000.0,,-4581000.0,,43409000,,,,,,,,,,,,,,,,,,,1273909000,666628000.0,,,,150000000.0,61600000.0,,,8674000,,48927000.0,,3327000.0,,,,,344535000.0,,1290126000,401000,106007000,63168000.0,-11110000.0,,,,,,,,,,133370000.0,4126100000,707476000.0,,,,16261000,,,,,,,,,,,,,,,,,,,,,,,,,,,,,,,,,,,1346019000,,,331000.0,,,,,,15542337.0,979265.0,3834521000.0,666628000.0,,,,,,,,,,21802000.0,0.0,5437000,5301000,,,,
2012-02-22,True,5058781,3840650000.0,1072779000,11444000.0,,,64473000.0,22835000.0,,,12850000.0,,,467367.0,,1779485000,,,,,,1978000.0,609000.0,0.0,0.0,725000.0,644000.0,0.0,365000.0,1613000.0,480794000.0,-712956000.0,,,0.01,60000000,25581000,152964.0,20556198,4977633.0,206000,,,45112000.0,8004000.0,,,,,,25581000,21492000.0,23732000.0,,3548000.0,166544000.0,,164416000.0,155881000.0,4228000.0,10939000.0,35417000.0,6622000.0,83744000.0,25594000.0,2128000.0,131930000.0,6672000.0,1526000.0,-1080000.0,23.66,6.32,0.3765,0.35,108322000.0,116672000.0,1.7,23600000.0,9300.0,,,22835000.0,22835000.0,47954000.0,,,,,,,,,,,,,,,,,,,,,,,,,34632000,217000.0,,,,,0.0,0.0,,,,78156000,78156000.0,49763000,72652000.0,-2567000.0,8071000.0,,,,42385000,99527000,896000.0,-465000,154658000.0,,,,,1892000.0,3202000.0,2000000,78045000.0,89500000.0,,,,,,,,,,,,,,,,,,404686000,1779485000,,252352000.0,,,,250826000.0,,-652553000.0,,-61866000.0,,1463000.0,,32392000,,,,,,,,65944000.0,16983000.0,927000.0,5659000.0,7219000.0,9803000.0,11929000.0,14351000.0,33607000.0,,,1754655000,689302000.0,,,,150000000.0,61600000.0,,,11444000,,48927000.0,22835000.0,4271000.0,,,,,369535000.0,5349000.0,1716966000,525000,106999000,64008000.0,42819000.0,,,5100000.0,,,,,,7958000.0,133370000.0,4158492000,2659149000.0,,,,64473000,64473000.0,6638.0,11394.0,714.59,0.0,4.79,0.3743,0.3129,0.0286,0.0044,239646.0,258900.0,509.73,4.1,142381000.0,324.92,468.0,769.4,21835.0,669.63,39960.0,,711.86,230.38,43465000.0,737702.0,627.08,,,,45636000.0,6.9,,,1374799000,,,-333380.0,333380.0,,,,,15578565.0,1017588.0,3856678000.0,689302000.0,45049000.0,2964000.0,0.0,3291000.0,0.0,24797000.0,2076000.0,3945000.0,29283000.0,20182000.0,0.0,5624000,5469000,,,,
2012-04-27,False,5068090,,1074215000,,,,16440000.0,876000.0,,,,,,470217.0,,1850912000,,,,,,,,,,,,,,,575159000.0,94365000.0,,,0.01,60000000,25331000,,20556198,,206000,,,,,,,,,,25331000,,,,,,,,156843000.0,,,,,,,,140328000.0,1805000.0,-1017000.0,-450000.0,3.99,3.9,,,,,,,,,,876000.0,876000.0,14297000.0,,,,,,,,,,,,,,,,,,,,,,,,,11116000,,,,,,,0.0,,,,10835000,,-376000,,,,,,,7361000,99635000,8611000.0,-788000,115000.0,,,,,,,318000,70225000.0,87700000.0,,,,,,,,,,,,,,,,,,432671000,1850912000,,113723000.0,,,,,,3818000.0,,-291000.0,,90838000.0,,20123000,,,,,,,,,,,,,,,,,,,384332000,63408000.0,,,,,,,,2895000,,48927000.0,,1458000.0,,,,,,206000.0,530526000,155000,6003000,60286000.0,10137000.0,,,,,,,,,2841000.0,,4178615000,600492000.0,,,,16440000,,,,,,,,,,,,,,,,,,,,,,,,,,,,,,,,,,,1418241000,,,88000.0,,6003000.0,,,,15490168.0,0.0,3834795000.0,,,,,,,,,,,17546000.0,0.0,5159000,5044000,,,,
2012-07-27,False,5146635,,1113118000,,,,33173000.0,4709000.0,,,,,,160672.0,,1990960000,,,,,,,,,,,,,,,593263000.0,112469000.0,,,0.01,60000000,25331000,,20556198,,206000,,,,,,,,,,25331000,,,,,,,,156839000.0,,,,,,,,155860000.0,3730000.0,1050000.0,79000.0,9.17,8.97,,,,,,,,,,4709000.0,4709000.0,14493000.0,,,,,,,,,,,,,,,,,,,,,,,,,21569000,,,,,,,0.0,,,,17117000,,15041000,,,,,,,22770000,164327000,8273000.0,3005000,115000.0,,,,,,,587000,70993000.0,87800000.0,,,,,,,,,,,,,,,,,,469136000,1990960000,,150378000.0,,,,,,42393000.0,,-2315000.0,,72391000.0,,46838000,,,1050000.0,,,,,,,,,,,,,,,,880315000,300885000.0,,,,,1000000.0,,,5999000,,48927000.0,,1612000.0,,,,,,442000.0,1001691000,263000,42182000,58790000.0,10798000.0,,,,,,,,,4375000.0,,4225453000,769783000.0,,,,16733000,,,,,,,,,,,,,,,,,,,,,,,,,,,,,,,,,,,1521824000,,,160000.0,,42182000.0,,,,15418099.0,0.0,3816953000.0,,,,,,,,,,,16648000.0,0.0,5221000,5106000,,,,
2012-11-01,False,4889104,,1134306000,,,,50136000.0,5687000.0,,,,6100000.0,,153306.0,-243000.0,2480726000,,,,,,,,,,,,,,,1078548000.0,597754000.0,,,0.01,60000000,25331000,,20556198,,206000,,,,,,600000000.0,0.0397,0.0395,,25331000,,,,,,,,163815000.0,,,,,,,,173404000.0,5822000.0,1456000.0,1276000.0,10.6,10.33,,,,,,,,3080000.0,,5687000.0,5687000.0,16241000.0,,,,,,,,,,,,,,,,,,,,,,,,,33351000,,,,,,,0.0,,,,31133000,,36054000,,,,,,,41231000,162507000,11321000.0,3265000,133000.0,,,1500000.0,,,,705000,71102000.0,86700000.0,,,,,,,,,,,,,,,,,,1101418000,2480726000,,128452000.0,,,,,,424572000.0,,-5268000.0,,178450000.0,,53000000,,,865000.0,,,,,,,,,,,,,,,,1423299000,220128000.0,-4024000.0,,,,1000000.0,,,10367000,,48927000.0,,1894000.0,593800000.0,5746000.0,,598962000.0,,1528000.0,1579863000,353000,48853000,61101000.0,9559000.0,,,-440000.0,170000.0,,,,,5646000.0,,4278453000,870637000.0,,,,16963000,,,,,,,,,,,,,,,,,,,,,,,,,,,,,,,,,,,1379308000,,,174000.0,,,,,,15681381.0,276995.0,4033657000.0,220128000.0,,,,,,,,,,16210000.0,0.0,5132000,4999000,,,,
2013-02-19,True,4996234,4130615000.0,1169699000,12365000.0,,,64841000.0,14319000.0,,,,6550000.0,,194416.0,-2003000.0,2604842000,17000000.0,47000000.0,39500000.0,,,820000.0,703000.0,,,,117000.0,,63000.0,757000.0,1153507000.0,672713000.0,,,0.01,60000000,25331000,152223.0,20556198,4914130.0,206000,,,76599000.0,3066000.0,,600000000.0,0.0397,0.0395,,25331000,13086000.0,11843000.0,,1738000.0,153364000.0,,151662000.0,145618000.0,5606000.0,10923000.0,26151000.0,10914000.0,77475000.0,22295000.0,1702000.0,191538000.0,8100000.0,-2431000.0,1897000.0,36.04,11.98,0.3435,0.35,73211000.0,68973000.0,,23900000.0,9200.0,4232000.0,,14319000.0,14319000.0,63406000.0,,,,,,,,,,,,,,,,,,,,,,,,8778000.0,47019000,31000.0,,441000.0,,,,0.0,,,,94489000,94489000.0,59604000,96277000.0,-5014000.0,3226000.0,,,,53942000,97750000,7385000.0,2522000,130471.0,58146000.0,4504000.0,7900000.0,,7529000.0,1388000.0,1041000,68336000.0,82900000.0,,,,,,,,,,,,,,,,,,1124365000,2604842000,,188929000.0,,,,,,430940000.0,,-22611000.0,,264384000.0,,60627000,55759000.0,41502000.0,4574000.0,,,,,72354000.0,19720000.0,631000.0,7297000.0,8490000.0,10633000.0,14228000.0,11986000.0,33399000.0,,,2016084000,227281000.0,5096000.0,,14257000.0,150000000.0,1000000.0,,,12365000,,,14319000.0,2690000.0,593900000.0,4692000.0,,598962000.0,369535000.0,6157000.0,2122749000,319000,73211000,62742000.0,42404000.0,,,1300000.0,890000.0,,,21910000.0,,6566000.0,133370000.0,4339080000,3184650000.0,,,598988000.0,64841000,,3035.0,4585.0,738.71,0.0,,0.3443,0.1771,0.0184,0.0035,172107.0,124763.0,531.45,,101334000.0,,,,34119.0,,84073.0,,,221.45,153570000.0,639078.0,679.7,492.75,673.58,808.53,48477000.0,,,,1480477000,,221992.0,148578.0,221992.0,,64841000.0,,,15642068.0,285495.0,4028508000.0,227281000.0,40244000.0,8928000.0,62000.0,4185000.0,,20658000.0,2076000.0,4236000.0,26159000.0,15626000.0,,5142000,5011000,,,,
2013-04-29,False,4981738,,1184961000,,,,8063000.0,23099000.0,,,,,400000.0,123938.0,-1012000.0,2665055000,,,,,,,,,,,,,,,1087731000.0,-65776000.0,,,0.01,60000000,17864000,,20556198,,206000,,,,,,600000000.0,0.0397,0.0395,,17864000,,,,,,,,146737000.0,,,,,,,,193216000.0,2772000.0,3109000.0,72000.0,7.04,6.84,,,,,,,,651000.0,,23099000.0,23099000.0,19388000.0,,,,,,,,,,,,,,,,,,,,,,,,8778000.0,15573000,,,441000.0,0.0,,,,,,,20064000,,3242000,,,,,,,666000,159852000,6881000.0,5215000,143000.0,57746000.0,,6100000.0,680000.0,,,12392000,96233000.0,92500000.0,,,,,,,,,,,,,,,,,,1112963000,2665055000,,128050000.0,,,,,,26323000.0,,-14006000.0,,-78093000.0,,35041000,,,2539000.0,,,,,,,,,,,,,,,,434748000,,,,,,11000000.0,,,3455000,,,,339000.0,,333000.0,,,,206000.0,509577000,116000,5412000,63057000.0,7976000.0,,,,1580000.0,,,,,2035000.0,,4374121000,770256000.0,,,,8063000,,,,,,,,,,,,,,,,,,,,,,,,,,,,,,,,,,,1552092000,,83000.0,,,,,,,15559314.0,,4007196000.0,,,,,,,,,,,11436000.0,0.0,5122000,4979000,,,,
2013-07-30,False,4633746,,1196385000,,,,18652000.0,23727000.0,,,,,,136962.0,-3987000.0,2531167000,,,,,,,,,,,,,,,778424000.0,-375083000.0,,,0.01,60000000,17741000,,20555330,,206000,,,,,,600000000.0,0.0397,0.0395,,17741000,,,,,,,,,,,,,,,,207729000.0,5848000.0,,9230000.0,10.37,10.11,,,,,,,,1334000.0,,23727000.0,23727000.0,,,,,,,,,,,,,,,,,,,,,,,,925000.0,8778000.0,28159000,,,441000.0,0.0,,,,,,,29491000,,12946000,,,,,,,12204000,256541000,9574000.0,5595000,124000.0,,,6264000.0,,5374000.0,,12607000,87570000.0,90800000.0,,,,,,,,,,,,,,,,,754000.0,1210888000,2531167000,,176285000.0,,,,,,-267862000.0,,-16707000.0,,-90514000.0,,50690000,,,1604000.0,,,,,,,,,,,,,,,,1032029000,294979000.0,,,,,11000000.0,,,8088000,,,,943000.0,,2124000.0,,,,442000.0,1062075000,257000,6671000,77341000.0,11328000.0,,,,2454000.0,13000.0,,,,2970000.0,,4424811000,1009892000.0,,,,18652000,,,,,0.0,,0.3272,0.1798,0.0142,0.0042,,,,,,,,,,,,,,278.41,,,,,,,,,,,1320279000,,87000.0,,,,10589000.0,,,15855338.0,300086.0,4301123000.0,294979000.0,,,,,,,,,,10209000.0,0.0,5013000,4889000,,,,
2013-11-01,False,4548037,,1208653000,,,,30385000.0,23811000.0,,,,,,179712.0,-4590000.0,2518897000,,,,,,,,,,,,,,,814197000.0,-339310000.0,,,0.01,60000000,17741000,,20555330,,206000,,,,,,600000000.0,0.0397,0.0395,,17741000,,,,,,,,,,,,,,,,218527000.0,9375000.0,,987000.0,18.08,17.67,,,,,,,,4323000.0,,23811000.0,23811000.0,,,,,,,,,,,,,,,,,,,,,,,,1699000.0,8778000.0,43951000,,,441000.0,0.0,,,,131590000.0,,,48655000,,55209000,,,,,,,22399000,231676000,10950000.0,3909000,107000.0,,,6287000.0,,5682000.0,,24673000,59409000.0,85400000.0,,,,,,,,,,,,,,,,,2235000.0,1243803000,2518897000,,153928000.0,,,,,,-408922000.0,,-18553000.0,,88165000.0,,82935000,,,559000.0,,,,,,,,,,,,,,,,1673257000,435809000.0,4024000.0,,,,11000000.0,,,14069000,,,,1288000.0,,6135000.0,,598962000.0,,1528000.0,1751736000,381000,7564000,81736000.0,11403000.0,,,,3021000.0,38000.0,,,473000.0,4015000.0,,4507746000,1188967000.0,,,,11733000,,,,,0.0,,0.3272,0.1798,0.021,0.0042,,,,,,,,,,,,,,271.24,,,,,,,,,,,1275094000,,88000.0,,,,,,,16008428.0,454782.0,4441511000.0,435809000.0,,,,,,,,,,9808000.0,0.0,4695000,4588000,,,,
2014-02-20,True,4472698,4100372390.0,1212050000,,,,34296000.0,20636000.0,,,,8200000.0,,156712.0,-5313000.0,2486148000,,,,47000000.0,39500000.0,,117000.0,,,,,,,,866253000.0,-287254000.0,,,0.01,60000000,17741000,109256.0,20555330,4433725.0,206000,,,137675000.0,30352000.0,,600000000.0,0.0397,0.0395,0.03,17741000,-13402000.0,-16848000.0,4290000.0,-2406000.0,172802000.0,11099000.0,168512000.0,,4200000.0,8049000.0,35298000.0,,90372000.0,23784000.0,,236885000.0,13391000.0,,-2936000.0,56.25,21.15,0.3636,0.35,14834000.0,82200000.0,,12100000.0,10200.0,5676000.0,,20636000.0,20636000.0,,,,,,,,,,,,,,,,,,,,,,,,,6306000.0,56528000,-269000.0,,441000.0,,,,0.0,418696000.0,,,152219000,,113224000,146544000.0,-12535000.0,18210000.0,,,,40034000,52861000,2768000.0,260000,124578.0,,,25048000.0,,22385000.0,,24876000,41328000.0,92700000.0,,,,,,,,,,,,,,,,,8354000.0,1224796000,2486148000,25000000.0,210641000.0,600115000.0,600000000.0,115000.0,,,-522999000.0,,-34477000.0,,270222000.0,,97811000,55759000.0,41502000.0,3365000.0,,,,,110206000.0,21998000.0,352000.0,10021000.0,12281000.0,13804000.0,16265000.0,35837000.0,39608000.0,,,2307796000,554491000.0,5096000.0,17000000.0,14257000.0,,22850000.0,,,19016000,1250000.0,,,2975000.0,593900000.0,6782000.0,,598962000.0,,3105000.0,2335726000,607000,13957000,101507000.0,44095000.0,,19016000.0,2300000.0,3294000.0,262000.0,,21910000.0,642000.0,4314000.0,,4605557000,4211267000.0,,,,34296000,,,,,0.0,,0.3272,0.1798,0.021,0.0042,79730.0,,,,84908000.0,,,,,,,,,268.13,,,,,,,,,,6527000.0,1261352000,,,,,,34296000.0,,,16121605.0,581387.0,4556461000.0,554491000.0,43796000.0,2066000.0,62000.0,5618000.0,,21281000.0,625000.0,,28467000.0,7268000.0,0.0,4861702,4737124,,,,
2014-05-02,False,4420706,,1259410000,,,,10703000.0,5696000.0,,,,,346000.0,,-1983000.0,2524753000,,,,,,,,,,,,,,,879323000.0,13070000.0,,,0.01,60000000,17741000,109256.0,20555330,,206000,,,,,,600000000.0,0.0397,0.0395,,17741000,,,,,,,,,,,,,,,,246204000.0,3710000.0,,-128000.0,5.34,5.16,,,,,,,,3704000.0,,5696000.0,5696000.0,,,,,,,,,,,,,,,,,,,,,,,,,5960000.0,7995000,,,441000.0,0.0,,,,49707000.0,,,25858000,,28661000,,,,,,,7336000,102729000,9943000.0,281000,153000.0,,,6223000.0,,5794000.0,,12027000,46083000.0,86300000.0,,,,,,,,,,,,,,,,,,1198671000,2524753000,25000000.0,123833000.0,,,,,,28851000.0,,5000.0,,-15786000.0,,23849000,,,2153000.0,,,,,,,,,,,,,,,,416801000,32578000.0,,,,,11000000.0,,,5433000,,,,,,5296000.0,,,,,514158000,142000,57060000,98765000.0,13002000.0,,,,3618000.0,105000.0,,,,1327000.0,,4629406000,811310000.0,,,,10703000,,,,,,,,,,,,,,,,,,,,,,,,,,,,,,,,,,,1326082000,,,,,,,6900000.0,,16061912.0,32377.0,4562940000.0,32578000.0,,,,,,,,,,6588000.0,0.0,4620000,4467000,,,,
2014-08-01,False,4194709,,1277755000,,,,26641000.0,6050000.0,,,,,346000.0,,,2382063000,,,,,,,,,,,,,,,553705000.0,-312548000.0,,,0.01,60000000,17741000,109256.0,20555330,,206000,,,,,,600000000.0,0.0397,0.0395,,17741000,,,,,,,,,,,,,,,,253808000.0,7926000.0,,2083000.0,15.68,15.17,,,,229300000.0,,,,4718000.0,,6050000.0,6050000.0,,,,,,,,,,,,,,,,,,,,,,,,,5614000.0,20505000,,,441000.0,0.0,,,,108824000.0,,,40646000,,63128000,,,,,,,13268000,212502000,10781000.0,5549000,146000.0,,,6200000.0,,5723000.0,,12166000,63789000.0,85500000.0,,,,,,,,,,,,,,,,,,1282848000,2382063000,25000000.0,170470000.0,,,,,,-283308000.0,,-12160000.0,,-17080000.0,,68178000,,,1258000.0,,,,,,,,,,,,,,,,1010249000,347448000.0,,,,,11000000.0,,,20805000,281000.0,,,,,8282000.0,,,,,1072897000,363000,60593000,97190000.0,14768000.0,,,,3810000.0,285000.0,,,,2222000.0,,4697584000,1102054000.0,,,,26641000,,,,,0.0,,0.3057,0.1858,0.0249,0.0106,,183983.0,629.72,,,,,,16387.0,,,670450.0,,267.71,,1228796.0,938.45,656.45,830.02,1094.24,,,,,1099215000,,,92303.0,,0.0,15938000.0,6900000.0,,16342156.0,317739.0,4876330000.0,347448000.0,,,,,,,,,,6802000.0,0.0,4495000,4349000,,,,
2014-10-30,False,4096322,,1299533000,,,,44874000.0,6786000.0,,,,,346000.0,,,2413076000,,,,,,,,,,,,,,,466293000.0,-399960000.0,,,0.01,60000000,17333000,108614.0,20555330,,206000,,,,,,600000000.0,0.0397,0.0395,,17333000,,,,,,,,,,,,,,,,283579000.0,12583000.0,,736000.0,21.49,20.7,,,,212200000.0,,,,4790000.0,,6786000.0,6786000.0,,,,,,,,,,,,,,,,,,,,,,,,,5269000.0,32621000,,,441000.0,0.0,,,,143791000.0,,,53639000,,121772000,,,,22224000.0,,18401000.0,42586000,272457000,13327000.0,1755000,158000.0,,,6293000.0,,5775000.0,,24252000,55668000.0,87100000.0,,,,,,,,,,,,,,,,,,1261682000,2413076000,25000000.0,198597000.0,,,,,,,-340111000.0,,-17988000.0,,-41861000.0,90152000,,,661000.0,,,,,,,,,,,,,,,,1714682000,409436000.0,,,,,11000000.0,,,27324000,281000.0,,,,,8710000.0,,,,,1761410000,626000,65639000,94312000.0,14981000.0,12103000.0,,,4027000.0,301000.0,,,,2819000.0,,4787736000,1203166000.0,,,,44874000,,,,,0.0,,0.3057,0.1858,0.0249,0.0106,,177000.0,627.8,,,,,,18000.0,,,675000.0,,267.62,,1225000.0,941.31,657.85,819.08,1094.82,,,,,1151394000,,,99000.0,,0.0,18233000.0,6900000.0,,16388669.0,372000.0,4936081000.0,409436000.0,,,,,,,,,,6232000.0,0.0,4354000,4196000,,,,
2015-02-19,True,4048671,4572320000.0,1325495000,,,76153000.0,63227000.0,9437000.0,,,,10000000.0,,757000.0,,2351335000,,,,,,,,,,,,,,,545419000.0,-320834000.0,,,0.01,60000000,17333000,108614.0,20555330,4049000.0,206000,,,148221000.0,28881000.0,,600000000.0,0.0397,0.0395,,17333000,-4451000.0,-4176000.0,7371000.0,-735000.0,180059000.0,11153000.0,172688000.0,,5847000.0,7500000.0,46257000.0,,84817000.0,24485000.0,,294676000.0,17614000.0,,,65.83,23.24,0.379,0.35,76153000.0,195400000.0,,22900000.0,14000.0,8431000.0,,9437000.0,9437000.0,,,,,,,,,,,,,,,,,,,,,,,,,,47791000,,,,,,,,453546000.0,,,171916000,,181840000,158741000.0,-5625000.0,18800000.0,60000.0,,5733000.0,57566000,127729000,519000.0,533000,157000.0,,,24994000.0,,23140000.0,,24464000,33689000.0,82000000.0,,,,,,,,,,,,,,,,,11400000.0,1227080000,2351335000,25000000.0,,,,,,,,-486301000.0,,-19082000.0,,184549000.0,99451000,55759000.0,41502000.0,,,,,,107289000.0,24012000.0,282000.0,11155000.0,11654000.0,15024000.0,17352000.0,28092000.0,45508000.0,,,2469876000,567544000.0,5096000.0,,14257000.0,,22850000.0,,,31672000,931000.0,,,,593900000.0,11569000.0,,598962000.0,,3105000.0,2525706000,1021000,76153000,94060000.0,59115000.0,,31672000.0,2400000.0,4072000.0,1076000.0,,21910000.0,115000.0,3301000.0,,4887187000,4444568000.0,,,,63227000,,,,,0.0,,0.3057,0.1826,0.0249,0.0106,362000.0,,,,62136000.0,,,,,,,,,267.66,,,,,,,,,,6339000.0,1124255000,,,,,,63227000.0,7000000.0,,16506229.0,508000.0,5088633000.0,567544000.0,46004000.0,3800000.0,0.0,6008000.0,,21096000.0,625000.0,,29902000.0,,,4435000,4278000,,,,
2015-05-01,False,4064601,,1370763000,,,43626000.0,13399000.0,7998000.0,,,,,346000.0,28000.0,,2376134000,,,,,,,,,,,,,,,532513000.0,-12906000.0,,,0.01,60000000,17333000,108614.0,20555330,,206000,,,,,,600000000.0,0.0397,0.0395,,17333000,,,,,,,,,,,,,,,,295121000.0,5281000.0,,,9.63,9.22,,,,,,,,5846000.0,,7998000.0,7998000.0,,,,,,,,,,,,,,,,,,,,,,,,3110000.0,4578000.0,11238000,,,441000.0,0.0,301564000.0,,,62363000.0,,,23305000,,14458000,,,,-31982000.0,,19210000.0,478000,84212000,10352000.0,-223000,178000.0,,,6263000.0,,5918000.0,,12039000,35813000.0,74400000.0,,,,,,,,,,,,,,,,,,1210897000,2376134000,25000000.0,,,,,,,,-11839000.0,,536000.0,,-1603000.0,39058000,,,,,,,,,,,,,,,,,,,545325000,63099000.0,,,,,863000.0,,,4893000,300000.0,,,,,6154000.0,,,,,606932000,138000,43626000,89743000.0,13398000.0,,,,4271000.0,146000.0,,,64000.0,,,4926245000,957749000.0,,,,13399000,,,,,,,,,,,,,,,,,,,,,,,,,,,,,,,,,,,1165237000,,,,,,,,,16492618.0,50000.0,5131977000.0,63099000.0,,,,,,,,,,,0.0,4235000,4057000,,,,
2015-07-30,False,4061189,,1389725000,,,51256000.0,26303000.0,9899000.0,,,,,346000.0,37000.0,,2596235000,,,,,,,,,,,,,,,497585000.0,-47834000.0,,,0.01,60000000,17333000,108614.0,20555330,,206000,,,,,,,,,,17333000,,,,,,,,,,,,,,,,301848000.0,10741000.0,,5436000.0,22.97,21.91,,,,,,,,9939000.0,,9899000.0,9899000.0,,,,,,,,,,,,,,,,,,,,,,,,4546000.0,4232000.0,27331000,,,441000.0,0.0,306983000.0,,,148684000.0,,,55289000,,52781000,,,,66521000.0,,31628000.0,1425000,213837000,,6948000,196000.0,,,6262000.0,,5956000.0,,12221000,25554000.0,68500000.0,,,,,,,,,,,,,,,,,,1321354000,2596235000,,,,,,,,,-8494000.0,,1069000.0,,-40409000.0,93395000,,,,,,,,,,,,,,,,,,-15204000.0,1311016000,69285000.0,,,,,1245000.0,,,8585000,300000.0,,,,,10561000.0,,,,,1273413000,338000,51256000,85874000.0,15013000.0,,,,4332000.0,245000.0,,,64000.0,,,5019640000,1243633000.0,,,,26303000,,,,,,,,,,,,,,,,,,,,,,,,,,,,,,,,,,,1274881000,,75000.0,,,,,,,16486160.0,55000.0,5134690000.0,69285000.0,,,,,,,,,,,,4262000,4066000,,,,
2015-11-06,False,3912711,,1420214000,,,76419000.0,39874000.0,14465000.0,,,,,346000.0,28000.0,,2570682000,,,,,,,,,,,,,,,387462000.0,-157957000.0,,,0.01,60000000,17333000,108614.0,20555330,,206000,,,,,,,,,,17333000,,,,,,,,,,,,,,,,318588000.0,16182000.0,,8864000.0,28.75,27.11,,,,,,,,13069000.0,,14465000.0,14465000.0,,,,,,,,,,,,,,,,,,,,,,,,4892000.0,3886000.0,48243000,,,441000.0,0.0,322679000.0,,,184996000.0,,,68526000,,123841000,,,,78935000.0,,25317000.0,13987000,289754000,,-12000,246000.0,,,6317000.0,,6081000.0,,24313000,53203000.0,63700000.0,,,,,,,,,,,,,,,,,,1330192000,2570682000,,,,,,,,,-172926000.0,,-613000.0,,15582000.0,116470000,,,,,,,,,,,,,,,,,,-20605000.0,2163472000,263446000.0,,,,,1552000.0,,,13468000,300000.0,,,,,13931000.0,,,,,2153721000,476000,76419000,85931000.0,12617000.0,,,,4280000.0,288000.0,,,64000.0,,,5136110000,1402351000.0,,,,39874000,,,,,,,,,,,,,,,,,,,,,,,,,,,,,,,,,,,1240490000,,116000.0,,,,,,,16573224.0,183000.0,5316040000.0,263446000.0,,,,,,,,,,,,4296000,4050000,,,,
2016-02-17,True,3881141,5130019000.0,1447795000,,,85948000.0,54091000.0,23311000.0,,,,12300000.0,,50000.0,,2515131000,,,,,,,,,,,,,,,425316000.0,-120103000.0,,,0.01,60000000,17333000,108614.0,20555330,3891000.0,206000,,,180895000.0,36142000.0,,,,,,17333000,2681000.0,1902000.0,6489000.0,567000.0,177275000.0,12722000.0,170786000.0,,9391000.0,7280000.0,45361000.0,,77781000.0,24740000.0,,343295000.0,21534000.0,,7332000.0,95.21,31.92,0.3652,0.35,85948000.0,152000000.0,,19700000.0,11000.0,15511000.0,,23311000.0,23311000.0,,,,,,,,,,,,,,,,,,,,,,,,,,67891000,,,,,348102000.0,,,603212000.0,,,220285000,,194670000,211124000.0,-14758000.0,23919000.0,55404000.0,,4210000.0,37561000,134803000,,1527000,233000.0,,,25155000.0,,23559000.0,,24546000,60611000.0,60500000.0,,,,,,,,,,,,,,,,,11900000.0,1275966000,2515131000,,,,,,,,,-322472000.0,,-1022000.0,,203391000.0,134004000,,,,,,,,99399000.0,24032000.0,48000.0,8291000.0,12791000.0,13945000.0,17926000.0,22414000.0,48056000.0,,-4513000.0,3111413000,431367000.0,,,,,1917000.0,,,18277000,300000.0,,,,,18489000.0,,,,,3059889000,683000,85948000,87407000.0,53656000.0,,18277000.0,2700000.0,4434000.0,1234000.0,,,115000.0,,,5270114000,5159008000.0,,,,54091000,,,,,0.0,,0.2679,0.17,0.0207,0.0104,,,,,99288000.0,,,,,,,,,296.5,,,,,,,,,,10210000.0,1239165000,,,,,,,7000000.0,,16664342.0,290000.0,5478950000.0,431367000.0,46591000.0,3310000.0,0.0,3897000.0,,21221000.0,125000.0,,30284000.0,,,4255000,4022000,,,,
2016-04-29,False,3896889,,1467000000,,,22263000.0,10549000.0,6284000.0,,,,,346000.0,46000.0,,2541651000,,,,,,,,,,,,,,,318982000.0,-106334000.0,,,0.01,60000000,17343000,108621.0,20555330,,206000,,,,,,,,,,17343000,,,,,,,,,,,,,,,,346951000.0,5447000.0,,6676000.0,16.81,15.79,,,,,,,,3521000.0,,6284000.0,6284000.0,,,,,,,,,,,,,,,,,,,,,,,,5583000.0,3195000.0,17022000,,,441000.0,0.0,352345000.0,,,103312000.0,,,38009000,,16516000,,,,-1382000.0,,15587000.0,2353000,254639000,,4022000,251000.0,,,6388000.0,,5088000.0,,10837000,163826000.0,55700000.0,,,,,,,,,,,,,,,,,,1285188000,2541651000,,,,,,,,,-58704000.0,,-1353000.0,,-46277000.0,65303000,,,,,,,,,,,,,,,,,,-10615000.0,688361000,87101000.0,,,,,138000.0,,,5431000,150000.0,,,,,4017000.0,,,,,839297000,199000,22263000,86692000.0,9557000.0,,,,5358000.0,376000.0,,,64000.0,,,5335417000,1144026000.0,,,,10549000,,,,,,,,,,,,,,,,,,,,,,,,,,,,,,,,,,,1256463000,,,,,,,,,16660526.0,56000.0,5546160000.0,87101000.0,,,,,,,,,,,,4135000,3884000,,,,
2016-07-28,False,3895960,,1483064000,,,27909000.0,21378000.0,8678000.0,,,,,346000.0,78000.0,,2698424000,,,,,,,,,,,,,,,364494000.0,-60822000.0,,,0.01,60000000,17355000,108628.0,20555330,,206000,,,,,,,,,,17355000,,,,,,,,,,,,,,,,375071000.0,10934000.0,,7265000.0,23.51,22.01,,,,,,,,6135000.0,,8678000.0,8678000.0,,,,,,,,,,,,,,,,,,,,,,,,5928000.0,2850000.0,36687000,,,441000.0,0.0,378976000.0,,,144720000.0,,,53044000,,90078000,,,,35357000.0,,30781000.0,30340000,240708000,,7406000,265000.0,,,6397000.0,,4814000.0,,9566000,58751000.0,53100000.0,,,,,,,,,,,,,,,,,,1340823000,2698424000,,,,,,,,,-60071000.0,,-4645000.0,,3894000.0,91676000,,,,,,,,,,,,,,,,,,-18025000.0,1558775000,96508000.0,,,,,321000.0,,,11773000,150000.0,,,,,7003000.0,,,,,1644385000,446000,27909000,87953000.0,11606000.0,,,,4576000.0,,2365000.0,,64000.0,,,5427093000,1388183000.0,,,,21378000,,,,,,,,,,,,,,,,,,,,,,,,,,,,,,,,,,,1357601000,,,,,,,,,16657701.0,62000.0,5552762000.0,96508000.0,,,,,,,,,,,,4165000,3900000,,,,
2016-10-28,False,3790395,,1499770000,,,33938000.0,32459000.0,10949000.0,,,,,346000.0,88000.0,,2663216000,,,,,,,,,,,,,,,262428000.0,-162888000.0,,,0.01,60000000,17367000,108635.0,20555330,,206000,,,,,,,,,,17367000,,,,,,,,,,,,,,,,377496000.0,16591000.0,,6507000.0,30.43,28.46,,,,,,,,8026000.0,,10949000.0,10949000.0,,,,,,,,,,,,,,,,,,,,,,,,6274000.0,2504000.0,59386000,,,441000.0,0.0,381311000.0,,,185003000.0,,,67611000,,148117000,,,,59736000.0,,33732000.0,32774000,309824000,,2913000,267000.0,,,6562000.0,,5624000.0,,20899000,62327000.0,51500000.0,,,,,,,,,,,,,,,,,,1364077000,2663216000,,,,,,,,,-247073000.0,,-7303000.0,,91488000.0,117392000,,,,,,,,,,,,,,,,,,-7034000.0,2542659000,291743000.0,,,,,653000.0,,,16513000,217000.0,,,,,9162000.0,,,,,2633539000,701000,33938000,88024000.0,11551000.0,,,,4914000.0,,600000.0,,64000.0,,,5544485000,1537569000.0,,,,32459000,,,,,,,,,,,,,,,,,,,,,,,,,,,,,,,,,,,1299139000,,,,,,,,,16766035.0,178000.0,5745322000.0,291743000.0,,,,,,,,,,,,4125000,3858000,,,,
2017-02-15,True,3704206,6489296000.0,1515828000,,,38106000.0,43598000.0,13661000.0,,,,12700000.0,,87000.0,,2643943000,,,,,,,,,,,,,,,396619000.0,-28697000.0,,,0.01,60000000,17375000,108640.0,20555330,3693000.0,206000,,,209454000.0,38095000.0,,,,,,17375000,-9230000.0,-10024000.0,5414000.0,-1884000.0,186224000.0,13514000.0,180810000.0,,10106000.0,7075000.0,55077000.0,,76498000.0,23954000.0,,379844000.0,22269000.0,,4186000.0,110.53,37.8,0.3573,0.35,38106000.0,128700000.0,,17000000.0,9000.0,9094000.0,,13661000.0,13661000.0,,,,,,,,,,,,,,,,,,,,,,,,,,85535000,,,,,383728000.0,,,661697000.0,,,236435000,,218984000,231595000.0,-18898000.0,23738000.0,58532000.0,,11271000.0,32280000,85194000,,9083000,257000.0,,,25951000.0,,21707000.0,,20922000,46999000.0,49400000.0,,,,,,,,,,,,,,,,,,1339502000,2643943000,,,,,,,,,-403734000.0,,-9428000.0,,384465000.0,150891000,,,,,,,,109191000.0,25331000.0,53000.0,10938000.0,13785000.0,16833000.0,19544000.0,22760000.0,45843000.0,,4504000.0,3660269000,455351000.0,,,,,653000.0,,,22369000,150000.0,,,,,12594000.0,,,,,3710250000,1000000,38106000,93895000.0,44299000.0,,22369000.0,2000000.0,5106000.0,,3572000.0,,115000.0,,,5695376000,5822544000.0,,,,43598000,,,,,0.0,,0.2349,0.1591,0.0221,0.0086,,,,,96600000.0,,,,,,,,,320.21,,,,,,,,,,10614000.0,1304441000,,,,,,,7000000.0,,16862327.0,280000.0,5906969000.0,455351000.0,46110000.0,4921000.0,0.0,4440000.0,,19639000.0,125000.0,,29971000.0,,,4104000,3847000,,,,
2017-04-28,False,3747778,,1570270000,,,75265000.0,10589000.0,,,,,,,79000.0,,2742299000,,,,,,,,,,,,,,,493761000.0,97142000.0,,,0.01,60000000,17383000,108644.0,20555330,,206000,,609000.0,,,,,,,,17383000,,,,,,,,,,,,,,,,369703000.0,5699000.0,,2169000.0,27.78,25.12,0.221,,,,,,,2070000.0,,,,,,,,,,,,,,,,,,,,,,,,,,,,1813000.0,23231000,,,441000.0,0.0,373760000.0,,,132161000.0,,,29238000,,7079000,,,,-37550000.0,,26117000.0,-8424000,140334000,,736000,392000.0,,,6559000.0,,5836000.0,,11536000,63684000.0,47700000.0,,,,,,,,,,,,,,,,,,1334019000,2742299000,,,,,,,,,-10282000.0,,-2959000.0,,110383000.0,102923000,,,,,,,,,,,,,,,,,,-16024000.0,784928000,85547000.0,,,,,455000.0,,,5161000,150000.0,,,,,2480000.0,,,,,955647000,177000,75265000,93503000.0,9353000.0,,,,5564000.0,,265000.0,,,,,5797342000,1277092000.0,,,,10589000,,,,,,,,,,,,,,,,,,,,,,,,,,,,,,,,,,,1408280000,,,,,,,,,16819692.0,51000.0,5959538000.0,85547000.0,,,,,,,,,,,,4097000,3705000,,,,
2017-07-28,False,3743620,,1607958000,,,117966000.0,21467000.0,,,,,,,9000.0,,2918087000,,,,,,,,,,,,,,,529313000.0,132694000.0,,,0.01,60000000,17371000,108636.0,20555330,,206000,,609000.0,,,,,,,,17371000,,,,,,,,,,,,,,,,358405000.0,11494000.0,,5545000.0,39.46,35.19,0.292,,,,,,,3611000.0,,,,,,,,,,,,,,,,,,,,,,,,,,,,,47474000,,,,,362485000.0,,,208968000.0,,,61091000,,99370000,,,,-3013000.0,,43448000.0,-17872000,272851000,,2888000,454000.0,,,6580000.0,,5914000.0,,11293000,46685000.0,44000000.0,,,,,,,,,,,,,,,,,,1382310000,2918087000,,,,,,,,,-41540000.0,,-5497000.0,,179731000.0,147877000,,,,,,,,,,,,,,,,,,-9988000.0,1772432000,159506000.0,,,,,455000.0,,,9784000,150000.0,,,,,4270000.0,,,,,1936118000,472000,117966000,95394000.0,11315000.0,,,,5952000.0,,278000.0,,,,,5945219000,1544492000.0,,,,21467000,,,,,,,,,,,,,,,,,,,,,,,,,,,,,,,,,,,1535777000,,,,,,,,,16807724.0,84000.0,6017606000.0,159506000.0,,,,,,,,,,,,4202000,3748000,,,,
2017-10-30,False,3739858,,1626112000,,,130245000.0,32678000.0,,,,,,,8000.0,,3049511000,,,,,,,,,,,,,,,628061000.0,231442000.0,,,0.01,60000000,17376000,108638.0,20555330,,206000,,609000.0,,,,,,,,17376000,,,,,,,,,,,,,,,,365142000.0,17087000.0,,7117000.0,43.26,38.02,0.337,,,,,,,5120000.0,,,,,,,,,,,,,,,,,,,,,,,,,,,,,73372000,,,,,368962000.0,,,244464000.0,,,82362000,,169949000,,,,15109000.0,,40049000.0,-11306000,284459000,,-162000,516000.0,,,6615000.0,,6120000.0,,23112000,19182000.0,42300000.0,,,,,,,,,,,,,,,,,,1398835000,3049511000,,,,,,,,,-99954000.0,,-9380000.0,,340776000.0,162102000,,,,,,,,,,,,,,,,,,-11538000.0,2860903000,230199000.0,,,,,455000.0,,,15670000,0.0,,,,,6081000.0,,,,,3033239000,664000,130245000,96657000.0,11677000.0,,,,5669000.0,,778000.0,,,,,6107321000,1667920000.0,,,,32678000,,,,,,,,,,,,,,,,,,,,,,,,,,,,,,,,,,,1650676000,,,,,,,,,16819467.0,110000.0,6082963000.0,230199000.0,,,,,,,,,,,,4263000,3747000,,,,
2018-02-14,True,3683093,8443210000.0,1644197000,,,140525000.0,44562000.0,0.0,13661000.0,,,,,15000.0,,2989279000,,,,,,,,,,,,,,,667863000.0,271244000.0,,,0.01,60000000,17383000,108640.0,20555330,3691000.0,206000,,609000.0,211641000.0,37006000.0,,,,,,17383000,60785000.0,61290000.0,4511000.0,-42000.0,124030000.0,9393000.0,119519000.0,,9681000.0,4743000.0,36799000.0,,49063000.0,14351000.0,,370429000.0,22667000.0,,5824000.0,144.0,28.88,0.3653,0.35,140525000.0,,,17100000.0,6000.0,5614000.0,,,,,,,,,,,,,,,,,,,,,,,,,,,,,99132000,,,,,373930000.0,,,846911000.0,,,309390000,,260232000,296419000.0,-21096000.0,30046000.0,10789000.0,,27797000.0,-8177000,154099000,,502000,507000.0,,,26384000.0,,24185000.0,,23251000,34212000.0,45500000.0,,,,,,,,,,,,,,,,,,1383787000,2989279000,,,,,,,,,-281641000.0,,-16019000.0,,568904000.0,124619000,,,,,,,,110152000.0,29366000.0,30000.0,10780000.0,13436000.0,17799000.0,21569000.0,17202000.0,49400000.0,,-1866000.0,4077372000,422166000.0,,,,,3800000.0,,14800000.0,20269000,0.0,,,,,7203000.0,,,,,4182220000,847000,140525000,94513000.0,44034000.0,,20269000.0,2900000.0,5583000.0,,1722000.0,,,,,6231940000,6305840000.0,,,,44562000,,,,,0.0,,0.1795,0.1509,0.0238,0.0153,,,,,206890000.0,,,,,,,,,494.17,,,,,,,,,,11971000.0,1605492000,,,,,,,,,16864324.0,167000.0,6270851000.0,422166000.0,45337000.0,5566000.0,0.0,4793000.0,,18575000.0,125000.0,,35816000.0,,,4240000,3733000,,,,
2018-05-01,False,3622605,,1678100000,,,40804000.0,9509000.0,,,,,,,15000.0,,2846065000,,,,,,,,,,,,,,,,-238846000.0,450711000.0,,0.01,60000000,17389000,108642.0,20555330,,206000,78000000.0,2196000.0,,,167486000.0,,,,,17389000,,,,,,,,,,,,,,,,361891000.0,5036000.0,,9838000.0,45.19,39.34,0.131,,,,,,,1383000.0,,,,,,,,,,,,,,,,,,,,,,,,,,,,,31320000,,,,,366091000.0,,,190998000.0,,,24949000,,3333000,,,,-25035000.0,,17453000.0,-8753000,98193000,,4585000,545000.0,,,6595000.0,,6282000.0,,11977000,33078000.0,43000000.0,,,,,,,,,,,,,,,,,,1379257000,2846065000,,,,,,,,,-316438000.0,,-436000.0,,78028000.0,166049000,,,,,,,,,,,,,,,,,,-6670000.0,1009675000,357242000.0,,,,,0.0,,,3113000,,,,,,2482000.0,,,,,1045538000,195000,40804000,95606000.0,10434000.0,,,,5545000.0,,351000.0,,,,,6400185000,1529414000.0,,,,9509000,,,,,,,,,,,,,,,,,,,,,,,,,,,,,,,,,,,1466808000,,,,,,,,,16936586.0,116000.0,6611683000.0,357242000.0,,,,,,,,,,,,4220000,3675000,,,,
2018-07-30,False,3627049,,1721696000,,,86094000.0,28104000.0,,,18595000.0,,,,349000.0,,3009395000,,,,,,,,,,,,,,,,-231077000.0,458480000.0,,0.01,60000000,17148000,107904.0,20555330,,206000,90000000.0,2196000.0,,,,,,,,17148000,,,,,,,,,,,,,,,,361052000.0,10024000.0,,15423000.0,55.9,49.05,0.159,,,347900000.0,,,,2849000.0,,,,,,,,,,,,,,,,,,,,,,,,,,,,,58891000,,,,,365355000.0,,,241586000.0,,,38412000,,86269000,,,,-11332000.0,,22000000.0,-9333000,187416000,,10417000,507000.0,,,6624000.0,,6329000.0,,12151000,35292000.0,40000000.0,,,,,,,,,,,,,,,,,,1401824000,3009395000,,,,,,,,,-397444000.0,,-3083000.0,,169450000.0,203174000,,,,,,,,,,,,,,,,,,-10663000.0,2223302000,483538000.0,,,,,284000.0,,,9251000,,,,,,6027000.0,,,,,2229894000,425000,86094000,99702000.0,12121000.0,,,,5388000.0,,452000.0,,,,,6603359000,1787305000.0,,,,28104000,,,,,0.0,,0.1883,0.1657,0.0299,0.0219,,,,,,,,,,,,,,689.47,,,,,,,,,,,1607571000,,,,,,,,,16926815.0,158000.0,6717690000.0,483538000.0,,,,,,,,,,,,4142000,3635000,,,,
2018-10-31,False,3614947,,1762323000,,,115268000.0,51690000.0,,,23586000.0,,,,371000.0,,3089823000,,,,,,,,,,,,,,,,-57007000.0,632550000.0,,0.01,60000000,16928000,107904.0,20555330,,206000,91000000.0,2196000.0,,,,,,,,16928000,,,,,,,,,,,,,,,,374350000.0,15053000.0,,13437000.0,54.21,48.28,0.216,,,322900000.0,,,,3863000.0,,,,,,,,,,,,,,,,,,,,,,,,,,,,,92609000,,,,,379725000.0,,,249710000.0,,,53894000,,125762000,,,,1201000.0,,17643000.0,6587000,174871000,,7028000,444000.0,,,6517000.0,,6197000.0,,24066000,36064000.0,31750000.0,,,,,,,,,,,,,,,,,,1407507000,3089823000,,,,,,,,,-542335000.0,,-6487000.0,,491815000.0,195816000,,,,,,,,,,,,,,,,,,-6627000.0,3472345000,657369000.0,,,,,284000.0,,,14818000,234000.0,,,,,7873000.0,,,,,3588082000,742000,115268000,99831000.0,15771000.0,,,,4572000.0,,1136000.0,,,,,6799175000,1852407000.0,,,,51690000,,,,,0.0,,0.2,0.1657,0.0299,0.0219,,,,,,,,,,,,,,689.09,,,,,,,,,,,1682316000,,,,,,,,,16926815.0,222000.0,6879388000.0,657369000.0,,,,,,,,,,,,4056000,3612000,,,,
2019-02-13,True,3616917,10109057000.0,1820223000,,,174110000.0,75701000.0,13661000.0,,,,,,370000.0,,3165933000,,,,,,,,,,,,,,,732248000.0,42691000.0,,,0.01,60000000,16937000,107340.0,20555330,3578000.0,206000,,2196000.0,126358000.0,37038000.0,,,,,,16937000,138000.0,914000.0,6091000.0,-999000.0,124695000.0,9242000.0,118604000.0,,5113000.0,4693000.0,40744000.0,,51316000.0,13587000.0,,396177000.0,20168000.0,,14309000.0,219.58,58.57,0.1694,0.21,,,,17200000.0,7000.0,4596000.0,,,,,,,,,,,,,,,,,,,,,,,,,,,,,122755000,,,,,401605000.0,,,959732000.0,,,162535000,,181166000,201544000.0,-3978000.0,42944000.0,-30713000.0,,-11787000.0,30863000,6911000,,1008000,461000.0,,,26277000.0,,25081000.0,,24178000,38857000.0,29400000.0,,,,,,,,,,,,,,,,,,1357371000,3165933000,,,,,,,,,-672258000.0,,-8177000.0,,723126000.0,232158000,,,,,,,,107703000.0,31564000.0,25000.0,10324000.0,13667000.0,17331000.0,22210000.0,12607000.0,52900000.0,,-557000.0,4828615000,846134000.0,,,,,284000.0,,,19665000,234000.0,,,,,10515000.0,,,,,4845999000,1257000,174110000,103700000.0,53366000.0,,19665000.0,3200000.0,4154000.0,,2625000.0,,,,,7031333000,7163674000.0,,,,75701000,,,,,0.0,,0.2005,0.1657,0.0313,0.0219,,,,,355318000.0,,,,,,,,,687.81,,,,,,,,,,11570000.0,1808562000,,,,,,,,,16977499.0,301000.0,7043200000.0,846134000.0,43418000.0,6259000.0,0.0,4340000.0,,17191000.0,,,34300000.0,,,4092000,3631000,,,,
2019-05-01,False,3590137,,1899100000,,,98974000.0,19333000.0,,,,,,,363000.0,,3362771000,,,,,,,,,,,,,,,,108451000.0,840699000.0,,0.01,60000000,16912000,107295.0,20555330,,206000,,2196000.0,,,,,,,,16912000,,,,,,,,,,,,,,,,389332000.0,5062000.0,,23218000.0,52.23,47.64,0.138,,,,,,,608000.0,,,,,,,535000.0,619000.0,292000.0,,,,,,,,69000.0,69000.0,69000.0,69000.0,51000.0,84000.0,,,,0.034,,,34957000,,,,,394846000.0,,,218607000.0,,,30201000,,2316000,,,,21152000.0,,4388000.0,-6303000,28059000,,12005000,348000.0,,,6499000.0,,6215000.0,,11910000,37781000.0,31100000.0,13165000.0,101830000.0,,14347000.0,,,,,,,9917000.0,13423000.0,17123000.0,22182000.0,24838000.0,8732000.0,,1463995000,3362771000,,,,,,,,,-117525000.0,,-1879000.0,,227855000.0,188406000,,,,7560000.0,86199000.0,6563000.0,79000.0,,,,,,,,,,0.037,-6096000.0,1141720000,216499000.0,,,,,335000.0,,,5285000,,,,,,3257000.0,,,,,1204898000,484000,98974000,102852000.0,12671000.0,,,,4140000.0,,298000.0,,,,,7219739000,1687011000.0,535000.0,5980000.0,,19333000,,,,,,,,,,,,,,,,,,,,,,,,,,,,,,,,,5605000.0,,1898776000,,,,,,,,,16964581.0,82000.0,7220269000.0,216499000.0,,,,,,,,,,,,3955000,3607000,,,,
2019-07-31,False,3655268,,1962156000,,,79857000.0,18577000.0,,,,,,,318000.0,,3603240000,,,,,,,,,,,,,,,,174161000.0,906409000.0,,0.01,60000000,16912000,107295.0,20555330,,206000,,2196000.0,,,,,,,,16912000,,,,,,,,,,,,,,,,409754000.0,10146000.0,,25862000.0,58.2,53.09,0.141,,,,,,,2156000.0,,,,,5000.0,5000.0,5216000.0,5834000.0,2612000.0,,,,,,,,716000.0,716000.0,716000.0,716000.0,358000.0,618000.0,12000.0,,21000.0,0.03,,,67919000,,,,,415303000.0,,,244712000.0,,,34503000,,71486000,,,,32771000.0,,7961000.0,13554000,144618000,,9597000,347000.0,,,6607000.0,,6301000.0,,12052000,46725000.0,25000000.0,14053000.0,101821000.0,,15207000.0,,,,,,,11149000.0,14777000.0,18844000.0,24719000.0,17125000.0,8591000.0,,1483801000,3603240000,,,,,,,,,-125660000.0,,-2798000.0,,302619000.0,210209000,,,,8387000.0,87331000.0,12877000.0,79345000.0,,,,,,,,,,0.037,-5891000.0,2373748000,304479000.0,,,,,335000.0,,,10699000,,,,,,7167000.0,,,,,2428410000,1069000,178831000,100659000.0,18639000.0,,,,3854000.0,,592000.0,,,,,7429948000,1800194000.0,5227000.0,9551000.0,,37910000,,,,,,,,,,,,,,,,,,,,,,,,,,,,,,,,,5640000.0,,2119439000,,,,,,,,,16911734.0,30000.0,7272871000.0,87980000.0,,,,,,,,,,,,3959000,3612000,,,,
2019-11-01,False,3694905,,2020180000,,,68524000.0,20770000.0,,,,,,,251000.0,,3843359000,,,,,,,,,,,,,,,,383812000.0,1116060000.0,,0.01,60000000,16912000,107295.0,20555330,,206000,,2196000.0,,,,,,,,16912000,,,,,,,,,,,,,,,,404850000.0,15369000.0,,17151000.0,60.94,56.11,0.162,,,,,,,3376000.0,,,,,25000.0,30000.0,6253000.0,6970000.0,3315000.0,,,,,,,,860000.0,860000.0,860000.0,860000.0,215000.0,717000.0,116000.0,,125000.0,0.029,,,95690000,,,,,410875000.0,,,267174000.0,,,43387000,,109116000,,,,27995000.0,,4691000.0,8217000,243339000,,8481000,316000.0,,,6596000.0,,6293000.0,,24040000,80193000.0,24600000.0,14509000.0,99513000.0,,15665000.0,,,,,,,11899000.0,15578000.0,19867000.0,27450000.0,9054000.0,8043000.0,,1471902000,3843359000,,,,,,,,-118303000.0,,-7321000.0,,509436000.0,,223787000,,,,8829000.0,85674000.0,19515000.0,79345000.0,,,,,,,,,,0.037,-3015000.0,3749567000,365542000.0,,,,,335000.0,,,16740000,0.0,,,,,8237000.0,,,,,3885688000,1517000,247355000,103671000.0,17205000.0,,,,3576000.0,,581000.0,,,,,7653735000,1911264000.0,6369000.0,11546000.0,,58680000,,,,,,,,,,,,,,,,,,,,,,,,,,,,,,,,,5530000.0,,2371457000,,,,,,,,,16857145.0,18000.0,7302664000.0,61063000.0,,,,,,,,,,,,3988000,3672000,,,,
2020-02-19,True,3677676,11522681000.0,2055407000,,,274028000.0,78532000.0,,,,,,,319000.0,,3809815000,,,,,,,,,,,,,,,,428556000.0,1160804000.0,,0.01,60000000,16912000,107295.0,20555330,3633000.0,206000,,2196000.0,115610000.0,34586000.0,,,,,,16912000,-2195000.0,-4070000.0,7902000.0,-745000.0,130578000.0,10530000.0,122676000.0,,8289000.0,4635000.0,42043000.0,,52726000.0,12355000.0,,413851000.0,20818000.0,,14111000.0,241.31,64.41,0.1436,0.21,,,,16800000.0,5000.0,3476000.0,,,,,76000.0,76000.0,7128000.0,7919000.0,2936000.0,,,,,,,996000.0,997000.0,997000.0,996000.0,997000.0,,791000.0,306000.0,,382000.0,0.028,,,128642000,,,,,419457000.0,,,1025795000.0,,,147256000,,153915000,215417000.0,-12465000.0,45770000.0,33926000.0,,-6360000.0,16994000,94178000,,-2754000,332000.0,,,26463000.0,,25380000.0,,24453000,69196000.0,26700000.0,58292000.0,99184000.0,,9911000.0,,,,,,30670000.0,8016000.0,13082000.0,16640000.0,20865000.0,,7857000.0,,1468571000,3809815000,,,,,,,,-424695000.0,,-13284000.0,,866535000.0,,256137000,,,,30991000.0,85377000.0,25272000.0,79345000.0,107703000.0,31564000.0,25000.0,10324000.0,13667000.0,17331000.0,22210000.0,12607000.0,52900000.0,0.036,8236000.0,5169422000,698417000.0,,,,,702000.0,,,22699000,0.0,,,,,8247000.0,,,,,5260600000,1870000,274028000,108053000.0,64712000.0,,22699000.0,4200000.0,3499000.0,,1738000.0,,,,,7909872000,7388664000.0,7434000.0,17078000.0,,78532000,,,,,0.0,,0.2201,0.1917,0.0273,0.0151,,,,,593162000.0,,,,,,,,,661.01,,,,,,,,,26843000.0,6951000.0,2341244000,,,,,,,,,16922558.0,221000.0,7624241000.0,698417000.0,39356000.0,7003000.0,0.0,2941000.0,,15724000.0,,,31090000.0,,,3973000,3641000,,,,
2020-05-07,False,3680823,,2127315000,,,109062000.0,7492000.0,,,,,,,26000.0,,3887523000,,,,,,,,,,,,,,,,,1118267000.0,-42537000.0,0.01,60000000,16912000,107295.0,20555330,,206000,,,,,,,,,,16912000,,,,,,,,,,,,,,,,369256000.0,5622000.0,,3390000.0,47.97,44.96,-0.089,,,,,,,0.0,,,,,49000.0,49000.0,,,,,,,,,,,,,,,,,200000.0,,266000.0,0.028,,,18400000,,,,,375997000.0,,,161375000.0,,,-14328000,,2438000,,,,-39438000.0,15275000.0,,-8259000,168352000,,33190000,245000.0,,,6635000.0,,6486000.0,,12174000,68139000.0,27800000.0,14652000.0,,,,,,,,,,,,,,,,,1470604000,3887523000,,,,,,,,-107720000.0,,-3258000.0,,68441000.0,,175703000,,,,7911000.0,,6718000.0,,,,,,,,,,,0.036,-15608000.0,1133283000,216582000.0,,,,,0.0,,,3510000,,,,,,0.0,,,,,1228025000,252000,109062000,107032000.0,13442000.0,,,,3034000.0,,614000.0,,,,,8085575000,1582527000.0,440000.0,3784000.0,,7492000,,,,,,,,,,,,,,,,,,,,,,,,,,,,,,,,,6426000.0,,2416919000,,,,,,,,,16881636.0,58000.0,7796177000.0,216582000.0,,,,,,,,,,,,3908000,3663000,,,,
2020-08-03,False,3702385,,2151623000,,14434000.0,16984000.0,21926000.0,,,,,,,330000.0,,4730020000,,,,,,,,,,,,,,,,,2027997000.0,867193000.0,0.01,60000000,16710000,107295.0,20555330,,206000,,,,,,,,,,16710000,,,,,,,,,,,,,,,,360978000.0,11254000.0,,10408000.0,44.56,42.5,0.218,,,,,,,0.0,,,,,51000.0,51000.0,,,,,,,,,,,,,,,,,212000.0,,281000.0,0.028,,,41574000,,,,,367517000.0,,,209831000.0,,,45756000,,11740000,,,,26512000.0,26130000.0,,-16020000,255852000,,2825000,179000.0,,,9665000.0,,9525000.0,,12593000,69323000.0,28400000.0,14459000.0,,,,,,,,,,,,,,,,,2117608000,4730020000,,,,,,,,504330000.0,,-7806000.0,,370669000.0,,164075000,,,,7942000.0,,6676000.0,,,,,,,,,,,0.035,-19073000.0,2280199000,216582000.0,3582000.0,,,,38000.0,,,8217000,,,,,,0.0,598860000.0,,,,2491119000,449000,126046000,111219000.0,11490000.0,,,,2673000.0,,501000.0,,,,,8249650000,1620368000.0,0.0,1901000.0,,21926000,,,,,,,,,,,,,,,,,,,,,,,,,,,,,,,,,6185000.0,,2612412000,,,,,0.0,,,,16881636.0,58000.0,7789067000.0,216582000.0,,,,,,,,,,,,3861000,3682000,,,,
2020-11-04,False,3720432,,2188207000,,13639000.0,36476000.0,35565000.0,,,,,,,21000.0,,5499920000,,,,,,,,,,,,,,,,,2592475000.0,1431671000.0,0.01,60000000,16710000,106697.0,20555330,,206000,,,,,,,,,,16710000,,,,,,,,,,,,,,,,377105000.0,16801000.0,,12143000.0,69.19,65.11,0.202,,,,,,,0.0,,,,,70000.0,70000.0,,,,,,,,,,,,,,,,,253000.0,,327000.0,0.028,,,100348000,,,,,384047000.0,,,321457000.0,,,64991000,,86214000,,,,109921000.0,79236000.0,,-4585000,416488000,,3060000,233000.0,,,11792000.0,,11687000.0,,24957000,63608000.0,28700000.0,13711000.0,,,,,,,,,,,,,,,,,2580927000,5499920000,,,,,,,,864430000.0,,-12099000.0,,579340000.0,,256466000,,,,7689000.0,,7339000.0,,,,,,,,,,,0.034,-26647000.0,3663220000,216582000.0,4750000.0,,,,435000.0,,,12329000,,,,,,0.0,923905000.0,,,,3914000000,665000,162522000,113549000.0,18564000.0,,,,2408000.0,,370000.0,,,,,8506116000,1990012000.0,9056000.0,1806000.0,,35565000,,,,,,,,,,,,,,,,,,,,,,,,,,,,,,,,,5625000.0,,2918993000,,,,,0.0,,,,16836943.0,58000.0,7775536000.0,216582000.0,,,,,,,,,,,,3939000,3706000,,,,
2021-02-12,True,3681181,11374674000.0,2214426000,,,180866000.0,50794000.0,,,,,,,31000.0,,5777141000,,,,,,,,,,,,,,,2809782000.0,,,1648978000.0,0.01,60000000,16710000,106697.0,20555330,3696000.0,206000,,,151532000.0,42769000.0,,,,,,16710000,-13289000.0,-17565000.0,7184000.0,-4227000.0,147429000.0,13118000.0,140245000.0,,8639000.0,4608000.0,41839000.0,,67520000.0,11705000.0,,387628000.0,21992000.0,,15583000.0,244.11,76.93,0.164,0.21,,,,10500000.0,5000.0,1432000.0,5000000.0,,,,281000.0,281000.0,16173000.0,19512000.0,,1744000.0,10742000.0,1764000.0,1759000.0,1754000.0,1749000.0,,,,,,,3339000.0,989000.0,,1313000.0,0.028,,,168720000,,,,,395877000.0,,,1078033000.0,,,176785000,,163076000,226387000.0,-4837000.0,47469000.0,168667000.0,108872000.0,,-519000,362384000,,1675000,225000.0,,,41327000.0,,40872000.0,,36805000,62790000.0,23600000.0,57659000.0,84965000.0,6641000.0,,4970000.0,8825000.0,14918000.0,19500000.0,30111000.0,,,,,,,5544000.0,,2674067000,5777141000,,,,,,,,727642000.0,,-3933000.0,,925269000.0,,305004000,,,,31704000.0,72656000.0,27953000.0,,,,,,,,,,52900000.0,0.034,-18626000.0,5323932000,371078000.0,5062000.0,,,,435000.0,,,16119000,0.0,,,,,11625000.0,923905000.0,,,,5536568000,996000,180866000,119638000.0,63703000.0,,16119000.0,3200000.0,1025000.0,,2929000.0,,,,,8811120000,7536923000.0,10034000.0,10159000.0,,50794000,,,,,0.0,,0.2201,0.1917,0.0273,0.0151,,,,,432772000.0,,,,,,,,,737.19,,,,,,,,,24361000.0,7700000.0,3103074000,2196000.0,,,,,,,0.0,16859753.0,96000.0,7922678000.0,371078000.0,36817000.0,5694000.0,0.0,3155000.0,,15304000.0,,,29085000.0,,,3917000,3692000,,,,
2021-05-04,False,3636606,,2272006000,,,57625000.0,14471000.0,,,,,,,23000.0,,5820808000,,,,,,,,,,,,,,,,,2814517000.0,4735000.0,0.01,60000000,16710000,106697.0,20555330,,206000,,,,,,,,,,16710000,,,,,,,,,,,,,,,,396903000.0,5203000.0,,16131000.0,67.72,63.21,0.203,,,,,,,,,,,,110000.0,110000.0,15933000.0,,,,,,,,,,,,,,,,329000.0,15419000.0,443000.0,0.028,,,67550000,,,,,404317000.0,,,312006000.0,,,63244000,,2635000,,,,33618000.0,73695000.0,,3092000,120710000,,4243000,262000.0,,,13422000.0,,13397000.0,,12614000,63153000.0,25900000.0,14020000.0,,,,,,,,,,,,,,,,,2774301000,5820808000,,,,,,,,-320129000.0,,-3394000.0,,328258000.0,,248762000,,,,7577000.0,,6810000.0,,,,,,,,,,,0.033,-15426000.0,1413988000,377425000.0,,,,,659000.0,,,3104000,,,,,,,,,,,1583701000,369000,57625000,124836000.0,17131000.0,,,,829000.0,,221000.0,,,,,9059882000,2041446000.0,89000.0,3013000.0,,14471000,,,,,,,,,,,,,,,,,,,,,,,,,,,,,,,,,5890000.0,,3046507000,,,,,,,,,16915721.0,87000.0,8285587000.0,377425000.0,,,,,,,,,,,,3935000,3673000,,,,
2021-08-03,False,3563782,,2314564000,,,38048000.0,13379000.0,,,,,,,18000.0,,5854436000,,,,,,,,,,,,,,,,,2664826000.0,-144956000.0,0.01,60000000,16710000,106697.0,20555330,,206000,,,,,,,,,,16710000,,,,,,,,,,,,,,,,425301000.0,10038000.0,,17823000.0,88.69,82.45,0.23,,,,,,,5500000.0,,,,,108000.0,108000.0,15601000.0,,,,,,,,,,,,,,,,331000.0,14973000.0,445000.0,0.028,,,115152000,,,,,432303000.0,,,417465000.0,,,96170000,,172563000,,,,7943000.0,124685000.0,,24318000,264291000,,4327000,274000.0,,,13291000.0,,13270000.0,,26875000,7794000.0,21700000.0,14325000.0,,,,,,,,,,,,,,,,,2812148000,5854436000,,,,,,,,-659354000.0,,-6622000.0,,521020000.0,,321295000,,,,7911000.0,,6878000.0,,,,,,,,,,,0.031,-16259000.0,2981630000,754366000.0,0.0,,,,659000.0,7200000.0,,6620000,,,,,,,0.0,,,,3194279000,657000,95673000,127502000.0,19094000.0,,,,644000.0,,206000.0,,,,,9381177000,2283598000.0,0.0,16558000.0,,27850000,,,,,,,,,,,,,,,,,,,,,,,,,,,,,,,,,5861000.0,,3042288000,,,,,,,,,16976140.0,78000.0,8653659000.0,376941000.0,,,,,,,,,,,,3897000,3623000,,,,
2021-11-02,False,3482747,,2349000000,,,26162000.0,15009000.0,,,,,,,16000.0,,5788894000,,,,,,,,,,,,,,,,,2748060000.0,-61722000.0,0.01,60000000,16710000,106697.0,20555330,,206000,,,,,,,,,,16710000,,,,,,,,,,,,,,,,453255000.0,14720000.0,,14052000.0,93.25,86.44,0.235,,,,,,,7500000.0,,,,,107000.0,107000.0,15441000.0,,,,,,,,,,,,,,,,347000.0,14706000.0,454000.0,0.028,,,162729000,,,,,464010000.0,,,,434127000.0,,102046000,,289850000,,,,-44970000.0,140836000.0,,48153000,154443000,,2349000,281000.0,,,13263000.0,,13243000.0,,39473000,8151000.0,20800000.0,14468000.0,,,,,,,,,,,,,,,,,2771843000,5788894000,,,,,,,,-1032028000.0,,-11986000.0,,982292000.0,,332081000,,,,7906000.0,,7143000.0,,,,,,,,,,,0.03,-14783000.0,4599324000,1152855000.0,0.0,,,,861000.0,7200000.0,,11946000,,,,,,,0.0,,,,4918464000,821000,121835000,130103000.0,20188000.0,,,,564000.0,,100000.0,,,,,9713258000,2395640000.0,187000.0,3711000.0,,42859000,,,,,,,,,,,,,,,,,,,,,,,,,,,,,,,,,6001000.0,,3017051000,,,,,,,,,17042644.0,80000.0,9045413000.0,398489000.0,,,,,,,,,,,,3842000,3561000,,,,
2022-02-16,True,3382726,16843142000.0,2378191000,,,142370000.0,58234000.0,,,,,,,23062.0,,5834475000,,,,,,,,,,,,,,,,,2636984000.0,-172798000.0,0.01,60000000,16710000,106697.0,20555330,3447441.0,206000,,,272971000.0,80650000.0,,,,,,16710000,873000.0,-234000.0,7874000.0,-810000.0,148349000.0,13014000.0,140475000.0,,9876000.0,4682000.0,46020000.0,,64123000.0,10634000.0,,497139000.0,19463000.0,,18237000.0,345.37,320.48,0.2224,0.21,,,,12000000.0,4500.0,9500000.0,5000000.0,,,,429000.0,429000.0,15413000.0,18363000.0,,1841000.0,8166000.0,2804000.0,1855000.0,1851000.0,1846000.0,,,,,,,2950000.0,1363000.0,,1798000.0,0.028,,,205582000,,,,,507284000.0,,,1590403000.0,,,353684000,,389383000,333985000.0,-4014000.0,72082000.0,-19954000.0,176705000.0,,87374000,238284000,,-1956000,278112.0,,,53248000.0,,53117000.0,,53680000,12147000.0,20300000.0,58162000.0,88886000.0,18441000.0,,3876000.0,7246000.0,12135000.0,17851000.0,29337000.0,,,,,,,8499000.0,,2832097000,5834475000,,,,,,,,-1397012000.0,,-18179000.0,,1242393000.0,,1236719000,,,,31923000.0,74565000.0,27849000.0,,,,,,,,,,,0.03,-32679000.0,6079454000,1538019000.0,0.0,,,,1282000.0,11200000.0,,17875000,,,,,,0.0,0.0,,,,6424204000,978000,142370000,134859000.0,79384000.0,,17875000.0,2600000.0,593000.0,,563000.0,,,,,10047839000,8951025000.0,603000.0,26781000.0,,58234000,,,,,0.0,,0.308,0.2446,0.0155,0.003,,,,,219219000.0,,,,,,,,,1235.91,,,,,,,,,24012000.0,6464000.0,3002378000,,,,,,,,,17107889.0,322038.0,9423858000.0,1538019000.0,33490000.0,6763000.0,0.0,3436000.0,,13849000.0,,,26456000.0,,,3858912,3580800,1300000.0,,,
2022-05-03,False,3289666,,2416660000,,,34241000.0,11668000.0,,,,,,,21032.0,,5726213000,,,,,,,,,,,,,,,,,2227089000.0,-409895000.0,0.01,60000000,16710000,106697.0,20555330,,206000,,,,,,,,,,16710000,,,,,,,,,,,,,,,,512042000.0,4460000.0,,28346000.0,125.87,116.56,0.247,,,,,,,2000000.0,,,,,104000.0,104000.0,15329000.0,,,,,,,,,,,,,,,,356000.0,14386000.0,464000.0,0.028,,,57978000,,,,,520871000.0,,,565945000.0,,,139845000,,2536000,,,,127083000.0,35715000.0,,8979000,246273000,,13782000,270258.0,,,13254000.0,,13166000.0,,12521000,14668000.0,18800000.0,15001000.0,,,,,,,,,,,,,,,,,3000614000,5726213000,,,,,,,,-714903000.0,,-4318000.0,,309326000.0,,426100000,,,,8101000.0,,7169000.0,,,,,,,,,,,0.03,8157000.0,1484771000,748788000.0,,,,,472000.0,,,4056000,,,,,,,,,,,1511850000,210000,34241000,135341000.0,17485000.0,,,,640000.0,,41000.0,,,,,10473939000,2378409000.0,272000.0,5813000.0,,11668000,,,,,,,,,,,,,,,,,,,,,,,,,,,,,,,,,6332000.0,,2725599000,,,,,,,,,17240495.0,146054.0,10165206000.0,748788000.0,,,,,,,,,,,,3655517,3385259,,,,
2022-08-03,False,3282665,,2498123000,,,79581000.0,20087000.0,,,,,,,217662.0,,5287699000,,,,,,,,,,,,,,,,,1563959000.0,-1073025000.0,0.01,60000000,16710000,106697.0,20555330,,206000,,,,,,,,,,16710000,,,,,,,,,,,,,,,,524398000.0,8991000.0,,807000.0,131.84,123.65,0.245,,,,,,,4000000.0,,,,,103000.0,103000.0,15413000.0,,,,,,,,,,,,,,,,367000.0,14364000.0,473000.0,0.028,,,94813000,,,,,532475000.0,,,574012000.0,,,140698000,,291721000,,,,25716000.0,21656000.0,,20917000,431379000,,16394000,217730.0,,,12349000.0,,12257000.0,,32627000,16274000.0,30000000.0,15596000.0,,,,,,,,,,,,,,,,,2296033000,5287699000,,,,,,,,-1502604000.0,,-17627000.0,,447206000.0,,433314000,,,,8529000.0,,6935000.0,,,,,,,,,,,0.031,2781000.0,3133046000,1015703000.0,,,,,9222000.0,,,8751000,,,,,,,,,,,3195784000,346000,113822000,138240000.0,21652000.0,,,,680000.0,,52000.0,,,,600000000.0,10907253000,2658943000.0,451000.0,18073000.0,,20087000,,1314.0,,,0.0,,0.3052,0.2493,0.0307,0.0117,,,,,,,,,,,,,,1434.57,,647892.0,,,,,,,6491000.0,,2991666000,,,,,,,,,17271177.0,61078.0,10413916000.0,266915000.0,,,,,,,,,,,,3504304,3286574,,0.0,,
2022-11-04,False,3195887,,2538812000,,,23584000.0,26686000.0,,,,,,,203340.0,,5389534000,,,,,,,,,,,,,,,,,1821355000.0,-815629000.0,0.01,60000000,16710000,106697.0,20555330,,206000,,,,,,,,,,16710000,,,,,,,,,,,,,,,,521572000.0,13237000.0,,-28021000.0,125.97,118.51,0.236,,,,,,,7500000.0,,,,,106000.0,106000.0,15030000.0,,,,,,,,,,,,,,,,384000.0,13875000.0,489000.0,0.029,,,120035000,,,,,528838000.0,,,538515000.0,,,127122000,,403875000,,,,42087000.0,-41303000.0,,26915000,223083000,,69132000,205473.0,,,7118000.0,,7202000.0,,33475000,15230000.0,27800000.0,17412000.0,,,,,,,,,,,,,,,,,2304695000,5389534000,,,,,,,,-1847894000.0,,-20641000.0,,1052906000.0,,411393000,,,,9422000.0,,7197000.0,,,,,,,,,,,0.034,5131000.0,4791742000,1384193000.0,,,,,9222000.0,,,11972000,,,,,,,,,,,4925431000,553000,137406000,143798000.0,23066000.0,,,,564000.0,,32000.0,,,,600000000.0,11318646000,2776900000.0,0.0,11169000.0,,26686000,,1438.0,,,0.0,,0.3089,0.2493,0.034,0.0117,,,,,,,,,,,,,,1432.72,,633816.0,,,,,,,7395000.0,,3084839000,,,,,,,,,17343353.0,88016.0,10772825000.0,368490000.0,,,,,,,,,,,,3471387,3265914,,0.0,,
2023-02-15,True,3249345,12639637000.0,2600014000,,,196717000.0,82537000.0,,,,,,,194884.0,,5660973000,,,,,,,,,,,,,,,,,2574518000.0,-62466000.0,0.01,60000000,16710000,106697.0,20555330,3218933.0,206000,,,412036000.0,126686000.0,,,,,,16710000,-6753000.0,-11101000.0,8505000.0,-4350000.0,160082000.0,13981000.0,151577000.0,,11364000.0,4728000.0,47605000.0,,73555000.0,8849000.0,,496080000.0,17396000.0,,-7435000.0,525.2,491.82,0.2342,0.21,,,,16700000.0,5100.0,9000000.0,,,,,417000.0,417000.0,15003000.0,17710000.0,,2025000.0,7227000.0,1410000.0,2983000.0,2035000.0,2030000.0,,,,,,,2707000.0,1495000.0,,1916000.0,0.029,,,152668000,,,,,502976000.0,,,2253194000.0,,,527619000,,529820000,473171000.0,-1095000.0,105867000.0,-13777000.0,-103659000.0,,26407000,-159091000,,27384000,222962.0,,,39626000.0,,39524000.0,,47502000,27100000.0,27200000.0,64384000.0,111054000.0,21140000.0,,7429000.0,11146000.0,16074000.0,21812000.0,33453000.0,,,,,,,10806000.0,,2154124000,5660973000,,,,,,,,-1905136000.0,,-27431000.0,,1870101000.0,,1725575000,,,,34467000.0,92786000.0,28837000.0,,,,,,,,,,,0.036,26276000.0,6314514000,1500358000.0,0.0,,,,9735000.0,,,18428000,,,,,,0.0,0.0,,,,6471270000,732000,196717000,144006000.0,87430000.0,,18428000.0,2500000.0,570000.0,,125000.0,,,,600000000.0,11773414000,10526434000.0,1083000.0,44782000.0,,82537000,,,,,0.0,,0.3089,0.2493,0.0436,0.0117,,,,,234732000.0,,,,,,,,,1437.93,,,,,,,,,27584000.0,3720000.0,3506849000,,,,,,,,,17336397.0,323652.0,10866785000.0,1500358000.0,29526000.0,5290000.0,0.0,1326000.0,,10186000.0,,,23326000.0,,,3508524,3285562,1000000.0,,,
2023-05-02,False,3246946,,2676641000,,,81916000.0,22277000.0,,,,,,,184114.0,,6075905000,,,,,,,,,,,,,,,,,2858593000.0,284075000.0,0.01,60000000,16710000,106697.0,20555330,,206000,,,,,,,,,,16710000,,,,,,,,,,,,,,,,501667000.0,4188000.0,,34753000.0,106.31,99.89,0.206,,,,,,,1000000.0,,,,,105000.0,105000.0,14851000.0,,,,,,,,,,,,,,,,400000.0,13492000.0,502000.0,0.029,,,37268000,,,,,509596000.0,,,433810000.0,,,89458000,,5423000,,,,50607000.0,21426000.0,,2515000,77267000,,-9801000,208211.0,,,7004000.0,,7258000.0,,859000,28814000.0,26800000.0,17239000.0,,,,,,,,,,,,,,,,,2230559000,6075905000,,,,,,,,-28532000.0,,-2915000.0,,315522000.0,,344352000,,,,9140000.0,,7316000.0,,,,,,,,,,,0.038,-18755000.0,1237589000,110048000.0,,,,,565000.0,,,2714000,,,,,,180000.0,,,,,1238337000,184000,81916000,144431000.0,20845000.0,,,,205000.0,,111000.0,,,,,12117766000,2178277000.0,249000.0,13247000.0,,22277000,,,,,,,,,,,,,,,,,,,,,,,,,,,,,,,,,7492000.0,,3845346000,,,,,,,,,,21174.0,10949267000.0,110048000.0,,,,,,,,,,,,3447474,3239263,,,17313580.0,
2023-08-02,False,3264331,,2747687000,,,79808000.0,25159000.0,,,,,,,14610.0,,6266775000,,,,,,,,,,,,,,,,,2758057000.0,183539000.0,0.01,60000000,16710000,106697.0,20555330,,206000,,,,,,,,,,16710000,,,,,,,,,,,,,,,,516709000.0,8405000.0,,35054000.0,123.84,116.54,0.143,,,,,,,2000000.0,,,,,105000.0,105000.0,14690000.0,,,,,,,,,,,,,,,,411000.0,13231000.0,511000.0,0.03,,,81131000,,,,,525016000.0,,,471176000.0,,,67149000,,262608000,,,,-89815000.0,54959000.0,,10630000,231814000,,-4183000,204407.0,,,6822000.0,,6795000.0,,14781000,24502000.0,27600000.0,17622000.0,,,,,,,,,,,,,,,,,2113512000,6266775000,,,,,,,,-150212000.0,,-10453000.0,,344204000.0,,404027000,,,,9475000.0,,7420000.0,,,,,,,,,,,0.04,-19621000.0,2620507000,311125000.0,,,,,1224000.0,,,11448000,,,,,,180000.0,,,,,2542359000,2039000,161724000,142420000.0,24323000.0,,,,189000.0,,43000.0,,,,0.0,12521793000,2338330000.0,250000.0,10090000.0,,47436000,,,,,,,,,,,,,,,,,,,,,,,,,,,,,,,,,7531000.0,,4153263000,,,,,,,,,,34827.0,,201077000.0,,,,,,,,,,,,3466936,3262529,,,17294792.0,11116423000.0
