filing_date,annual,EntityCommonStockSharesOutstanding_shares,EntityPublicFloat_USD,AccountsPayableCurrent_USD,AccountsReceivableNetCurrent_USD,AccretionAmortizationOfDiscountsAndPremiumsInvestments_USD,AccruedEmployeeBenefitsCurrent_USD,AccruedIncomeTaxesCurrent_USD,AccruedLiabilitiesAndOtherLiabilities_USD,AccumulatedDepreciationDepletionAndAmortizationPropertyPlantAndEquipment_USD,AdditionalPaidInCapital_USD,AdditionalPaidInCapitalCommonStock_USD,AdjustmentsToAdditionalPaidInCapitalDividendsInExcessOfRetainedEarnings_USD,AdjustmentsToAdditionalPaidInCapitalSharebasedCompensationRequisiteServicePeriodRecognitionValue_USD,AdvertisingExpense_USD,AllocatedShareBasedCompensationExpense_USD,AmortizationOfDebtDiscountPremium_USD,AmortizationOfFinancingCosts_USD,AmortizationOfFinancingCostsAndDiscounts_USD,AmortizationOfIntangibleAssets_USD,AmountOfDeferredCostsRelatedToLongTermContracts_USD,AreaOfLand_acre,Assets_USD,AssetsCurrent_USD,AssetsFairValueDisclosureRecurring_USD,BasicEarningsPerShareProForma_USD/shares,CapitalExpendituresIncurredButNotYetPaid_USD,CapitalizedComputerSoftwareAdditions_USD,CapitalizedComputerSoftwareAmortization_USD,CapitalizedComputerSoftwareAmortization1_USD,CapitalizedComputerSoftwareGross_USD,CashAndCashEquivalentsAtCarryingValue_USD,CashAndCashEquivalentsPeriodIncreaseDecrease_USD,CashCashEquivalentsRestrictedCashAndRestrictedCashEquivalents_USD,CashCashEquivalentsRestrictedCashAndRestrictedCashEquivalentsPeriodIncreaseDecreaseExcludingExchangeRateEffect_USD,CommonStockParOrStatedValuePerShare_USD/shares,CommonStockSharesAuthorized_shares,CommonStockSharesIssued_shares,CommonStockSharesOutstanding_shares,CommonStockValue_USD,ContractsRevenue_USD,ContractWithCustomerLiability_USD,ContractWithCustomerLiabilityRevenueRecognized_USD,CostOfGoodsAndServicesSoldDepreciationAndAmortization_USD,CostOfRevenue_USD,CostOfServicesDepreciation_USD,CostOfServicesDepreciationAndAmortization_USD,CostsAndExpenses_USD,CumulativeEffectOfNewAccountingPrincipleInPeriodOfAdoption_USD,CurrentFederalTaxExpenseBenefit_USD,CurrentIncomeTaxExpenseBenefit_USD,CurrentStateAndLocalTaxExpenseBenefit_USD,DebtInstrumentBasisSpreadOnVariableRate1_pure,DebtInstrumentCarryingAmount_USD,DebtInstrumentFairValue_USD,DebtInstrumentUnamortizedDiscount_USD,DeferredCompensationArrangementWithIndividualCompensationExpense_USD,DeferredCostsCurrent_USD,DeferredFederalIncomeTaxExpenseBenefit_USD,DeferredIncomeTaxAssetsNet_USD,DeferredIncomeTaxExpenseBenefit_USD,DeferredIncomeTaxesAndTaxCredits_USD,DeferredIncomeTaxLiabilitiesNet_USD,DeferredRentCredit_USD,DeferredRevenue_USD,DeferredRevenueAdditions_USD,DeferredRevenueCurrent_USD,DeferredRevenueNoncurrent_USD,DeferredRevenueRevenueRecognized1_USD,DeferredStateAndLocalIncomeTaxExpenseBenefit_USD,DeferredTaxAssetsLiabilitiesNetNoncurrent_USD,DeferredTaxAssetsNetCurrent_USD,DeferredTaxAssetsOperatingLossCarryforwards_USD,DeferredTaxAssetsOperatingLossCarryforwardsDomestic_USD,DeferredTaxAssetsTaxCreditCarryforwards_USD,DeferredTaxAssetsTaxDeferredExpenseCompensationAndBenefitsShareBasedCompensationCost_USD,DeferredTaxLiabilities_USD,DeferredTaxLiabilitiesDeferredExpense_USD,DeferredTaxLiabilitiesInvestments_USD,DeferredTaxLiabilitiesNoncurrent_USD,DefinedContributionPlanCostRecognized_USD,DefinedContributionPlanEmployerDiscretionaryContributionAmount_USD,DepositsAssetsNoncurrent_USD,DepreciationAndAmortization_USD,DepreciationDepletionAndAmortization_USD,DerivativeAssetsCurrent_USD,DerivativeAssetsNoncurrent_USD,DerivativeInstrumentsNotDesignatedAsHedgingInstrumentsGain_USD,DerivativeInstrumentsNotDesignatedAsHedgingInstrumentsGainLossNet_USD,DerivativeInstrumentsNotDesignatedAsHedgingInstrumentsLoss_USD,DerivativeLiabilitiesNoncurrent_USD,DilutedEarningsPerShareProForma_USD/shares,DirectOperatingCosts_USD,Dividends_USD,DueToRelatedPartiesNoncurrent_USD,EarningsPerShareBasic_USD/shares,EarningsPerShareDiluted_USD/shares,EffectiveIncomeTaxRateContinuingOperations_pure,EffectiveIncomeTaxRateReconciliationAtFederalStatutoryIncomeTaxRate_pure,EffectiveIncomeTaxRateReconciliationDeductionsQualifiedProductionActivities_pure,EffectiveIncomeTaxRateReconciliationNondeductibleExpense_pure,EffectiveIncomeTaxRateReconciliationOtherAdjustments_pure,EffectiveIncomeTaxRateReconciliationOtherReconcilingItemsPercent_pure,EffectiveIncomeTaxRateReconciliationShareBasedCompensationExcessTaxBenefitPercent_pure,EffectiveIncomeTaxRateReconciliationStateAndLocalIncomeTaxes_pure,EffectiveIncomeTaxRateReconciliationTaxCreditsResearch_pure,EmployeeRelatedLiabilitiesCurrent_USD,EmployeeServiceShareBasedCompensationAllocationOfRecognizedPeriodCostsCapitalizedAmount_USD,EmployeeServiceShareBasedCompensationCashFlowEffectCashUsedToSettleAwards_USD,EmployeeServiceShareBasedCompensationNonvestedAwardsTotalCompensationCostNotYetRecognized_USD,EmployeeServiceShareBasedCompensationTaxBenefitFromCompensationExpense_USD,EmployeeStockOwnershipPlanESOPCompensationExpense_USD,ExciseAndSalesTaxes_USD,FairValueNetDerivativeAssetLiabilityMeasuredOnRecurringBasisUnobservableInputsReconciliationGainLossIncludedInEarnings_USD,FairValueNetDerivativeAssetLiabilityMeasuredOnRecurringBasisUnobservableInputsReconciliationGainLossIncludedInOtherComprehensiveIncomeLoss_USD,FairValueNetDerivativeAssetLiabilityMeasuredOnRecurringBasisUnobservableInputsReconciliationIssues_USD,FairValueNetDerivativeAssetLiabilityMeasuredOnRecurringBasisUnobservableInputsReconciliationPeriodIncreaseDecrease_USD,FairValueNetDerivativeAssetLiabilityMeasuredOnRecurringBasisWithUnobservableInputs_USD,FinancialLiabilitiesFairValueDisclosure_USD,FiniteLivedIntangibleAssetsAccumulatedAmortization_USD,FiniteLivedIntangibleAssetsAmortizationExpenseAfterYearFive_USD,FiniteLivedIntangibleAssetsAmortizationExpenseNextTwelveMonths_USD,FiniteLivedIntangibleAssetsAmortizationExpenseRemainderOfFiscalYear_USD,FiniteLivedIntangibleAssetsAmortizationExpenseYearFive_USD,FiniteLivedIntangibleAssetsAmortizationExpenseYearFour_USD,FiniteLivedIntangibleAssetsAmortizationExpenseYearThree_USD,FiniteLivedIntangibleAssetsAmortizationExpenseYearTwo_USD,FiniteLivedIntangibleAssetsGross_USD,FiniteLivedIntangibleAssetsNet_USD,FundsHeldForClients_USD,GainLossOnSaleOfPropertyPlantEquipment_USD,GainsLossesOnExtinguishmentOfDebt_USD,GeneralAndAdministrativeExpense_USD,Goodwill_USD,GoodwillImpairmentLoss_USD,ImpairmentOfIntangibleAssetsFinitelived_USD,ImpairmentOfLongLivedAssetsHeldForUse_USD,IncomeLossFromContinuingOperationsBeforeIncomeTaxesExtraordinaryItemsNoncontrollingInterest_USD,IncomeLossFromContinuingOperationsBeforeIncomeTaxesMinorityInterestAndIncomeLossFromEquityMethodInvestments_USD,IncomeTaxExpenseBenefit_USD,IncomeTaxesPaidNet_USD,IncomeTaxesReceivable_USD,IncomeTaxReceivable_USD,IncreaseDecreaseInAccountsPayable_USD,IncreaseDecreaseInAccountsReceivable_USD,IncreaseDecreaseInAccruedIncomeTaxesPayable_USD,IncreaseDecreaseInAccruedLiabilitiesAndOtherOperatingLiabilities_USD,IncreaseDecreaseInAccruedSalaries_USD,IncreaseDecreaseInClientFundsHeld_USD,IncreaseDecreaseInContractWithCustomerLiability_USD,IncreaseDecreaseInDeferredCharges_USD,IncreaseDecreaseInDeferredLiabilities_USD,IncreaseDecreaseInDeferredRevenue_USD,IncreaseDecreaseInDepositOtherAssets_USD,IncreaseDecreaseInDerivativeLiabilities_USD,IncreaseDecreaseInEmployeeRelatedLiabilities_USD,IncreaseDecreaseInIncomeTaxesPayableNetOfIncomeTaxesReceivable_USD,IncreaseDecreaseInIncomeTaxesReceivable_USD,IncreaseDecreaseInInventories_USD,IncreaseDecreaseInOtherAccruedLiabilities_USD,IncreaseDecreaseInOtherOperatingAssets_USD,IncreaseDecreaseInPrepaidExpense_USD,IncreaseDecreaseInRestrictedCash_USD,IncrementalCommonSharesAttributableToShareBasedPaymentArrangements_shares,IntangibleAssetsNetExcludingGoodwill_USD,InterestAndDebtExpense_USD,InterestCostsCapitalized_USD,InterestCostsIncurred_USD,InterestExpense_USD,InterestPaid_USD,InterestPaidCapitalized_USD,InterestPaidNet_USD,InventoryNet_USD,InventoryValuationReserves_USD,LaborAndRelatedExpense_USD,LeaseAndRentalExpense_USD,LesseeOperatingLeaseLiabilityPaymentsDue_USD,LesseeOperatingLeaseLiabilityPaymentsDueAfterYearFive_USD,LesseeOperatingLeaseLiabilityPaymentsDueNextTwelveMonths_USD,LesseeOperatingLeaseLiabilityPaymentsDueYearFive_USD,LesseeOperatingLeaseLiabilityPaymentsDueYearFour_USD,LesseeOperatingLeaseLiabilityPaymentsDueYearThree_USD,LesseeOperatingLeaseLiabilityPaymentsDueYearTwo_USD,LesseeOperatingLeaseLiabilityPaymentsRemainderOfFiscalYear_USD,LesseeOperatingLeaseLiabilityUndiscountedExcessAmount_USD,Liabilities_USD,LiabilitiesAndStockholdersEquity_USD,LiabilitiesCurrent_USD,LiabilitiesFairValueDisclosureRecurring_USD,LiabilitiesNoncurrent_USD,LongTermDebt_USD,LongTermDebtCurrent_USD,LongTermDebtMaturitiesRepaymentsOfPrincipalAfterYearFive_USD,LongTermDebtMaturitiesRepaymentsOfPrincipalInNextTwelveMonths_USD,LongTermDebtMaturitiesRepaymentsOfPrincipalInYearFive_USD,LongTermDebtMaturitiesRepaymentsOfPrincipalInYearFour_USD,LongTermDebtMaturitiesRepaymentsOfPrincipalInYearThree_USD,LongTermDebtMaturitiesRepaymentsOfPrincipalInYearTwo_USD,LongTermDebtNoncurrent_USD,LongtermConstructionLoanCurrentAndNoncurrent_USD,MarketingExpense_USD,MinorityInterest_USD,NetCashProvidedByUsedInFinancingActivities_USD,NetCashProvidedByUsedInFinancingActivitiesContinuingOperations_USD,NetCashProvidedByUsedInInvestingActivities_USD,NetCashProvidedByUsedInInvestingActivitiesContinuingOperations_USD,NetCashProvidedByUsedInOperatingActivities_USD,NetCashProvidedByUsedInOperatingActivitiesContinuingOperations_USD,NetIncomeLoss_USD,NetIncomeLossAttributableToNoncontrollingInterest_USD,NetIncomeLossAvailableToCommonStockholdersBasic_USD,NetIncomeLossAvailableToCommonStockholdersDiluted_USD,NumberOfOperatingSegments_Segment,OperatingCostsAndExpenses_USD,OperatingExpenses_USD,OperatingIncomeLoss_USD,OperatingLeaseLiability_USD,OperatingLeaseLiabilityCurrent_USD,OperatingLeaseLiabilityNoncurrent_USD,OperatingLeasePayments_USD,OperatingLeaseRightOfUseAsset_USD,OperatingLeasesFutureMinimumPaymentsDue_USD,OperatingLeasesFutureMinimumPaymentsDueCurrent_USD,OperatingLeasesFutureMinimumPaymentsDueInFiveYears_USD,OperatingLeasesFutureMinimumPaymentsDueInFourYears_USD,OperatingLeasesFutureMinimumPaymentsDueInThreeYears_USD,OperatingLeasesFutureMinimumPaymentsDueInTwoYears_USD,OperatingLeasesFutureMinimumPaymentsDueThereafter_USD,OperatingLeaseWeightedAverageDiscountRatePercent_pure,OperatingLossCarryforwards_USD,OtherAssetsNoncurrent_USD,OtherDepreciationAndAmortization_USD,OtherLaborRelatedExpenses_USD,OtherLiabilitiesNoncurrent_USD,OtherNoncashExpense_USD,OtherNonoperatingIncomeExpense_USD,OtherOperatingIncome_USD,OtherOperatingIncomeExpenseNet_USD,OtherRecurringIncome_USD,OtherSalesRevenueNet_USD,ParticipatingSecuritiesDistributedAndUndistributedEarningsLossBasic_USD,PaymentsForLegalSettlements_USD,PaymentsForRent_USD,PaymentsForRepurchaseOfCommonStock_USD,PaymentsOfCapitalDistribution_USD,PaymentsOfDebtExtinguishmentCosts_USD,PaymentsOfDebtIssuanceCosts_USD,PaymentsOfDistributionsToAffiliates_USD,PaymentsOfMergerRelatedCostsFinancingActivities_USD,PaymentsOfOrdinaryDividends_USD,PaymentsOfStockIssuanceCosts_USD,PaymentsRelatedToTaxWithholdingForShareBasedCompensation_USD,PaymentsToAcquireIntangibleAssets_USD,PaymentsToAcquireInvestments_USD,PaymentsToAcquireLand_USD,PaymentsToAcquirePropertyPlantAndEquipment_USD,PrepaidExpenseCurrent_USD,ProceedsFromIssuanceInitialPublicOffering_USD,ProceedsFromIssuanceOfCommonStock_USD,ProceedsFromIssuanceOfLongTermDebt_USD,ProceedsFromIssuanceOfSharesUnderIncentiveAndShareBasedCompensationPlans_USD,ProceedsFromPartnershipContribution_USD,ProceedsFromRelatedPartyDebt_USD,ProceedsFromRepaymentsOfDebt_USD,ProceedsFromSaleAndMaturityOfAvailableForSaleSecurities_USD,ProceedsFromSaleOfPropertyPlantAndEquipment_USD,ProFormaWeightedAverageSharesOutstandingDiluted_shares,ProfitLoss_USD,PropertyPlantAndEquipmentGross_USD,PropertyPlantAndEquipmentNet_USD,RepaymentsOfLongTermDebt_USD,ResearchAndDevelopmentExpense_USD,RestrictedCashAndCashEquivalents_USD,RestrictedCashAndCashEquivalentsAtCarryingValue_USD,RetainageDeposit_USD,RetainedEarningsAccumulatedDeficit_USD,RevenueFromContractWithCustomerExcludingAssessedTax_USD,RevenueRemainingPerformanceObligation_USD,Revenues_USD,RightOfUseAssetObtainedInExchangeForOperatingLeaseLiability_USD,SellingGeneralAndAdministrativeExpense_USD,ShareBasedCompensation_USD,ShareBasedCompensationArrangementByShareBasedPaymentAwardAcceleratedCompensationCost_USD,ShareBasedCompensationArrangementByShareBasedPaymentAwardEquityInstrumentsOtherThanOptionsForfeitedInPeriod_shares,ShareBasedCompensationArrangementByShareBasedPaymentAwardEquityInstrumentsOtherThanOptionsForfeituresWeightedAverageGrantDateFairValue_USD/shares,ShareBasedCompensationArrangementByShareBasedPaymentAwardEquityInstrumentsOtherThanOptionsGrantsInPeriod_shares,ShareBasedCompensationArrangementByShareBasedPaymentAwardEquityInstrumentsOtherThanOptionsGrantsInPeriodWeightedAverageGrantDateFairValue_USD/shares,ShareBasedCompensationArrangementByShareBasedPaymentAwardEquityInstrumentsOtherThanOptionsNonvestedNumber_shares,ShareBasedCompensationArrangementByShareBasedPaymentAwardEquityInstrumentsOtherThanOptionsNonvestedWeightedAverageGrantDateFairValue_USD/shares,ShareBasedCompensationArrangementByShareBasedPaymentAwardEquityInstrumentsOtherThanOptionsVestedInPeriod_shares,ShareBasedCompensationArrangementByShareBasedPaymentAwardEquityInstrumentsOtherThanOptionsVestedInPeriodWeightedAverageGrantDateFairValue_USD/shares,ShareBasedCompensationArrangementByShareBasedPaymentAwardFairValueAssumptionsExpectedDividendRate_pure,ShareBasedCompensationArrangementByShareBasedPaymentAwardFairValueAssumptionsExpectedVolatilityRate_pure,ShareBasedCompensationArrangementByShareBasedPaymentAwardFairValueAssumptionsRiskFreeInterestRate_pure,ShareBasedCompensationArrangementByShareBasedPaymentAwardFairValueAssumptionsRiskFreeInterestRateMaximum_pure,ShareBasedCompensationArrangementByShareBasedPaymentAwardFairValueAssumptionsRiskFreeInterestRateMinimum_pure,ShareBasedCompensationArrangementByShareBasedPaymentAwardFairValueAssumptionsWeightedAverageVolatilityRate_pure,ShareBasedCompensationArrangementByShareBasedPaymentAwardNumberOfAdditionalSharesAuthorized_shares,ShareBasedCompensationArrangementByShareBasedPaymentAwardPlanModificationIncrementalCompensationCost_USD,ShareBasedCompensationArrangementByShareBasedPaymentAwardPlanModificationNumberOfEmployeesAffected_Employees,SharebasedCompensationArrangementBySharebasedPaymentAwardAwardVestingRightsPercentage_pure,StockGrantedDuringPeriodValueSharebasedCompensationGross_USD,StockholdersEquity_USD,StockholdersEquityIncludingPortionAttributableToNoncontrollingInterest_USD,StockIssued1_USD,StockIssuedDuringPeriodValueNewIssues_USD,StockRedeemedOrCalledDuringPeriodShares_shares,StockRedeemedOrCalledDuringPeriodValue_USD,TaxesPayableCurrent_USD,TreasuryStockCommonShares_shares,TreasuryStockValue_USD,TreasuryStockValueAcquiredCostMethod_USD,UndistributedEarningsLossAllocatedToParticipatingSecuritiesBasic_USD,UndistributedEarningsLossAllocatedToParticipatingSecuritiesDiluted_USD,UnrecognizedTaxBenefits_USD,WeightedAverageBasicSharesOutstandingProForma_shares,WeightedAverageNumberBasicSharesOutstandingAdjustmentProForma_shares,WeightedAverageNumberOfDilutedSharesOutstanding_shares,WeightedAverageNumberOfSharesCommonStockSubjectToRepurchaseOrCancellation_shares,WeightedAverageNumberOfSharesIssuedBasic_shares,WeightedAverageNumberOfSharesOutstandingBasic_shares,WeightedAverageNumberOfSharesRestrictedStock_shares,WriteOffOfDeferredDebtIssuanceCost_USD,OperatingLeaseExpense_USD,SharesPaidForTaxWithholdingForShareBasedCompensation_shares,AccumulatedOtherComprehensiveIncomeLossNetOfTax_USD,AvailableForSaleDebtSecuritiesAccumulatedGrossUnrealizedLossBeforeTax_USD,AvailableForSaleDebtSecuritiesAmortizedCostBasis_USD,AvailableForSaleSecuritiesDebtMaturitiesAfterOneThroughFiveYearsAmortizedCost_USD,AvailableForSaleSecuritiesDebtMaturitiesAfterOneThroughFiveYearsFairValue_USD,AvailableForSaleSecuritiesDebtMaturitiesWithinOneYearAmortizedCost_USD,AvailableForSaleSecuritiesDebtMaturitiesWithinOneYearFairValue_USD,AvailableForSaleSecuritiesDebtSecurities_USD,ComprehensiveIncomeNetOfTax_USD,DebtSecuritiesAvailableForSaleRealizedGainLoss_USD,ImpairmentOfInvestments_USD,Investments_USD,OtherComprehensiveIncomeLossNetOfTax_USD,OtherComprehensiveIncomeLossNetOfTaxPortionAttributableToParent_USD,OtherComprehensiveIncomeLossTax_USD,OtherComprehensiveIncomeUnrealizedHoldingGainLossOnSecuritiesArisingDuringPeriodNetOfTax_USD,ProceedsFromIssuanceOfDebt_USD,PaymentsForOtherOperatingActivities_USD,ProceedsFromOtherOperatingActivities_USD,CommonStockDividendsPerShareDeclared_USD/shares,DividendsCommonStock_USD,PaymentsOfDividends_USD,StockIssuedDuringPeriodValueRestrictedStockAwardNetOfForfeitures_USD,EffectiveIncomeTaxRateReconciliationChangeInEnactedTaxRate_pure,UnrecognizedTaxBenefitsIncomeTaxPenaltiesAndInterestExpense_USD,UnrecognizedTaxBenefitsIncreasesResultingFromCurrentPeriodTaxPositions_USD
2014-06-12,False,51041157,,3310000,737000,,985000.0,239000.0,6809000,12857000,4537000.0,,,,,,64000.0,,,400000.0,,,532231000,430951000,,0.02,,,,,,13125000,-237000.0,,,0.01,100000000,45726857,45726857,457000,,,,,6922000,630000.0,,,,,,,,86317000.0,89900000.0,4059000.0,,,,,,,,,,,1591000,11979000,,,,3281000.0,,,,,,200000.0,,3081000.0,,,571000.0,1721000,,,,,,,472000.0,0.02,,,60941000.0,0.02,0.02,0.4247,,,,,,,,,2176000.0,,,,,,,600000.0,,,-635000.0,-472000.0,472000.0,10885000.0,744000.0,1210000.0,,213000.0,913000.0,1613000.0,1613000.0,17191000.0,6306000.0,409218000,,,9268000,51889000,0,,,,1843000.0,783000,,,150000.0,-1710000,-968000,239000.0,2437000,,-46561000.0,,,186000.0,994000.0,110000.0,-635000.0,-911000.0,,-150000.0,-126000,-2613000.0,,725000,,2649585.0,,,89000.0,,2067000,200000.0,,,452000,,,600000.0,,,,,,,,,,,532231000,438269000,,87908000,,13941000.0,,,,,,,11435000,,15681000,-3000.0,,-43369000.0,,41401000.0,,1731000.0,1060000.0,19000.0,,,,6292000.0,33844000.0,,,,,,,13005000.0,2391000.0,1648000.0,2382000.0,2776000.0,3057000.0,751000.0,,,,1091000.0,,,,,3141000.0,769000.0,36454000.0,531000.0,,,61000.0,,,,,,,,,,,,,5160000,3769000,,,4391000.0,,,,,,,48371169.0,1060000.0,35764000,42514000,105000.0,882000,369000.0,,,1060000,,,36985000.0,,26922000,93000,,,,,,,,,,,,,,,,,,,,,6054000.0,6054000.0,,,,,,,,,,,,45721584.0,297735.0,48371169,,,45721584,297735.0,,,,,,,,,,,,,,,,,,,,,,,,,,,,,
2014-08-08,False,51041157,,2620000,906000,,1579000.0,,3244000,14130000,66861000.0,,,,,,74000.0,,,400000.0,,,440195000,336492000,,-0.01,,,,,,13968000,606000.0,,,0.01,100000000,51041157,51041157,510000,,,,,6365000,608000.0,,,,,,,,27421000.0,82000000.0,4125000.0,,,,,,,,,,,1941000,13350000,,,,3470000.0,,,,,,200000.0,,3081000.0,,,554000.0,3401000,,,,,,,1107000.0,-0.01,,,60875000.0,-0.01,-0.01,0.4282,,,,,,,,,3492000.0,,,,,,,-500000.0,,,-635000.0,472000.0,,11289000.0,744000.0,806000.0,,213000.0,913000.0,1613000.0,1613000.0,17191000.0,5902000.0,315629000,,-4044000.0,8138000,51889000,0,,,,-1037000.0,-444000,,,15000.0,-2400000,-799000,,-1128000,,-140150000.0,,,186000.0,2719000.0,93000.0,-1107000.0,405000.0,,-135000.0,-59000,-2019000.0,,132000,-1000.0,2315425.0,,,100000.0,,674000,300000.0,,,519000,,,800000.0,,,,,,,,,,,440195000,329398000,,42959000,,893000.0,,,,,,,26528000,,13700000,-3000.0,,-136160000.0,,130873000.0,,5893000.0,-593000.0,0.0,,,,5757000.0,30212000.0,,,,,,,13660000.0,1566000.0,2015000.0,2606000.0,3000000.0,3281000.0,1192000.0,,,,1072000.0,,,,,3094000.0,587000.0,32666000.0,640000.0,,,71000000.0,,,,,,,,,,,,,9278000,1615000,62196000.0,,6539000.0,,,,,,,50284362.0,-593000.0,50495000,45358000,65207000.0,937000,370000.0,,,467000,,,33306000.0,,23847000,274000,,,,,,,,,,,,,,,,,,,,,67838000.0,67838000.0,,,,,,,,,,,,50284362.0,1061815.0,50284362,,,50284362,1061815.0,,,,,,,,,,,,,,,,,,,,,,,,,,,,,
2014-11-07,False,51112429,,1976000,1468000,,2568000.0,148000.0,3871000,15517000,66949000.0,,,,,,67000.0,,,400000.0,,,522956000,418331000,,0.05,,,,,,18473000,5111000.0,,,0.01,100000000,51056462,51056462,510000,35910000.0,,,,6436000,638000.0,,,,,,,,27186000.0,27200000.0,4125000.0,,,,,,,,,,,2186000,15048000,,,,2422000.0,,,,,,200000.0,,3059000.0,,400000.0,595000.0,5198000,,,,,,,1107000.0,0.05,,,60875000.0,0.05,0.05,0.3857,,,,,,,,,2665000.0,,,,,,,0.0,,,-635000.0,1107000.0,,11692000.0,744000.0,,403000.0,213000.0,913000.0,1613000.0,1613000.0,17191000.0,5499000.0,393633000,,-4044000.0,8410000,51889000,0,,,,4379000.0,1689000,,,150000.0,-3044000,-237000,148000.0,-498000,,-62146000.0,,,164000.0,4662000.0,145000.0,-1107000.0,-422000.0,,-150000.0,-195000,-1030000.0,,94000,-1000.0,1921589.0,,,0.0,,338000,300000.0,,,384000,,,1000000.0,,,,,,,,,,,522956000,407892000,,44448000,,845000.0,,,,,,,26341000,,14856000,-3000.0,,-58389000.0,,50199000.0,,13301000.0,2690000.0,-3000.0,,,,5798000.0,31920000.0,,,,,,,15855000.0,927000.0,2622000.0,3181000.0,3542000.0,3811000.0,1772000.0,,,,1159000.0,,,,,4678000.0,39000.0,,688000.0,,,,,,,,1061000.0,,,,,,,,11948000,1581000,62842000.0,,6539000.0,,1000.0,,,,,52978051.0,2690000.0,53166000,46642000,65442000.0,1059000,370000.0,,,3157000,,,36598000.0,,25484000,362000,,,,,,,,,,,,,,,,,,,,,70616000.0,70616000.0,,,,,,,,,,,,51056462.0,1147749.0,52978051,,,51056462,1147749.0,4051000.0,,,,,,,,,,,,,,,,,,,,,,,,,,,,
2015-02-26,True,53848094,199792761.0,3042000,2794000,,5080000.0,,5121000,17089000,,67937000.0,18807000.0,716000.0,4200000.0,,133000.0,4051000.0,,1600000.0,,18.3,798942000,693393000,,0.05,408000.0,,900000.0,,,25144000,11782000.0,,,0.01,100000000,53832782,53832782,538000,148207000.0,,,,27318000,2624000.0,,,,1330000.0,1718000.0,388000.0,,26978000.0,82000000.0,4125000.0,800000.0,,2114000.0,,2275000.0,,,800000.0,,,2535000,16802000,,161000.0,,1445000.0,1381000.0,64000.0,,,,200000.0,3107000.0,3107000.0,,1700000.0,645000.0,4538000,7162000.0,,,,,,1107000.0,0.05,,5409000.0,60875000.0,0.05,0.05,0.41,0.34,,0.04,-0.01,0.0,,0.04,,1582000.0,200000.0,1100000.0,700000.0,,,3000000.0,1100000.0,472000.0,0.0,-635000.0,1107000.0,,12095000.0,531000.0,1613000.0,,213000.0,213000.0,913000.0,1613000.0,17191000.0,5096000.0,660557000,248000.0,-4044000.0,35501000,51889000,0,0.0,0.0,,9656000.0,3993000,2013000.0,,935000.0,-2386000,1089000,,749000,-1505000.0,204778000.0,,,32000.0,6765000.0,232000.0,-1107000.0,1482000.0,,122000.0,-267000,,,465000,2000.0,2073155.0,,,400000.0,,3421000,3700000.0,,3482000.0,195000,,,3400000.0,,,,,,,,,,,798942000,678772000,,46032000,,855000.0,22264000.0,855000.0,1036000.0,988000.0,941000.0,894000.0,26123000,11963000.0,63547000,-3000.0,,208495000.0,,-219050000.0,,22337000.0,5663000.0,6000.0,,,1.0,24694000.0,135229000.0,4787000.0,,,,,,17445000.0,4226000.0,2092000.0,2778000.0,3927000.0,4142000.0,280000.0,,,,,2200000.0,,,,15700000.0,1421000.0,,2722000.0,,,,,18807000.0,,11000.0,1061000.0,,5409000.0,647000.0,,,,4800000.0,14270000,1952000,62840000.0,2409000.0,6538000.0,,,16398000.0,-65650000.0,,258000.0,53855629.0,2506000.0,56015000,47919000,,4325000,371000.0,,,5663000,,,44040000.0,,107911000,712000,300000.0,63754.0,0.5,0.0,0.0,4540020.0,0.24,3517327.0,0.25,0.0,0.5,0.0072,0.0141,0.0071,,2720657.0,0.0,2.0,0.5,0.0,74138000.0,74138000.0,46193000.0,12000.0,0.0,1061000.0,,,,,,,0.0,52018730.0,916842.0,53855629,,,52018730,781345.0,,,,,,,,,,,,,,,,,,,,,,,,,,,,,
2015-05-13,False,58370980,,2527000,1684000,,1568000.0,,7309000,18820000,,68165000.0,,,,,64000.0,13000.0,,400000.0,,,739589000,633551000,,,,,,,800000.0,35673000,10529000.0,,,0.01,100000000,56563541,56563541,566000,54351000.0,,,,8281000,810000.0,,,,,,,,26514000.0,27000000.0,,,,,,,-101000.0,,900000.0,,,2662000,18114000,,,,869000.0,,,,,,,,2430000.0,,700000.0,764000.0,1323000,2133000.0,,,,,,,,,,,0.11,0.11,0.4145,,,,,,,,,3160000.0,,,400000.0,,,,,,,,,,12498000.0,,,,,,,,17191000.0,4693000.0,591563000,,,11984000,51889000,0,,,,10239000.0,4244000,,,935000.0,-515000,-1110000,,2188000,1578000.0,-68994000.0,,,,1439000.0,119000.0,-635000.0,-3512000.0,4288000.0,,523000,,,1092000,-371000.0,1812710.0,,,0.0,,332000,300000.0,,,718000,,,1100000.0,,,,,,,,,,,739589000,613004000,,46196000,,862000.0,,,,,,,25652000,,21229000,,,-69470000.0,,66863000.0,,13136000.0,,,,,,7471000.0,44684000.0,10538000.0,,,,,,,,,,,,,,,,,,,,,,33000.0,,871000.0,,,,,,,12000.0,,,,911000.0,,,,,2502000,3044000,,,4391000.0,,,,-464000.0,,,,5995000.0,58444000,48692000,,1867000,371000.0,,,11658000,,,55222000.0,,36403000,254000,200000.0,,,,,,,,,,,,,,,,,,,,,80389000.0,,,,,3353000.0,,,,,,,,,56562661,,50315455.0,54749951,4434496.0,,,,,,,,,,,,,,,,,,,,,,,,,,,,,
2015-08-07,False,59110711,,2968000,2562000,,2539000.0,,6467000,20701000,,68195000.0,,,,,74000.0,85000.0,,400000.0,,,699182000,591947000,,,,800000.0,,,,42667000,17523000.0,,,0.01,100000000,57050684,57050684,571000,47820000.0,,,,8021000,,887000.0,38165000.0,,,,,,,,,,,,,,-230000.0,,800000.0,,,2958000,20077000,,,,373000.0,,,,,,,,1805000.0,,,941000.0,1400000,4420000.0,,,,,,,,7134000.0,,,0.1,0.1,0.4302,,,,,,,,,4964000.0,,,400000.0,,,,,,,,,,12901000.0,,,,,,,,17191000.0,4290000.0,542807000,-15000.0,-4044000.0,10096000,51889000,0,,,10435000.0,,4489000,,935000.0,,-970000,-242000,,1346000,3382000.0,-117750000.0,,,,3698000.0,373000.0,-1107000.0,-2541000.0,2866000.0,,131000,,,1260000,-371000.0,1331062.0,,,,,392000,300000.0,0.0,,326000,,,1100000.0,,,,,,,,,,,699182000,565495000,,47317000,26296000.0,861000.0,,,,,,,25435000,,16741000,,,-118455000.0,,113199000.0,,22779000.0,5946000.0,,,,,,,10808000.0,,,,,,,,,,,,,,,,,,,,19000.0,,,,1153000.0,,20000.0,,,,,23000.0,,183000.0,,-645000.0,,,,,4922000,3212000,62196000.0,,6539000.0,0.0,,,,,,,,60986000,50115000,682000.0,1907000,,371000.0,,17604000,,,48973000.0,,30144000,289000,200000.0,,,,,,,,,,,,,,,,,,,,86370000.0,,,,,,1931000.0,,,,,,,,,58369083,,50315455.0,57038021,6722566.0,4051000.0,,,,,,,,,,,,,,,,,,,,,,,,,,,,
2015-11-06,False,59105143,,3853000,3397000,,4509000.0,,7401000,22699000,,69657000.0,,,,,67000.0,108000.0,,400000.0,,,781582000,671220000,,,,1100000.0,,,,48547000,23403000.0,,,0.01,100000000,57050684,57050684,571000,54233000.0,,,,8909000,,945000.0,48485000.0,,,,,,,,,,,,,,-1514000.0,,800000.0,,,3329000,22657000,,,,316000.0,,,,,,,,464000.0,,,913000.0,1457000,6822000.0,,,,,,,,7964000.0,,,0.07,0.07,0.4179,,,,,,,,,4106000.0,,,300000.0,,86000.0,,,,,,,,13305000.0,,,,,,,,17191000.0,3886000.0,615895000,-15000.0,-4044000.0,11996000,51889000,0,,,6610000.0,,2763000,,935000.0,,-850000,592000,,1965000,2524000.0,-44662000.0,,,,6649000.0,336000.0,-1107000.0,-571000.0,2543000.0,,-245000,,,474000,-371000.0,1317146.0,,,0.0,,343000,300000.0,,,639000,,,1100000.0,,,,,,,,,,,781582000,641576000,,48327000,26081000.0,875000.0,,,,,,,25206000,,23774000,,,-45609000.0,,34883000.0,,34129000.0,3847000.0,,3798000.0,3798000.0,,,,6855000.0,,,,,,,,,,,,,,,,,,,,98000.0,,,,1107000.0,,20000.0,,,,,50000.0,,183000.0,,,,,,,10150000,2426000,62843000.0,,6539000.0,0.0,,,,,,,,64086000,53674000,897000.0,2349000,,371000.0,,21451000,,,55340000.0,,39576000,1721000,200000.0,,,,,,,,,,,0.022,,,0.26,,,,,,91679000.0,,,,,,1608000.0,,,,49000.0,-49000.0,,,,58367830,,50315455.0,57050684,6735229.0,4051000.0,,,,,,,,,,,,,,,,,,,,,,,,,,,,
2016-02-22,True,59096925,1000000000.0,4899000,2354000,,8687000.0,,9735000,24894000,,71135000.0,,3231000.0,3600000.0,,157000.0,,,1600000.0,,,876773000,761138000,,0.37,1613000.0,,1800000.0,,,50714000,25570000.0,,,0.01,100000000,57119873,57119873,571000,219987000.0,,,,35473000,,3683000.0,190218000.0,,11308000.0,13600000.0,2292000.0,,,,,,,-1109000.0,,-1020000.0,-1021000.0,,800000.0,,,3726000,25310000,,89000.0,,,1381000.0,64000.0,,1035000.0,,200000.0,1676000.0,641000.0,,,1404000.0,5738000,9421000.0,,,,,,,0.36,31790000.0,,,0.09,0.09,0.38,0.35,0.03,0.03,0.0,0.0,,0.04,0.01,2898000.0,,,,,209000.0,3700000.0,1100000.0,472000.0,,-635000.0,1107000.0,,13707000.0,319000.0,1613000.0,,213000.0,213000.0,213000.0,913000.0,17191000.0,3484000.0,696703000,-15000.0,-4044000.0,47826000,51889000,0,0.0,0.0,33525000.0,,12580000,19205000.0,6743000.0,,-431000,-440000,,4026000,1316000.0,36146000.0,,,,9699000.0,810000.0,-1107000.0,3607000.0,-5808000.0,,224000,,,1579000,-371000.0,1424530.0,,,400000.0,,1427000,1300000.0,,1271000.0,1093000,,4300000.0,4400000.0,,,,,,,,,,,876773000,727534000,,50925000,25860000.0,886000.0,20960000.0,886000.0,1075000.0,1027000.0,979000.0,933000.0,24974000,,92554000,,,34922000.0,,-52324000.0,,42972000.0,20945000.0,6000.0,20675000.0,20681000.0,1.0,,,6234000.0,,,,,,20313000.0,5278000.0,1545000.0,3586000.0,4533000.0,5097000.0,274000.0,,0.0,,,,,,517000.0,,,,4666000.0,,20000.0,,,,,106000.0,1061000.0,,5409000.0,647000.0,,,,,16549000,3531000,62840000.0,,6538000.0,0.0,,,,,258000.0,57919700.0,5157000.0,68452000,58858000,1118000.0,8627000,,0.0,,26608000,,,65118000.0,,154745000,3010000,200000.0,,,,,1979840.0,10.45,,,,,,,,,,,,,0.0,98314000.0,98314000.0,,12000.0,,1061000.0,,,,,270000.0,-270000.0,0.0,56495170.0,916842.0,58365587,,50315455.0,57109987,6179715.0,4051000.0,,,,,,,,,,,,,,,,,,,,,,,,,,,,
2016-05-05,False,59926434,,5694000,2580000,,1784000.0,,11983000,27399000,,72597000.0,,,,,,32000.0,,400000.0,,,1331632000,1205803000,,,,,,,1700000.0,72075000,21361000.0,,,0.01,100000000,57138157,57138157,571000,88904000.0,,,,11971000,,1186000.0,61422000.0,,,,,,,,,,,,3003000.0,,-3644000.0,,900000.0,,,3994000,26825000,,,,,,,,,,,,641000.0,,,866000.0,1723000,2909000.0,,,,,,,,10785000.0,,,0.32,0.31,0.3461,,,,,,,,,5237000.0,,,,,,,,,,,,,14110000.0,,,,,,,,17191000.0,3081000.0,1125619000,,,15206000,51889000,0,,,28427000.0,,9839000,,6743000.0,,-1170000,226000,,2111000,2339000.0,428916000.0,,,,1783000.0,-420000.0,,-6903000.0,13325000.0,,-423000,,,1262000,-371000.0,1229131.0,,,100000.0,,311000,300000.0,,,736000,,,1300000.0,,,,,,,,,,,1331632000,1161793000,,51475000,25550000.0,900000.0,,,,,,,24650000,,28662000,,,428692000.0,,-437279000.0,,29948000.0,18588000.0,,18356000.0,18361000.0,,,,28704000.0,,,,,,,,,,,,,,,,,,,,34000.0,,,,1222000.0,,,,,,,12000.0,,,,,,,,,8363000,4793000,,,,,,,,,,,,75544000,66990000,224000.0,3860000,,,,45196000,,,90126000.0,,49451000,1223000,,,,,,,,,,,,,,,,,,,,,118364000.0,,,,,,6582000.0,,,,232000.0,-232000.0,,,,58362040,,50315455.0,57132909,6817454.0,,,,,,,,,,,,,,,,,,,,,,,,,,,,,
2016-08-03,False,59826777,,5530000,2775000,,3052000.0,,12392000,29985000,,76112000.0,,,,,,63000.0,,400000.0,,,1258983000,1122559000,,,,2000000.0,,,,80893000,30179000.0,,,0.01,100000000,57624163,57539034,576000,72492000.0,,,,11865000,,1386000.0,57876000.0,,,,,,,,,,,,4295000.0,,-4936000.0,,1000000.0,,,4389000,29322000,,,,,,,,,,,,641000.0,,,936000.0,1823000,6118000.0,,,,,,,,10479000.0,,,0.18,0.18,0.3466,,,,,,,,,6538000.0,,,,,,,,,,,,,14514000.0,,,,,,,,17191000.0,2677000.0,1034314000,-3000.0,,15220000,51889000,0,,,15950000.0,,5529000,,6743000.0,,2619000,421000,,2091000,3640000.0,337611000.0,,,,4675000.0,-350000.0,,-5635000.0,12114000.0,,-652000,,,605000,-371000.0,1105673.0,,,200000.0,,170000,200000.0,,,441000,,,1400000.0,,,,,,,,,,,1258983000,1072497000,,57671000,29300000.0,911000.0,,,,,,,28349000,,24766000,,,337576000.0,,-361951000.0,,54554000.0,10421000.0,,10292000.0,10295000.0,,,,16004000.0,,,,,,,,,,,,,,,,,,,,116000.0,,,,1388000.0,,,,3490000.0,,,23000.0,,,,,,,,,24340000,4136000,,,3903000.0,,,,,,,,,79787000,76627000,448000.0,4202000,,,,55617000,,,73880000.0,,46011000,4817000,,,,,,,,,,,,,,,,,,,,,128815000.0,,,,,,5371000.0,85129.0,3490000.0,,129000.0,-129000.0,,,,58697229,19969.0,50315455.0,57591556,7296070.0,,,,,,,,,,,,,,,,,,,,,,,,,,,,,
2016-11-03,False,60111318,,4850000,1479000,,5381000.0,,13031000,33088000,,91413000.0,,,,,,96000.0,,400000.0,,,820995000,677678000,,,,2900000.0,,,,74496000,23782000.0,,,0.01,100000000,58386260,57898505,584000,75857000.0,,,,14748000,,1521000.0,76743000.0,,,,,,,,,,,,859000.0,,-1500000.0,,1100000.0,,,4821000,32064000,,,,,,,,,,,,641000.0,,,1010000.0,2032000,9671000.0,,,,,,,,13227000.0,,,0.11,0.1,0.2087,,,,,,,,,6680000.0,,,,6800000.0,,,,,,,,,14917000.0,,,,,,,,17191000.0,2274000.0,593041000,-230000.0,,24457000,51889000,0,,,117000.0,,-6081000,,4316000.0,,-3658000,-875000,,3241000,3782000.0,-103662000.0,,,,7849000.0,-276000.0,,-3306000.0,2427000.0,,-963000,,,460000,-371000.0,1087547.0,,,100000.0,,252000,300000.0,,,355000,,,1500000.0,,,,,,,,,,,820995000,628894000,,61064000,30090000.0,1090000.0,,,,,,,29000000,,29274000,,,-122185000.0,,71532000.0,,74435000.0,6198000.0,,6151000.0,6151000.0,,,,582000.0,,,,,,,,,,,,,,,,,,,,-213000.0,,,,1468000.0,,,,8379000.0,,,46000.0,,,,,14396000.0,,,,32130000,3991000,,,5000000.0,,,,,,,,,103741000,87285000,702000.0,6232000,,,,61815000,,,77325000.0,,61995000,18742000,,,,,,,,,,,,,,,,,,,,,131037000.0,,,,,,,487755.0,22775000.0,,47000.0,-47000.0,,,,58907281,329586.0,50315455.0,57819734,7833865.0,,,,,,,,,,,,,,,,,,,,,,,,,,,,,
2017-02-21,True,59491770,2100000000.0,3737000,1339000,,8003000.0,,17798000,35833000,,95452000.0,,24331000.0,4900000.0,,,,124000.0,1600000.0,,,1078613000,925583000,,,4651000.0,,,3600000.0,,60158000,9444000.0,,,0.01,100000000,58453283,57331022,585000,323548000.0,,,,54066000,,5798000.0,271170000.0,,12207000.0,15251000.0,3044000.0,,,,,,,-1476000.0,1207000.0,-1848000.0,-1848000.0,,1100000.0,,,5230000,34481000,,-372000.0,1207000.0,,36000.0,,,2658000.0,,,1487000.0,641000.0,,,1215000.0,7834000,13632000.0,,,,,,,,48268000.0,,,0.15,0.15,0.23,0.35,0.02,0.01,-0.01,,,0.04,0.02,4769000.0,,,,7000000.0,,4300000.0,1100000.0,472000.0,,-635000.0,1107000.0,,15320000.0,106000.0,913000.0,,213000.0,213000.0,213000.0,213000.0,17191000.0,1871000.0,858244000,64000.0,-4044000.0,69046000,51889000,0,0.0,0.0,57243000.0,,13403000,9323000.0,692000.0,,-1571000,-1015000,,3896000,1871000.0,161541000.0,,,,10675000.0,-71000.0,-1107000.0,-684000.0,6051000.0,,-418000,,,944000,-371000.0,1417895.0,,,400000.0,1300000.0,1036000,,,938000.0,675000,,8800000.0,5600000.0,,,,,,,,,,,1078613000,898894000,,63192000,29824000.0,1113000.0,3961000.0,1113000.0,21155000.0,1253000.0,1198000.0,1144000.0,28711000,,119258000,,,115542000.0,,-205051000.0,,98953000.0,43840000.0,,43507000.0,43507000.0,1.0,,,12681000.0,,,,,,21229000.0,5953000.0,1101000.0,2565000.0,4826000.0,5675000.0,1109000.0,,,,,,,,308000.0,,,,5593000.0,,,,35561000.0,,,78000.0,,,,,14396000.0,,,,43805000,4475000,62840000.0,,5000000.0,,,,,,295000.0,,8633000.0,109160000,96848000,964000.0,20966000,,,,70448000,,,87810000.0,,217104000,22471000,,,,,,2167939.0,23.33,,,,,,,,,,,,,,116527000.0,116527000.0,,,,,,1122261.0,49958000.0,49958000.0,333000.0,-333000.0,0.0,,,58882966,286699.0,50315455.0,57652531,7521448.0,4051000.0,,,,,,,,,,,,,,,,,,,,,,,,,,,,
2017-05-04,False,59427244,,3134000,1847000,,2726000.0,,17587000,39402000,,99490000.0,,,,,,23000.0,,400000.0,,,1218552000,1051654000,,,,2900000.0,,,,92915000,32757000.0,,,0.01,100000000,58471563,57349302,585000,117914000.0,,,,17146000,,2060000.0,80843000.0,,,,,,,,,,,,5687000.0,,-4480000.0,,1100000.0,,,5611000,36555000,,,,,,,,,,,,,,,1369000.0,2226000,4286000.0,,,,,,,,15086000.0,,,0.44,0.43,0.3348,,,,,,,,,7688000.0,,,,,,,,,,,,,15723000.0,,,,,,,,17191000.0,1468000.0,950980000,,,17826000,51889000,0,,,38503000.0,,12889000,,692000.0,,-1349000,508000,,-3436000,2919000.0,92736000.0,,,,2455000.0,154000.0,,-5277000.0,17269000.0,,-176000,,,938000,,1218793.0,,,100000.0,,257000,400000.0,,,499000,,,1500000.0,,,,,,,,,,,1218552000,1005429000,,66944000,31515000.0,1126000.0,,,,,,,30389000,,36848000,,,94404000.0,,-101872000.0,,40225000.0,25614000.0,,25421000.0,25425000.0,,,,38665000.0,,,,,,,,,,,,,,,,,,,,95000.0,,,,1594000.0,,,,,,,143000.0,,,,,,,,,9136000,5413000,,,2093000.0,,,,,,,,,114610000,106485000,282000.0,6797000,,,,96062000,,,119508000.0,,63697000,3625000,,,,,,,,,,,,,,,,,,,,,146179000.0,,,,,,16577000.0,1122261.0,49958000.0,,193000.0,-193000.0,,,,58525980,1122261.0,50315455.0,57307187,8113993.0,,,,,,,,,,,,,,,,,,,,,,,,,,,,,
2017-08-02,False,59575510,,3439000,1803000,,5236000.0,,19726000,43706000,,114287000.0,,,,,,59000.0,,400000.0,,,1045943000,866739000,,,,3500000.0,,,,68117000,7959000.0,,,0.01,100000000,59520637,57938217,595000,96351000.0,,,,17876000,,2267000.0,89138000.0,,,,,,,,,,,,7967000.0,,-6760000.0,,1100000.0,,,6040000,38964000,,,,,,,,,,,,,2100000.0,,1326000.0,2440000,8993000.0,,,,,,,,15609000.0,,,0.24,0.24,0.161,,,,,,,,,5857000.0,,,,8200000.0,,,,,,,,,16126000.0,,,,,,,,17191000.0,1065000.0,787015000,-3000.0,,26657000,51889000,0,,,8957000.0,,-5264000,,3547000.0,,-319000,464000,,-3395000,1088000.0,-71229000.0,,,,5293000.0,111000.0,,-2767000.0,-2855000.0,,-434000,,,1262000,,917528.0,,,100000.0,,281000,400000.0,,,520000,,,1400000.0,,,,,,,,,,,1045943000,828452000,,72443000,34618000.0,1139000.0,,,,,,,33479000,,34070000,,,-96654000.0,,49320000.0,,55293000.0,14221000.0,,14172000.0,14173000.0,,,,9089000.0,,,,,,,,,,,,,,,,,,,,149000.0,,,,1876000.0,,,,15187000.0,,,143000.0,,,,,14973000.0,,,,21909000,5737000,,,5440000.0,,,,,,,,,133429000,116957000,562000.0,8095000,,,,110283000,,,98227000.0,,71262000,17524000,,,,,,,,,,,,,,,,,,,,,145048000.0,,,,,,,1582420.0,80117000.0,,49000.0,-49000.0,,,,58816442,1277102.0,50315455.0,57898914,8860561.0,,,,,,,,,,,,,,,,,,,,,,,,,,,,,
2017-11-02,False,59196119,,2505000,1444000,,6782000.0,,18817000,48376000,,129770000.0,,,,,,92000.0,,100000.0,,,1069936000,876490000,,,,4600000.0,,,,66610000,6452000.0,,,0.01,100000000,59953932,58131606,599000,99498000.0,,,,17826000,,2502000.0,89850000.0,,,,,,,,,,,,5440000.0,,-4233000.0,,1100000.0,,,6526000,41841000,,,,,,,,,,,,,700000.0,,1341000.0,2403000,13898000.0,,,,,,,,15324000.0,,,0.24,0.24,0.083,,,,,,,,,9096000.0,,,,6900000.0,,,,,,,,,2183000.0,,,,,,,,3194000.0,1011000.0,792734000,-21000.0,,25967000,51889000,0,,,11335000.0,,-2732000,,9247000.0,,-1463000,105000,,-3225000,4327000.0,-65510000.0,,,,8656000.0,126000.0,,-1221000.0,-8555000.0,,75000,,,1230000,,870280.0,,,300000.0,,220000,400000.0,,,750000,,,1400000.0,,,,,,,,,,,1069936000,837612000,,75059000,34370000.0,1152000.0,,,,,,,33218000,,35542000,,,-108552000.0,,22584000.0,,92420000.0,14067000.0,,14028000.0,14029000.0,,,,11437000.0,,,,,,,,,,,,,,,,,,,,118000.0,,,,1789000.0,,,,19391000.0,,,143000.0,,,,,28105000.0,,,,42926000,5705000,,,5440000.0,,,,,,,,,142303000,133765000,843000.0,8112000,,,,124350000,,,101287000.0,,72024000,31757000,,,,,,,,,,,,,,,,,,,,,157265000.0,,,,,,,1822326.0,97454000.0,,39000.0,-39000.0,,,,58873502,1675171.0,50315455.0,58003222,9362938.0,,,,,,,,,,,,,,,,,,,,,,,,,,,,,
2018-02-14,True,59182715,3300000000.0,6490000,1576000,,9585000.0,,19991000,53525000,,137234000.0,,41798000.0,7900000.0,38513000.0,,,117000.0,900000.0,,,1355164000,1149862000,649000.0,,6686000.0,,,7000000.0,,46077000,-14081000.0,,,0.01,100000000,60149411,57788573,601000,425424000.0,,,,72028000,,9590000.0,354422000.0,,10136000.0,11927000.0,1791000.0,,35500000.0,,,,,199000.0,3294000.0,-2087000.0,-2087000.0,,1300000.0,,,6982000,44642000,,-2286000.0,3294000.0,,1677000.0,,70000.0,1446000.0,,,,,4100000.0,,1456000.0,9805000,19395000.0,,,,,673000.0,554000.0,,62438000.0,,,0.22,0.22,0.13,0.35,0.02,0.01,-0.01,,,0.04,0.03,7015000.0,,,,,,5000000.0,,,,,,,2236000.0,,213000.0,,106000.0,213000.0,213000.0,213000.0,3194000.0,958000.0,1089201000,-21000.0,-923000.0,91647000,51889000,0,0.0,0.0,76647000.0,,9840000,18332000.0,7047000.0,,79000,237000,,-2709000,2246000.0,230957000.0,,,,11913000.0,241000.0,,1582000.0,-6355000.0,,-462000,,,507000,-371000.0,950864.0,,,800000.0,1700000.0,911000,,,791000.0,979000,,15800000.0,6100000.0,,,,,,,,,,,1355164000,1140152000,,79610000,35302000.0,888000.0,27512000.0,888000.0,1775000.0,1775000.0,1775000.0,1775000.0,34414000,,150512000,,,145665000.0,,-290346000.0,,130600000.0,66807000.0,,66636000.0,66639000.0,1.0,,,19434000.0,,,,,,20959000.0,6833000.0,1626000.0,2149000.0,3494000.0,6005000.0,852000.0,,,,,,,,-1067000.0,,,,7623000.0,,,,56880000.0,,823000.0,344000.0,,,,,32850000.0,,,,59389000,4982000,,,40940000.0,,,,,,295000.0,,12905000.0,151791000,147705000,35335000.0,30430000,,,,137255000,,,114025000.0,,282394000,38542000,,,,,,,,,,,,,,,,,,,,,135402000.0,,,,,,,2360838.0,139688000.0,89730000.0,171000.0,-171000.0,0.0,,,58850271,1526930.0,50315455.0,58100141,9050630.0,,,,,,,,,,,,,,,,,,,,,,,,,,,,,
2018-05-03,False,59063253,,3421000,2350000,,2605000.0,,20145000,59540000,,189302000.0,,,,,,6000.0,,100000.0,188580000.0,,1608130000,1205019000,168000.0,,,6600000.0,,,,68121000,22044000.0,,,0.01,100000000,60446702,57916718,604000,151885000.0,,,,23605000,,3037000.0,102896000.0,,,,,,,,,,28920000.0,,,,4272000.0,49129000.0,1300000.0,53777000.0,3943000.0,7358000,46419000,1790000.0,,,,,,,,,,,53401000.0,1400000.0,,2021000.0,3032000,6069000.0,13000.0,155000.0,738000.0,,,554000.0,,20568000.0,,,0.71,0.7,0.2092,,,,,,,,,11322000.0,,,,,,,,,,,,,2289000.0,,,,,,,,3194000.0,905000.0,1095160000,,,32657000,51889000,0,,,52050000.0,,10890000,,3034000.0,,-710000,774000,,2232000,4307000.0,5959000.0,,17712000.0,,2153000.0,565000.0,,-6980000.0,4013000.0,,193000,,,2019000,,945709.0,,,400000.0,,257000,400000.0,,,420000,,,1800000.0,,,,,,,,,,,1608130000,1141342000,649000.0,133755000,35266000.0,1331000.0,,,,,,,33935000,,32352000,,,-10953000.0,,-24667000.0,,57664000.0,41160000.0,,41060000.0,41062000.0,,,,51020000.0,,,,,,,,,,,,,,,,,,,,1030000.0,,,,2031000.0,,,,4999000.0,,,42000.0,,,,,11871000.0,,,,18708000,7001000,,,2093000.0,,,,,,,,,162808000,159561000,282000.0,11250000,,,,299685000,,5500000.0,153916000.0,,79291000,23222000,,,,,,,,,,,,,,,,,,,,,333033000.0,,,,,,,2529984.0,156558000.0,,100000.0,-100000.0,,,,58738732,2408586.0,50315455.0,57793023,9886154.0,,,,,,,,,,,,,,,,,,,,,,,,,,,,,
2018-08-02,False,58625158,,4995000,2414000,,4441000.0,,18796000,66200000,,193288000.0,,,,,,15000.0,,100000.0,196778000.0,,1418965000,1002032000,492000.0,,,4600000.0,,,,54630000,8553000.0,,,0.01,100000000,60638672,57701124,606000,,,,,20931000,,3254000.0,85763000.0,,,,,,,,,,30540000.0,,,,10234000.0,49129000.0,1300000.0,57189000.0,5316000.0,7867000,49322000,1904000.0,,,,,,,,,,,59363000.0,1300000.0,,1609000.0,3459000,12782000.0,57000.0,435000.0,1010000.0,,,554000.0,,17677000.0,,,0.62,0.61,0.196,,,,,,,,,8895000.0,,,,,,,,,,,,,2342000.0,,,,,,,,3194000.0,852000.0,900287000,,,18995000,51889000,0,,,43518000.0,,7796000,,5602000.0,,593000,838000,,1789000,1880000.0,-188914000.0,,27487000.0,,5565000.0,153000.0,,-5144000.0,1445000.0,,-57000,,,3043000,,883473.0,,,300000.0,,34000,400000.0,,,477000,,,1800000.0,,,,,,,,,,,1418965000,947056000,649000.0,142171000,35261000.0,1775000.0,,,,,,,33486000,,31647000,,-248845000.0,,157041000.0,,100357000.0,55293000.0,35722000.0,,35639000.0,35640000.0,,,,43037000.0,,,,,,,,,,,,,,,,,,,,515000.0,,,,,,,,41689000.0,,,56000.0,,,,,18186000.0,,,,31873000,8025000,,,5440000.0,,,,,,,,,220843000,165370000,562000.0,10731000,,,,335407000,128800000.0,3900000.0,,,64832000,26921000,,,,,,,,,,,,,,,,,,,,,329738000.0,,,,,,,2937548.0,199563000.0,,83000.0,-83000.0,,,,58720785,,,57837312,,,,,,,,,,,,,,,,,,,,,,,,,,,,,,
2018-11-01,False,58613653,,6173000,2213000,860000.0,6454000.0,,19654000,74275000,,198255000.0,,,,,,24000.0,,100000.0,207322000.0,,1468186000,1037534000,,,,5200000.0,,,,85048000,38971000.0,,,0.01,100000000,60698352,57730356,606000,,60814000.0,5643000.0,3967000.0,22125000,,,97043000.0,,,,,,,,,,32465000.0,,,,15077000.0,49129000.0,1400000.0,,,8409000,52405000,,,,,,,,,,,,64206000.0,1200000.0,,1567000.0,4161000,20910000.0,97000.0,679000.0,1259000.0,,,554000.0,,18158000.0,,,0.5,0.49,0.2,,,,,,,,,12937000.0,,,,,,,,,,,,,2396000.0,,,,,,,,3194000.0,798000.0,902747000,-21000.0,,22048000,51889000,0,,,36444000.0,,7675000,,6456000.0,,1789000,637000,,4242000,5922000.0,-229375000.0,,39881000.0,,9190000.0,111000.0,,-3131000.0,591000.0,,56000,,,2952000,,818271.0,,,800000.0,,384000,400000.0,,,574000,,,1900000.0,,,,,,,,,,,1468186000,958149000,,149660000,34824000.0,1775000.0,,,,,,,33049000,,37183000,,-249928000.0,,143050000.0,,145849000.0,92049000.0,28769000.0,,28733000.0,28733000.0,,,,36245000.0,,,,,,,,,,,,,,,,,,,,583000.0,,,,,,,,42857000.0,,,58000.0,,,,,20115000.0,,137561000.0,,44264000,7934000,,,5440000.0,,,,,95500000.0,,,105651000.0,231376000,168397000,444000.0,11526000,,,,364176000,133288000.0,2000000.0,,,74918000,31508000,,,,,,,,,,,,,,,,,,,,,360377000.0,,,,,,,2967996.0,202660000.0,,36000.0,-36000.0,,,,58545061,,,57726790,,,,,,,,,,,,,,,,,,,,,,,,,,,,,,
2019-02-14,True,58599531,4900000000.0,6288000,3414000,1112000.0,10671000.0,,22440000,82969000,,203680000.0,,41877000.0,16800000.0,36411000.0,,,32000.0,200000.0,225459000.0,,1521926000,1064622000,,,1759000.0,22000000.0,,12500000.0,,45718000,-359000.0,,,0.01,100000000,60746715,57276992,607000,,64651000.0,20925000.0,14532000.0,90763000,,,392621000.0,62585000.0,12414000.0,16569000.0,4155000.0,,34613000.0,,,,35286000.0,14365000.0,,21077000.0,21077000.0,49129000.0,1400000.0,,,8980000,55671000,,6712000.0,,,935000.0,,350000.0,1529000.0,,,,70206000.0,5300000.0,,2249000.0,15125000,29657000.0,,,,479000.0,,554000.0,,76231000.0,,,0.55,0.54,0.22,0.21,0.0,0.01,,,,0.06,0.02,10741000.0,,,,,,6500000.0,,,,,,,2449000.0,,213000.0,,,106000.0,213000.0,213000.0,3194000.0,745000.0,967787000,-21000.0,-923000.0,96605000,51889000,0,0.0,0.0,174711000.0,,37646000,13511000.0,3962000.0,,1079000,1838000,,6498000,3726000.0,-112037000.0,13027000.0,60730000.0,,,762000.0,,1086000.0,3085000.0,,306000,,,2676000,,871171.0,,,800000.0,1600000.0,766000,1600000.0,,708000.0,797000,0.0,22000000.0,7600000.0,,,,,,,,,,1187173000.0,1521926000,1028682000,,158491000,34389000.0,1775000.0,25738000.0,1775000.0,1775000.0,1775000.0,1775000.0,1775000.0,32614000,,143881000,,-247796000.0,,62620000.0,,184817000.0,130149000.0,31414000.0,,136906000.0,136909000.0,1.0,,,43413000.0,,,,,,28258000.0,8315000.0,2839000.0,4478000.0,5224000.0,6900000.0,502000.0,,,,,,,,1762000.0,,,,,,,,105188000.0,,823000.0,58000.0,,,,,20248000.0,,145011000.0,,59906000,7658000,,,40940000.0,,,,,155500000.0,295000.0,,137065000.0,242319000,176962000,888000.0,46247000,,,,395590000,566336000.0,,150332000.0,,301858000,36576000,,,,,,,,,,,,,,,,,,,,,334753000.0,,,,,,,3469723.0,265124000.0,125436000.0,159000.0,-159000.0,0.0,,,58238231,,,57491280,,,,,,,,,,,,,,,,,,,,,,,,,,,,,,
2019-05-02,False,58507395,,4081000,3835000,165000.0,4553000.0,,40132000,92247000,,239865000.0,,36187000.0,,,,9000.0,,100000.0,247135000.0,,2062828000,1549484000,,,,8900000.0,,,,91307000,45589000.0,,,0.01,100000000,61027123,57447346,609000,,67511000.0,5561000.0,4542000.0,29318000,,,137455000.0,,,,,,,,,,38811000.0,,,,3722000.0,,1600000.0,,,9672000,57839000,,,,,,,,,,,,73928000.0,1600000.0,,,4805000,9347000.0,,,,-540000.0,,,,24776000.0,,,0.82,0.81,0.239,,,,,,,,,14506000.0,,,,,,,,,,,,,2502000.0,,,,,,,,3194000.0,692000.0,1405465000,,,45198000,51889000,0,,,62112000.0,,14830000,,3962000.0,,-1251000,421000,,7923000,3765000.0,435213000.0,2860000.0,23414000.0,,,,,-6118000.0,7488000.0,,11000,,702000.0,1498000,,958664.0,,,100000.0,,276000,400000.0,,,910000,,,2400000.0,26876000.0,335000.0,,2543000.0,4285000.0,4974000.0,7862000.0,6877000.0,2025000.0,1664275000.0,2062828000,1483710000,,180565000,33954000.0,1775000.0,,,,,,,32179000,,39645000,,417565000.0,,-452402000.0,,80426000.0,,47282000.0,,47227000.0,47228000.0,,,,62488000.0,24851000.0,8700000.0,16200000.0,2200000.0,24900000.0,,,,,,,,0.042,,26809000.0,,,16619000.0,,-100000.0,,,,,,,,4999000.0,,,42000.0,,,,,19669000.0,,16800000.0,,14889000,9156000,,,,,,,,14500000.0,,,47282000.0,259131000,187511000,444000.0,18489000,,,,442872000,199943000.0,,,,108137000,31071000,,,,,,,,,,,,,,,,,,,,,398553000.0,,,,,,3526000.0,3579777.0,284793000.0,19669000.0,55000.0,-55000.0,,,,58316154,,,57357490,,,,,,,,,,,,,,,,,,,,,,,,,,,,,,
2019-08-01,False,58420664,,3622000,2850000,367000.0,7901000.0,,39530000,102521000,,246069000.0,,6207000.0,,,,17000.0,,100000.0,259241000.0,,1826192000,1287986000,,,,6700000.0,,,,94814000,,1181990000.0,195526000.0,0.01,100000000,61302000,57629000,612000,,70004000.0,5459000.0,4950000.0,25239000,,,116427000.0,,,,,,,,,,40868000.0,,,,9436000.0,,1500000.0,,,10082000,59922000,,,,,,,,,,,,79642000.0,1700000.0,,,5378000,19675000.0,,,,-1376000.0,,,,20289000.0,,,0.85,0.83,0.161,,,,,,,,,11560000.0,,,,,,,,,,,,,2555000.0,,,,,,,,3194000.0,639000.0,1126808000,,,27460000,51889000,0,,,52365000.0,,3603000,,10615000.0,,-1284000,-564000,,7820000,819000.0,,5353000.0,37591000.0,,,,,-2771000.0,-6654000.0,,248000,,2479000.0,3607000,,841000.0,,,100000.0,,258000,400000.0,,,767000,,,2400000.0,29254000.0,1067000.0,,3368000.0,5023000.0,5838000.0,8968000.0,4990000.0,2228000.0,1391430000.0,1826192000,1201278000,,190152000,33502000.0,1775000.0,,,,,,,31727000,,41575000,,119688000.0,,-46930000.0,,122768000.0,,48762000.0,,48708000.0,48708000.0,,,,52886000.0,27026000.0,9300000.0,17700000.0,2500000.0,25500000.0,,,,,,,,0.042,,30705000.0,,,18861000.0,,-263000.0,,,,,,,,41689000.0,,,16000.0,,,,,38429000.0,,46425000.0,,34705000,11264000,,,,,,,,34200000.0,,,96044000.0,276646000,196371000,888000.0,16775000,1087176000.0,,,491634000,169313000.0,,,,91188000,36668000,,,,,,,,,,,,,,,,,,,,,434762000.0,,,,,,,3672000.0,303553000.0,18760000.0,54000.0,-54000.0,,,,58410000,,,57569000,,,,,,,,,,,,,,,,,,,,,,,,,,,,,,
2019-10-31,False,58399009,,4693000,2609000,646000.0,,,39354000,113437000,,250853000.0,,4784000.0,,,,26000.0,,100000.0,272783000.0,,1592027000,1012975000,,,,7100000.0,,,,108127000,,909290000.0,-77174000.0,0.01,100000000,61346000,57657000,612000,,73365000.0,6631000.0,5304000.0,26392000,,,124450000.0,,,,,,,,,,43385000.0,,,,15715000.0,,1500000.0,,,10634000,62731000,,,,,,,,,,,,85921000.0,1500000.0,,,5665000,30644000.0,,,,-1789000.0,,,,21088000.0,,,0.68,0.67,0.18,,,,,,,,,,,,,,,,,,,,,,2608000.0,,,,,,,,3194000.0,586000.0,835918000,,,25728000,51889000,0,,,50491000.0,,11339000,,9512000.0,,-970000,-805000,,6176000,,,8714000.0,53654000.0,,,,,,-5550000.0,,181000,,2367000.0,5066000,,729000.0,,,200000.0,,260000,300000.0,,,700000,,,2600000.0,28855000.0,1382000.0,,3666000.0,5314000.0,6397000.0,9570000.0,2526000.0,2027000.0,1117129000.0,1592027000,918478000,,198651000,33068000.0,1775000.0,,,,,,,31293000,,47060000,,-175445000.0,,-78148000.0,,176419000.0,,39152000.0,,39134000.0,39134000.0,,,,50556000.0,26828000.0,9600000.0,17200000.0,2700000.0,25300000.0,,,,,,,,0.041,,30345000.0,,,18706000.0,,195000.0,,,,,,,,42857000.0,,,16000.0,,,,,42229000.0,,61268000.0,,71080000,12724000,,,,,,,,54200000.0,,,135196000.0,290298000,224035000,1331000.0,19605000,801163000.0,,,530786000,175006000.0,,,,98058000,41122000,,,,,,,,,,,,,,,,,,,,,474898000.0,,,,,,,3688000.0,307353000.0,3800000.0,18000.0,-18000.0,,,,58383000,,,57654000,,,,,,,,,,,,,,,,,,,,,,,,,,,,,,
2020-02-13,True,58846011,11100000000.0,5051000,9298000,940000.0,,,45600000,124950000,,257501000.0,,53827000.0,25900000.0,47268000.0,,,35000.0,200000.0,292134000.0,,2486917000,1871100000,,,7451000.0,30400000.0,,19000000.0,,133667000,,1641854000.0,655390000.0,0.01,100000000,61350000,57660000,613000,,76244000.0,23288000.0,20411000.0,109747000,,,511447000.0,,17812000.0,24500000.0,6688000.0,,32838000.0,,,,46618000.0,16209000.0,,21011000.0,21011000.0,,1500000.0,,,11105000,65139000,,4802000.0,,,532000.0,,350000.0,994000.0,,,,91217000.0,6700000.0,,,21800000,42211000.0,,,,-1456000.0,,,,89336000.0,,,0.79,0.78,0.2,0.21,0.0,0.03,,,,0.06,0.03,,,,,,,8300000.0,,,,,,,2662000.0,,213000.0,,,,106000.0,213000.0,3194000.0,532000.0,1662778000,-21000.0,-923000.0,127534000,51889000,0,0.0,0.0,226087000.0,,45511000,24566000.0,4020000.0,,-221000,5884000,,7561000,,,11593000.0,76204000.0,,,,,,-58000.0,,403000,,3555000.0,5903000,,834000.0,,,600000.0,1600000.0,940000,1600000.0,,891000.0,1158000,,30400000.0,10100000.0,30746000.0,301000.0,10462000.0,2063000.0,4474000.0,6071000.0,7375000.0,,2061000.0,1960289000.0,2486917000,1753522000,,206767000,32633000.0,1775000.0,23963000.0,1775000.0,1775000.0,1775000.0,1775000.0,1775000.0,30858000,,179286000,,650672000.0,,-219545000.0,,224263000.0,,45380000.0,,180495000.0,180496000.0,1.0,,,60294000.0,28685000.0,10300000.0,18400000.0,11800000.0,27100000.0,,,,,,,,0.039,,33336000.0,,,19553000.0,,803000.0,,,,,,,,105188000.0,,823000.0,16000.0,,,,,42528000.0,,195811000.0,,92934000,13561000,,,40940000.0,,,,,69200000.0,,,180576000.0,303100000,238458000,1775000.0,73080000,1508187000.0,,,576166000,193409000.0,,,,401700000,47268000,,,,,,,,,,,,,,,,,,,,,526628000.0,,,,,,,3689000.0,307652000.0,42528000.0,81000.0,-81000.0,0.0,,,58378000,,,57659000,,,,,,,,,,,,,,,,,,,,,,,,,,,,,,
2020-04-30,False,58566076,,5694000,8059000,467000.0,,,43633000,137114000,,275813000.0,,18313000.0,,,,9000.0,,100000.0,316768000.0,,2309725000,1651561000,,,8251000.0,9700000.0,,,,181827000,,1261244000.0,-380610000.0,0.01,100000000,61352000,57622000,614000,,78455000.0,5885000.0,5930000.0,30046000,,,153104000.0,,,,,,,,,,50513000.0,,,,1392000.0,,,,,11660000,66795000,,,,,,,,,,,,92609000.0,2200000.0,,,6285000,12215000.0,,,,,1644000.0,,,24116000.0,,,1.09,1.08,0.287,,,,,,,,,,,,,,,,,,,,,,2715000.0,,,,,,,,3194000.0,479000.0,1392379000,,,40134000,51889000,0,,,88318000.0,,25303000,,4020000.0,,408000,-1239000,,-1490000,,,2211000.0,27630000.0,,,,,,19973000.0,,-254000,,1801000.0,4292000,,785000.0,,,400000.0,,16000,400000.0,,,930000,,,,,,,,,,,,,1709937000.0,2309725000,1497915000,,212022000,32198000.0,1775000.0,,,,,,,30423000,,55018000,,-279011000.0,,-183629000.0,,82030000.0,,63015000.0,,62988000.0,62988000.0,,,,89264000.0,,,,,,,,,,,,,,,35084000.0,,,22195000.0,,-930000.0,,,,,,,,7998000.0,,,,,,,,170000.0,,177903000.0,,25726000,17853000,,,,,,,,20000000.0,,,63015000.0,319223000,254423000,444000.0,21621000,1079417000.0,,,639181000,242368000.0,,,,123058000,15811000,,,,,,,,,,,,,,,,,,,,,599788000.0,,,,,,15953000.0,3730000.0,315820000.0,8168000.0,27000.0,-27000.0,,,,58440000,,,57655000,,,,,,,,,,,,,,,,,,,,,,,,,,,,,,
2020-08-06,False,58532912,,3667000,9295000,974000.0,,,40513000,150135000,,300408000.0,,24597000.0,,,,19000.0,,,328380000.0,,1921500000,1240058000,,,4832000.0,11000000.0,,,,113518000,,853953000.0,-787901000.0,0.01,100000000,61613000,57588000,616000,,80887000.0,6601000.0,6301000.0,29558000,,,155011000.0,,,,,,,,,,53023000.0,,,,7319000.0,98536000.0,,,,12273000,68614000,,,,,,,,,,,,,2200000.0,,,6774000,25290000.0,,,,,1939000.0,,,23257000.0,,,0.5,0.49,0.204,,,,,,,,,,,,,,,,,,,,,,2768000.0,,,,,,,,3194000.0,426000.0,1033535000,,,40837000,51889000,0,,,26735000.0,,-1854000,,4324000.0,,-1017000,-3000,,-2621000,,,4643000.0,40488000.0,,,,,,-304000.0,,433000,,1113000.0,11426000,,669000.0,,,400000.0,,3000,400000.0,,,1376000,,,,,,,,,,,,,1335647000.0,1921500000,1117251000,,218396000,31764000.0,1775000.0,,,,,,,29989000,,56064000,,-705420000.0,,-189993000.0,,107512000.0,,28589000.0,,28576000.0,28576000.0,,,,26576000.0,,,,,,,,,,,,,,,34342000.0,,,21257000.0,,162000.0,,,,,,,,52040000.0,,,16000.0,,,,,23249000.0,,207878000.0,,52458000,24987000,,,,,,,,70343000.0,,,91604000.0,347940000,266831000,888000.0,21778000,740435000.0,,,667770000,181587000.0,,,5124000.0,125453000,37029000,,,,,,,,,,,,,,,,,,,,,585853000.0,,,,,,,4025000.0,382941000.0,67121000.0,13000.0,-13000.0,,,,58237000,,,57568000,,,,,,,,,,,,,,,,,,,,,,,,,,,,,,
2020-11-05,False,58512531,,9237000,12355000,1374000.0,,,44883000,163865000,,322321000.0,,21913000.0,,,,27000.0,,200000.0,342436000.0,,2485199000,1778316000,,,2707000.0,11700000.0,,,,156398000,,1398524000.0,-243330000.0,0.01,100000000,61639000,57605000,616000,,85387000.0,3338000.0,6634000.0,30912000,,,162496000.0,,,,,,,,,,56245000.0,,,,11204000.0,102421000.0,,,,13887000,71500000,,,,,,,,,,,,,1900000.0,,,7150000,39073000.0,,,,,2042000.0,,,24278000.0,,,0.48,0.47,0.203,,,,,,,,,,,,,,,,,,,,,,2821000.0,,,,,,,,3194000.0,373000.0,1522357000,,,40516000,51889000,0,,,34282000.0,,6800000,,9280000.0,,4491000,3057000,,2239000,,,9143000.0,56922000.0,,,,,,-5260000.0,,-32000,,3757000.0,7196000,,568000.0,,400000.0,400000.0,,19000,,,,924000,,,,,,,,,,,,,1852800000.0,2485199000,1627801000,,224999000,31329000.0,1775000.0,,,,,,,29554000,,62146000,,-219891000.0,,-197767000.0,,174328000.0,,27482000.0,,27482000.0,27482000.0,,,,34036000.0,,,,,,,,,,,,,,,36934000.0,,,21524000.0,,246000.0,,,,,18000.0,,,52040000.0,,,16000.0,,,,,26099000.0,,217858000.0,,73502000,20757000,,,,,,,,93593000.0,,,119086000.0,364227000,275624000,1331000.0,21772000,1242126000.0,,2900000.0,695252000,196532000.0,,,9323000.0,131584000,56531000,,,,,,,,,,,,,,,,,,,,,632399000.0,,,,,,,4034000.0,385790000.0,2849000.0,,-18000.0,,,,58171000,,,57603000,,,,,,,,,,,,,,,,,,,,,,,,,,,,,,
2021-02-18,True,60188541,14200000000.0,6787000,9130000,1563000.0,,,44175000,178111000,,357908000.0,,100412000.0,66900000.0,90108000.0,,36000.0,,200000.0,371357000.0,,2607912000,1864605000,,,837000.0,43800000.0,,27100000.0,,151710000,,1585275000.0,-56579000.0,0.01,100000000,61861000,57739000,618000,,86826000.0,18423000.0,25768000.0,123546000,,,655311000.0,,14680000.0,21102000.0,6422000.0,0.01,31063000.0,,,,60819000.0,15204000.0,,21381000.0,21381000.0,112598000.0,1500000.0,,,13567000,73259000,,6177000.0,,,697000.0,,,1219000.0,112598000.0,,,,8600000.0,,,27605000,53373000.0,,,,-1993000.0,,,,97778000.0,,,0.42,0.42,0.23,0.21,,0.06,,,0.09,0.08,0.03,,,,,,,,,,,,,,2875000.0,,200000.0,,,,,100000.0,3194000.0,319000.0,1613494000,,,178200000,51889000,0,0.0,0.0,185936000.0,,42483000,27530000.0,10447000.0,,1529000,-168000,,-2002000,,,10582000.0,89776000.0,,,,,,-6427000.0,,41000,,1720000.0,4293000,,665000.0,,1500000.0,1500000.0,,19000,,,891000.0,1151000,,,11300000.0,29301000.0,,11204000.0,941000.0,3452000.0,5970000.0,7734000.0,,1405000.0,1952269000.0,2607912000,1718030000,,234239000,30894000.0,1775000.0,,1775000.0,23963000.0,1775000.0,1775000.0,1775000.0,29119000,,235716000,,-165909000.0,,-117877000.0,,227207000.0,,24367000.0,,143453000.0,143453000.0,1.0,,,36247000.0,27896000.0,,,12600000.0,,,,,,,,,0.033,,34843000.0,,,19263000.0,,-168000.0,,,,,81000.0,,,52040000.0,,,16000.0,,,,,62811000.0,,332756000.0,,94102000,17854000,,,,,,,,308981000.0,,,143453000.0,380462000,285218000,1775000.0,90244000,1433565000.0,,3500000.0,719619000,220947000.0,,,9693000.0,531765000,90108000,,,,,,,,,,,,,,,,,,,,,655643000.0,,,,,,,4122000.0,422502000.0,114850000.0,,-81000.0,0.0,,,58214000,,,57653000,,,,,,,,,,,,,,,,,,,,,,,,,,,,,,
2021-05-06,False,60183272,,12133000,19792000,77000.0,,,45399000,192786000,,383502000.0,,25594000.0,,,,9000.0,,,394867000.0,,3406773000,2624207000,,,6217000.0,12300000.0,,,,215093000,,2367556000.0,782281000.0,0.01,100000000,61864000,57741000,618000,,88993000.0,4795000.0,7200000.0,36273000,,,177652000.0,,,,,0.01,,,,,64441000.0,,,,2738000.0,115336000.0,,,,14191000,74802000,,,,,,,,,,,,,3300000.0,,,7716000,14916000.0,,,,424000.0,,,,29073000.0,,,1.12,1.11,0.321,,,,,,,,,,,,,,,,,,,,,,,,,,,,,,,,2299684000,-132000.0,,46191000,51889000,0,,,95175000.0,,30559000,,10447000.0,,803000,10662000,,-321000,,,2167000.0,26575000.0,,,,,,23424000.0,,125000,,-559000.0,6255000,,654000.0,,400000.0,400000.0,,16000,,,,1088000,,,,,,,,,,,,,2661297000.0,3406773000,2425574000,,235723000,30459000.0,1775000.0,,,,,,,28684000,,62761000,,685369000.0,,7455000.0,,89457000.0,,64616000.0,,64616000.0,64616000.0,,,,94546000.0,,,,,,,,,,,,,,,34231000.0,,,16901000.0,,629000.0,,,,,27000.0,,,7998000.0,,,,,,,,377000.0,,47215000.0,,25330000,24109000,,,,,,,,80000000.0,,,64616000.0,397790000,301579000,444000.0,24711000,2152463000.0,,4200000.0,784235000,272198000.0,,,541000.0,141379000,23581000,,,,,,,,,,,,,,,,,,,,,745476000.0,,,,,,12977000.0,4123000.0,422879000.0,377000.0,,-27000.0,,,,58394000,,,57740000,,,,,,,,,,,,,,,,,,,,,,,,,,,,,,
2021-08-05,False,60094394,,9220000,19905000,183000.0,,,55337000,208424000,,409979000.0,,26480000.0,,,,18000.0,,400000.0,410700000.0,,3233087000,2356522000,,,7131000.0,13700000.0,,,,202362000,,2060570000.0,475295000.0,0.01,100000000,62135000,57918000,621000,,92458000.0,5071000.0,7637000.0,36410000,,,195056000.0,,,,,0.01,,,,,67720000.0,,,,6485000.0,119083000.0,,,,14946000,77512000,,,,,,,,,,,,,2600000.0,,,8380000,30933000.0,,,,287000.0,,,,28773000.0,,,0.9,0.9,0.179,,,,,,,,,,,,,,,,,,,,,,3306000.0,,4000000.0,2100000.0,3900000.0,3900000.0,3900000.0,3900000.0,63393000.0,60087000.0,2025372000,-132000.0,,54063000,51889000,0,,,47236000.0,,-5042000,,7997000.0,,2267000,10775000,,3051000,,,5632000.0,44893000.0,,,,,,2450000.0,,-80000,,-1631000.0,14430000,,239000.0,60087000.0,300000.0,300000.0,,3000,,,,882000,,,,,,,,,,,,,2440831000.0,3233087000,2145208000,,295623000,30025000.0,1775000.0,,,,,,,28250000,,67979000,,378635000.0,,-49783000.0,,146443000.0,,52278000.0,,52278000.0,52278000.0,,,,47090000.0,,,,,,,,,,,,,,,32892000.0,,,70778000.0,157000.0,146000.0,,,,,13000.0,,,52040000.0,,,,,,,,32355000.0,,142051000.0,,62732000,32284000,,,,,,,,155000000.0,,,116894000.0,418858000,320997000,888000.0,28224000,1858208000.0,,3900000.0,836513000,242146000.0,,,1572000.0,158646000,47373000,,,,,,,,,,,,,,,,,,,,,792256000.0,,,,,,,4217000.0,454857000.0,31978000.0,,-13000.0,,,,58092000,,,57853000,,,,,,,,,,,,,,,,,,,,,,,,,,,,,,
2021-11-04,False,60025819,,9441000,13004000,276000.0,,,50340000,224713000,,441479000.0,,31501000.0,,,,27000.0,,1100000.0,430761000.0,,4218038000,3313182000,,,5994000.0,13200000.0,,,,230926000,,3034933000.0,1449658000.0,0.01,100000000,62275000,57997000,622000,,97877000.0,5154000.0,7914000.0,42680000,,,212889000.0,,,,,0.01,,,,,71559000.0,,,,12630000.0,125228000.0,,,,16175000,81702000,,,,,,,,,,,,,2900000.0,,,9407000,48254000.0,,,,305000.0,,,,34766000.0,,,0.52,0.52,0.208,,,,,,,,,,5108000.0,,,,,,,,,,,,4336000.0,,4000000.0,1000000.0,3900000.0,3900000.0,3900000.0,3900000.0,63393000.0,59057000.0,2959973000,-146000.0,,59980000,51889000,0,,,43549000.0,,13170000,,10211000.0,,1659000,3874000,,2117000,,,11051000.0,68041000.0,,,,,,236000.0,,-97000,,-671000.0,8789000,,255000.0,59057000.0,400000.0,400000.0,,19000,,,,866000,,,,,,,,,,,,,3392697000.0,4218038000,3086273000,,306424000,29590000.0,1775000.0,,,,,,,27815000,,69745000,,1283999000.0,,-63978000.0,,229637000.0,,30379000.0,,30379000.0,30379000.0,,,,43305000.0,,,,,,,,,,,,,,,33853000.0,,,71679000.0,618000.0,244000.0,,,,,,,,52040000.0,,,,,,,,61149000.0,1500000.0,170760000.0,,86718000,26643000,,,,,,,,195000000.0,,,147273000.0,436599000,329296000,1331000.0,31077000,2804007000.0,,3400000.0,866892000,256194000.0,,,4439000.0,170209000,76364000,,,,,,,,,,,,,,,,,,,,,825341000.0,,,,,,,4278000.0,483652000.0,28795000.0,,,,,,58190000,,,57935000,,,,,,,,,,,,,,,,,,,,,,,,,,,,,,
2022-02-17,True,60213519,18600000000.0,5772000,9490000,452000.0,,,63397000,242652000,,465594000.0,,107691000.0,71600000.0,97506000.0,,36000.0,,2500000.0,461852000.0,,3215145000,2252038000,,,7581000.0,52900000.0,,36500000.0,,277978000,,1812691000.0,227416000.0,0.01,100000000,62298000,58012000,623000,,101426000.0,23980000.0,31411000.0,161886000,,,801957000.0,,17557000.0,27096000.0,9539000.0,0.01,29288000.0,,,,76724000.0,26579000.0,,32906000.0,32906000.0,145504000.0,,,,16277000,85149000,,6327000.0,,,614000.0,,,1541000.0,145504000.0,,,,11600000.0,,,35811000,67222000.0,,,,662000.0,,,,130475000.0,,,3.39,3.37,0.23,0.21,,0.06,,,0.07,0.08,0.03,,7141000.0,,,,,,,,,,,,5365000.0,,4000000.0,,3900000.0,3900000.0,3900000.0,3900000.0,63393000.0,58028000.0,1846573000,-146000.0,,209840000,51889000,0,0.0,0.0,255962000.0,,60002000,33068000.0,16413000.0,,-660000,360000,,17004000,,,14600000.0,103356000.0,,,,,,-5966000.0,,-481000,,7862000.0,5875000,,306000.0,58028000.0,1400000.0,1400000.0,,19000,,,2000.0,1131000,,,,32959000.0,2204000.0,11069000.0,1490000.0,3082000.0,5954000.0,9160000.0,,2047000.0,2321431000.0,3215145000,1990410000,,331021000,29155000.0,1775000.0,,1775000.0,,23963000.0,1775000.0,1775000.0,27380000,,275994000,,165724000.0,,-257670000.0,,319362000.0,,195960000.0,,195960000.0,195960000.0,1.0,,,253567000.0,30912000.0,,,13300000.0,29841000.0,,,,,,,,0.033,,42385000.0,,,72988000.0,1051000.0,2395000.0,,,,,81000.0,,,52040000.0,,,16000.0,,,,,65580000.0,5500000.0,398819000.0,,120692000,23729000,,,,,,,,267341000.0,,,195960000.0,546467000,348953000,1775000.0,118426000,1534713000.0,,100000.0,915579000,1055524000.0,,,14141000.0,640071000,97506000,,,,,,,,,,,,,,,,,,,,,893714000.0,,,,,,,4286000.0,488082000.0,65580000.0,,-81000.0,0.0,,,58191000,,,57885000,,,11900000.0,188466.0,,,,,,,,,,,,,,,,,,,,,,,,,,
2022-05-05,False,60253999,,12192000,17945000,303000.0,,,57260000,263278000,,490307000.0,,24713000.0,,,,9000.0,,1000000.0,493530000.0,,5444574000,4434296000,,,5394000.0,15400000.0,,,,360594000,,3961164000.0,2148473000.0,0.01,100000000,62302000,58015000,623000,,104816000.0,5798000.0,9992000.0,48484000,,,227252000.0,,,,,0.01,,,,,82074000.0,,,,-10332000.0,134769000.0,,,,17135000,87681000,,,,,,,,,,,,,3500000.0,,,11663000,21655000.0,,,,1089000.0,,,,38492000.0,,,1.58,1.58,0.279,,,,,,,,,,1891000.0,,,,,,,,,,,,6394000.0,,3900000.0,3000000.0,3900000.0,3900000.0,3900000.0,3900000.0,63393000.0,56999000.0,3944363000,-132000.0,,60504000,51889000,0,,,127464000.0,,35534000,,16413000.0,,5406000,8455000,,-1195000,,,3390000.0,36261000.0,,,,,,39593000.0,,-124000,,2970000.0,4859000,,205000.0,56999000.0,300000.0,100000.0,,215000,,,,732000,,,,,,,,,,,,,4435554000.0,5444574000,4112531000,,323023000,28720000.0,1775000.0,,,,,,,26945000,,74996000,,2098868000.0,,-67626000.0,,117231000.0,,91930000.0,,,,,,,126267000.0,,,,,,,,,,,,,,,45355000.0,,,73628000.0,437000.0,1412000.0,,,,,,,,,,,,,,,,218000.0,,169152000.0,,34474000,28588000,,,,,,,,136000000.0,,,91930000.0,578420000,362505000,444000.0,31605000,3600570000.0,,400000.0,1007509000,353519000.0,,,4146000.0,178768000,22055000,,,,,,,,,,,,,,,,,,,,,1009020000.0,,,,,,23180000.0,4287000.0,488300000.0,218000.0,,,,,,58219000,,,58014000,,,,,-1119000.0,1522000.0,345315000.0,74467000.0,73670000.0,270848000.0,270123000.0,343793000.0,90811000.0,0.0,0.0,4304957000.0,-1119000.0,-1119000.0,-403000.0,-1522000.0,,,,,,,,,,
2022-08-04,False,60026348,,13475000,20078000,637000.0,,,54904000,284816000,,517777000.0,,27472000.0,,,,167000.0,,1100000.0,511957000.0,,4891703000,3847992000,,,3831000.0,16400000.0,,,,279039000,,3437110000.0,1624419000.0,0.01,100000000,62514000,57864000,625000,,108880000.0,11362000.0,10478000.0,50082000,,,244611000.0,,,,,,,,,,86048000.0,,,,-9646000.0,135282000.0,,,,17920000,90960000,,,,,,,,,,,,,3100000.0,,,12090000,44223000.0,,,,1368000.0,,,,39604000.0,,,0.99,0.99,0.255,,,,,,,,,,4180000.0,,,,,,,,,,,,7424000.0,,3900000.0,2000000.0,3900000.0,3900000.0,3900000.0,3900000.0,63393000.0,55969000.0,3423181000,-132000.0,,57912000,51889000,0,,,72837000.0,,15482000,,220000.0,,7655000,10588000,,-2393000,,,7454000.0,57746000.0,,,,,,16193000.0,,1166000,,5308000.0,14050000,,98000.0,55969000.0,600000.0,200000.0,,354000,,,,1647000,,,,,,,,,,,,,3897564000.0,4891703000,3568472000,,329092000,29000000.0,1775000.0,,,,,,,29000000,,87724000,,1477971000.0,,-22510000.0,,168958000.0,,57355000.0,,,,,,,72313000.0,,,,,,,,,,,,,,,48956000.0,,,73850000.0,876000.0,878000.0,,,,,,,,94652000.0,,,1297000.0,,,,,4793000.0,,233789000.0,,67721000,37779000,,,,,,,,279000000.0,,,149285000.0,606187000,374940000,29287000.0,36803000,3158071000.0,,700000.0,1064864000,316924000.0,,,7940000.0,194529000,46323000,,,,,,,,,,,,,,,,,,,,,994139000.0,,,,,,,4650000.0,587527000.0,99227000.0,,,,,,58067000,,,57969000,,,,,-1600000.0,2176000.0,267286000.0,139192000.0,137533000.0,128094000.0,127577000.0,265110000.0,56874000.0,0.0,0.0,3702220000.0,-481000.0,-481000.0,-173000.0,-654000.0,29000000.0,,,,,,,,,
2022-11-03,False,60020369,,10211000,14896000,872000.0,,,58797000,307400000,,550302000.0,,32525000.0,,,,532000.0,,900000.0,536942000.0,,3314570000,2228362000,,,3355000.0,17000000.0,,,,317163000,,1818439000.0,5748000.0,0.01,100000000,62517000,57867000,625000,,114011000.0,1978000.0,10935000.0,55104000,,,259902000.0,,,,,,,,,,90832000.0,,,,-4841000.0,139368000.0,,,,19546000,94465000,,,,,,,,,,,,,3300000.0,,,12625000,67783000.0,,,,1559000.0,,,,44169000.0,,,0.9,0.9,0.269,,,,,,,,,,6545000.0,,,,,,,,,,,,8400000.0,,3900000.0,1000000.0,3900000.0,3900000.0,3900000.0,3900000.0,63393000.0,54993000.0,1749115000,-146000.0,,60693000,51889000,0,,,75288000.0,,23135000,,15168000.0,,4159000,5406000,,-1106000,,,12585000.0,86634000.0,,,,,,1245000.0,,-27000,,10104000.0,11203000,,168000.0,54993000.0,1200000.0,200000.0,,1018000,,,,1471000,,,,,,,,,,,,,2238190000.0,3314570000,1897755000,,340435000,29000000.0,1775000.0,,,,,,,29000000,,91114000,,-198871000.0,,-32028000.0,,236647000.0,,52153000.0,,,,,,,74265000.0,,,,,,,,,,,,,,,58524000.0,,,77602000.0,1320000.0,2041000.0,,,,,,,,94652000.0,,,6437000.0,,,,,5017000.0,1500000.0,268718000.0,,92041000,39717000,,,,,,,,328731000.0,,,201438000.0,632772000,383860000,29287000.0,40366000,1501276000.0,,1000000.0,1117017000,334167000.0,,,14385000.0,204798000,70815000,,,,,,,,,,,,,,,,,,,,,1076380000.0,,,,,,,4650000.0,587751000.0,224000.0,,,,,,58033000,,,57865000,,,,,-3813000.0,4881000.0,252720000.0,174242000.0,169501000.0,78478000.0,78338000.0,247839000.0,49940000.0,0.0,0.0,2066278000.0,-2213000.0,-2213000.0,-492000.0,-2705000.0,29000000.0,,,,,,,,,
2023-02-16,True,60321077,14400000000.0,16054000,22843000,1020000.0,,,59990000,331340000,,576622000.0,,111030000.0,90600000.0,94898000.0,,847000.0,,4000000.0,567974000.0,,3902513000,2764172000,,,5899000.0,66400000.0,,47300000.0,,400730000,,2409095000.0,596404000.0,0.01,100000000,62518000,57867000,625000,,117416000.0,15949000.0,42935000.0,212741000,,,996539000.0,,81348000.0,111399000.0,30051000.0,,29000000.0,,,,96378000.0,-2823000.0,,-3210000.0,-3210000.0,141033000.0,,,,19825000,97591000,,-387000.0,,,189000.0,,,4425000.0,141033000.0,,,,12700000.0,,,49764000,92699000.0,,,,1559000.0,,,,169806000.0,,,4.86,4.84,0.28,0.21,,0.04,,,0.01,0.06,0.02,,8965000.0,,,,,,,,,,,,9376000.0,,3900000.0,,3900000.0,3900000.0,3900000.0,3900000.0,63393000.0,54017000.0,2202975000,150000.0,,239130000,51889000,0,0.0,0.0,389578000.0,,108189000,100578000.0,5583000.0,,11676000,13353000,,555000,,,15990000.0,122440000.0,,,,,,10830000.0,,224000,,13907000.0,6497000,,247000.0,54017000.0,3400000.0,900000.0,,2536000,,,507000.0,1607000,,,,42743000.0,3500000.0,14791000.0,2711000.0,5192000.0,6962000.0,9587000.0,,1731000.0,2719906000.0,3902513000,2377037000,,342869000,29000000.0,0.0,,,29000000.0,,,,29000000,,346561000,,254587000.0,,-23286000.0,,365103000.0,,281389000.0,,,,1.0,,,378679000.0,41012000.0,,,14400000.0,39776000.0,,,,,,,,0.037,,62013000.0,,,75245000.0,1734000.0,13435000.0,,,,,,,,94652000.0,,,6436000.0,,,,,5171000.0,4120000.0,268718000.0,,132678000,34056000,,,,,,,,382230000.0,,,281389000.0,663706000,402448000,29287000.0,148343000,2008365000.0,,2000000.0,1196968000,1375218000.0,,,21467000.0,783798000,94898000,,,,,,,,,,,,,,,,,,,,,1182607000.0,,,,,,,4651000.0,587905000.0,99823000.0,,,0.0,,,58175000,,,57928000,,,12300000.0,,-3703000.0,4757000.0,199367000.0,174367000.0,169610000.0,25000000.0,25000000.0,194610000.0,277686000.0,0.0,0.0,2603705000.0,-3703000.0,-3703000.0,1054000.0,-4757000.0,29000000.0,206000.0,,,,,,,,
2023-05-04,False,60292594,,10036000,17802000,124000.0,,,70090000,355512000,,608966000.0,,32344000.0,,,,308000.0,,1000000.0,602205000.0,,4241622000,3054691000,,,6991000.0,21400000.0,,,,505590000,,2697583000.0,288488000.0,0.01,100000000,62525000,57872000,625000,,120802000.0,5086000.0,12147000.0,65232000,,,291205000.0,,,,,,,,,,102374000.0,,,,-1650000.0,139661000.0,,,,20505000,100297000,,,,,,,,,,,,,4000000.0,,,14125000,26272000.0,,,,1089000.0,,,,53085000.0,,,2.06,2.06,0.28,,,,,,,,,,3597000.0,,,,,,,,,,,,7159000.0,,3900000.0,2900000.0,3900000.0,3900000.0,3900000.0,3900000.0,60199000.0,53040000.0,2387778000,13000.0,,65605000,51889000,0,,,165599000.0,,46303000,,5583000.0,,-4645000,-5041000,,6859000,,,3386000.0,38519000.0,,,,,,24933000.0,,-385000,,-2923000.0,6984000,,124000.0,53040000.0,1400000.0,500000.0,,837000,,,,887000,,,,,,,,,,,,,2907151000.0,4241622000,2565098000,,342053000,,,,,,,,,29000000,,103574000,,183003000.0,,-40618000.0,,146103000.0,,119296000.0,,,,,,,160432000.0,,,,,,,,,,,,,,,58780000.0,,,73095000.0,418000.0,6004000.0,,,,,,,,,,,,,,,,626000.0,,25000000.0,,40618000,40260000,,,,,,,,25000000.0,,,119296000.0,695633000,421017000,444000.0,42669000,2191993000.0,,2700000.0,1316264000,451637000.0,,,1933000.0,225973000,27819000,,,,,,,,,,,,,,,,,,,,,1334471000.0,,,,,,19350000.0,4653000.0,588531000.0,626000.0,,,,,,57991000,,,57867000,,,,,-2853000.0,3707000.0,199492000.0,84748000.0,83286000.0,114744000.0,112499000.0,195785000.0,120146000.0,0.0,0.0,2893368000.0,850000.0,850000.0,200000.0,1050000.0,,,78000.0,,,,,,,
2023-08-03,False,60467053,,8485000,16193000,253000.0,,,78889000,381798000,,649965000.0,,41000000.0,,,,620000.0,,1000000.0,623751000.0,,3951341000,2708194000,,,11968000.0,22900000.0,,,,536545000,,2343358000.0,-65737000.0,0.01,100000000,62640000,57949000,626000,,124233000.0,5507000.0,12811000.0,67428000,,,313873000.0,,,,,,,,,,107059000.0,,,,1706000.0,142956000.0,,,,21343000,102890000,,,,,,,,,,,,,3800000.0,,,14927000,54010000.0,,,,1368000.0,,,,54617000.0,,,1.11,1.11,0.289,,,,,,,,,,7752000.0,,,,,,,,,,,,8135000.0,,3900000.0,2000000.0,3900000.0,3900000.0,3900000.0,3900000.0,60199000.0,52064000.0,2002492000,21000.0,,75965000,51889000,0,,,92847000.0,,28331000,,1938000.0,,-10277000,-6650000,,24560000,,,6817000.0,62489000.0,,,,,,3645000.0,,-336000,,9057000.0,10597000,,113000.0,52064000.0,1500000.0,900000.0,,602000,,,,874000,,,,,,,,,,,,,2544656000.0,3951341000,2186727000,,357929000,,,,,,,,,29000000,,106435000,,-234350000.0,,-83378000.0,,251991000.0,,64516000.0,,,,,,,87266000.0,,,,,,,,,,,,,,,70451000.0,,,83083000.0,839000.0,6183000.0,,,,,,,,94652000.0,,,1297000.0,,,,,11067000.0,,25000000.0,,83422000,43093000,,,,,,,,25000000.0,44000.0,,183812000.0,729475000,444992000,29287000.0,49118000,1806813000.0,,3300000.0,1358059000,401139000.0,,,16341000.0,246445000,63185000,,,,,,,,,,,,,,,,,,,,,1406685000.0,,,,,,,4691000.0,598972000.0,10441000.0,,,,,,58033000,,,57920000,,,,,-2993000.0,3942000.0,199621000.0,34958000.0,34134000.0,164663000.0,161545000.0,195679000.0,64376000.0,0.0,0.0,2539037000.0,-140000.0,-140000.0,-95000.0,-235000.0,29000000.0,,111000.0,0.375,22721000.0,21731000.0,,,,
2023-11-02,False,60228165,,6889000,15548000,387000.0,,,77065000,408947000,,687723000.0,,37758000.0,,,,946000.0,,900000.0,645611000.0,,3856101000,2562966000,,,8011000.0,26600000.0,,,,484028000,,2186329000.0,-222766000.0,0.01,100000000,62655000,57700000,627000,,128318000.0,5592000.0,13341000.0,68941000,,,309402000.0,,,,,,,,,,111877000.0,,,,3889000.0,145465000.0,,,,22730000,105588000,,,,,,,,,,,,,4000000.0,,,15608000,82959000.0,,,,1559000.0,,,,55600000.0,,,1.3,1.3,0.281,,,,,,,,,,11529000.0,,,,,,,,,,,,9111000.0,,3900000.0,1000000.0,3900000.0,3900000.0,3900000.0,3900000.0,60199000.0,51088000.0,1899346000,33000.0,-1222000.0,71827000,51889000,0,,,102041000.0,,26822000,,10770000.0,,-8131000,-7295000,,24125000,,,10902000.0,87604000.0,,,,,,-5187000.0,,-375000,,15773000.0,8845000,,,51088000.0,1300000.0,1200000.0,,222000,,,,836000,,,,,,,,,,,,,2434792000.0,3856101000,2069910000,,364882000,,,,,,,,,29000000,,101162000,,-437693000.0,,-135642000.0,,350569000.0,,75219000.0,,,,,,,96901000.0,,,,,,,,,,,,,,,76265000.0,,,84829000.0,1263000.0,5362000.0,,,,,,,,74994000.0,,,649000.0,,,,,12620000.0,,25000000.0,,135709000,40561000,,,,,,,,25000000.0,67000.0,,259031000.0,766215000,468282000,29287000.0,51864000,1702301000.0,,3700000.0,1410659000,406303000.0,,,21023000.0,240461000,96383000,,,,,,,,,,,,,,,,,,,,,1421309000.0,,,,,,,4955000.0,675519000.0,76547000.0,,,,,,57966000,,,57825000,,,,,-2181000.0,2710000.0,199755000.0,,,199755000.0,197045000.0,197045000.0,76031000.0,0.0,0.0,2383374000.0,812000.0,812000.0,420000.0,1232000.0,29000000.0,,,0.375,22619000.0,43367000.0,1000.0,,,
2024-02-15,True,57551437,16600000000.0,13875000,16442000,520000.0,,,83302000,437291000,,724493000.0,,147872000.0,106800000.0,129806000.0,,1225000.0,,3900000.0,680272000.0,,4197539000,2813426000,,,9025000.0,96700000.0,,61900000.0,,294025000,,2422760000.0,13665000.0,0.01,100000000,62675000,56528000,627000,,130469000.0,19089000.0,52591000.0,276290000,,,1242352000.0,,94068000.0,126020000.0,31952000.0,,,,,,118206000.0,5428000.0,,5591000.0,2557000.0,143750000.0,,,,22812000,107657000,,163000.0,,,70000.0,,,15063000.0,143750000.0,,,,15900000.0,,,61357000,113948000.0,,,,1559000.0,,,,223699000.0,,,5.91,5.88,0.28,0.21,,0.03,,,0.0,0.06,0.03,,14657000.0,,,,,,,,,,,,10087000.0,,3900000.0,,3900000.0,3900000.0,3900000.0,3900000.0,60199000.0,50112000.0,2327366000,-23000.0,-1222000.0,288137000,51889000,0,0.0,0.0,472399000.0,,131611000,139914000.0,18391000.0,,-5155000,-6401000,,57082000,,,13053000.0,127657000.0,,,,,,-12808000.0,,-224000,,43431000.0,6617000,,,50112000.0,5300000.0,3400000.0,,1927000,,,985000.0,1383000,,,,84789000.0,5303000.0,19721000.0,10827000.0,13421000.0,17154000.0,18363000.0,,8840000.0,2894503000.0,4197539000,2534643000,,359860000,,,,,,,,,29000000,,417617000,,-274660000.0,,-196712000.0,,485037000.0,,340788000.0,,,,1.0,,,451322000.0,75949000.0,,,20500000.0,73762000.0,,,,,,,,0.046,,103643000.0,,,108453000.0,1658000.0,23004000.0,,,,,,,,286618000.0,,,647000.0,,,,,13927000.0,4244000.0,25000000.0,,192587000,37613000,,,,,,,,25000000.0,119000.0,,340788000.0,809672000,498197000,29000000.0,198951000,2128735000.0,,4200000.0,1469981000,1693674000.0,,,50315000.0,966062000,129806000,,,,,,,,,,,,,,,,,,,,,1303036000.0,,,,,,,6147000.0,891026000.0,303121000.0,,,3834000.0,,,57974000,,,57707000,,,18100000.0,,-1039000.0,1256000.0,199887000.0,,,199887000.0,198631000.0,198631000.0,343452000.0,0.0,0.0,2621391000.0,2664000.0,2664000.0,837000.0,3501000.0,29000000.0,,,0.375,67775000.0,64838000.0,1000.0,0.01,800000.0,3834000.0
