filing_date,annual,EntityCommonStockSharesOutstanding_shares,EntityPublicFloat_USD,AccountsPayableCurrent_USD,AccruedIncomeTaxesCurrent_USD,AccruedLiabilitiesCurrent_USD,AccumulatedDepreciationDepletionAndAmortizationPropertyPlantAndEquipment_USD,AccumulatedOtherComprehensiveIncomeLossCumulativeChangesInNetGainLossFromCashFlowHedgesEffectNetOfTax_USD,AccumulatedOtherComprehensiveIncomeLossNetOfTax_USD,AdditionalPaidInCapitalCommonStock_USD,AdjustmentsRelatedToTaxWithholdingForShareBasedCompensation_USD,AdjustmentsToAdditionalPaidInCapitalSharebasedCompensationRequisiteServicePeriodRecognitionValue_USD,AdjustmentsToAdditionalPaidInCapitalTaxEffectFromShareBasedCompensation_USD,AdvertisingExpense_USD,AllocatedShareBasedCompensationExpense_USD,AmountOfDilutiveSecuritiesStockOptionsAndRestrictiveStockUnits_USD,AntidilutiveSecuritiesExcludedFromComputationOfEarningsPerShareAmount_shares,AssetImpairmentCharges_USD,Assets_USD,AssetsCurrent_USD,AssetsNeededForImmediateSettlementAggregateFairValue_USD,BuildingsAndImprovementsGross_USD,BusinessCombinationConsiderationTransferred1_USD,BusinessCombinationRecognizedIdentifiableAssetsAcquiredAndLiabilitiesAssumedCurrentAssets_USD,BusinessCombinationRecognizedIdentifiableAssetsAcquiredAndLiabilitiesAssumedCurrentLiabilities_USD,BusinessCombinationRecognizedIdentifiableAssetsAcquiredAndLiabilitiesAssumedNet_USD,BusinessCombinationRecognizedIdentifiableAssetsAcquiredAndLiabilitiesAssumedNoncurrentAssets_USD,BusinessCombinationRecognizedIdentifiableAssetsAcquiredAndLiabilitiesAssumedNoncurrentLiabilities_USD,BusinessCombinationRecognizedIdentifiableAssetsAcquiredAndLiabilitiesAssumedPropertyPlantAndEquipment_USD,BusinessCombinationRecognizedIdentifiableAssetsAcquiredGoodwillAndLiabilitiesAssumedNet_USD,BusinessCombinationSeparatelyRecognizedTransactionsAdditionalDisclosuresAcquisitionCostExpensed_USD,CapitalLeaseObligationsCurrent_USD,CapitalLeaseObligationsNoncurrent_USD,CapitalLeasesBalanceSheetAssetsByMajorClassNet_USD,CapitalLeasesFutureMinimumPaymentsDue_USD,CapitalLeasesFutureMinimumPaymentsDueCurrent_USD,CapitalLeasesFutureMinimumPaymentsDueInFiveYears_USD,CapitalLeasesFutureMinimumPaymentsDueInFourYears_USD,CapitalLeasesFutureMinimumPaymentsDueInThreeYears_USD,CapitalLeasesFutureMinimumPaymentsDueInTwoYears_USD,CapitalLeasesFutureMinimumPaymentsDueThereafter_USD,CapitalLeasesFutureMinimumPaymentsInterestIncludedInPayments_USD,CapitalLeasesFutureMinimumPaymentsPresentValueOfNetMinimumPayments_USD,CapitalLeasesLesseeBalanceSheetAssetsByMajorClassAccumulatedDeprecation_USD,CashAndCashEquivalentsAtCarryingValue_USD,CashAndCashEquivalentsPeriodIncreaseDecrease_USD,CashCashEquivalentsRestrictedCashAndRestrictedCashEquivalents_USD,CashCashEquivalentsRestrictedCashAndRestrictedCashEquivalentsPeriodIncreaseDecreaseExcludingExchangeRateEffect_USD,CommonStockCapitalSharesReservedForFutureIssuance_shares,CommonStockDividendsPerShareDeclared_USD/shares,CommonStockDividendsShares_shares,CommonStockParOrStatedValuePerShare_USD/shares,CommonStockSharesAuthorized_shares,CommonStockSharesIssued_shares,CommonStockSharesOutstanding_shares,CommonStockValue_USD,CompensatingBalanceAmount_USD,ComprehensiveIncomeNetOfTax_USD,ConstructionInProgressExpendituresIncurredButNotYetPaid_USD,ConstructionInProgressGross_USD,ContractualObligation_USD,CostOfGoodsAndServicesSold_USD,CostOfGoodsSold_USD,CumulativeEffectOfInitialAdoptionOfNewAccountingPrinciple_USD,CumulativeEffectOfNewAccountingPrincipleInPeriodOfAdoption_USD,CurrentFederalTaxExpenseBenefit_USD,CurrentIncomeTaxExpenseBenefit_USD,CurrentStateAndLocalTaxExpenseBenefit_USD,DebtAndEquitySecuritiesGainLossExcludingOtherThanTemporaryImpairmentLoss_USD,DebtInstrumentBasisSpreadOnVariableRate1_pure,DebtInstrumentInterestRateStatedPercentage_pure,DebtInstrumentInterestRateStatedPercentage_Rate,DebtInstrumentRedemptionPricePercentage_pure,DebtInstrumentUnusedBorrowingCapacityAmount_USD,DebtRelatedCommitmentFeesAndDebtIssuanceCosts_USD,DeferredCompensationArrangementWithIndividualContributionsByEmployer_USD,DeferredCompensationArrangementWithIndividualEmployerContribution_USD,DeferredFederalIncomeTaxExpenseBenefit_USD,DeferredFinanceCostsNet_USD,DeferredIncomeTaxExpenseBenefit_USD,DeferredIncomeTaxLiabilitiesNet_USD,DeferredStateAndLocalIncomeTaxExpenseBenefit_USD,DeferredTaxAssetsDeferredIncome_USD,DeferredTaxAssetsGrossCurrent_USD,DeferredTaxAssetsGrossNoncurrent_USD,DeferredTaxAssetsInventory_USD,DeferredTaxAssetsLiabilitiesNet_USD,DeferredTaxAssetsLiabilitiesNetCurrent_USD,DeferredTaxAssetsLiabilitiesNetNoncurrent_USD,DeferredTaxAssetsNet_USD,DeferredTaxAssetsNetCurrent_USD,DeferredTaxAssetsNetNoncurrent_USD,DeferredTaxAssetsOther_USD,DeferredTaxAssetsTaxCreditCarryforwards_USD,DeferredTaxAssetsTaxDeferredExpenseCompensationAndBenefits_USD,DeferredTaxAssetsTaxDeferredExpenseOther_USD,DeferredTaxAssetsTaxDeferredExpenseReservesAndAccrualsDeferredRent_USD,DeferredTaxAssetsTaxDeferredExpenseReservesAndAccrualsSelfInsurance_USD,DeferredTaxAssetsValuationAllowance_USD,DeferredTaxLiabilities_USD,DeferredTaxLiabilitiesCurrent_USD,DeferredTaxLiabilitiesDeferredExpenseCapitalizedInventoryCosts_USD,DeferredTaxLiabilitiesGoodwillAndIntangibleAssetsIntangibleAssets_USD,DeferredTaxLiabilitiesLeasingArrangements_USD,DeferredTaxLiabilitiesNoncurrent_USD,DeferredTaxLiabilitiesOther_USD,DeferredTaxLiabilitiesPrepaidExpenses_USD,DeferredTaxLiabilitiesPropertyPlantAndEquipment_USD,DefinedContributionPlanCostRecognized_USD,DepreciationAndAmortization_USD,DerivativeAssetFairValueGrossLiability_USD,DerivativeAssets_USD,DerivativeFairValueOfDerivativeAsset_USD,DerivativeFairValueOfDerivativeLiability_USD,DerivativeFairValueOfDerivativeNet_USD,DerivativeInstrumentsGainLossReclassificationFromAccumulatedOCIToIncomeEstimatedNetAmountToBeTransferred_USD,DerivativeInstrumentsGainRecognizedInOtherComprehensiveIncomeEffectivePortion_USD,DerivativeInstrumentsLossRecognizedInIncomeIneffectivePortionAndAmountExcludedFromEffectivenessTesting_USD,DerivativeInstrumentsLossRecognizedInOtherComprehensiveIncomeEffectivePortion_USD,DerivativeLiabilities_USD,DerivativeLiabilityNotionalAmount_USD,DividendsCommonStockCash_USD,DividendsPayableAmountPerShare_USD/shares,EarningsPerShareBasic_USD/shares,EarningsPerShareDiluted_USD/shares,EffectiveIncomeTaxRateContinuingOperations_pure,EmployeeRelatedLiabilitiesCurrent_USD,ExcessTaxBenefitFromShareBasedCompensationFinancingActivities_USD,ExcessTaxBenefitFromShareBasedCompensationOperatingActivities_USD,FairValueOfAssetsAcquired_USD,FairValueOptionChangesInFairValueGainLoss1_USD,FinanceLeaseInterestExpense_USD,FinanceLeaseInterestPaymentOnLiability_USD,FinanceLeaseLiability_USD,FinanceLeaseLiabilityCurrent_USD,FinanceLeaseLiabilityNoncurrent_USD,FinanceLeaseLiabilityPaymentsDue_USD,FinanceLeaseLiabilityPaymentsDueAfterYearFive_USD,FinanceLeaseLiabilityPaymentsDueInNextRollingTwelveMonths_USD,FinanceLeaseLiabilityPaymentsDueNextTwelveMonths_USD,FinanceLeaseLiabilityPaymentsDueYearFive_USD,FinanceLeaseLiabilityPaymentsDueYearFour_USD,FinanceLeaseLiabilityPaymentsDueYearThree_USD,FinanceLeaseLiabilityPaymentsDueYearTwo_USD,FinanceLeasePrincipalPayments_USD,FinanceLeaseRightOfUseAsset_USD,FinanceLeaseRightOfUseAssetAmortization_USD,FinanceLeaseWeightedAverageDiscountRatePercent_pure,FinitelivedIntangibleAssetsAcquired1_USD,FurnitureAndFixturesGross_USD,GainLossOnSaleOfPropertyPlantEquipment_USD,Goodwill_USD,GoodwillAcquiredDuringPeriod_USD,GoodwillAndIntangibleAssetImpairment_USD,GoodwillImpairmentLoss_USD,GoodwillPurchaseAccountingAdjustments_USD,GrossProfit_USD,HeldToMaturitySecuritiesCurrent_USD,HeldToMaturitySecuritiesFairValueDisclosure_USD,ImpairmentOfIntangibleAssetsFinitelived_USD,ImpairmentOfIntangibleAssetsIndefinitelivedExcludingGoodwill_USD,IncomeLossFromContinuingOperationsBeforeIncomeTaxesExtraordinaryItemsNoncontrollingInterest_USD,IncomeLossFromContinuingOperationsBeforeIncomeTaxesMinorityInterestAndIncomeLossFromEquityMethodInvestments_USD,IncomeTaxExpenseBenefit_USD,IncomeTaxExpenseBenefitContinuingOperations_USD,IncomeTaxesPaidNet_USD,IncomeTaxesReceivable_USD,IncomeTaxReceivable_USD,IncomeTaxReconciliationChangeInEnactedTaxRate_USD,IncomeTaxReconciliationDeductions_USD,IncomeTaxReconciliationIncomeTaxExpenseBenefitAtFederalStatutoryIncomeTaxRate_USD,IncomeTaxReconciliationNondeductibleExpense_USD,IncomeTaxReconciliationNondeductibleExpenseOther_USD,IncomeTaxReconciliationStateAndLocalIncomeTaxes_USD,IncomeTaxReconciliationTaxCredits_USD,IncreaseDecreaseInAccountsPayable_USD,IncreaseDecreaseInAccruedIncomeTaxesPayable_USD,IncreaseDecreaseInAccruedLiabilities_USD,IncreaseDecreaseInAccruedSalaries_USD,IncreaseDecreaseInEmployeeRelatedLiabilities_USD,IncreaseDecreaseInInventories_USD,IncreaseDecreaseInOtherOperatingCapitalNet_USD,IncreaseDecreaseInOtherOperatingLiabilities_USD,IncreaseDecreaseInPrepaidDeferredExpenseAndOtherAssets_USD,IncreaseDecreaseInRestrictedCash_USD,IncrementalCommonSharesAttributableToShareBasedPaymentArrangements_shares,IndefinitelivedIntangibleAssetsAcquired_USD,IntangibleAssetsNetIncludingGoodwill_USD,InterestExpense_USD,InterestPaid_USD,InterestPaidNet_USD,InventoryNet_USD,Land_USD,LeaseCost_USD,LettersOfCreditOutstandingAmount_USD,Liabilities_USD,LiabilitiesAndStockholdersEquity_USD,LiabilitiesCurrent_USD,LineOfCredit_USD,LineOfCreditFacilityAmountOutstanding_USD,LineOfCreditFacilityCurrentBorrowingCapacity_USD,LineOfCreditFacilityMaximumBorrowingCapacity_USD,LineOfCreditFacilityUnusedCapacityCommitmentFeePercentage_pure,LongTermDebt_USD,LongTermDebtNoncurrent_USD,LongTermDebtPercentageBearingFixedInterestRate_pure,LongTermLineOfCredit_USD,NetCashProvidedByUsedInFinancingActivities_USD,NetCashProvidedByUsedInInvestingActivities_USD,NetCashProvidedByUsedInOperatingActivities_USD,NetIncomeLoss_USD,NetIncomeLossAvailableToCommonStockholdersDiluted_USD,NewAccountingPronouncementOrChangeInAccountingPrincipleEffectOfAdoptionQuantification_USD,NumberOfOperatingSegments_pure,NumberOfOperatingSegments_segment,NumberOfReportableSegments_segment,NumberOfStatesInWhichEntityOperates_pure,NumberOfStatesInWhichEntityOperates_state,NumberOfStores_pure,NumberOfStores_store,OperatingIncomeLoss_USD,OperatingLeaseCost_USD,OperatingLeaseExpense_USD,OperatingLeaseLiability_USD,OperatingLeaseLiabilityCurrent_USD,OperatingLeaseLiabilityNoncurrent_USD,OperatingLeasePayments_USD,OperatingLeasePaymentsUse_USD,OperatingLeaseRightOfUseAsset_USD,OperatingLeasesFutureMinimumPaymentsDue_USD,OperatingLeasesFutureMinimumPaymentsDueCurrent_USD,OperatingLeasesFutureMinimumPaymentsDueInFiveYears_USD,OperatingLeasesFutureMinimumPaymentsDueInFourYears_USD,OperatingLeasesFutureMinimumPaymentsDueInThreeYears_USD,OperatingLeasesFutureMinimumPaymentsDueInTwoYears_USD,OperatingLeasesFutureMinimumPaymentsDueThereafter_USD,OperatingLeasesRentExpenseNet_USD,OperatingLeaseWeightedAverageDiscountRatePercent_pure,OtherAssetImpairmentCharges_USD,OtherAssetsNoncurrent_USD,OtherCommitment_USD,OtherComprehensiveIncomeLossCashFlowHedgeGainLossAfterReclassificationAndTax_USD,OtherComprehensiveIncomeLossCashFlowHedgeGainLossAfterReclassificationTax_USD,OtherComprehensiveIncomeLossCashFlowHedgeGainLossReclassificationBeforeTax_USD,OtherComprehensiveIncomeLossDerivativesQualifyingAsHedgesNetOfTax_USD,OtherComprehensiveIncomeLossDerivativesQualifyingAsHedgesTax_USD,OtherComprehensiveIncomeLossNetOfTax_USD,OtherComprehensiveIncomeUnrealizedGainLossOnDerivativesArisingDuringPeriodBeforeTax_USD,OtherLiabilitiesNoncurrent_USD,PaymentsForRepurchaseOfCommonStock_USD,PaymentsOfDebtIssuanceCosts_USD,PaymentsOfDividends_USD,PaymentsRelatedToTaxWithholdingForShareBasedCompensation_USD,PaymentsToAcquireBusinessesNetOfCashAcquired_USD,PaymentsToAcquireHeldToMaturitySecurities_USD,PaymentsToAcquirePropertyPlantAndEquipment_USD,PreferredStockParOrStatedValuePerShare_USD/shares,PreferredStockSharesAuthorized_shares,PreferredStockSharesIssued_shares,PreferredStockSharesOutstanding_shares,PreferredStockValue_USD,PreOpeningCosts_USD,PrepaidAdvertising_USD,PrepaidExpenseAndOtherAssetsCurrent_USD,PriorPeriodReclassificationAdjustment_USD,ProceedsFromIssuanceOfSharesUnderIncentiveAndShareBasedCompensationPlansIncludingStockOptions_USD,ProceedsFromIssuanceOfUnsecuredDebt_USD,ProceedsFromLinesOfCredit_USD,ProceedsFromSaleAndMaturityOfHeldToMaturitySecurities_USD,ProceedsFromSaleOfHeldToMaturitySecurities_USD,ProceedsFromSaleOfPropertyPlantAndEquipment_USD,PropertyPlantAndEquipmentGross_USD,PropertyPlantAndEquipmentNet_USD,PurchaseObligationDueInNextTwelveMonths_USD,PurchaseObligationDueInSecondYear_USD,ReclassificationFromAccumulatedOtherComprehensiveIncomeCurrentPeriodBeforeTax_USD,ReclassificationFromAccumulatedOtherComprehensiveIncomeCurrentPeriodNetOfTax_USD,RepaymentsOfLinesOfCredit_USD,RepaymentsOfLongTermCapitalLeaseObligations_USD,RepaymentsOfUnsecuredDebt_USD,RestrictedCashAndCashEquivalentsAtCarryingValue_USD,RetainedEarningsAccumulatedDeficit_USD,RevenueRecognitionGiftCardsBreakage_USD,RevenueRecognitionSalesReturnsReserveForSalesReturns_USD,Revenues_USD,RightOfUseAssetObtainedInExchangeForFinanceLeaseLiability_USD,RightOfUseAssetObtainedInExchangeForOperatingLeaseLiability_USD,SalesRevenueGoodsNet_USD,SelfInsuranceReserve_USD,SellingGeneralAndAdministrativeExpense_USD,ShareBasedCompensation_USD,ShareBasedCompensationArrangementByShareBasedPaymentAwardNumberOfSharesAuthorized_shares,ShareBasedCompensationArrangementByShareBasedPaymentAwardNumberOfSharesAvailableForGrant_shares,ShareBasedCompensationArrangementByShareBasedPaymentAwardOptionsGrantsInPeriodWeightedAverageGrantDateFairValue_USD/shares,ShareBasedCompensationArrangementByShareBasedPaymentAwardOptionsOutstandingIntrinsicValue_USD,ShareBasedCompensationArrangementByShareBasedPaymentAwardSharesIssuedInPeriod_shares,SharebasedCompensationArrangementBySharebasedPaymentAwardOptionsExercisableIntrinsicValue1_USD,ShortTermInvestments_USD,SignificantChangeInUnrecognizedTaxBenefitsIsReasonablyPossibleEstimatedRangeOfChangeLowerBound_USD,SignificantChangeInUnrecognizedTaxBenefitsIsReasonablyPossibleEstimatedRangeOfChangeUpperBound_USD,StockGrantedDuringPeriodValueSharebasedCompensation_USD,StockholdersEquity_USD,StockholdersEquityNoteStockSplitConversionRatio_pure,StockholdersEquityNoteStockSplitConversionRatio1_pure,StockIssuedDuringPeriodSharesEmployeeStockPurchasePlans_shares,StockIssuedDuringPeriodSharesRestrictedStockAwardGross_shares,StockIssuedDuringPeriodSharesStockOptionsExercised_shares,StockIssuedDuringPeriodValueEmployeeStockPurchasePlan_USD,StockIssuedDuringPeriodValueShareBasedCompensation_USD,StockIssuedDuringPeriodValueStockOptionsExercised_USD,StockRepurchasedDuringPeriodShares_shares,StockRepurchaseProgramAuthorizedAmount_USD,StockRepurchaseProgramAuthorizedAmount1_USD,StockRepurchaseProgramRemainingAuthorizedRepurchaseAmount_USD,StockRepurchaseProgramRemainingAuthorizedRepurchaseAmount1_USD,TaxCreditCarryforwardAmount_USD,TreasuryStockAcquiredAverageCostPerShare_USD/shares,TreasuryStockShares_shares,TreasuryStockSharesAcquired_shares,TreasuryStockValue_USD,TreasuryStockValueAcquiredCostMethod_USD,UnrecognizedTaxBenefits_USD,UnrecognizedTaxBenefitsDecreasesResultingFromPriorPeriodTaxPositions_USD,UnrecognizedTaxBenefitsDecreasesResultingFromSettlementsWithTaxingAuthorities_USD,UnrecognizedTaxBenefitsIncreasesResultingFromCurrentPeriodTaxPositions_USD,UnrecognizedTaxBenefitsIncreasesResultingFromPriorPeriodTaxPositions_USD,UnrecognizedTaxBenefitsThatWouldImpactEffectiveTaxRate_USD,UnsecuredDebt_USD,UnsecuredDebtCurrent_USD,VariableLeaseCost_USD,WeightedAverageNumberOfDilutedSharesOutstanding_shares,WeightedAverageNumberOfSharesOutstandingBasic_shares,PurchaseObligation_USD,StockRepurchasedDuringPeriodValue_USD,CashFlowHedgeDerivativeInstrumentAssetsAtFairValue_USD,CashFlowHedgeDerivativeInstrumentLiabilitiesAtFairValue_USD,LongTermDebtFairValue_USD,SeniorNotes_USD,AssetsOfDisposalGroupIncludingDiscontinuedOperation_USD,BusinessCombinationAcquisitionRelatedCosts_USD,BusinessCombinationRecognizedIdentifiableAssetsAcquiredAndLiabilitiesAssumedCashAndEquivalents_USD,BusinessCombinationRecognizedIdentifiableAssetsAcquiredAndLiabilitiesAssumedCurrentAssetsPrepaidExpenseAndOtherAssets_USD,BusinessCombinationRecognizedIdentifiableAssetsAcquiredAndLiabilitiesAssumedCurrentAssetsReceivables_USD,BusinessCombinationRecognizedIdentifiableAssetsAcquiredAndLiabilitiesAssumedCurrentLiabilitiesAccountsPayable_USD,BusinessCombinationRecognizedIdentifiableAssetsAcquiredAndLiabilitiesAssumedDeferredTaxAssets_USD,BusinessCombinationRecognizedIdentifiableAssetsAcquiredAndLiabilitiesAssumedInventory_USD,BusinessCombinationRecognizedIdentifiableAssetsAcquiredAndLiabilitiesAssumedOtherNoncurrentAssets_USD,CashCashEquivalentsRestrictedCashAndRestrictedCashEquivalentsPeriodIncreaseDecreaseIncludingExchangeRateEffect_USD,CustomerLoyaltyProgramLiabilityCurrent_USD,DebtInstrumentRedemptionPricePercentageOfPrincipalAmountRedeemed_pure,DeferredIncomeTaxLiabilities_USD,DeferredTaxAssetsPropertyPlantAndEquipment_USD,DepreciationDepletionAndAmortization_USD,IntangibleAssetsNetExcludingGoodwill_USD,LesseeOperatingLeaseLiabilityPaymentsDue_USD,LesseeOperatingLeaseLiabilityPaymentsDueAfterRollingYearFive_USD,LesseeOperatingLeaseLiabilityPaymentsDueInRollingYearFive_USD,LesseeOperatingLeaseLiabilityPaymentsDueInRollingYearFour_USD,LesseeOperatingLeaseLiabilityPaymentsDueInRollingYearThree_USD,LesseeOperatingLeaseLiabilityPaymentsDueInRollingYearTwo_USD,LesseeOperatingLeaseLiabilityPaymentsDueNextRollingTwelveMonths_USD,LesseeOperatingLeaseLiabilityUndiscountedExcessAmount_USD,LiabilitiesOfDisposalGroupIncludingDiscontinuedOperation_USD,ProceedsFromDivestitureOfBusinesses_USD,SupplierFinanceProgramObligation_USD,TreasuryStockCommonShares_shares,BusinessAcquisitionPurchasePriceAllocationGoodwillExpectedTaxDeductibleAmount_USD,ProceedsFromPreviousAcquisition_USD
2010-08-03,False,36299512,1234085441.0,289538000,51601000,110397000,,,,212184000,,,,,,,,,1363243000,957219000,,,,,,,,,,,,344000.0,1238000.0,,,,,,,,,,,,181079000,8228000.0,,,,0.14,,0.008,100000000,41765011,36309265,334000,,,,,,,706853000.0,,,,,,,,,,,,,,,,,-6402000,,,,,,,,,,,17569000.0,17833000.0,,,,,,,,,,,,,,,,,,17157000,,,,,,,,,,,,,,2.11,2.05,,,2597000.0,,,,,,,,,,,,,,,,,,,,,,,600000,10258000.0,,,,,358803000,15913000.0,,,,,122081000.0,45594000,,8260000,,,,,,,,,,16330000,43996000,-13023000,,,-101156000,,2740000.0,2064000,,,,,241000,95000.0,,702405000,,,,546858000,1363243000,451880000,,,,,,,,,0.0,-10203000,-52550000,70981000,76487000,,,,,,,,,,122322000,,,,,,,,,,,,,,,,,,,5391000,,,,,,,,,27355000,13696000,,10167000,,,15913000.0,36927000,1,40000,0.0,,0.0,,,,,11937000,,253000.0,,,290000,,372542000,,,,,253000.0,217000.0,,,836767000,,,,,,1065656000.0,,219324000,6226000,,,,,,,,,,,816385000,,,,,,,,,,,,,,,,5455746.0,,232900000,,,,,,,,,,,37339000,36333000,,,,,,,,,,,,,,,,,,,,,,,,,,,,,,,,,,,,
2010-11-02,False,72911934,1234085441.0,348610000,0,104164000,,,,224113000,,,,,,,,,1428058000,1011670000,,,,,,,,,,,,344000.0,1151000.0,,,,,,,,,,,,170920000,-1931000.0,,,,0.07,,0.008,100000000,78483814,72797968,628000,,,,,,,549975000.0,,,,,,,,,,,,,,,,,206000,,,,,,,,,,,15584000.0,13210000.0,,,,,,,,,,,,,,,,,,17502000,,,,,,,,,,,,,,0.44,0.43,,,6993000.0,,,,,,,,,,,,,,,,,,,,,,,632000,10258000.0,,,,,279139000,15913000.0,,,,,50820000.0,18803000,,76381000,,,,,,,,,,75402000,-7605000,10785000,,,-157434000,,2905000.0,-8253000,,,,,38000,128000.0,,758683000,,,,581715000,1428058000,483159000,,,,,,,,,0.0,-13741000,-82707000,94517000,32017000,,,,,,,,,,50858000,,,,,,,,,,,,,,,,,,,7697000,,,,,,,,,29838000,22892000,,15253000,,,15913000.0,67086000,1,40000,0.0,,0.0,,,,,18372000,,0.0,,,292000,,385223000,,,,,0.0,304000.0,,,863698000,,,,,,829114000.0,,210779000,8754000,,,,,,,,,,,846343000,,,,,,,,,,,,,,,,5685846.0,,242096000,,,,,,,,,,,74932,72600,,,,,,,,,,,,,,,,,,,,,,,,,,,,,,,,,,,,
2011-02-23,True,36299512,2037338136.0,247388000,8269000,127386000,386997000.0,,,235283000,,11771000.0,9780000.0,,,,,,1463474000,1043717000,,380228000.0,,,,,,,,,,91000.0,1316000.0,,,,,,,,,,,,257339000,84488000.0,,,,0.28,,0.008,100000000,78835508,72775862,631000,,,,20961000.0,,,2434671000.0,15606000.0,,,,,,,,,,,,,,,,2690000,,,,,,,,,,,,5750000.0,,,,,,,,,8854000.0,,,,,,,,,69797000,,,,,,,,,,,,-20355000.0,,2.31,2.25,,,9815000.0,,,,,,,,,,,,,,,,,,,,,,256369000.0,1062000,10258000.0,,,,,1203665000,15913000.0,,,,,264940000.0,96968000,,82821000,,,,,,,,,,-14247000,1004000,26691000,-11851000.0,,-60054000,,7272000.0,-3201000,,,,,1284000,305000.0,,736520000,30350000.0,,,530232000,1463474000,426564000,,,,,,,,,0.0,-26009000,-112111000,222608000,167972000,,,,,,,,,,266224000,,,,,,,,,,,,,,,,,,,7960000,,,,,,,,,31655000,38172000,,20355000,,,15913000.0,96511000,1,40000,0.0,,0.0,,,,,23878000,,0.0,,,313000,782786000.0,395789000,,,,,0.0,392000.0,,,954704000,,,,,,3638336000.0,,867644000,11771000,,,,,,,,,,,933242000,,,74788.0,90203.0,1550077.0,1740000.0,,22138000.0,,,,,,,,6059646.0,826311.0,257376000,-38172000.0,,,,,,,,,,74686,72597,,,,,,,,,,,,,,,,,,,,,,,,,,,,,,,,,,,,
2011-05-03,False,72244620,2037338136.0,406408000,0,122442000,,,,254064000,,,,,,,,,1577153000,1138436000,,,,,,,,,,,,58000.0,1302000.0,,,,,,,,,,,,140448000,-116891000.0,,,,0.07,,0.008,100000000,79425728,72354582,636000,,,,,,,562970000.0,,,,,,,,,,,,,,,,,8403000,,,,,,,,,,2780000.0,,,,,,,,,,,14287000.0,,,,,,,,,18265000,,,,,,,,,,,,,,0.25,0.24,,,4830000.0,,,,,,,,,,,,,,,,,,,,,,,45000,10258000.0,,,,,273606000,15913000.0,,,,,28523000.0,10188000,,8253000,,,,,,,,,,159020000,-8269000,-12366000,-17555000.0,,-204857000,,-2681000.0,-6753000,,,,,243000,33000.0,,941377000,,,,665047000,1577153000,560216000,,,,,,,,,,-43241000,-28849000,-44801000,18335000,,,,,,,,,,28766000,,,,,,,,,,,,,,,,,,,11861000,,,,,,,,,31825000,53146000,,5111000,,,,28905000,1,40000,0.0,,0.0,,,,,11105000,,0.0,,,56000,,413818000,,,,,0.0,47000.0,,,967928000,,,,,,836576000.0,,226575000,3612000,,,,,,,,,,,912106000,,,,,,,,,,,,,,,,7071146.0,,310522000,,,,,,,,,,,74927,72704,,,,,,,,,,,,,,,,,,,,,,,,,,,,,,,,,,,,
2011-08-04,False,71407144,2037338136.0,351763000,42431000,114879000,-421883000.0,,,269864000,-981000.0,,,,,0.0,400000.0,,1582863000,1129233000,,,,,,,,,,,,33000.0,1300000.0,,,,,,,,,,,,185517000,-71822000.0,,,,0.12,1.0,0.008,200000000,79808325,71592179,639000,,,576000.0,,,,775866000.0,,,,,,,,,,,,,,,,,4368000,,,,,,,,,,,0.0,0.0,,,,,,,,,7348000.0,,,,124000.0,,,,,18829000,,,,,,,,,,,,,,1.27,1.23,0.367,,8897000.0,,,,,,,,,,,,,,,,,,,,,,,569000,10258000.0,,,,,402497000,0.0,0.0,,,,144046000.0,52886000,,14596000,,,,,,,,,,104375000,34162000,-11931000,,,-138963000,-1120000.0,,-12418000,21870000.0,2173.0,,,217000,214000.0,,875483000,,,,642168000,1582863000,535771000,,0.0,,350000000.0,0.0008,,,,,-109280000,-79903000,117361000,91160000,91160000.0,,,,,,,,,144263000,,,,,,,,,,,,,,,,,,,11758000,,,,,,,,,32672000,69700000,,13758000,,,0.0,74084000,1,40000,0.0,,0.0,,,46363000.0,,19509000,,0.0,15913000.0,,138000,853497000.0,431614000,,,,,0.0,74000.0,,21870000.0,1050441000,,,,,,1178363000.0,,239405000,3400000,,,,,,,,,,,940695000,2.0,,,,,,,,,1000000000.0,,620000000.0,,,,8216146.0,,380249000,,,,,,,,,,,74180,72007,,,,,,,,,,,,,,,,,,,,,,,,,,,,,,,,,,,,
2011-11-03,False,71024867,2037338136.0,340208000,2850000,119588000,-438504000.0,,,281101000,-981000.0,,,,,0.0,360000.0,,1547850000,1072396000,,,,,,,,,,,,32000.0,1292000.0,,,,,,,,,,,,96590000,-160749000.0,,,,0.12,,0.008,200000000,80048209,71027023,641000,,,-4763000.0,,,,650173000.0,,,,,,,,,,,,,,,,,-1902000,,,,,,,,,,,0.0,2112000.0,,,,,,,,,3314000.0,,,,,,,,,19591000,,,,,,,,,,,,,,0.6,0.58,0.367,,11902000.0,,,,,,,,,,,,,,,,,,,,,,,187000,10258000.0,,,,,327603000,0.0,0.0,,,,67538000.0,24805000,,81942000,,,,,,,,,,92820000,-5419000,-12561000,,,-177218000,-175000.0,,-6253000,21870000.0,2117.0,,,591000,565000.0,,913738000,,,,610945000,1547850000,502815000,,0.0,,350000000.0,0.0008,,,,,-159519000,-112562000,111332000,42733000,42733000.0,,,,,,,,,68129000,,,,,,,,,,,,,,,,,,,12635000,,,,,,,,,33747000,49200000,,22300000,,,0.0,107326000,1,40000,0.0,,0.0,,,40198000.0,,24036000,,,15913000.0,,721000,888953000.0,450449000,,,,,,83000.0,,21870000.0,1084632000,,,,,,977776000.0,,239883000,3700000,,,,,,,,,,,936905000,,,,,,,,,,1000000000.0,,570800000.0,,,,9021186.0,,429469000,,,,,,,,,,,73343,71226,,,,,,,,,,,,,,,,,,,,,,,,,,,,,,,,,,,,
2012-02-29,True,71313650,4300000000.0,266409000,11874000,134048000,455580000.0,,,298426000,-1115000.0,,17769000.0,56000000.0,,0.0,321080.0,500000.0,1594832000,1090249000,,459703000.0,,,,,,,,,,33000.0,1284000.0,904000.0,2511000.0,146000.0,146000.0,146000.0,146000.0,146000.0,1781000.0,1194000.0,1317000.0,-2187000.0,176965000,-80374000.0,,,,0.43,,0.008,200000000,80400855,71265469,643000,,,350000.0,19309000.0,,,2825871000.0,,,112142000.0,126020000.0,13878000.0,,,,,,,,,,3220000.0,,1856000,,-1364000.0,,48450000.0,42132000.0,10171000.0,-4960000.0,8867000.0,13827000.0,,8867000.0,0.0,3620000.0,,24807000.0,9251000.0,23584000.0,,-1637000.0,,0.0,,,1010000.0,55959000.0,1381000.0,,54047000.0,,80347000,,,,,,,,,,,,30850000.0,0.12,3.1,3.01,,,17435000.0,,,,,,,,,,,,,,,,,,,,,,312708000.0,-955000,10258000.0,,,,,1406872000,0.0,,,,,350616000.0,127876000,127876000.0,103630000,,,,,122715000.0,-2973000.0,,8134000.0,,19021000,3605000,6312000,,,94299000,-2664000.0,,17783000,21870000.0,2144.0,,,2087000,614000.0,,830819000,36962000.0,,,586542000,1594832000,460625000,,,,250000000.0,0.001,,,,,-163157000,-171361000,254144000,222740000,222740000.0,,,,,44.0,,1085.0,,352703000,,,,,,,,,1620771000.0,188311000.0,153378000.0,164798000.0,174751000.0,183592000.0,755941000.0,186800000.0,,,13470000,,,,,,,,,35075000,179997000,,30850000,,,0.0,166156000,1,40000,0.0,,0.0,7300000.0,300000.0,51728000.0,,31460000,,0.0,15913000.0,,752000,936435000.0,480855000,,,,,0.0,90000.0,,21870000.0,1146594000,1500000.0,3700000.0,,,,4232743000.0,31200000.0,973822000,15041000,,,,,68007.0,,15900000.0,600000.0,1100000.0,15041000.0,1008290000,,,53333.0,,1444007.0,2337000.0,,29123000.0,3100000.0,1000000000.0,,562900000.0,,2700000.0,,9135386.0,3075740.0,437373000,-179997000.0,5774000.0,-638000.0,0.0,1611000.0,0.0,4600000.0,,,,73921000,71777000,,,,,,,,,,,,,,,,,,,,,,,,,,,,,,,,,,,,
2012-05-07,False,72054245,4300000000.0,423913000,6526000,121861000,476070000.0,,,317717000,-6581000.0,,,,,0.0,300000.0,,1743651000,1232113000,,472750000.0,,,,,,,,,,35000.0,1272000.0,,,,,,,,,,,,126695000,-50270000.0,,,,0.12,,0.008,200000000,81065000,71875000,649000,,,2254000.0,20525000.0,,,687617000.0,,,,,,,,,,,,,,,,,4106000,,,,,,,,,-10497000.0,,1431000.0,0.0,,,,,,,,,0.0,,,,,,,,,21739000,,,,,,,,,,,,,0.2,0.56,0.55,0.368,13211000.0,9934000.0,9934000.0,,,,,,,,,,,,,,,,,,,,,319816000.0,-87000,10258000.0,,,,,332800000,0.0,,,,,63810000.0,23482000,,14412000,,,,,,,,,,157504000,4586000,-9933000,,-35050000.0,200961000,-1280000.0,,-1391000,,1900000.0,,,583000,28000.0,,1031780000,39006000.0,,,688496000,1743651000,565546000,,0.0,,250000000.0,0.001,,,,,1857000,-31829000,-20298000,40328000,,,,,,,,,,64393000,,,,,,,,,,,,,,,,,,,12610000,,,,,,,,,34405000,4143000,,8617000,,,,31829000,1,40000,0.0,,0.0,,,50337000.0,,11274000,,,,,0,964740000.0,488670000,,,,,,10000.0,,21870000.0,1178305000,,,,,,1020417000.0,,246668000,4559000,,,,,,,,,,,1055155000,,,,,,,,,,1000000000.0,,558700000.0,,,,9190000.0,54700.0,441516000,,,,,,,,,,,73494000,71594000,,,,,,,,,,,,,,,,,,,,,,,,,,,,,,,,,,,,
2012-08-06,False,70889653,4300000000.0,314757000,64160000,126445000,497278000.0,,,335899000,-6581000.0,,,,4800000.0,0.0,600000.0,,1722412000,1198249000,,492379000.0,,,,,,,,,,35000.0,1263000.0,,,,,,,,,,,,179100000,2135000.0,,,,0.2,,0.008,200000000,81366000,71070000,652000,,,1181000.0,16024000.0,,,840438000.0,,,,,,,,,,,,,,,,,-5887000,,,,,,,,,-6157000.0,,7084000.0,,,,,,,,,,0.0,,,,,,,,,22433000,,,,,,,,,,,,,,1.48,1.45,0.372,29325000.0,16497000.0,16497000.0,,,,,,,,,,,,,,,,,,,,,330562000.0,-146000,10258000.0,,,,,451461000,,,,,,169813000.0,63192000,,22616000,,,,,,,,,,48348000,68783000,-6422000,,-18936000.0,116115000,-2923000.0,,4603000,-13070000.0,1674000.0,,,31000,86000.0,,946934000,41821000.0,,60100000.0,655273000,1722412000,534722000,,0.0,,250000000.0,0.001,,,,,-97539000,-52496000,152170000,106621000,,,1.0,,,,,,,169844000,,,,,,,,,,,,,,,,,,,12876000,,,,,,,,,36464000,98400000,,23046000,,,,65566000,1,40000,0.0,0.0,0.0,,,56331000.0,,18146000,,,,0.0,0,998307000.0,501029000,,,,,,19000.0,,8800000.0,1270497000,,,,,,1291899000.0,,259184000,9309000,,,,,,,,,,,1067139000,,,,,,,,,,1000000000.0,,460400000.0,,,,10296000.0,1106000.0,539909000,,,,,,,,,,,73488000,71814000,,,,,,,,,,,,,,,,,,,,,,,,,,,,,,,,,,,,
2012-11-05,False,70436783,4300000000.0,362059000,24834000,125884000,508169000.0,,,348446000,-6581000.0,,,,4700000.0,0.0,400000.0,,1716303000,1161924000,,499695000.0,,,,,,,,,,35000.0,1255000.0,,,,,,,,,,,,70185000,-106780000.0,,,,0.2,,0.008,200000000,81540000,70563000,652000,,,-3449000.0,33000000.0,,,708467000.0,,,,,,,,,,,,,,,,,-14789000,,,,,,,,,-2478000.0,,12307000.0,0.0,,,,,,,,,0.0,,,,,,,,,22208000,,,,,,,,,,,,,,0.71,0.69,0.355,29221000.0,19738000.0,19738000.0,,,,,,,,,,,,,,,,,,,,,340285000.0,65000,10258000.0,,,,,357171000,,,,,,77538000.0,27517000,,95577000,,,,,,,,,,95650000,32698000,-11613000,,-19040000.0,189321000,-3822000.0,,-836000,-13470000.0,1572000.0,,,241000,1143000.0,,1020140000,51665000.0,,41400000.0,662090000,1716303000,542033000,,0.0,,250000000.0,0.001,,,,,-165236000,-97385000,155841000,50021000,,,1.0,,,,,,,77779000,,,,,,,,,,,,,,,,,,,15122000,,,,,,,,,38910000,61300000,,37236000,,,,111176000,1,40000,0.0,0.0,0.0,,,50892000.0,,22710000,,,,0.0,321000,1037168000.0,528999000,,,,,,27000.0,,8400000.0,1306328000,,,,,,1065638000.0,,257184000,14051000,,,,,,,,,,,1054213000,,,,,,,,,,1000000000.0,,399100000.0,,,,10977000.0,680705.0,601213000,,,,,,,,,,,72313000,70741000,,,,,,,,,,,,,,,,,,,,,,,,,,,,,,,,,,,,
2013-02-20,True,69208915,5800000000.0,320392000,43359000,148316000,519179000.0,,,361759000,-6821000.0,,25947000.0,62600000.0,,0.0,495799.0,500000.0,1706808000,1130052000,,511188000.0,,,,,,,,,,38000.0,1242000.0,851000.0,2365000.0,146000.0,146000.0,146000.0,146000.0,146000.0,1635000.0,-1085000.0,1280000.0,-1534000.0,138630000,-38335000.0,,,,0.2,,0.008,200000000,81695000,69504000,654000,,,5440000.0,37122000.0,,,3098066000.0,,,165519000.0,185861000.0,20342000.0,,,,,,,,,400000.0,-20857000.0,,-26581000,,-5724000.0,,51620000.0,47946000.0,11981000.0,21621000.0,23098000.0,-1477000.0,,23098000.0,,4574000.0,,27636000.0,8439000.0,25263000.0,,862000.0,,,,,-1001000.0,49423000.0,1693000.0,1541000.0,47219000.0,4400000.0,88975000,,,,,,,,,,,,51318000.0,,3.89,3.8,,48400000.0,25836000.0,25836000.0,,,,,,,,,,,,,,,,,,,,,350224000.0,-76000,10258000.0,,,,,1566054000,,,,,,435737000.0,159280000,159280000.0,128306000,,,,,152508000.0,-2730000.0,,9502000.0,,53983000,57321000,8828000,,139000.0,77297000,-4676000.0,,80000,-13470000.0,1665000.0,,,1055000,1219000.0,,908116000,61522000.0,,,681834000,1706808000,560505000,,,,250000000.0,0.001,,,,,-277562000,-139075000,378302000,276457000,,,,,,45.0,,1176.0,,436792000,,,,,,,,,1738375000.0,205862000.0,164628000.0,176701000.0,187984000.0,199450000.0,803750000.0,200100000.0,,,16500000,59000000.0,,,,,,,,42374000,271799000,,51318000,,,0.0,152924000,1,40000,0.0,,0.0,7100000.0,900000.0,51808000.0,,26577000,,,,0.0,379000,1069177000.0,549998000,,,,,,37000.0,,8400000.0,1371733000,1200000.0,3000000.0,,,,4664120000.0,37400000.0,1040287000,17641000,,,26.26,147229000.0,180000.0,118401000.0,,600000.0,1100000.0,17641000.0,1024974000,,,48000.0,,1066000.0,3025000.0,,23552000.0,3100000.0,1000000000.0,,291200000.0,,2600000.0,,12191000.0,3055000.0,709172000,-271799000.0,5898000.0,-1234000.0,0.0,1358000.0,0.0,4700000.0,,,,72757000,71092000,,,,,,,,,,,,,,,,,,,,,,,,,,,,,,,,,,,,
2013-05-06,False,69788440,5800000000.0,476043000,3749000,135192000,540934000.0,,,386793000,-3942000.0,,,,3400000.0,0.0,700000.0,,1881328000,1267391000,,522280000.0,,,,,,,,,,39000.0,1233000.0,,,,,,,,,,,,57022000,-81608000.0,,,,0.26,,0.008,200000000,82204000,69490000,658000,,,17515000.0,61801000.0,,,733747000.0,,,,,,,,,,,,,,,,,10711000,,,,,,,,,,,7214000.0,3696000.0,,,,,,,,,,,,,0.0,,,,,22699000,,,,,,,,,,,,,,0.63,0.62,0.35,9107000.0,11993000.0,11993000.0,,,,,,,,,,,,,,,,,,,,,356730000.0,156000,10258000.0,,,,,352091000,,,,,,67744000.0,23738000,,41650000,,,,,,,,,,155651000,-27617000,-14296000,,-39293000.0,234784000,3577000.0,,47000,,1357000.0,,,179000,148000.0,,1142900000,64141000.0,,,851102000,1881328000,624130000,,105000000.0,,250000000.0,0.001,,,,,62841000,-49150000,-95299000,44006000,,,1.0,,,,,,,67923000,,,,,,,,,,,,,,,,,,,16689000,,,,,,,,,44534000,49863000,,13929000,,,,49335000,1,40000,0.0,0.0,0.0,,,51855000.0,,13590000,,125000000.0,,,185000,1124228000.0,583294000,,,,,20000000.0,8000.0,,8400000.0,1401810000,,,,,,1085838000.0,,261469000,3397000,,,,,,,,,,,1030226000,,,,,,,,,,1000000000.0,,241300000.0,,,,12714000.0,522500.0,759035000,,,,,,,,,,,70805000,69448000,,,,,,,,,,,,,,,,,,,,,,,,,,,,,,,,,,,,
2013-08-05,False,69808880,5800000000.0,360811000,53482000,138417000,563789000.0,,,414356000,-3942000.0,,,,,0.0,700000.0,,1846424000,1205681000,,531142000.0,,,,,,,,,,39000.0,1224000.0,,,,,,,,,,,,55698000,-82932000.0,,,,0.26,,0.008,200000000,82658000,69767000,661000,,,20637000.0,74393000.0,,,949627000.0,,,,,,,,,,,,,,,,,4529000,,,,,,,,,,,14446000.0,2646000.0,,,,,,,,,,,,,0.0,,,,,24220000,,,,,,,,,,,,,,1.77,1.75,0.374,26783000.0,24804000.0,24804000.0,,,,,,,,,,,,,,,,,,,,,371565000.0,178000,10258000.0,,,,,506140000,,,,,,197423000.0,73843000,,59003000,,,,,,,,,,40419000,34927000,-19639000,,-21617000.0,174745000,-3360000.0,,868000,-8400000.0,1118000.0,,,556000,276000.0,,1082861000,65290000.0,,,702677000,1846424000,579532000,,0.0,,250000000.0,0.001,,,,,-55764000,-89991000,62823000,123580000,,,1.0,,,,,,,197979000,,,,,,,,,,,,,,,,,,,16363000,,,,,,,,,45447000,19400000,,32113000,,,,98626000,1,40000,0.0,0.0,0.0,,,52676000.0,,24808000,,135000000.0,,,235000,1175265000.0,611476000,,,,,135000000.0,17000.0,,0.0,1507206000,,,,,,1455767000.0,,283941000,3500000,,,,,,,,,,,1143747000,,,,,,,,,,1000000000.0,,221900000.0,,,,12891000.0,176825.0,778476000,,,,,,,,,,,70790000,69672000,,,,,,,,,,,,,,,,,,,,,,,,,,,,,,,,,,,,
2013-11-04,False,139587064,5800000000.0,403521000,2323000,136234000,586149000.0,,,429144000,-3942000.0,,,,,0.0,700000.0,,1919306000,1253618000,,556153000.0,,,,,,,,,,39000.0,1214000.0,,,,,,,,,,,,45988000,-92642000.0,,,,0.13,,0.008,200000000,165722000,139587000,1326000,,,11798000.0,55022000.0,,,792424000.0,,,,,,,,,,,,,,,,,-3485000,,,,,,,,,,,19823000.0,5283000.0,,,,,,,,,,,,,0.0,,,,,26137000,,,,,,,,,,,,,,0.46,0.46,0.361,28398000.0,31626000.0,31626000.0,,,,,,,,,,,,,,,,,,,,,395159000.0,170000,10258000.0,,,,,415666000,,,,,,101320000.0,36553000,,148519000,,,,,,,,,,83129000,-9410000,-12982000,,-20002000.0,233897000,-5281000.0,,-6014000,-8400000.0,2202000.0,,,350000,406000.0,,1142013000,72225000.0,,,734795000,1919306000,570515000,,40000000.0,,250000000.0,0.001,,,,,-43192000,-148060000,98610000,64767000,,,1.0,,,,,,,101670000,,,,,,,,,,,,,,,,,,,15751000,,,,,,,,,46152000,21300000,,50272000,,,,156791000,1,40000,0.0,0.0,0.0,,,45794000.0,,30024000,,175000000.0,,,331000,1220545000.0,634396000,,,,,135000000.0,27000.0,,0.0,1553814000,,,,,,1208090000.0,,287859000,3400000,,,,,,,,,,,1184511000,,2.0,,,,,,,,1000000000.0,,200600000.0,,,,26135000.0,352886.0,799773000,,,,,,,,,,,141726000,139524000,,,,,,,,,,,,,,,,,,,,,,,,,,,,,,,,,,,,
2014-02-19,True,139559289,7000000000.0,316487000,9424000,155615000,603911000.0,,,452668000,-4142000.0,,43517000.0,65600000.0,,0.0,600000.0,0.0,1903391000,1209248000,,581938000.0,,,,,,,,,,42000.0,1200000.0,799000.0,2218000.0,146000.0,146000.0,146000.0,146000.0,146000.0,1488000.0,976000.0,1242000.0,782000.0,142743000,4113000.0,,,16000000.0,0.13,,0.008,200000000,166324000,139654000,1331000,,,8258000.0,65312000.0,,,3411175000.0,,,175039000.0,194168000.0,19129000.0,,,,,,,,,500000.0,-5341000.0,,-8309000,,-2968000.0,,47610000.0,,12133000.0,29930000.0,29838000.0,0.0,55267000.0,29838000.0,92000.0,6923000.0,,23184000.0,10388000.0,25229000.0,5734000.0,0.0,,,,,,55175000.0,3139000.0,2100000.0,51547000.0,4900000.0,100025000,,,,,,,,,,,,68484000.0,,2.35,2.32,,50573000.0,43517000.0,43517000.0,,,,,,,,,,,,,,,,,,,,,408021000.0,-35000,10258000.0,,,,,1753609000,,,,,,514093000.0,185859000,,188003000,,,,,179933000.0,4579000.0,,10505000.0,,-3905000,9582000,9938000,,2173000.0,71192000,-2275000.0,,5551000,-8400000.0,2308000.0,,,557000,780000.0,,979308000,73350000.0,,,656497000,1903391000,532141000,,0.0,,250000000.0,0.001,,,,,-120245000,-209323000,333681000,328234000,,,,,,48.0,,1276.0,,514650000,,,,,,,,,1855318000.0,220389000.0,179350000.0,189953000.0,202076000.0,212472000.0,851078000.0,216800000.0,,,18861000,,,,,,,,,46226000,129416000,,68484000,,,,218200000,1,40000,0.0,,0.0,7800000.0,300000.0,57359000.0,,38318000,,185000000.0,,0.0,477000,1268843000.0,664932000,,,,,185000000.0,38000.0,,0.0,1631483000,1600000.0,3100000.0,,,,5164784000.0,41300000.0,1138934000,13893000,12400000.0,6500000.0,14.67,193123000.0,166000.0,130549000.0,,100000.0,300000.0,13893000.0,1246894000,,2.0,87000.0,,2681000.0,3596000.0,,34722000.0,2300000.0,1000000000.0,,161800000.0,,2300000.0,,26670000.0,2287000.0,838588000,129416000.0,2482000.0,3937000.0,220000.0,741000.0,0.0,1600000.0,,,,141723000,139415000,,,,,,,,,,,,,,,,,,,,,,,,,,,,,,,,,,,,
2014-05-05,False,138492953,7000000000.0,477508000,22481000,138696000,629998000.0,,,464058000,-1211000.0,,,,,0.0,600000.0,,2056392000,1340138000,,594150000.0,,,,,,,,,,42000.0,1190000.0,,,,,,,,,,,,47789000,-94954000.0,,,,0.16,,0.008,200000000,166623000,138691000,1333000,,,8355000.0,74867000.0,,,787461000.0,,,,,,,,,,,,,,,,,2616000,,,,,,,,,,,19963000.0,7351000.0,,,,,,,,,,,,,,,,,,27220000,,,,,,,,,,,,,,0.35,0.35,0.376,6696000.0,1690000.0,1690000.0,,,,,,,,,,,,,,,,,,,,,418473000.0,57000,10258000.0,,,,,396219000,,,,,,78275000.0,29466000,,11994000,,,,,,,,,,161021000,14747000,-17016000,,-43877000.0,245924000,-1929000.0,,-10205000,,1914000.0,,,454000,172000.0,,1225232000,74398000.0,,42600000.0,851835000,2056392000,645423000,,80000000.0,20000000.0,250000000.0,0.001,,,,,-15097000,-41781000,-38076000,48809000,,,1.0,,,,,,,78729000,,,,,,,,,,,,,,,,,,,18952000,9000000.0,,,,,,,,47836000,84455000,,18083000,,,,41863000,1,40000,0.0,0.0,0.0,,,47154000.0,,6972000,,80000000.0,,,82000,1309691000.0,679693000,,,,,0.0,10000.0,,0.0,1662209000,,,,,,1183680000.0,41800000.0,290270000,3941000,,,,,,,,,,,1204557000,,,,,,,,,,2000000000.0,,1080000000.0,,,,27932000.0,1300000.0,923043000,,,,,,,,,,,141032000,139118000,,,,,,,,,,,,,,,,,,,,,,,,,,,,,,,,,,,,
2014-08-04,False,137676558,7000000000.0,390170000,73174000,144360000,657233000.0,,,476742000,,,,,,0.0,1400000.0,,2025528000,1284185000,,607030000.0,,,,,,,,,,125000.0,3078000.0,,,,,,,,,,,,55965000,-86778000.0,,,,0.16,,0.008,400000000,166881000,137989000,1335000,,,7745000.0,84049000.0,,,1033299000.0,,,,,,,,,,,,,,,,,-12980000,,,,,,,,,,,25515000.0,17395000.0,,,,,,,,,,,,,,,,,,27914000,,,,,,,,,,,,,,0.96,0.95,0.367,21158000.0,4171000.0,4171000.0,1988000.0,,,,,,,,,,,,,,,,,,,,427024000.0,68000,10258000.0,,,,,550532000,,,,,,210721000.0,77310000,,51306000,,,,,,,,,,73683000,67921000,-10742000,,-29415000.0,175277000,-2842000.0,,-9239000,0.0,1716000.0,,,308000,360000.0,,1154585000,75843000.0,,70900000.0,759603000,2025528000,628987000,0.0,,30000000.0,400000000.0,0.001,,,,,-171334000,-81948000,166504000,133411000,,,1.0,,,,,,,211029000,,,,,,,,,,,,,,,,,,,20303000,1800000.0,,,,,,,,49674000,62500000,,40270000,1211000.0,,,82114000,1,40000,0.0,0.0,0.0,,,48120000.0,,13000000,,110000000.0,,,166000,1350620000.0,693387000,,,,,110000000.0,27000.0,,,1773433000,,,,,,1583831000.0,43900000.0,311589000,4200000,,,,,,,,,,,1265925000,,,,,,,,,,,2000000000.0,,1010000000.0,,,28892000.0,1000000.0,985585000,,,,,,,,,,,140110000,138394000,,,,,,,,,,,,,,,,,,,,,,,,,,,,,,,,,,,,
2014-11-03,False,135938869,,483042000,19014000,154631000,675132000.0,,,483804000,,,,,,0.0,1400000.0,,2188698000,1426587000,,684700000.0,,,,,,,,,,125000.0,3048000.0,,,,,,,,,,,,47510000,-95233000.0,,,,0.16,,0.008,400000000,167082000,136615000,1337000,,,7654000.0,25015000.0,,,895881000.0,,,,,,,,,,,,,,,,,-28316000,,,,,,,,,,,33317000.0,24929000.0,,,,,,,,,,,,,,,,,,29387000,,,,,,,,,,,,,,0.56,0.55,0.37,19530000.0,7333000.0,7333000.0,1988000.0,,,,,,,,,,,,,,,,,,,,440314000.0,-249000,10258000.0,,,,,464069000,,,,,,121508000.0,44905000,,162073000,,,,,,,,,,166555000,16923000,-379000,,-31043000.0,316516000,-4543000.0,,-7423000,0.0,1496000.0,,,505000,546000.0,,1295824000,73424000.0,,41100000.0,958491000,2188698000,676342000,150000000.0,,30000000.0,400000000.0,0.001,,,,,-137681000,-125116000,167564000,76603000,,,1.0,,,,,,,122013000,,,,,,,,,,,,,,,,,,,20123000,,,,,,,,,50745000,97400000,,62270000,4766000.0,,,125425000,1,40000,0.0,0.0,0.0,,,49936000.0,,16461000,,260000000.0,,,309000,1381933000.0,706801000,,,,,110000000.0,57000.0,,,1828036000,,,,,,1359950000.0,45600000.0,312669000,4000000,,,,,,,,,,,1230207000,,,,,,,,,,,2000000000.0,,917400000.0,,,30467000.0,1600000.0,1082970000,,,,,,,,,,,138863000,137367000,,,,,,,,,,,,,,,,,,,,,,,,,,,,,,,,,,,,
2015-02-18,True,136194193,6600000000.0,370823000,12436000,182565000,696346000.0,,,510997000,-4766000.0,,18850000.0,70400000.0,,0.0,1000000.0,0.0,2034571000,1273990000,,698462000.0,,,,,,,,,,213000.0,4957000.0,,8049000.0,537000.0,537000.0,537000.0,537000.0,537000.0,5364000.0,2879000.0,5170000.0,,51134000,-91609000.0,,,,0.16,,0.008,400000000,167716000,136382000,1342000,,,14843000.0,30803000.0,,,3761300000.0,,,211383000.0,236516000.0,25133000.0,,,,,,,,,500000.0,-14493000.0,,-19814000,,-5321000.0,,49010000.0,,16602000.0,49744000.0,40962000.0,,65324000.0,40962000.0,8782000.0,3745000.0,2205000.0,18770000.0,11585000.0,27166000.0,6989000.0,0.0,,,,,,56542000.0,3916000.0,2109000.0,52626000.0,5600000.0,114635000,,,,,,,,,,,,84061000.0,,2.69,2.66,,37056000.0,18850000.0,18850000.0,4042000.0,,,,,,,,,,,,,,,,,,,,453692000.0,-389000,10258000.0,,0.0,,,1950415000,,,,,,587587000.0,216702000,,213637000,,,,,205656000.0,1832000.0,,12878000.0,,54336000,21862000,20365000,,-13517000.0,136142000,-7941000.0,,9085000,0.0,1666000.0,,,1885000,906000.0,,1115450000,79571000.0,,40700000.0,741010000,2034571000,603093000,0.0,,30000000.0,400000000.0,0.001,,,,,-340505000,-160282000,409178000,370885000,,,,,,49.0,,1382.0,,589472000,,,,,,,,,2076057000.0,243864000.0,202099000.0,215190000.0,225404000.0,236943000.0,952557000.0,239300000.0,,,20541000,,,,,,,,,53153000,298497000,,84061000,,,,160613000,1,40000,0.0,,0.0,8900000.0,500000.0,66444000.0,,28083000,,355000000.0,,,331000,1417346000.0,721000000,,,,,355000000.0,114000.0,,,1918307000,900000.0,3200000.0,,,,5711715000.0,48300000.0,1246308000,16173000,,5300000.0,15.36,146967000.0,135000.0,107603000.0,,100000.0,500000.0,16173000.0,1293561000,,,79000.0,,1179000.0,4327000.0,,23756000.0,4700000.0,,2000000000.0,,863300000.0,5000000.0,,31334000.0,4664000.0,1137085000,298497000.0,3500000.0,366000.0,0.0,1104000.0,280000.0,2300000.0,,,,139435000,137769000,,,,,,,,,,,,,,,,,,,,,,,,,,,,,,,,,,,,
2015-05-07,False,136426761,,585551000,28684000,180829000,725155000.0,,,544042000,,,,,,0.0,600000.0,,2322010000,1526915000,,713132000.0,,,,,,,,,,441000.0,8761000.0,,,,,,,,,,,,57133000,5999000.0,,,,0.16,,0.008,400000000,168347000,136416000,1347000,,,21181000.0,52523000.0,,,886747000.0,,,,,,,0.004,,,,,,,,,,359000,,,,,,,,,,,33850000.0,15535000.0,,,,,,,,,,,,,,,,,,30282000,,,,,,,,,,,,,,0.43,0.42,0.369,9483000.0,8181000.0,8181000.0,4122000.0,,,,,,,,,,,,,,,,,,,,466663000.0,47000,10258000.0,,,,,444605000,,,,,,91981000.0,33941000,,8979000,,,,,,,,,,214728000,24429000,-8074000,,-27573000.0,255515000,-1389000.0,,-1477000,,1388000.0,,,866000,464000.0,,1370965000,80705000.0,,50500000.0,1007132000,2322010000,804988000,60000000.0,,30000000.0,400000000.0,0.0008,,,,,18188000,-48502000,36313000,58040000,,,1.0,,,49.0,,1422.0,,92847000,,,,,,,,,,,,,,,,,,,19550000,,,,,,,,,52437000,47945000,,21828000,1078000.0,,,48767000,1,40000,0.0,0.0,0.0,,,64967000.0,,20948000,,110000000.0,,,265000,1474907000.0,749752000,,,,,50000000.0,90000.0,,,1954519000,,,,,,1331352000.0,,321476000,4999000,,,,,,,,,,,1314878000,,,,,,,,,,,2000000000.0,,815400000.0,,,31931000.0,600000.0,1185030000,,,,,,,,,,,137735000,136347000,,,,,,,,,,,,,,,,,,,,,,,,,,,,,,,,,,,,
2015-08-05,False,135819050,,452669000,77950000,185631000,754847000.0,,,563096000,,,,,,0.0,1000000.0,,2271270000,1449507000,,723455000.0,,,,,,,,,,441000.0,8652000.0,,,,,,,,,,,,56317000,5183000.0,,,,0.2,,0.008,400000000,168638000,135831000,1349000,,,22442000.0,74245000.0,,,1147580000.0,,,,,,,0.004,,,,,,,,,,-11236000,,,,,,,,,,,38005000.0,22975000.0,,,,,,,,,,,,,,,,,,30313000,,,,,,,,,,,,,,1.13,1.12,0.372,28910000.0,12900000.0,12900000.0,4122000.0,,,,,,,,,,,,,,,,,,,,474975000.0,15000,10258000.0,,,,,625320000,,,,,,244333000.0,91002000,,57367000,,,,,,,,,,81846000,78414000,-4533000,,-8146000.0,177696000,-1475000.0,,-4405000,,1280000.0,,,832000,694000.0,,1293146000,84391000.0,,57400000.0,887823000,2271270000,745601000,0.0,,30000000.0,400000000.0,0.0008,,,,,-131519000,-96713000,233415000,153331000,,,,1.0,1.0,,49.0,,1438.0,245165000,,,,,,,,,,,,,,,,,,,19627000,,,,,,,,,52124000,76600000,,49051000,1095000.0,,,97014000,1,40000,,,0.0,,,62039000.0,,30466000,,180000000.0,,,301000,1523750000.0,768903000,,,,,180000000.0,199000.0,,,2080627000,,,,,,1772900000.0,,349842000,4800000,,,,,,,,,,,1383447000,,,,,,,,,,,2000000000.0,,738800000.0,,,32807000.0,900000.0,1261625000,,,,,,,,,,,137400000,136120000,,,,,,,,,,,,,,,,,,,,,,,,,,,,,,,,,,,,
2015-11-05,False,134333917,,527143000,18255000,192335000,774772000.0,,,576175000,,,,,,0.0,700000.0,,2440586000,1573364000,,750170000.0,,,,,,,,,,540000.0,10746000.0,,,,,,,,,,,,51352000,218000.0,,,,0.2,,0.008,400000000,168830000,134645000,1351000,,,23731000.0,85531000.0,,,963397000.0,,,,,,,0.005,,,,,,,,,,-22799000,,,,,,,,,,,42628000.0,29915000.0,,,,,,,,,,,,,,,,,,30149000,,,,,,,,,,,,,,0.64,0.64,0.369,27449000.0,16994000.0,16994000.0,6434000.0,,,,,,,,,,,,,,,,,,,,489088000.0,-115000,10258000.0,,,,,512248000,,,,,,138426000.0,51114000,,175485000,,,,,,,,,,156320000,22813000,882000,,-9607000.0,299112000,-5950000.0,,-1622000,,1216000.0,,,782000,1694000.0,,1414562000,86197000.0,,42800000.0,1103326000,2440586000,765722000,190000000.0,,,,0.001,,,,,-80139000,-163097000,243454000,87312000,,,,1.0,1.0,,49.0,,1465.0,139208000,,,,,,,,,,,,,,,,,,,18392000,,,,,,,,,53953000,119400000,,76215000,2998000.0,,,163468000,1,40000,,,0.0,,,64822000.0,,36354000,,525000000.0,,,371000,1583429000.0,808657000,,,,,335000000.0,318000.0,,,2140775000,,,,,,1475645000.0,,342891000,5000000,,,,,,,,,,,1337260000,,,,,,,,,,,2000000000.0,,619400000.0,,,34185000.0,1400000.0,1381041000,,,,,,,,,,,136741000,135525000,,,,,,,,,,,,,,,,,,,,,,,,,,,,,,,,,,,,
2016-02-23,True,133740424,9900000000.0,427249000,5449000,195024000,796340000.0,,,596131000,-2997000.0,,27032000.0,73900000.0,,0.0,900000.0,0.0,2370826000,1485431000,,814802000.0,,,,,,,,,,878000.0,16992000.0,,26093000.0,1876000.0,1876000.0,1876000.0,1876000.0,1876000.0,16713000.0,8223000.0,17870000.0,,63813000,12679000.0,,,,0.2,,0.008,400000000,168974000,134224000,1352000,0.0,,16050000.0,38720000.0,,,4083333000.0,,,225253000.0,242672000.0,17419000.0,,0.005,,,,,,,500000.0,-7017000.0,,-5450000,,1567000.0,,52200000.0,,18147000.0,55194000.0,45970000.0,,68660000.0,45970000.0,9224000.0,3274000.0,825000.0,21368000.0,10369000.0,29179000.0,7233000.0,0.0,,,,,,59436000.0,3631000.0,2108000.0,55805000.0,5900000.0,123569000,,,,,,,,,,,,103101000.0,,3.03,3.0,,42684000.0,27032000.0,27032000.0,13207000.0,,,,,,,,,,,,,,,,,,,,523383000.0,-315000,10258000.0,,0.0,,,2143174000,,,,,,647617000.0,237222000,,226968000,3763000.0,,,,226666000.0,1785000.0,,12341000.0,,56426000,16282000,11252000,,5628000.0,168925000,-8366000.0,,21066000,0.0,1263000.0,,,2891000,2283000.0,,1284375000,86991000.0,,48700000.0,977532000,2370826000,671284000,150000000.0,,,,0.001,,,,,-180589000,-235912000,429180000,410395000,,,,1.0,1.0,49.0,,1488.0,,650508000,,,,,,,,,2299493000.0,265327000.0,218764000.0,236796000.0,249250000.0,258361000.0,1070995000.0,262100000.0,,,18337000,,,,,,,,,54463000,292705000,,103101000,,,,236496000,1,40000,0.0,,0.0,9600000.0,1600000.0,87510000.0,,41689000,,680000000.0,,,584000,1643916000.0,847576000,,,,,530000000.0,507000.0,,,2225601000,1600000.0,3300000.0,,,,6226507000.0,51200000.0,1369097000,19420000,,4800000.0,19.53,119050000.0,72000.0,94598000.0,,200000.0,600000.0,19420000.0,1393294000,,,68000.0,,1117000.0,4710000.0,,36979000.0,3400000.0,,2000000000.0,,570700000.0,4400000.0,,34750000.0,3416000.0,1429790000,292705000.0,2922000.0,1447000.0,0.0,869000.0,0.0,1900000.0,,,,136845000,135582000,,,,,,,,,,,,,,,,,,,,,,,,,,,,,,,,,,,,
2016-05-05,False,133426962,,582745000,29830000,178747000,828789000.0,,,613686000,,,,,,0.0,1300000.0,,2564528000,1626050000,,838336000.0,,,,,,,,,,1081000.0,21761000.0,,,,,,,,,,,,74501000,10688000.0,,,,0.2,,0.008,400000000,168830000,134645000,1354000,,,15652000.0,37137000.0,,,973353000.0,,,,,,,0.0063,,,,,0.0,,,,1400000.0,-604000,,,,,,,46000000.0,,,,,55798000.0,,,,,,,,,,,,,,,,,,33577000,,,,,,,,,,,,,,0.51,0.5,0.368,10994000.0,3090000.0,3090000.0,5218000.0,,,,,,,,,,,,,,,,,,,,534335000.0,-80000,10258000.0,,,,,494444000,,,,,,107070000.0,39402000,,8642000,,0.0,,,,,,,,155496000,31234000,-15879000,,-31690000.0,186316000,-157000.0,,-6652000,,1079000.0,,,1125000,791000.0,,1470691000,87005000.0,,47600000.0,1211825000,2564528000,813397000,150000000.0,,,500000000.0,0.001,,238641000.0,,,-15154000,-36712000,62554000,67668000,,,,1.0,1.0,,49.0,,1521.0,108195000,,,,,,,,,,,,,,,,,,,16921000,,,,,,,,,51066000,99102000,,26714000,843000.0,,,36732000,1,40000,0.0,,0.0,,,80858000.0,,10041000,475000000.0,110000000.0,,,20000,1684290000.0,855501000,0.0,,,,50000000.0,246000.0,375000000.0,,2266555000,,,,,,1467797000.0,,352672000,5269000,,,,,,,,,,,1352703000,,,,,,,,,,,2000000000.0,,471600000.0,,,34185000.0,1200000.0,1528892000,,,,,,,,,10000000.0,,134709000,133630000,,,,,,,,,,,,,,,,,,,,,,,,,,,,,,,,,,,,
2016-08-04,False,133664784,,430394000,54139000,201077000,861274000.0,-1362000.0,-1362000.0,647719000,,,,,,0.0,1700000.0,,2578766000,1588535000,2600000.0,870053000.0,,,,,,,,,,1081000.0,21494000.0,,,,,,,,,,,,151112000,87299000.0,,,,0.24,,0.008,400000000,169724000,133703000,1358000,,155063000.0,32075000.0,55014000.0,0.0,,1203312000.0,,,,,,,0.0063,,,,,,,,,1300000.0,-3618000,,,,,,,46000000.0,,,,,58812000.0,,,,,,,,,,,,,,,,,,34057000,,,,2500000.0,,1200000.0,,306000.0,2234000.0,2540000.0,,,,1.17,1.16,0.368,27744000.0,10282000.0,10282000.0,5218000.0,-1362000.0,,,,,,,,,,,,,,,,,,,544724000.0,-233000,10258000.0,,,,,649222000,,,,,,247339000.0,90914000,,73205000,,3311000.0,,,,,,,,3145000,59424000,-9972000,,-14940000.0,82124000,-3214000.0,,-19897000,,998000.0,,,1910000,2153000.0,,1366499000,94387000.0,,50500000.0,1076837000,2578766000,724435000,150000000.0,,,500000000.0,0.001,,186212000.0,,,-79701000,-100916000,267916000,156425000,,,,1.0,1.0,,49.0,,1542.0,249249000,,,,,,,,,,,,,,,,,,,19199000,,,,,-1362000.0,-872000.0,-1362000.0,,55379000,7800000,,58785000,843000.0,,,100956000,1,40000,0.0,,0.0,,,67613000.0,,30943000,595000000.0,,,,40000,1763236000.0,901962000,,,0.0,0.0,,513000.0,547500000.0,,2390909000,,,,,,1852534000.0,,365916000,5900000,,,,,,,,,,,1501929000,,,,,,,,,,,2000000000.0,,463800000.0,,,36021000.0,100000.0,1536695000,,,,,,,,,10000000.0,,134562000,133564000,,,,,,,,,,,,,,,,,,,,,,,,,,,,,,,,,,,,
2016-11-04,False,131249687,,484014000,0,199327000,893488000.0,-1111000.0,-1111000.0,661665000,,,,,,0.0,1800000.0,,2635733000,1629756000,1900000.0,906624000.0,,,,,,,,,,1294000.0,26246000.0,,,,,,,,,,,,55507000,-8306000.0,,,,0.24,,0.008,400000000,169859000,132428000,1359000,,89695000.0,17727000.0,50173000.0,,,1007432000.0,,,,,,,0.0063,,,,,,,,,1200000.0,2002000,,,,,,,46000000.0,,,,,53192000.0,,,,,,,,,,,,,,,,,,35662000,,,,1800000.0,,900000.0,,306000.0,412000.0,1822000.0,195000000.0,,,0.67,0.67,0.365,17625000.0,11637000.0,11637000.0,10493000.0,-1111000.0,,,,,,,,,,,,,,,,,,,556276000.0,-219000,10258000.0,,,,,535274000,,,,,,140910000.0,51466000,,184817000,,16335000.0,,,,,,,,56765000,-6384000,2626000,,-25059000.0,205559000,-7336000.0,,-19530000,,864000.0,,,1110000,3445000.0,,1489934000,94362000.0,,44400000.0,1170993000,2635733000,712260000,150000000.0,,,500000000.0,0.001,,283781000.0,,,-115509000,-166795000,273998000,89444000,,,,1.0,1.0,,49.0,,1575.0,142020000,,,,,,,,,,,,,,,,,,,19362000,,,,,251000.0,161000.0,251000.0,,57025000,108787000,,90829000,843000.0,,,167161000,1,40000,0.0,,0.0,,,67980000.0,,37421000,695000000.0,,,,366000,1816653000.0,923165000,,0.0,0.0,0.0,,823000.0,550000000.0,,2448309000,,,,,,1542706000.0,,357592000,6114000,,,,,,,,,,,1464740000,,,,,,,,,,,3000000000.0,,355000000.0,,,37431000.0,1400000.0,1645482000,,,,,,,,,10000000.0,,134256000,133392000,,,,,,,,,,,,,,,,,,,,,,,,,,,,,,,,,,,,
2017-02-23,True,130725876,9600000000.0,519522000,5482000,215650000,911557000.0,1392000.0,1392000.0,671515000,,,,84200000.0,,0.0,1900000.0,0.0,2674942000,1517809000,,965582000.0,145701000.0,21875000.0,12091000.0,61542000.0,428000.0,5489000.0,25519000.0,84159000.0,2800000.0,1294000.0,25919000.0,,39898000.0,2936000.0,2936000.0,2936000.0,2936000.0,2936000.0,25218000.0,12685000.0,27213000.0,,53916000,-9897000.0,,,,0.24,,0.008,400000000,169943000,130795000,1360000,,438512000.0,12303000.0,21320000.0,,,4454377000.0,,,221207000.0,242065000.0,20858000.0,,0.0063,,,,,,,600000.0,12256000.0,1100000.0,9976000,,-3171000.0,,,,19713000.0,45218000.0,,,130609000.0,,45218000.0,7311000.0,4265000.0,14120000.0,,35391000.0,13565000.0,0.0,,,4600000.0,2419000.0,,85391000.0,2124000.0,2912000.0,73336000.0,6600000.0,142958000,2817000.0,,,,,400000.0,,534000.0,2283000.0,0.0,190000000.0,,,3.29,3.27,,25246000.0,11671000.0,11671000.0,10493000.0,1392000.0,,,,,,,,,,,,,,,,,,31300000.0,567653000.0,-579000,94417000.0,84159000.0,0.0,0.0,,2325202000,,,0.0,,,688270000.0,251150000,,232258000,,3680000.0,,,240894000.0,1240000.0,,11496000.0,,82477000,11787000,20368000,,-18237000.0,67650000,-5997000.0,,-1782000,,908000.0,31300000.0,125717000.0,5810000,6124000.0,,1369656000,94940000.0,,44300000.0,1221724000,2674942000,777194000,150000000.0,,,500000000.0,0.001,,263850000.0,,,-279672000,-369265000,639040000,437120000,,,,,1.0,49.0,,,,694080000,,,,,,,,,2533254000.0,299463000.0,238193000.0,262418000.0,280731000.0,293081000.0,1159368000.0,293000000.0,,,23890000,,,,,1392000.0,891000.0,1392000.0,,54683000,331708000,,122272000,843000.0,143610000.0,,226017000,1,40000,0.0,,0.0,9900000.0,2100000.0,90557000.0,,41010000,945000000.0,,,,362000,1873865000.0,962308000,,0.0,0.0,0.0,,1150000.0,820000000.0,,2540449000,1900000.0,4200000.0,,,,6779579000.0,54300000.0,1488164000,23554000,,3800000.0,19.27,59601000.0,,56198000.0,,,,,1453218000,,,,,,4809000.0,,36201000.0,4400000.0,,3000000000.0,,1200000000.0,7500000.0,,39148000.0,,1761498000,,1579000.0,1829000.0,113000.0,460000.0,139000.0,1100000.0,,10000000.0,,133813000,132905000,,,,,,,,,,,,,,,,,,,,,,,,,,,,,,,,,,,,
2017-05-10,False,128564140,,563525000,31407000,187247000,950163000.0,1673000.0,1673000.0,683012000,,,,,,0.0,2800000.0,,2976402000,1824260000,0.0,975155000.0,145701000.0,21875000.0,12091000.0,61542000.0,428000.0,5489000.0,25519000.0,84159000.0,,1356000.0,25525000.0,,,,,,,,,,,,72701000,18785000.0,,,,0.24,,0.008,400000000,170093000,129349000,1361000,,60592000.0,12044000.0,26067000.0,,,1045875000.0,,,,,,,0.0075,,,,,,,,,1100000.0,-1611000,,,,,,,,,,,,46829000.0,,,,,,,,,,,,,,,,,,39727000,3284000.0,,,,,100000.0,,6000.0,461000.0,,187500000.0,,,0.46,0.46,0.356,21049000.0,,3100000.0,0.0,281000.0,,,,,,,,,,,,,,,,,,31300000.0,578352000.0,-179000,,84200000.0,,,,518203000,,,,,,93585000.0,33274000,,12739000,,7339000.0,,,,,,,,44003000,22266000,-28144000,,-4197000.0,288105000,-2258000.0,,-4098000,,814000.0,31300000.0,125717000.0,2777000,2125000.0,,1657761000,96535000.0,,39500000.0,1596904000,2976402000,817084000,,,,500000000.0,0.0013,,598919000.0,,,195298000,-34855000,-141658000,60311000,,,,,1.0,,49.0,1769.0,,96362000,,,,,,,,,,,,,,,,,,,22559000,,,,,281000.0,180000.0,281000.0,,54375000,114547000,,31263000,653000.0,,,34883000,1,40000,0.0,,0.0,,,86459000.0,,4593000,475000000.0,,,,28000,1907200000.0,957037000,,0.0,0.0,0.0,,332000.0,137500000.0,,2569497000,,,,,,1564078000.0,,382114000,7557000,,,,,,,,,,,1379498000,,,,,,,,,,,3000000000.0,,1124500000.0,,,40744000.0,1600000.0,1876045000,,,,,,,,,12500000.0,,131090000,130276000,,,,,,,,,,,,,,,,,,,,,,,,,,,,,,,,,,,,
2017-08-10,False,126695953,,510820000,73157000,184829000,988998000.0,1521000.0,1521000.0,693775000,,,,,,0.0,4100000.0,,2815572000,1630522000,0.0,995716000.0,145701000.0,21875000.0,12091000.0,61542000.0,428000.0,5489000.0,25519000.0,84159000.0,,3418000.0,33860000.0,,,,,,,,,,,,67793000,13877000.0,,,,0.27,,0.008,400000000,170184000,127231000,1361000,,160497000.0,15377000.0,48521000.0,,,1313054000.0,,,,,,,0.0063,0.01,,,,,,,,1300000.0,-7742000,,,,,,,,,,,,52960000.0,,,,,,,,,,,,,,,,,,41047000,3049000.0,,,2540000.0,,100000.0,211000.0,15000.0,250000.0,,,,,1.25,1.25,0.37,14264000.0,,10300000.0,10734000.0,129000.0,,,,,,,,,,,,,,,,,,31300000.0,584275000.0,-198000,,84200000.0,,,,704708000,,,,,,254833000.0,94184000,,67752000,,4066000.0,,,,,,,,-8702000,67289000,-33895000,,-10982000.0,98598000,-2979000.0,,-148000,,536000.0,31300000.0,125717000.0,3092000,5218000.0,,1468254000,99267000.0,,44300000.0,1433006000,2815572000,806488000,,,,500000000.0,0.001,,433676000.0,,,-127802000,-85829000,227508000,160649000,,,,,1.0,,49.0,1790.0,,257925000,,,,,,,,,,,,,,,,,,,24015000,,,,,-152000.0,-98000.0,-152000.0,,56457000,133600000,,65855000,653000.0,,,96610000,1,40000,0.0,,0.0,,,90409000.0,,7835000,578000000.0,,,,10781000,1971356000.0,982358000,,0.0,0.0,0.0,,669000.0,398000000.0,,2695554000,,,,,,2017762000.0,,405736000,7522000,,,,,,,,,,,1382566000,,,,,,,,,,,3000000000.0,,990943666.0,,,42953000.0,2200000.0,2009645000,,,,,,,,,20000000.0,,128722000,128186000,,,,,,,,,,,,,,,,,,,,,,,,,,,,,,,,,,,,
2017-11-09,False,125564364,,609883000,15732000,186037000,1025266000.0,1557000.0,1557000.0,703292000,,,,,,0.0,4100000.0,,2928351000,1741995000,0.0,1013937000.0,144476000.0,21875000.0,12091000.0,61542000.0,428000.0,5489000.0,25519000.0,82934000.0,,3545000.0,33509000.0,,,,,,,,,,,,70046000,16130000.0,,,,0.27,,0.008,400000000,170232000,125853000,1362000,0.0,91932000.0,15949000.0,56006000.0,,,1121248000.0,,,,,,,0.0075,0.01,,,150000000.0,,,,,1600000.0,4626000,,,,,,,,,,,,40592000.0,,,,,,,,,,,,,,,,,,41927000,3134000.0,,,1822000.0,,200000.0,59000.0,25000.0,1822000.0,,,,,0.73,0.72,0.364,34497000.0,,11600000.0,11395000.0,165000.0,,,,,,,,,,,,,,,,,,,593329000.0,-509000,,82900000.0,,,1200000.0,600456000,,,,,,144501000.0,52605000,,166027000,,4776000.0,,,,,,,,90361000,9154000,-33259000,,9251000.0,221899000,-8792000.0,,-14939000,,503000.0,31300000.0,124492000.0,3752000,8010000.0,,1591555000,99323000.0,,41621000.0,1556950000,2928351000,872194000,,,,500000000.0,0.0013,150000000.0,487228000.0,0.037,,-183672000,-141160000,340962000,91896000,,,,,1.0,,49.0,,1827.0,148253000,,,,,,,,,,,,,,,,,,,24435000,,,,,36000.0,23000.0,36000.0,,59402000,78500000,,99970000,771000.0,,,152040000,1,40000,0.0,,0.0,,,75618000.0,,9619000,1010000000.0,,,,10880000,2022103000.0,996837000,30000000.0,0.0,0.0,0.0,,1554000.0,773750000.0,,2753335000,,,,,,1721704000.0,,410276000,7852000,,,,,,,,,,,1371401000,,,,,,,,,,,3000000000.0,,912461301.0,,,44379000.0,1400000.0,2088145000,,,,,,,,511250000.0,22500000.0,,126919000,126416000,,,,,,,,,,,,,,,,,,,,,,,,,,,,,,,,,,,,
2018-02-22,True,125116910,6200000000.0,576568000,10772000,201656000,1049234000.0,2763000.0,2763000.0,716228000,,,,81300000.0,,0.0,3900000.0,0.0,2868769000,1655368000,0.0,1037730000.0,144476000.0,21875000.0,12091000.0,61542000.0,428000.0,5489000.0,25519000.0,82934000.0,,3545000.0,32617000.0,,48265000.0,5201000.0,4172000.0,5294000.0,5234000.0,5215000.0,23149000.0,12103000.0,36162000.0,,109148000,55232000.0,,,,1.05,,0.008,400000000,170375000,125303000,1363000,0.0,423970000.0,8647000.0,83816000.0,,,4764417000.0,,,207986000.0,222502000.0,14516000.0,,0.0075,0.01,,,150000000.0,,,500000.0,22469000.0,1400000.0,26724000,,4953000.0,,,,13029000.0,18494000.0,,,95077000.0,,18494000.0,6997000.0,4206000.0,7092000.0,,24728000.0,9153000.0,0.0,,,4141000.0,3818000.0,,76583000.0,1551000.0,1423000.0,65650000.0,7400000.0,165834000,,,,,5152000.0,900000.0,2240000.0,95000.0,,,,,,3.31,3.3,,31673000.0,11671000.0,11700000.0,11395000.0,1371000.0,,,,,,,,,,,,,,,,,,31300000.0,605957000.0,-460000,93192000.0,0.0,0.0,0.0,1225000.0,2491965000,,,0.0,,,672523000.0,249924000,,219081000,,4760000.0,4856000.0,1040000.0,235383000.0,1465000.0,,14320000.0,5060000.0,57046000,4210000,-10338000,,6427000.0,83552000,-10533000.0,,-2305000,,616000.0,31300000.0,124492000.0,13859000,10481000.0,,1453208000,99336000.0,,39600000.0,1450096000,2868769000,849214000,,,,500000000.0,0.0013,150000000.0,401069000.0,0.037,,-338262000,-237956000,631450000,422599000,,,,,1.0,,49.0,,,686382000,,,,,,,,,2680687000.0,324813000.0,251059000.0,273932000.0,296773000.0,315062000.0,1219048000.0,319500000.0,,,25912000,,,,,1371000.0,869000.0,1371000.0,,61290000,369403000,,133828000,816000.0,143610000.0,,250401000,1,40000,0.0,,0.0,10800000.0,1100000.0,88252000.0,,16330000,1180000000.0,,,,11220000,2093737000.0,1044503000,55000000.0,0.0,0.0,0.0,,2446000.0,1027500000.0,,2829220000,2400000.0,3800000.0,,,,7256382000.0,57900000.0,1639749000,29202000,,2300000.0,14.56,50145000.0,,45939000.0,,,,,1418673000,,,,,,4283000.0,,12047000.0,5900000.0,,3000000000.0,,900000000.0,5100000.0,,45072000.0,,2130901000,,1993000.0,127000.0,0.0,527000.0,14000.0,1700000.0,427500000.0,25000000.0,,128204000,127588000,,,,,,,,,,,,,,,,,,,,,,,,,,,,,,,,,,,,
2018-05-11,False,122050289,,732524000,29539000,200053000,1087627000.0,5190000.0,5190000.0,728588000,,,,,,0.0,3700000.0,,3207787000,1984093000,0.0,1055487000.0,,,,,,,,,,3545000.0,31717000.0,,,,,,,,,,,,132398000,23250000.0,,,,0.27,,0.008,400000000,170498000,123059000,1364000,0.0,73265000.0,12270000.0,98595000.0,,,1119252000.0,,,,,,,0.0063,0.01,,,150000000.0,,,,,1700000.0,-91000,,,,,,,,,,,,18585000.0,,,,,,,,,,,,,,,,,,42787000,,,,,7648000.0,2000000.0,2468000.0,28000.0,,,,,,0.57,0.57,0.209,23274000.0,,,0.0,1832000.0,,,,,,,,,,,,,,,,,,,611504000.0,-94000,,,,,,563649000,,,,,,90281000.0,18848000,,789000,,4815000.0,4900000.0,,,,,,,155956000,18712000,-5226000,,-8399000.0,306857000,276000.0,,-1437000,,697000.0,,124492000.0,4468000,2534000.0,,1760065000,99336000.0,,42800000.0,1894542000,3207787000,1013935000,,,,500000000.0,0.001,150000000.0,679565000.0,0.037,,90244000,-45131000,-21863000,71433000,,,,,1.0,,49.0,,1872.0,94749000,,,,,,,,,,,,,,,,,,,30218000,,,,,1832000.0,636000.0,1832000.0,,62783000,157463000,,33591000,569000.0,,,45144000,1,40000,0.0,,0.0,,,86815000.0,0.0,4363000,375000000.0,,,,13000,2138026000.0,1050399000,30000000.0,0.0,0.0,0.0,,900000.0,96250000.0,,2866467000,,,,,,1682901000.0,,426113000,8567000,,12600000.0,,,,,,,,,1313245000,,,,,,,,,,,3000000000.0,,700000000.0,,,47439000.0,2400000.0,2288364000,,,,,,,,706300000.0,25000000.0,,125174000,124477000,,,,,,,,,,,,,,,,,,,,,,,,,,,,,,,,,,,,
2018-08-09,False,121804677,,649665000,34997000,205352000,1127715000.0,5742000.0,5742000.0,746410000,,,,,,0.0,3800000.0,,3067406000,1810728000,0.0,1072866000.0,,,,,,,,,,3714000.0,30639000.0,,,,,,,,,,,,69954000,-39194000.0,,,,0.31,,0.008,400000000,170728000,121811000,1366000,0.0,207841000.0,16227000.0,125945000.0,,,1443835000.0,,,,,,,0.0075,0.01,,,150000000.0,,,,,1600000.0,-2247000,,,,,,,,,,,,20741000.0,,,,,,,,,,,,,,,,,,43610000,,,,,8404000.0,2500000.0,737000.0,19000.0,250000.0,,,,,1.7,1.69,0.228,22758000.0,,,0.0,2384000.0,,,,,,,,,,,,,,,,,,,619284000.0,-623000,,,,,,769414000,,,,,,268480000.0,61191000,,58949000,,5115000.0,4900000.0,,,,,,,73097000,23870000,-3884000,,-8915000.0,179072000,-4141000.0,,15127000,,675000.0,,124492000.0,4978000,6337000.0,,1632280000,100564000.0,,39900000.0,1661364000,3067406000,941486000,,,,500000000.0,0.0013,150000000.0,516410000.0,0.037,,-196801000,-116407000,274014000,207289000,,,,,1.0,,49.0,,1899.0,273458000,,,,,,,,,,,,,,,,,,,29902000,,,,,552000.0,185000.0,552000.0,,65002000,95100000,,71377000,569000.0,,,116695000,1,40000,0.0,,0.0,,,103379000.0,0.0,14345000,673000000.0,,,,288000,2209258000.0,1081543000,30000000.0,0.0,,,,1809000.0,557500000.0,,3035970000,,,,,,2213249000.0,,452346000,7842000,,12562318.0,,,,,,,,,1406042000,,,,,,,,,,,3000000000.0,,600000000.0,,,48917000.0,1500000.0,2383446000,,,,,,,,543000000.0,25000000.0,,122775000,122100000,,,,,,,,,,,,,,,,,,,,,,,,,,,,,,,,,,,,
2018-11-08,False,122068054,,683672000,0,209199000,1169359000.0,5969000.0,5969000.0,793090000,,,,,,0.0,1800000.0,,3220934000,1941708000,0.0,1096222000.0,,,,,,,,,,3747000.0,29690000.0,,,,,,,,,,,,71302000,-37846000.0,,,,0.31,,0.008,400000000,171488000,122120000,1372000,0.0,117011000.0,15521000.0,117454000.0,,,1228493000.0,,,,,,,0.0075,0.01,,,150000000.0,,,,,1500000.0,5009000,,,,,,,,,,,,13485000.0,,,,,,,,,,,,,,,,,,44986000,,,,,8726000.0,,306000.0,16000.0,,,,,,0.96,0.95,0.215,51673000.0,,,0.0,2611000.0,,,,,,,,,,,,,,,,,,,632985000.0,285000,,,,,,653132000,,,,,,148688000.0,31904000,,137041000,,23655000.0,4900000.0,,,,,,,107104000,-29667000,667000,,20000000.0,284065000,-6206000.0,,21226000,,885000.0,,124492000.0,4460000,15445000.0,,1737273000,100250000.0,,36700000.0,1725637000,3220934000,974541000,,,,500000000.0,0.0013,150000000.0,547505000.0,0.037,,-199601000,-191664000,353419000,116784000,,,,,1.0,,49.0,,1929.0,153148000,,,,,,,,,,,,,,,,,,,29200000,,,,,227000.0,79000.0,227000.0,,65414000,36700000,,109159000,622000.0,,,193693000,1,40000,0.0,,0.0,,,109478000.0,0.0,54706000,968500000.0,,,,2029000,2281408000.0,1112049000,20000000.0,0.0,,,,2725000.0,820750000.0,,3114972000,,,,,,1881625000.0,,454998000,6378000,,12562318.0,,,,,,,,,1495297000,,,,,,,,,,,3000000000.0,,600000000.0,,,49368000.0,500000.0,2420106000,,,,,,,,575300000.0,26250000.0,,122761000,121876000,,,,,,,,,,,,,,,,,,,,,,,,,,,,,,,,,,,,
2019-02-21,True,121279792,8300000000.0,619981000,1768000,232416000,1203084000.0,3814000.0,3814000.0,823413000,,,,83400000.0,,0.0,3100000.0,0.0,3085262000,1794399000,0.0,1110767000.0,144476000.0,21875000.0,12091000.0,61542000.0,428000.0,5489000.0,25519000.0,82934000.0,,3646000.0,29270000.0,,43064000.0,5215000.0,2980000.0,4172000.0,5294000.0,5234000.0,20169000.0,10148000.0,32916000.0,,86299000,-22849000.0,,,,1.2,,0.008,400000000,171887000,121828000,1375000,0.0,532813000.0,3001000.0,130812000.0,,,5208518000.0,,,123388000.0,138985000.0,15597000.0,,0.0075,,,,150000000.0,,600000.0,,9650000.0,1400000.0,11887000,,2393000.0,,,,14417000.0,6607000.0,,,108648000.0,,6607000.0,9160000.0,5773000.0,15333000.0,,25628000.0,9900000.0,0.0,,,4590000.0,6039000.0,,102041000.0,2083000.0,1912000.0,87417000.0,8500000.0,177351000,,,,,5823000.0,,612000.0,59000.0,,,,,,4.34,4.31,,54046000.0,11671000.0,11700000.0,0.0,456000.0,,,,,,,,,,,,,,,,,,,645702000.0,567000,93192000.0,,0.0,0.0,0.0,2702528000,,,0.0,,,683385000.0,151028000,,146918000,,4111000.0,0.0,4522000.0,143511000.0,1421000.0,2581000.0,18019000.0,7140000.0,43413000,-8355000,36406000,,22373000.0,136334000,-13137000.0,,26195000,,820000.0,31300000.0,124492000.0,18352000,18069000.0,,1589542000,100767000.0,,33500000.0,1523442000,3085262000,938107000,,,,500000000.0,0.0013,150000000.0,381100000.0,0.037,,-440929000,-276314000,694394000,532357000,,,,,1.0,,49.0,,,701737000,,,,,,,,,2700814000.0,344836000.0,260518000.0,284327000.0,306572000.0,328589000.0,1175972000.0,342200000.0,,,25300000,,,,,456000.0,156000.0,456000.0,,67927000,349776000,,147087000,1367000.0,0.0,,278530000,1,40000,0.0,,0.0,8500000.0,1300000.0,114447000.0,,79643000,1193500000.0,,,,2216000,2337548000.0,1134464000,,0.0,,,,3246000.0,1212250000.0,,3213895000,,11300000.0,,,,7911046000.0,65000000.0,1823440000,28921000,,12700000.0,15.02,46472000.0,,25747000.0,,,,,1561820000,,,,,,4360000.0,,75283000.0,5000000.0,,3000000000.0,,520000000.0,5700000.0,,50059000.0,,2480677000,,2451000.0,420000.0,0.0,621000.0,257000.0,2100000.0,408750000.0,26250000.0,,123471000,122651000,,,,,,,,,,,,,,,,,,,,,,,,,,,,,,,,,,,,
2019-05-09,False,120641792,,785068000,7991000,204797000,,3067000.0,3067000.0,864738000,,,,,,0.0,300000.0,,5437201000,2079085000,0.0,,,,,,,,,,,3646000.0,29270000.0,,43064000.0,5215000.0,2980000.0,4172000.0,5294000.0,5234000.0,20169000.0,10148000.0,32916000.0,,102215000,15916000.0,,,,0.31,,0.008,400000000,172457000,120674000,1380000,0.0,75368000.0,6540000.0,,,1207236000.0,,,0.0,,,,,0.0075,0.01,,,150000000.0,,,,,1300000.0,13485000,,,,,,,,,,,,0.0,,,,,,,,,,,,,6878000.0,,,,,45767000,,,,,3876000.0,,,,,,,,,0.63,0.63,0.22,28704000.0,,,,-1464000.0,405000.0,405000.0,32019000.0,3683000.0,28336000.0,41762000.0,20169000.0,,3913000.0,2980000.0,4172000.0,5294000.0,5234000.0,897000.0,28900000.0,1045000.0,0.052,,,224000,,,,,,614984000,,,,,,98478000.0,21646000,,2080000,,4846000.0,,,,,,,,165087000,5488000,-31159000,,-25342000.0,291790000,4547000.0,,-23755000,,941000.0,,124492000.0,4930000,6137000.0,,1881332000,,87671000.0,35400000.0,3951625000,5437201000,1311934000,,,,500000000.0,0.0013,150000000.0,605695000.0,0.037,,57367000,-28427000,-13024000,76832000,,2084880000.0,,,1.0,,49.0,,1951.0,103408000,86221000.0,,2189961000.0,260441000.0,1929520000.0,73465000.0,,2086950000.0,2693898000.0,264822000.0,269281000.0,294032000.0,316891000.0,339005000.0,1209867000.0,,0.044,,25805000,,,,,-1464000.0,-483000.0,-1464000.0,-1947000.0,69262000,155319000,,37623000,3026000.0,,,28785000,1,40000,0.0,,0.0,,,90692000.0,,34732000,385000000.0,,,,358000,,1120869000,,0.0,,,,897000.0,165500000.0,,3252387000,,,1822220000.0,,64519000.0,,,465809000,9624000,,,,,,,,,,,1485576000,,,,,,34732000.0,9624000.0,,1724000.0,,,,364700000.0,,90.09,51783000.0,,2635996000,,,,,,,,628300000.0,21250000.0,,122152000,121211000,,,,,,,,,,,,,,,,,,,,,,,,,,,,,,,,,,,,
2019-08-08,False,119264959,,681529000,49082000,222919000,,882000.0,,928094000,,,,,,0.0,300000.0,,5312719000,1937808000,,,,,,,,,,,,3646000.0,29270000.0,,43064000.0,5215000.0,2980000.0,4172000.0,5294000.0,5234000.0,20169000.0,10148000.0,32916000.0,,104018000,17719000.0,,,,0.35,,0.008,400000000,173238000,119723000,1386000,0.0,217025000.0,15360000.0,,,1533037000.0,,,0.0,,,,,0.0075,0.01,,1.0,150000000.0,,,,,1200000.0,10199000,,,,,,,,,,,,0.0,,,,,,,,,,,,,3592000.0,,,,,48998000,,,,,900000.0,,,,,,,,,1.82,1.8,0.224,26932000.0,,,,,395000.0,395000.0,31111000.0,3717000.0,27394000.0,40459000.0,20169000.0,,2610000.0,2980000.0,4172000.0,5294000.0,5234000.0,908000.0,27900000.0,1045000.0,0.053,,,309000,,,,,,820745000,,,,,,282381000.0,63171000,,27196000,,5589000.0,,,,,,,,61548000,45836000,-21856000,,-27114000.0,143608000,4425000.0,,-19396000,,1137000.0,,124492000.0,5176000,10006000.0,,1733150000,,108043000.0,37300000.0,3767777000,5312719000,1271386000,,,,500000000.0,0.0013,150000000.0,466290000.0,0.037,,-248226000,-82929000,348874000,219210000,,2084880000.0,,,1.0,,49.0,,1967.0,287557000,87797000.0,,2193074000.0,264707000.0,1928367000.0,89515000.0,,2091439000.0,2690784000.0,179491000.0,277599000.0,302676000.0,326494000.0,347852000.0,1256672000.0,,0.044,,23670000,,,,,-2185000.0,-752000.0,-2185000.0,-2937000.0,70748000,178916000,,42105000,113000.0,,,83540000,1,40000,0.0,,0.0,,,95051000.0,,89431000,567000000.0,,,,611000,,1135310000,,0.0,,,,1805000.0,485750000.0,,3429492000,,,2353782000.0,,133044000.0,,,484190000,8800000,,,,,,,,,,,1544942000,,,,,,54699000.0,8776000.0,,1732000.0,,4500000000.0,,1690000000.0,,103.27,53515000.0,,2814912000,,,,,,,,490000000.0,22500000.0,18806000.0,121508000,120371000,,,,,,,,,,,,,,,,,,,,,,,,,,,,,,,,,,,,
2019-11-07,False,118386226,,679791000,0,218774000,,73000.0,,950908000,,,,,,0.0,300000.0,,5429296000,2005498000,,,,,,,,,,,,3646000.0,29270000.0,,43064000.0,5215000.0,2980000.0,4172000.0,5294000.0,5234000.0,20169000.0,10148000.0,32916000.0,,82640000,-3659000.0,,,,0.35,,0.008,400000000,173465000,118480000,1388000,0.0,121324000.0,10981000.0,,,1289904000.0,,,0.0,,,,,0.0075,0.01,,1.0,150000000.0,,,,,1100000.0,8495000,,,,,,,,,,,,0.0,,,,,,,,,,,,,1888000.0,,,,,49819000,,,,,100000.0,,,,,,,,,1.03,1.02,0.222,49236000.0,,,,,407000.0,388000.0,33058000.0,3884000.0,29174000.0,42992000.0,23000000.0,,1364000.0,3217000.0,4409000.0,5531000.0,5471000.0,936000.0,29700000.0,1075000.0,0.052,,,262000,,,,,,694240000,,,,,,156917000.0,34784000,,112693000,,5600000.0,,,,,,,,59810000,-3257000,-21622000,,-4810000.0,223230000,-728000.0,,-9961000,,1102000.0,,124492000.0,4900000,,15189000.0,1812772000,,108696000.0,34000000.0,3937474000,5429296000,1251723000,,,,500000000.0,0.0013,150000000.0,613885000.0,0.037,,-275961000,-142025000,414327000,122133000,,2084880000.0,,,1.0,,49.0,,1990.0,161817000,88820000.0,,2236401000.0,270038000.0,1966363000.0,88820000.0,,2133238000.0,2739959000.0,92364000.0,289207000.0,313814000.0,337373000.0,358275000.0,1348926000.0,,0.044,,22997000,,,,,-809000.0,-32000.0,-809000.0,-841000.0,74441000,155742000,,41518000,651000.0,,,144342000,1,40000,0.0,,0.0,,,104486000.0,,105543000,947000000.0,,,,2317000,,1143071000,,0.0,,,,2741000.0,710750000.0,,3510107000,,,1984144000.0,2883000.0,240969000.0,,,482604000,7400000,,,,,,,,,,,1491822000,,,,,,16112000.0,7355000.0,,1470000.0,,4500000000.0,,1530000000.0,,105.97,54985000.0,,2970654000,,,,,,,,645000000.0,30000000.0,18394000.0,120058000,118956000,,,,,,,,,,,,,,,,,,,,,,,,,,,,,,,,,,,,
2020-02-20,True,117282010,10800000000.0,643036000,5984000,247690000,1387535000.0,199000.0,199000.0,966698000,,,,86600000.0,,0.0,400000.0,0.0,5289268000,1787887000,,1242544000.0,,,,,,,,,,3646000.0,29270000.0,,43064000.0,5215000.0,2980000.0,4172000.0,5294000.0,5234000.0,20169000.0,10148000.0,32916000.0,,84241000,-2058000.0,,,,1.36,,0.008,400000000,173608000,118165000,1389000,0.0,558022000.0,7924000.0,39110000.0,,5480161000.0,,,,128490000.0,153581000.0,25091000.0,,0.0075,,,1.0,150000000.0,,700000.0,,11770000.0,1000000.0,6760000,153000.0,-4328000.0,,,,16676000.0,6607000.0,,,109073000.0,,0.0,5768000.0,6377000.0,12002000.0,,30975000.0,10154000.0,0.0,153000.0,,4667000.0,8230000.0,,109226000.0,386000.0,2024000.0,93919000.0,9800000.0,195978000,,649000.0,,,300000.0,,,,,382000.0,,,,4.7,4.66,,39755000.0,,,,-4332000.0,1629000.0,1629000.0,34425000.0,4036000.0,30389000.0,44638000.0,21818000.0,,5663000.0,3424000.0,3409000.0,4601000.0,5723000.0,3709000.0,30900000.0,4281000.0,0.051,,729272000.0,297000,93200000.0,,0.0,0.0,,2871770000,,,,0.0,,723377000.0,161023000,,144377000,,0.0,0.0,4484000.0,151909000.0,928000.0,2572000.0,19722000.0,7768000.0,23055000,8327000,10351000,,-14291000.0,13239000,12000000.0,,-13582000,,1016000.0,31300000.0,124492000.0,19843000,,19146000.0,1602781000,100343000.0,433639000.0,32000000.0,3722145000,5289268000,1247600000,,,,500000000.0,0.0013,150000000.0,366480000.0,0.037,,-598813000,-214961000,811716000,562354000,,2084880000.0,,,1.0,,49.0,,,743220000,353961000.0,,2278261000.0,277099000.0,2001162000.0,360580000.0,,2188802000.0,2786223000.0,369079000.0,268255000.0,301783000.0,326908000.0,350527000.0,1169671000.0,342200000.0,0.043,,24131000,,,,,-4332000.0,-1224000.0,-4332000.0,-5556000.0,76361000,533319000,,162699000,3818000.0,0.0,,217450000,1,40000,0.0,,0.0,8100000.0,600000.0,100865000.0,0.0,115981000,1002000000.0,,,,2489000,2551491000.0,1163956000,,0.0,,,,3708000.0,1013250000.0,,3612833000,,11900000.0,8351931000.0,5217000.0,365233000.0,,64600000.0,1932572000,31136000,,11800000.0,20.8,47834000.0,,28502000.0,,,,,1567123000,,,,,,115981000.0,31136000.0,,5384000.0,,4500000000.0,,1490000000.0,6200000.0,99.05,55443000.0,,3013996000,,2760000.0,400000.0,,650000.0,59000.0,2300000.0,397500000.0,30000000.0,73768000.0,120743000,119727000,,,,,,,,,,,,,,,,,,,,,,,,,,,,,,,,,,,,
2020-05-07,False,115630120,,887938000,24789000,234460000,,-5051000.0,,978837000,,,,,,0.0,500000.0,,6002405000,2480239000,,,,,,,,,,,,,,,,,,,,,,,,,461473000,377232000.0,,,,0.35,,0.008,400000000,173888000,115592000,1391000,0.0,78527000.0,7046000.0,,,1297939000.0,,,0.0,,,,,0.0063,0.01,,1.0,150000000.0,,,,,900000.0,1643000,1796000.0,,,,,,,,,,,,,,,,,,,,,,,,,,,,,51436000,,0.0,,,-6800000.0,,,,,6789000.0,,,,0.72,0.71,0.221,31146000.0,,,,,,,,4172000.0,31157000.0,,,,,,,,,,,,,,,315000,,,,,,661249000,,,,,,107489000.0,23712000,,1358000,,0.0,,,,,,,,244902000,18805000,-12352000,,-8609000.0,303132000,-12820000.0,,11988000,,694000.0,,124492000.0,5049000,,5781000.0,1905913000,,,39000000.0,4648682000,6002405000,1494125000,,,,500000000.0,0.001,150000000.0,989074000.0,0.037,,322628000,-29328000,83932000,83777000,,0.0,,,1.0,,49.0,,,112538000,,,,281620000.0,2051885000.0,,,2228597000.0,,,,,,,,,,,25888000,,,,,-5250000.0,-1806000.0,-5250000.0,-7056000.0,80645000,263219000,,40849000,5407000.0,,,29648000,1,40000,0.0,,0.0,,,112853000.0,,10603000,809000000.0,,,,320000,,1143189000,,0.0,,,,1000000.0,186500000.0,,3655761000,,,1959188000.0,1904000.0,108872000.0,,,497275000,6945000,,,,,,,,,,,1353723000,,,,,,10603000.0,6945000.0,,2853000.0,,4500000000.0,,1220000000.0,,92.28,58296000.0,,3277215000,,,,,,,,1020000000.0,30000000.0,,117432000,116738000,,,,,,,,,,,,,,,,,,,,,,,,,,,,,,,,,,,,
2020-08-06,False,116223704,,1003697000,133830000,270463000,,-6335000.0,,1024089000,,,,,,0.0,500000.0,,6611075000,3030112000,,,,,,,,,,,,,,,,,,,,,,,,,1206366000,1122125000.0,,,,0.35,,0.008,400000000,174476000,116180000,1396000,0.0,337394000.0,5789000.0,,,2019514000.0,,,,,,,,0.0075,0.01,,1.0,150000000.0,,,,,1400000.0,-13019000,0.0,,12866000.0,,,,,,,,,,,,,,,,,,,,,,,,,,,52547000,,0.0,,,-8500000.0,,,,,8515000.0,,,,2.92,2.9,0.229,77419000.0,,,,,,,,4319000.0,32093000.0,,,,,,,,,,,,,,,342000,,,,,,1156813000,,,,,,439308000.0,100630000,,6825000,,0.0,,,,,,,,360661000,127846000,24908000,,37664000.0,85727000,-34633000.0,,34373000,,900000.0,,124492000.0,8438000,,10587000.0,1688508000,,,52400000.0,4915345000,6611075000,2157054000,,,,500000000.0,0.0013,150000000.0,536051000.0,0.037,,214965000,-85978000,993138000,338678000,,,,,1.0,,49.0,,,447746000,,,,287326000.0,2087934000.0,,,2268623000.0,,,,,,,,,,,26757000,,,,,-1284000.0,-442000.0,-1284000.0,-1726000.0,102213000,0,1237000.0,40644000,1984000.0,,,86624000,1,40000,0.0,,0.0,,,135238000.0,,50340000,1159000000.0,,,,646000,,1148225000,,0.0,,,,2035000.0,639000000.0,,3953795000,,,3176327000.0,4022000.0,219105000.0,,,656520000,7500000,,,,,,,,,,,1695730000,,,,,,39737000.0,7504000.0,,0.0,,4500000000.0,,1220000000.0,,0.0,58296000.0,,3277215000,,,,,,,,917500000.0,380000000.0,,116812000,115912000,,,,,,,,,,,,,,,,,,,,,,,,,,,,,,,,,,,,
2020-10-22,False,116497394,,1056911000,1914000,274244000,,-5867000.0,,1059687000,,,,,,0.0,100000.0,,6860797000,3170962000,,,,,,,,,,,,,,,,,,,,,,,,,1111986000,1027745000.0,,,,0.4,,0.008,400000000,174793000,116497000,1398000,0.0,191078000.0,14199000.0,,,1658615000.0,,,,,,,,0.0075,0.01,,1.0,,,,,,700000.0,-3734000,0.0,,3581000.0,,,,,,,,,,,,,,,,,,,,,,,,,,,54651000,,0.0,,,-7900000.0,,,,,7886000.0,,,,1.64,1.62,0.222,120361000.0,,,,,,,,4407000.0,32948000.0,,,,,,,,,,,,,,,774000,,,,,,947957000,,,,,,244969000.0,54359000,,191743000,,7838000.0,,,,,,,,413875000,-11908000,20279000,,80606000.0,312259000,-55447000.0,,35233000,,1406000.0,,124492000.0,7208000,,18304000.0,1915040000,,,50400000.0,4984931000,6860797000,2132663000,,,,500000000.0,0.0013,150000000.0,529264000.0,0.037,,182932000,-160162000,1004975000,190610000,,,,,1.0,,49.0,,,252177000,,,,294826000.0,2171773000.0,,,2354196000.0,,,,,,,,,,,28941000,,,,,468000.0,161000.0,468000.0,629000.0,118283000,0,1237000.0,46542000,341000.0,,,161292000,1,40000,0.0,,0.0,,,136098000.0,,73753000,1159000000.0,,,,1130000,,1178625000,,0.0,,,,3098000.0,646500000.0,,4097863000,,,2606572000.0,6028000.0,381486000.0,,,641129000,12500000,,,,,,,,,,,1875866000,,,,,,23413000.0,12528000.0,,0.0,,4500000000.0,,1220000000.0,,0.0,58296000.0,,3277215000,,,,,,,,910000000.0,380000000.0,,117745000,116339000,,,,,,,,,,,,,,,,,,,,,,,,,,,,,,,,,,,,
2021-02-18,True,116301841,12600000000.0,976096000,19938000,324813000,1581374000.0,-3243000.0,-3243000.0,1095500000,,,,100900000.0,,0.0,100000.0,5100000.0,7049116000,3258685000,,1319559000.0,,,,,,,,,,,,,,,,,,,,,,,1341756000,1257515000.0,,,,1.5,,0.008,400000000,175128000,116246000,1401000,,745516000.0,12642000.0,73950000.0,,6858803000.0,,,,211228000.0,249739000.0,38511000.0,2224000.0,0.0013,,,1.0,300000000.0,,600000.0,,-21997000.0,15700000.0,-31739000,0.0,-8553000.0,31586000.0,,,20539000.0,-153000.0,,,783643000.0,,,8431000.0,8744000.0,44625000.0,,,11804000.0,0.0,31586000.0,,4768000.0,0.0,,752057000.0,276000.0,2491000.0,124280000.0,12900000.0,217124000,,,0.0,,-4400000.0,,,,,4364000.0,,,,6.44,6.38,,119701000.0,,,,-5666000.0,1765000.0,1765000.0,,4554000.0,33096000.0,48126000.0,24503000.0,6269000.0,,3994000.0,4066000.0,4051000.0,5243000.0,4170000.0,33500000.0,4765000.0,0.049,,773178000.0,1157000,10258000.0,,68973000.0,60800000.0,,3761549000,,,,8200000.0,,968147000.0,219189000,,235319000,,,,9303000.0,203311000.0,-1287000.0,5080000.0,27642000.0,8828000.0,333060000,13954000,72405000,,79946000.0,180489000,-63923000.0,,32794000,,1066000.0,23100000.0,55520000.0,28781000,,24540000.0,1783270000,100138000.0,,48700000.0,5125276000,7049116000,1743798000,,,,500000000.0,,150000000.0,984324000.0,0.037,,155210000,-292210000,1394515000,748958000,,,,,1.0,,49.0,,,996928000,379318000.0,-519443000.0,2519600000.0,298696000.0,2220904000.0,,385529000.0,2423881000.0,3039043000.0,394576000.0,297827000.0,327663000.0,356641000.0,377051000.0,1285285000.0,342200000.0,0.041,5078000.0,30484000,,,,,-3442000.0,-1189000.0,-3442000.0,-4631000.0,143154000,342957000,,174656000,7799000.0,,,294002000,1,40000,0.0,,0.0,8600000.0,1600000.0,133659000.0,0.0,99340000,2009000000.0,,,,1792000,2830334000.0,1248960000,,0.0,,,,4170000.0,1406500000.0,,4187135000,,14200000.0,10620352000.0,7395000.0,524141000.0,,75500000.0,2478524000,37273000,,10600000.0,19.97,128411000.0,,86005000.0,,,,,1923840000,,,,,,99340000.0,,,,,,,,8600000.0,,58882000.0,,3356953000,,3236000.0,372000.0,,816000.0,32000.0,2700000.0,1000000000.0,0.0,80154000.0,117436000,116370000,,,,,,,,,,,,,,,,,,,,,,,,,,,,,,,,,,,,
2021-05-06,False,115255974,,1181924000,40226000,377777000,,-1118000.0,-1118000.0,1154451000,,,,,,0.0,200000.0,,7359679000,3380834000,,,,,,,,,,,,,,,,,,,,,,,,,1149930000,,1149930000.0,-191826000.0,,0.52,,0.008,400000000,176069000,115587000,1409000,,183479000.0,10301000.0,,75000000.0,1808556000.0,,,,,,,0.0,0.00125,,,1.0,300000000.0,,,,,15200000.0,20158000,0.0,,11428000.0,,,,,,,,,,,,,,,,,,,,,,,,,,,60054000,,,,,-1500000.0,,,,,1503000.0,,,,1.56,1.55,0.188,68102000.0,,,,,,,,4674000.0,31890000.0,,,,,,,,,,,,,,,-108000,,,,,,983780000,,,,,,223315000.0,41961000,,2071000,,,,,,,,,,205828000,20288000,55305000,,-51599000.0,301407000,12722000.0,,12568000,,1074000.0,,55520000.0,7221000,,4216000.0,2084677000,,,60300000.0,5507380000,7359679000,1975925000,,,,500000000.0,,150000000.0,984838000.0,0.037,,-268424000,-100519000,177117000,181354000,,,,,1.0,,49.0,,,230536000,,,,303222000.0,2399246000.0,,,2589418000.0,,,,,,,,,,,35475000,,,,,2125000.0,736000.0,2125000.0,2861000.0,115481000,253409000,,60570000,12067000.0,,,100741000,1,40000,0.0,,0.0,,,146227000.0,,58708000,0.0,,,,222000,,1287004000,,,,,,1086000.0,0.0,,4307919000,,,2792336000.0,,,,,693190000,12318000,,,,,,,,,,,1852299000,,,,,,58708000.0,12318000.0,,1600000.0,,4500000000.0,,890500000.0,,158.35,60482000.0,,3610362000,,,,,,,,1000000000.0,0.0,,117227000,116153000,,,,,,,,,,,,,,,,,,,,,,,,,,,,,,,,,,,,
2021-08-05,False,114338347,,1221911000,84078000,381836000,,-798000.0,-798000.0,1175123000,,,,,,0.0,100000.0,,7687888000,3567143000,,,,,,,,,,,,,,,,,,,,,,,,,1412001000,,1412001000.0,70245000.0,,0.52,,0.008,400000000,176223000,114623000,1410000,,370342000.0,10418000.0,,75000000.0,2314074000.0,,,,,,,0.0,0.00125,,,1.0,300000000.0,,,,,14600000.0,12814000,,,18772000.0,,,,,,,,,,,,,,,,,,,,,,,,,,,64853000,,167000.0,,,-1100000.0,,,,,1240000.0,,,,3.21,3.19,0.228,84810000.0,,,,,,,,4771000.0,30672000.0,,,,,,,,,,,,,,,-3752000,,,,,,1287485000,,,,,,479182000.0,109160000,,74457000,,,,,,,,,,245815000,64140000,59247000,,-34891000.0,209554000,3234000.0,,28659000,,958000.0,,55520000.0,6701000,,11626000.0,1992824000,,,68100000.0,5707775000,7687888000,2083531000,,,,500000000.0,,150000000.0,985353000.0,0.037,,-522949000,-215713000,808907000,370022000,,,,,1.0,,49.0,,,485883000,,,,306125000.0,2488088000.0,,,2675030000.0,,,,,,,,,,,37571000,,,,,320000.0,110000.0,320000.0,430000.0,120131000,203305000,0.0,59896000,1521000.0,,,216029000,1,40000,0.0,,0.0,,,162318000.0,,70026000,0.0,,,,316000,,1333852000,,,,,,2207000.0,0.0,,4618045000,,,3601559000.0,,,,,736749000,10900000,,,,,,,,,,,1980113000,,,,,,11318000.0,10876000.0,,1118000.0,,4500000000.0,,687200000.0,,181.81,61600000.0,,3813667000,,,,,,,,1000000000.0,0.0,,116091000,115133000,,,,,,,,,,,,,,,,,,,,,,,,,,,,,,,,,,,,
2021-11-04,False,113814924,,1197813000,762000,408887000,,,-592000.0,1191785000,,,,,,0.0,100000.0,,7745194000,3467861000,,,,,,,,,,,,,,,,,,,,,,,,,1111711000,,1111711000.0,-230045000.0,,0.52,,0.008,400000000,176290000,113946000,1410000,,224606000.0,22036000.0,,93800000.0,1932616000.0,,,,,,,0.0,0.00125,,,1.0,300000000.0,,,,,14100000.0,14996000,,,16590000.0,,,,,,,,,,,,,,,,,,,,,,,,,,,69824000,,465000.0,,,-800000.0,,,,,1260000.0,,,,1.96,1.95,0.229,122007000.0,,,,,,,,4242000.0,30041000.0,,,,,,,,,3367000.0,,,,,,-3295000,,,,,,1085310000,,,,,291079000.0,,66679000,,229122000,,6827000.0,,,,,,,,221717000,-26003000,74680000,,2306000.0,416503000,-6996000.0,,15891000,,970000.0,,55520000.0,6146000,,16008000.0,2199773000,,,46500000.0,5724441000,7745194000,2046007000,,,,500000000.0,,150000000.0,985867000.0,0.037,,-720618000,-381264000,871837000,224400000,,,,,1.0,,,,,297225000,,,,312296000.0,2536875000.0,,,2725510000.0,,,,,,,,,,,38009000,,206000.0,72000.0,278000.0,,,206000.0,,125651000,141259000,0.0,59369000,1048000.0,,,382358000,1,40000,0.0,,0.0,,,149550000.0,,75193000,0.0,,,,1094000,,1441704000,,,,,,,0.0,,4783076000,,,3017926000.0,,,,,718261000,12500000,,,,,,,,,,,2020753000,,,,,,5167000.0,12543000.0,,744000.0,,4500000000.0,,545900000.0,,190.03,62344000.0,,3954926000,,,,,,,,1000000000.0,0.0,,115193000,114223000,,,,,,,,,,,,,,,,,,,,,,,,,,,,,,,,,,,,
2022-02-17,True,112772349,17200000000.0,1155630000,0,474412000,1805588000.0,1345000.0,,1210512000,,,,95400000.0,,0.0,100000.0,0.0,7767467000,3250440000,,1517052000.0,,,,,,,,,,,,,,,,,,,,,,,878030000,-463726000.0,,,,0.92,,0.008,400000000,176371000,113125000,1411000,,1001702000.0,24408000.0,211486000.0,,8253952000.0,,,,221152000.0,255390000.0,34238000.0,,0.00125,,0.0175,1.0,300000000.0,,300000.0,,24303000.0,13600000.0,29149000,,3281000.0,2437000.0,,,23365000.0,2437000.0,,,881172000.0,,,12799000.0,7986000.0,36810000.0,,,14271000.0,0.0,,,,,,878735000.0,7604000.0,,161137000.0,15300000.0,270158000,,,,,1800000.0,,,,,,,,,8.69,8.61,,109618000.0,,,,,1740000.0,1740000.0,,3897000.0,32848000.0,46220000.0,23281000.0,5542000.0,,4294000.0,4324000.0,4397000.0,4382000.0,4580000.0,32000000.0,5085000.0,0.048,,900272000.0,-4045000,10258000.0,,0.0,0.0,,4477153000,,,,0.0,1280088000.0,,282974000,,291665000,,17100000.0,,13368000.0,268819000.0,-4564000.0,,36116000.0,13157000.0,179534000,-37038000,137833000,,-10083000.0,407922000,41260000.0,,30459000,,1030000.0,23100000.0,55520000.0,26610000,,23601000.0,2191192000,100129000.0,,52900000.0,5764802000,7767467000,2064842000,,,,500000000.0,,150000000.0,986382000.0,0.037,,-975106000,-627340000,1138720000,997114000,,,,,1.0,,49.0,,,1306698000,400908000.0,539283000.0,2896167000.0,321285000.0,2574882000.0,,404864000.0,2785858000.0,3435449000.0,418059000.0,326304000.0,360302000.0,383843000.0,406847000.0,1540093000.0,,0.036,0.0,55406000,,,,,4588000.0,,4588000.0,,105848000,798893000,,239006000,14876000.0,,,628431000,1,40000,0.0,,,10400000.0,1700000.0,164118000.0,0.0,82249000,0.0,,,,1091000,3423394000.0,1617806000,,0.0,,,,4580000.0,0.0,,4945243000,,17900000.0,12731105000.0,3675000.0,678092000.0,,,2900297000,47649000,,9900000.0,30.78,154706000.0,,90489000.0,,,,,2002665000,,,,,,82249000.0,,,4364000.0,,6500000000.0,,345000000.0,6600000.0,183.07,63246000.0,,4155846000,,3749000.0,465000.0,,927000.0,51000.0,3200000.0,1000000000.0,0.0,79479000.0,115824000,114794000,107800000.0,798893000.0,,,,,,,,,,,,,,,,,,,,,,,,,,,,,,,,,,
2022-05-05,False,111881628,,1341645000,0,445079000,,,7338000.0,1204294000,,,,,,0.0,100000.0,,7686808000,3168275000,,,,,,,,,,,,,,,,,,,,,,,,,405432000,,405432000.0,-472598000.0,,0.92,,0.008,400000000,176679000,112075000,1413000,,193220000.0,23538000.0,,,1967623000.0,,,,,,,,0.00125,,,,,,,,,13100000.0,39924000,37487000.0,,0.0,,,,,,,,,,,,,,,,,,,,,,,,,,,77646000,,,,,9900000.0,,,,,,,,,1.66,1.65,0.211,49124000.0,,,,,,,,4042000.0,36649000.0,,,,,,,,,1197000.0,,,,,,-326000,,,,,,1056509000,,,,,237217000.0,,49990000,,3897000,,9030000.0,,,,,,,,186015000,8070000,-28463000,,-60494000.0,376987000,-35002000.0,,21516000,,973000.0,,55520000.0,7069000,,4404000.0,2568179000,,,52800000.0,5896786000,7686808000,2199664000,,,,500000000.0,,,986896000.0,,,-419376000,-112288000,59066000,187227000,,,,,1.0,,,,,244286000,,,,359774000.0,2529605000.0,,,2744095000.0,,,,,,,,,,,63168000,,5993000.0,,,,,5993000.0,,106485000,296180000,,103467000,26442000.0,,,112387000,1,40000,0.0,,0.0,,,185634000.0,,7910000,,,,,99000,,1655750000,,,,,,,,,5029003000,,,3024132000.0,,,,,734577000,12316000,,,,,,,,,,,1790022000,,,,,,7910000.0,12316000.0,,1358000.0,,6500000000.0,,2000000000.0,,218.07,64604000.0,,4452026000,,,,,,,,1000000000.0,0.0,,113504000,112531000,,,,,,,,,,,,,,,,,,,,,,,,,,,,,,,,,,,,
2022-08-04,False,111000088,,1280518000,80959000,470082000,,,9148000.0,1220682000,,,,,,0.0,200000.0,,7869194000,3230396000,,,,,,,,,,,,,,,,,,,,,,,,,530822000,,530822000.0,-347208000.0,,0.92,,0.008,400000000,176743000,111197000,1414000,,398288000.0,42974000.0,,,2517151000.0,,,,,,,,0.00125,,,,,,,,,12600000.0,38693000,36256000.0,,0.0,,,,,,,,,,,,,,,,,,,,,,,,,,,83360000,,12302000.0,,,,,,,,0.0,,,,3.55,3.53,0.235,42474000.0,,,,,,,,3502000.0,35859000.0,,,,,,,,,2527000.0,,,,,,-594000,,,,,,1386255000,,,,,517938000.0,,121460000,,36820000,,0.0,,,,,,,,124888000,98059000,-22896000,,-67144000.0,293946000,-28114000.0,,50318000,,728000.0,,55520000.0,7097000,,11673000.0,2485138000,,,57600000.0,5955327000,7869194000,2242178000,,,,500000000.0,,,987411000.0,,,-707683000,-265130000,625605000,396478000,,,,,1.0,,,,,525035000,,,,364643000.0,2543133000.0,,,2760148000.0,,,,,,,,,,,78574000,,1810000.0,,,,,1810000.0,,110490000,188210000,,102622000,1230000.0,,,265308000,1,40000,0.0,,0.0,,,214436000.0,,12995000,,,,,178000,,1744556000,,,,,,,,,5322859000,,,3903406000.0,,,,,777860000,12500000,,,,,,,,,,,1913867000,,,,,,5085000.0,12534000.0,,942000.0,,6500000000.0,,1900000000.0,,199.88,65546000.0,,4640236000,,,,,,,,1000000000.0,0.0,,112318000,111590000,,,12302000.0,0.0,509717000.0,638532000.0,,,,,,,,,,,,,,,,,,,,,,,,,,,,,,
2022-11-03,False,110463245,,1219593000,4942000,453747000,,,12298000.0,1236161000,,,,,,0.0,100000.0,,7911728000,3109805000,,,,,,,,,,,,,,,,,,,,,,,,,211241000,,211241000.0,-666789000.0,,0.92,,0.008,400000000,176771000,110587000,1414000,,237287000.0,43984000.0,,,2104989000.0,,,,,,,,0.00125,,,,150000000.0,,,,,12100000.0,41977000,39540000.0,,0.0,,,,,,,,,,,,,,,,,,,,,,,,,,,87236000,,,,,,,,,,,,,,2.11,2.1,0.22,80390000.0,,,,,,,,3140000.0,35460000.0,,,,,,,,,3288000.0,,,,,,-1453000,,,,,,1165815000,,,,,300186000.0,,66049000,,184887000,,8430000.0,,,,,,,,63963000,13612000,-40241000,,-29228000.0,487001000,-5003000.0,,47823000,,699000.0,,55520000.0,6226000,,16130000.0,2678193000,,,55800000.0,5970583000,7911728000,2095200000,,,,500000000.0,,,1077926000.0,,,-842134000,-450985000,626330000,234137000,,,,,1.0,,,,,306412000,,,,333388000.0,2608832000.0,,,2803798000.0,,,,,,,,,,,99281000,,3150000.0,,,,,3150000.0,,113625000,123626000,,101862000,704000.0,,,451154000,1,40000,0.0,,0.0,,,211941000.0,,15497000,120000000.0,,,,169000,,1843324000,,,,,,,30000000.0,,5455134000,,,3270804000.0,,,,,772167000,13700000,,,,,,,,,,,1941145000,,,,,,2502000.0,13681000.0,,638000.0,,6500000000.0,,1740000000.0,,193.7,66184000.0,,4763862000,,,,,,,,1090000000.0,0.0,,111560000,110861000,,,16537000.0,0.0,,638876000.0,,,,,,,,,,,,,,,,,,,,,,,,,,,,,,
2023-02-23,True,110072658,18600000000.0,1398288000,9471000,498575000,2016301000.0,,11275000.0,1261283000,,,,94600000.0,53800000.0,0.0,100000.0,0.0,8489990000,3157775000,,1753601000.0,,,20291000.0,,,,13328000.0,397700000.0,,,,,,,,,,,,,,,202502000,,202502000.0,,,3.68,,0.008,400000000,176876000,110251000,1415000,,1098642000.0,45742000.0,394143000.0,,9232513000.0,,,,225565000.0,267313000.0,41748000.0,,,,,1.0,300000000.0,,600000.0,,50833000.0,13900000.0,51693000,30775000.0,-2548000.0,0.0,,,30599000.0,2437000.0,,,944331000.0,,,12452000.0,13131000.0,24544000.0,,,14667000.0,0.0,30775000.0,,,,,,12114000.0,,231191000.0,17200000.0,343062000,,,,,15100000.0,,,,,,,,,9.78,9.71,,120302000.0,,,,,1787000.0,1787000.0,,3179000.0,34651000.0,46719000.0,22816000.0,4808000.0,,4802000.0,4720000.0,4750000.0,4823000.0,4058000.0,32100000.0,3351000.0,0.046,,1086013000.0,-2158000,10258000.0,,0.0,0.0,,4972204000,,,,0.0,1404310000.0,,315598000,,239129000,,0.0,,9025000.0,294905000.0,4099000.0,,41235000.0,15616000.0,162335000,26570000,-13137000,,6433000.0,349742000,-49123000.0,,64060000,,813000.0,,253262000.0,30633000,,26367000.0,2709597000,100129000.0,,52600000.0,6447574000,8489990000,2376212000,,,,,,150000000.0,1164056000.0,0.037,,-938781000,-1093726000,1356979000,1088712000,,,,,1.0,,49.0,,,1434943000,434313000.0,,3067412000.0,346397000.0,2721877000.0,,430396000.0,2953801000.0,,,,,,,,,0.038,0.0,41536000,,9930000.0,,,4588000.0,,9930000.0,,120003000,700063000,,409603000,28592000.0,390765000.0,,773369000,1,40000,0.0,,0.0,10200000.0,2100000.0,245676000.0,,25535000,1010000000.0,,,,1044000,4099917000.0,2083616000,,0.0,,,,,832000000.0,,5624352000,,,14204717000.0,5143000.0,416457000.0,,,3194199000,53832000,,9200000.0,49.69,122985000.0,,94875000.0,,,,,2042416000,,,,,,25535000.0,,,3378000.0,,6500000000.0,,1650000000.0,14000000.0,207.23,66625000.0,,4855909000,,5362000.0,506000.0,,1359000.0,760000.0,4500000.0,1178000000.0,0.0,89026000.0,112149000,111336000,105400000.0,700063000.0,15146000.0,,,,173554000.0,4800000.0,6935000.0,7222000.0,277000.0,80323000.0,18481000.0,168663000.0,160000.0,-675528000.0,19200000.0,1.01,975106000.0,19322000.0,343062000.0,23100000.0,3699946000.0,1675592000.0,342620000.0,379691000.0,412422000.0,436059000.0,453562000.0,632534000.0,94190000.0,69364000.0,,,,
2023-04-27,False,109568348,,1526540000,12284000,472742000,,,9438000.0,1262775000,,,,,,0.0,200000.0,,8848815000,3458921000,,,,,20291000.0,,,,13328000.0,397700000.0,,,,,,,,,,,,,,,190078000,,190078000.0,-12424000.0,,1.03,,0.008,400000000,177151000,109660000,1417000,,181251000.0,45178000.0,,53000000.0,2129317000.0,,,,,,,,0.0,,,,,,,,,13400000.0,45675000,76450000.0,,,,,,,,,,,,,,,,,,,,,,,,,,,,,97233000,,,,,,,,,,,,,,1.66,1.65,0.21,21507000.0,,,,,,,,2818000.0,33831000.0,,,,,,,,,1631000.0,,,,,,139000,,,,,,1169908000,,,,,231760000.0,,48672000,,1955000,,2621000.0,,,,,,,,128252000,191000,-39243000,,-98796000.0,321115000,272000.0,,-10166000,,736000.0,,253262000.0,12680000,,9274000.0,3030712000,,,58400000.0,6934269000,8848815000,2349700000,,,,,,,1601563000.0,,,125706000,-157684000,19554000,183088000,,,,,1.0,,,,,244440000,,,,313809000.0,2751756000.0,,,2950610000.0,,,,,,,,,,,41253000,,-1837000.0,,,,,-1837000.0,,120969000,183196000,,113447000,21643000.0,,,157943000,1,40000,0.0,,0.0,,,235510000.0,,8623000,747000000.0,,,,259000,,2144769000,,,,,,,310000000.0,,5693993000,,,3299225000.0,,,,,828235000,14514000,,,,,,,,,,,1914546000,,,,,,8623000.0,14514000.0,,866000.0,,6500000000.0,,1450000000.0,,227.67,,,5053077000,197168000.0,,,,,,,1615000000.0,0.0,,110781000,110045000,,197168000.0,12678000.0,,,639564000.0,173554000.0,,6935000.0,7222000.0,277000.0,80323000.0,18481000.0,168663000.0,160000.0,,,,,,,,,,,,,,,,94190000.0,,30800000.0,67491000.0,,
2023-08-10,False,108807868,,1272232000,114194000,464267000,,,10216000.0,1283589000,,,,,,0.0,200000.0,,9032823000,3577274000,,,,,25399000.0,,,,12518000.0,393391000.0,,,,,,,,,,,,,,,620031000,,620031000.0,417529000.0,,1.03,,0.008,400000000,177241000,109058000,1418000,,422012000.0,27031000.0,,76000000.0,2669926000.0,,,,,,,,0.0,,,,,,,,,22500000.0,30916000,59157000.0,,,,,,,,,,,,,,,,,,,,,,,,,,,,,102279000,,,,,,,,,,,,,,3.85,3.83,0.23,66181000.0,,,,,,,,2860000.0,32999000.0,,,,,,,,,2805000.0,,,,,,474000,,,,,,1514769000,,,,,546989000.0,,125755000,,36226000,,,,,,,,,,-126400000,104723000,-26994000,,-56795000.0,-34626000,-11145000.0,,22439000,,615000.0,,267088000.0,12343000,,20462000.0,2660052000,,,60200000.0,6945671000,9032823000,2237464000,,,,,,,1727504000.0,,,-20277000,-344515000,782321000,421234000,,,,,1.0,,,,,559332000,,,,317730000.0,2762877000.0,,,2957792000.0,,,,,,,,,,,45193000,,778000.0,,,,,778000.0,,125670000,157447000,9729000.0,112774000,1479000.0,,,349586000,1,40000,0.0,,0.0,,,297191000.0,,15252000,1767000000.0,,,,761000,,2185476000,,,,,,,1195000000.0,,6002453000,,,4184695000.0,,,,,853158000,15700000,,,,,,,,,,,2087152000,,,,,,6629000.0,15665000.0,,692000.0,,6500000000.0,,1290000000.0,,222.42,,,5210524000,197168000.0,,,,,,,1750000000.0,0.0,,110041000,109426000,,157448000.0,13717000.0,,,,173554000.0,,6935000.0,7746000.0,277000.0,80667000.0,21015000.0,153744000.0,147000.0,,,,,,,,,,,,,,,,94190000.0,,31100000.0,68183000.0,130300000.0,4310000.0
