filing_date,annual,EntityCommonStockSharesOutstanding_shares,EntityPublicFloat_USD,AccountsPayableOtherCurrentAndNoncurrent_USD,AccountsPayableTradeCurrent_USD,AccountsPayableTradeCurrentAndNoncurrent_USD,AccountsReceivableFromSecuritization_USD,AccountsReceivableNetCurrent_USD,AccretionExpense_USD,AccruedIncomeTaxesCurrent_USD,AccumulatedDepreciationDepletionAndAmortizationPropertyPlantAndEquipment_USD,AccumulatedOtherComprehensiveIncomeLossAvailableForSaleSecuritiesAdjustmentNetOfTax_USD,AccumulatedOtherComprehensiveIncomeLossDefinedBenefitPensionAndOtherPostretirementPlansNetOfTax_USD,AccumulatedOtherComprehensiveIncomeLossForeignCurrencyTranslationAdjustmentNetOfTax_USD,AccumulatedOtherComprehensiveIncomeLossNetOfTax_USD,AdditionalPaidInCapital_USD,AdjustmentForAmortization_USD,AdjustmentsToAdditionalPaidInCapitalSharebasedCompensationRequisiteServicePeriodRecognitionValue_USD,AdjustmentToAdditionalPaidInCapitalIncomeTaxEffectFromShareBasedCompensationNet_USD,AmortizationOfFinancingCosts_USD,AmortizationOfIntangibleAssets_USD,AntidilutiveSecuritiesExcludedFromComputationOfEarningsPerShareAmount_shares,Assets_USD,AssetsCurrent_USD,AssetsFairValueDisclosure_USD,AvailableForSaleSecurities_USD,AvailableForSaleSecuritiesAccumulatedGrossUnrealizedGainBeforeTax_USD,AvailableForSaleSecuritiesAccumulatedGrossUnrealizedLossBeforeTax_USD,AvailableForSaleSecuritiesAmortizedCost_USD,AvailableForSaleSecuritiesCurrent_USD,AvailableForSaleSecuritiesDebtMaturitiesAfterOneThroughFiveYearsFairValue_USD,AvailableForSaleSecuritiesDebtMaturitiesWithinOneYearFairValue_USD,AvailableForSaleSecuritiesDebtSecurities_USD,BusinessAcquisitionEquityInterestIssuedOrIssuableValueAssigned_USD,BusinessCombinationContingentConsiderationLiability_USD,BusinessCombinationProvisionalInformationInitialAccountingIncompleteAdjustmentPropertyPlantAndEquipment_USD,CapitalizedComputerSoftwareNet_USD,CashAndCashEquivalentsAtCarryingValue_USD,CashAndCashEquivalentsFairValueDisclosure_USD,CashCashEquivalentsRestrictedCashAndRestrictedCashEquivalents_USD,CashCashEquivalentsRestrictedCashAndRestrictedCashEquivalentsPeriodIncreaseDecreaseIncludingExchangeRateEffect_USD,CashFlowHedgeGainLossToBeReclassifiedWithinTwelveMonths_USD,CommonStockDividendsPerShareCashPaid_USD/shares,CommonStockDividendsPerShareDeclared_USD/shares,CommonStockParOrStatedValuePerShare_EUR/shares,CommonStockParOrStatedValuePerShare_USD/shares,CommonStockSharesAuthorized_shares,CommonStockSharesIssued_shares,CommonStockSharesOutstanding_shares,CommonStockValue_USD,ComprehensiveIncomeNetOfTax_USD,ComprehensiveIncomeNetOfTaxIncludingPortionAttributableToNoncontrollingInterest_USD,CostOfGoodsAndServicesSold_USD,DebtCurrent_USD,DebtInstrumentCarryingAmount_USD,DebtInstrumentFaceAmount_USD,DebtInstrumentUnamortizedDiscount_USD,DebtInstrumentUnamortizedDiscountPremiumAndDebtIssuanceCostsNet_USD,DeferredFinanceCostsNoncurrentGross_USD,DeferredIncomeTaxAssetsNet_USD,DeferredIncomeTaxExpenseBenefit_USD,DeferredIncomeTaxLiabilities_USD,DeferredIncomeTaxLiabilitiesNet_USD,DeferredTaxAssetsGross_USD,DeferredTaxAssetsInventory_USD,DeferredTaxAssetsLiabilitiesNet_USD,DeferredTaxAssetsNet_USD,DeferredTaxAssetsOther_USD,DeferredTaxAssetsTaxCreditCarryforwards_USD,DeferredTaxAssetsTaxDeferredExpenseCompensationAndBenefitsEmployeeBenefits_USD,DeferredTaxAssetsTaxDeferredExpenseReservesAndAccrualsAllowanceForDoubtfulAccounts_USD,DeferredTaxAssetsTaxDeferredExpenseReservesAndAccrualsContingencies_USD,DeferredTaxAssetsValuationAllowance_USD,DeferredTaxLiabilitiesGoodwillAndIntangibleAssetsIntangibleAssets_USD,DeferredTaxLiabilitiesOther_USD,DeferredTaxLiabilitiesPropertyPlantAndEquipment_USD,DeferredTaxLiabilityNotRecognizedAmountOfUnrecognizedDeferredTaxLiabilityUndistributedEarningsOfForeignSubsidiaries_USD,DefinedBenefitPensionPlanLiabilitiesNoncurrent_USD,DefinedBenefitPlanAccumulatedBenefitObligation_USD,DefinedBenefitPlanCurtailments_USD,DefinedBenefitPlanExpectedAmortizationOfGainLossNextFiscalYear_USD,DefinedBenefitPlanExpectedFutureEmployerContributionsRemainderOfFiscalYear_USD,DefinedBenefitPlanExpectedReturnOnPlanAssets_USD,DefinedBenefitPlanFairValueOfPlanAssets_USD,DefinedBenefitPlanHealthCareCostTrendRateAssumedNextFiscalYear_pure,DefinedBenefitPlanInterestCost_USD,DefinedBenefitPlanNetPeriodicBenefitCost_USD,DefinedBenefitPlanRecognizedNetGainLossDueToSettlements1_USD,DefinedBenefitPlanServiceCost_USD,DefinedBenefitPlanUltimateHealthCareCostTrendRate1_pure,DefinedContributionPlanCostRecognized_USD,Depreciation_USD,DepreciationDepletionAndAmortization_USD,DerivativeAssetNotionalAmount_USD,DerivativeFairValueOfDerivativeAsset_USD,DerivativeFairValueOfDerivativeLiability_USD,DerivativeInstrumentsGainLossReclassifiedFromAccumulatedOCIIntoIncomeEffectivePortionNet_USD,DerivativeInstrumentsNotDesignatedAsHedgingInstrumentsGainLossNet_USD,DividendsCommonStockCash_USD,EarningsPerShareBasic_USD/shares,EarningsPerShareBasicAndDiluted_USD/shares,EarningsPerShareDiluted_USD/shares,EffectiveIncomeTaxRateContinuingOperations_pure,EffectiveIncomeTaxRateReconciliationAtFederalStatutoryIncomeTaxRate_pure,EffectiveIncomeTaxRateReconciliationChangeInDeferredTaxAssetsValuationAllowance_pure,EffectiveIncomeTaxRateReconciliationNondeductibleExpense_pure,EffectOfExchangeRateOnCashAndCashEquivalents_USD,EffectOfExchangeRateOnCashCashEquivalentsRestrictedCashAndRestrictedCashEquivalents_USD,EmployeeRelatedLiabilitiesCurrent_USD,FairValueAssetsAndLiabilitiesMeasuredOnRecurringBasisGainLossIncludedInEarnings_USD,FiniteLivedIntangibleAssetsAccumulatedAmortization_USD,FiniteLivedIntangibleAssetsAmortizationExpenseNextTwelveMonths_USD,FiniteLivedIntangibleAssetsAmortizationExpenseRemainderOfFiscalYear_USD,FiniteLivedIntangibleAssetsAmortizationExpenseYearFive_USD,FiniteLivedIntangibleAssetsAmortizationExpenseYearFour_USD,FiniteLivedIntangibleAssetsAmortizationExpenseYearThree_USD,FiniteLivedIntangibleAssetsAmortizationExpenseYearTwo_USD,FiniteLivedIntangibleAssetsGross_USD,FiniteLivedIntangibleAssetsNet_USD,ForeignCurrencyTransactionGainLossBeforeTax_USD,GainLossOnFairValueHedgesRecognizedInEarnings_USD,GainLossRelatedToLitigationSettlement_USD,Goodwill_USD,GoodwillGross_USD,GoodwillImpairedAccumulatedImpairmentLoss_USD,GoodwillTranslationAndPurchaseAccountingAdjustments_USD,GrossProfit_USD,ImpairmentOfIntangibleAssetsIndefinitelivedExcludingGoodwill_USD,IncomeLossFromContinuingOperationsBeforeIncomeTaxesExtraordinaryItemsNoncontrollingInterest_USD,IncomeLossFromEquityMethodInvestments_USD,IncomeTaxExaminationInterestExpense_USD,IncomeTaxExaminationPenaltiesAndInterestAccrued_USD,IncomeTaxExpenseBenefit_USD,IncomeTaxesPaid_USD,IncreaseDecreaseInAccountsPayableTrade_USD,IncreaseDecreaseInAccountsReceivable_USD,IncreaseDecreaseInAccruedIncomeTaxesPayable_USD,IncreaseDecreaseInInventories_USD,IncreaseDecreaseInOperatingCapital_USD,IncreaseDecreaseInOtherOperatingCapitalNet_USD,IncreaseInUnrecognizedTaxBenefitsIsReasonablyPossible_USD,IncrementalCommonSharesAttributableToShareBasedPaymentArrangements_shares,IndefiniteLivedIntangibleAssetsExcludingGoodwill_USD,IntangibleAssetsGrossExcludingGoodwill_USD,IntangibleAssetsNetExcludingGoodwill_USD,InterestExpense_USD,InterestIncomeExpenseNonoperatingNet_USD,InterestIncomeOther_USD,InterestPaid_USD,InterestPaidNet_USD,InterestPayableCurrent_USD,InterestReceivableCurrent_USD,InventoryFinishedGoodsNetOfReserves_USD,InventoryNet_USD,InventoryRawMaterialsNetOfReserves_USD,InventoryValuationReserves_USD,InventoryWorkInProcessNetOfReserves_USD,LesseeOperatingLeaseLiabilityPaymentsDue_USD,LesseeOperatingLeaseLiabilityPaymentsDueAfterYearFive_USD,LesseeOperatingLeaseLiabilityPaymentsDueNextTwelveMonths_USD,LesseeOperatingLeaseLiabilityPaymentsDueYearFive_USD,LesseeOperatingLeaseLiabilityPaymentsDueYearFour_USD,LesseeOperatingLeaseLiabilityPaymentsDueYearThree_USD,LesseeOperatingLeaseLiabilityPaymentsDueYearTwo_USD,Liabilities_USD,LiabilitiesAndStockholdersEquity_USD,LiabilitiesCurrent_USD,LiabilitiesFairValueDisclosure_USD,LiabilitiesOtherThanLongtermDebtNoncurrent_USD,LiabilityForUncertainTaxPositionsNoncurrent_USD,LineOfCreditFacilityCapacityAvailableForSpecificPurposeOtherThanForTradePurchases_USD,LineOfCreditFacilityMaximumBorrowingCapacity_USD,LitigationReserveCurrent_USD,LongTermDebt_USD,LongTermDebtCurrent_USD,LongTermDebtMaturitiesRepaymentsOfPrincipalAfterYearFive_USD,LongTermDebtMaturitiesRepaymentsOfPrincipalInNextTwelveMonths_USD,LongTermDebtMaturitiesRepaymentsOfPrincipalInYearFive_USD,LongTermDebtMaturitiesRepaymentsOfPrincipalInYearFour_USD,LongTermDebtMaturitiesRepaymentsOfPrincipalInYearThree_USD,LongTermDebtMaturitiesRepaymentsOfPrincipalInYearTwo_USD,LongTermDebtNoncurrent_USD,MultiemployerPlansWithdrawalObligation_USD,NetCashProvidedByUsedInFinancingActivities_USD,NetCashProvidedByUsedInInvestingActivities_USD,NetCashProvidedByUsedInOperatingActivities_USD,NetIncomeLoss_USD,NetIncomeLossAvailableToCommonStockholdersBasic_USD,OperatingExpenses_USD,OperatingIncomeLoss_USD,OperatingLeaseLiability_USD,OperatingLeaseLiabilityCurrent_USD,OperatingLeaseLiabilityNoncurrent_USD,OperatingLeaseRightOfUseAsset_USD,OperatingLeasesRentExpenseNet_USD,OperatingLeaseWeightedAverageDiscountRatePercent_pure,OtherAccruedLiabilitiesCurrent_USD,OtherAssetsCurrent_USD,OtherAssetsNoncurrent_USD,OtherComprehensiveIncomeAvailableforsaleSecuritiesAdjustmentBeforeTaxPortionAttributableToParent_USD,OtherComprehensiveIncomeLossAmortizationAdjustmentFromAOCIPensionAndOtherPostretirementBenefitPlansForNetPriorServiceCostCreditBeforeTax_USD,OtherComprehensiveIncomeLossAvailableForSaleSecuritiesAdjustmentBeforeTax_USD,OtherComprehensiveIncomeLossBeforeReclassificationsBeforeTax_USD,OtherComprehensiveIncomeLossBeforeTax_USD,OtherComprehensiveIncomeLossForeignCurrencyTransactionAndTranslationAdjustmentBeforeTax_USD,OtherComprehensiveIncomeLossNetOfTax_USD,OtherComprehensiveIncomeLossPensionAndOtherPostretirementBenefitPlansAdjustmentBeforeTax_USD,OtherComprehensiveIncomeLossTax_USD,OtherComprehensiveIncomeUnrealizedGainLossOnDerivativesArisingDuringPeriodBeforeTax_USD,OtherLiabilitiesCurrent_USD,OtherLiabilitiesNoncurrent_USD,OtherNoncashIncomeExpense_USD,OtherNonoperatingIncomeExpense_USD,OtherReceivablesNetCurrent_USD,OtherSignificantNoncashTransactionValueOfConsiderationGiven1_USD,PaymentForContingentConsiderationLiabilityFinancingActivities_USD,PaymentsForProceedsFromOtherInvestingActivities_USD,PaymentsForProceedsFromShortTermInvestments_USD,PaymentsForRepurchaseOfCommonStock_USD,PaymentsForRestructuring_USD,PaymentsOfDebtIssuanceCosts_USD,PaymentsOfDividends_USD,PaymentsOfFinancingCosts_USD,PaymentsOfMergerRelatedCostsFinancingActivities_USD,PaymentsRelatedToTaxWithholdingForShareBasedCompensation_USD,PaymentsToAcquireBusinessesNetOfCashAcquired_USD,PaymentsToAcquireMarketableSecurities_USD,PaymentsToAcquirePropertyPlantAndEquipment_USD,PaymentsToMinorityShareholders_USD,PrepaidExpenseAndOtherAssetsCurrent_USD,PrepaidExpenseCurrent_USD,ProceedsFromDivestitureOfBusinesses_USD,ProceedsFromIssuanceOfLongTermDebt_USD,ProceedsFromPaymentsForOtherFinancingActivities_USD,ProceedsFromRepaymentsOfRelatedPartyDebt_USD,ProceedsFromRepaymentsOfShortTermDebt_USD,ProceedsFromSaleAndCollectionOfReceivables_USD,ProceedsFromSaleAndMaturityOfMarketableSecurities_USD,ProceedsFromSaleOfOtherProductiveAssets_USD,ProceedsFromSaleOfProductiveAssets_USD,ProceedsFromSaleOfPropertyPlantAndEquipment_USD,ProceedsFromSaleOfSecuritiesOperatingActivities_USD,ProceedsFromStockOptionsExercised_USD,ProfitLoss_USD,PropertyPlantAndEquipmentGross_USD,PropertyPlantAndEquipmentNet_USD,ReceivableFromShareholdersOrAffiliatesForIssuanceOfCapitalStock_USD,ReceivablesNetCurrent_USD,RepaymentsOfLongTermDebt_USD,ResearchAndDevelopmentExpense_USD,RestrictedCashAndCashEquivalentsAtCarryingValue_USD,RestrictedInvestmentsCurrent_USD,RestrictedStockValueSharesIssuedNetOfTaxWithholdings_USD,RestructuringAndRelatedCostExpectedNumberOfPositionsEliminated_agreement,RestructuringAndRelatedCostIncurredCost_USD,RestructuringCharges_USD,RestructuringReserve_USD,RestructuringReserveCurrent_USD,RestructuringReserveNoncurrent_USD,RestructuringReservePeriodIncreaseDecrease_USD,RestructuringReserveTranslationAndOtherAdjustment_USD,RetainedEarningsAccumulatedDeficit_USD,RevenueFromContractWithCustomerExcludingAssessedTax_USD,Revenues_USD,SellingGeneralAndAdministrativeExpense_USD,ShareBasedCompensation_USD,ShareBasedCompensationArrangementByShareBasedPaymentAwardOptionsExercisableNumber_shares,ShareBasedCompensationArrangementByShareBasedPaymentAwardOptionsExercisableWeightedAverageExercisePrice_USD/shares,ShareBasedCompensationArrangementByShareBasedPaymentAwardOptionsForfeituresInPeriod_shares,ShareBasedCompensationArrangementByShareBasedPaymentAwardOptionsGrantsInPeriod_shares,ShareBasedCompensationArrangementByShareBasedPaymentAwardOptionsOutstandingIntrinsicValue_USD,ShareBasedCompensationArrangementByShareBasedPaymentAwardOptionsOutstandingNumber_shares,ShareBasedCompensationArrangementByShareBasedPaymentAwardOptionsOutstandingWeightedAverageExercisePrice_USD/shares,ShareBasedCompensationArrangementByShareBasedPaymentAwardOptionsVestedAndExpectedToVestExercisableAggregateIntrinsicValue_USD,ShareBasedCompensationArrangementByShareBasedPaymentAwardOptionsVestedAndExpectedToVestOutstandingNumber_shares,ShareBasedCompensationArrangementByShareBasedPaymentAwardOptionsVestedAndExpectedToVestOutstandingWeightedAverageExercisePrice_USD/shares,ShareBasedCompensationArrangementsByShareBasedPaymentAwardOptionsExercisesInPeriodWeightedAverageExercisePrice_USD/shares,ShareBasedCompensationArrangementsByShareBasedPaymentAwardOptionsForfeituresInPeriodWeightedAverageExercisePrice_USD/shares,ShareBasedCompensationArrangementsByShareBasedPaymentAwardOptionsGrantsInPeriodWeightedAverageExercisePrice_USD/shares,ShortTermBorrowings_USD,StockholdersEquity_USD,StockholdersEquityIncludingPortionAttributableToNoncontrollingInterest_USD,StockholdersEquityOther_USD,StockIssuedDuringPeriodSharesStockOptionsExercised_shares,StockIssuedDuringPeriodValueAcquisitions_USD,StockIssuedDuringPeriodValueStockOptionsExercised_USD,TradingSecurities_USD,TradingSecuritiesEquity_USD,TreasuryStockSharesAcquired_shares,TreasuryStockValue_USD,TreasuryStockValueAcquiredCostMethod_USD,UnamortizedDebtIssuanceExpense_USD,UnrecognizedTaxBenefits_USD,UnrecognizedTaxBenefitsDecreasesResultingFromPriorPeriodTaxPositions_USD,UnrecognizedTaxBenefitsDecreasesResultingFromSettlementsWithTaxingAuthorities_USD,UnrecognizedTaxBenefitsIncreasesResultingFromAcquisition_USD,UnrecognizedTaxBenefitsIncreasesResultingFromCurrentPeriodTaxPositions_USD,UnrecognizedTaxBenefitsIncreasesResultingFromPriorPeriodTaxPositions_USD,UnrecognizedTaxBenefitsReductionsResultingFromLapseOfApplicableStatuteOfLimitations_USD,UnrecognizedTaxBenefitsThatWouldImpactEffectiveTaxRate_USD,WeightedAverageNumberOfDilutedSharesOutstanding_shares,WeightedAverageNumberOfShareOutstandingBasicAndDiluted_shares,WeightedAverageNumberOfSharesOutstandingBasic_shares,WriteOffOfDeferredDebtIssuanceCost_USD,AvailableForSaleDebtSecuritiesAccumulatedGrossUnrealizedGainBeforeTax_USD,AvailableForSaleDebtSecuritiesAccumulatedGrossUnrealizedLossBeforeTax_USD,AvailableForSaleDebtSecuritiesAmortizedCostBasis_USD,AvailableForSaleSecuritiesDebtSecuritiesCurrent_USD,CashAcquiredFromAcquisition_USD,DeferredTaxAssetsTaxCreditCarryforwardsForeign_USD,DeferredTaxLiabilities_USD,EffectOnFutureCashFlowsAmount_USD,EquitySecuritiesFvNiCurrentAndNoncurrent_USD,GoodwillAcquiredDuringPeriod_USD,LesseeOperatingLeaseLiabilityUndiscountedExcessAmount_USD,OtherComprehensiveIncomeForeignCurrencyTransactionAndTranslationGainLossArisingDuringPeriodNetOfTax_USD,OtherComprehensiveIncomeLossBeforeReclassificationsNetOfTax_USD,OtherComprehensiveIncomeLossReclassificationAdjustmentFromAOCIPensionAndOtherPostretirementBenefitPlansForNetGainLossNetOfTax_USD,PaymentsForRent_USD,StockIssuedDuringPeriodValueNewIssues_USD,TreasuryStockRetiredCostMethodAmount_USD,UnrecognizedTaxBenefitsDecreasesResultingFromAcquisition_USD,AssetsOfDisposalGroupIncludingDiscontinuedOperation_USD,DisposalGroupIncludingDiscontinuedOperationRevenue_USD,GoodwillTransfers_USD,LiabilitiesOfDisposalGroupIncludingDiscontinuedOperation_USD,StockRepurchaseProgramAuthorizedAmount1_USD,DefinedBenefitPlanActuarialGainLoss_USD,ProceedsFromIssuanceOfCommonStock_USD,ProceedsFromSalesOfBusinessAffiliateAndProductiveAssets_USD,StockIssuedDuringPeriodSharesNewIssues_shares,AdjustmentsRelatedToTaxWithholdingForShareBasedCompensation_USD,EffectiveIncomeTaxRateReconciliationGiltiPercent_pure,EffectiveIncomeTaxRateReconciliationNondeductibleExpenseImpairmentLosses_pure,GainLossOnSaleOfBusiness_USD,GoodwillAndIntangibleAssetImpairment_USD,GoodwillImpairmentLoss_USD,LitigationSettlementExpense_USD,LossContingencyPatentsAllegedlyInfringedNumber_agreement,OtherComprehensiveIncomeLossCashFlowHedgeGainLossBeforeReclassificationTax_USD,OtherComprehensiveIncomeLossCashFlowHedgeGainLossReclassificationBeforeTax_USD,OtherComprehensiveIncomeLossDerivativeExcludedComponentIncreaseDecreaseBeforeAdjustmentsTax_USD,ResearchAndDevelopmentExpenseExcludingAcquiredInProcessCost_USD,ResearchAndDevelopmentInProcess_USD,StockIssuedDuringPeriodValueRestrictedStockAwardNetOfForfeitures_USD,AdjustmentsToAdditionalPaidInCapitalOther_USD,DisposalGroupIncludingDiscontinuedOperationIntangibleAssets_USD,OtherComprehensiveIncomeLossBeforeTaxPortionAttributableToParent_USD,SharebasedCompensationArrangementBySharebasedPaymentAwardEquityInstrumentsOtherThanOptionsAggregateIntrinsicValueVested_USD,SharebasedCompensationArrangementBySharebasedPaymentAwardOptionsExercisableIntrinsicValue1_USD,SupplierFinanceProgramObligation_USD,TreasuryStockCommonShares_shares,BusinessAcquisitionProFormaEarningsPerShareBasic_USD/shares,BusinessAcquisitionProFormaEarningsPerShareDiluted_USD/shares,BusinessAcquisitionsProFormaNetIncomeLoss_USD,BusinessAcquisitionsProFormaRevenue_USD,EmployeeServiceShareBasedCompensationTaxBenefitFromCompensationExpense_USD,OtherResearchAndDevelopmentExpense_USD,PaymentsToAcquireInProcessResearchAndDevelopment_USD,ProFormaWeightedAverageSharesOutstandingDiluted_shares,WeightedAverageBasicSharesOutstandingProForma_shares,DisposalGroupIncludingDiscontinuedOperationOtherCurrentLiabilities_USD,DisposalGroupIncludingDiscontinuedOperationDeferredTaxLiabilities_USD,DividendsPayableAmountPerShare_USD/shares,EffectiveIncomeTaxRateReconciliationNondeductibleExpenseRestructuringCharges_pure,IncomeTaxReceivable_USD,StockRepurchasedDuringPeriodShares_shares,StockRepurchasedDuringPeriodValue_USD,TransfersOfFinancialAssetsAccountedForAsSaleInitialFairValueOfAssetsObtainedAsProceeds_USD,UnrecognizedTaxBenefitsDecreasesResultingFromForeignCurrencyTranslation_USD
2020-05-07,True,100,0.0,,,,,,,,,,,,0.0,0.0,,,,,,,0.0,0.0,,,,,,,,,,,,,,,,0.0,0.0,,,,,0.01,1000.0,100.0,100.0,1.0,0.0,,,,,,,,,,,,,,,,,,,,,,,,,,,,,,,,,,,,,,,,,,,,,,,,,0.0,,,,,,,,0.0,,,,,,,,,,,,,,,,,,,,,0.0,,,,0.0,0.0,,,,,0.0,,,,,,,,,,0.0,,,,,,,,,,,,,,,,0.0,0.0,0.0,,,,,,,,,,,,,,,,,0.0,0.0,0.0,0.0,,0.0,,,,,,,,,,,,,,,0.0,,0.0,,0.0,,,,,0.0,,,,,,,,,,,,,,,,,,,,,,,,,,,,,,,,,,1.0,,,,,,,,,,,,,,,0.0,0.0,,,,,,,,,,,,,,,,,,0.0,,,,,,,,,,,,,,,,,,,,,,100.0,,,,,,,,,,,,,,,,,,,,,,,,,,,,,,,,,,,,,,,,,,,,,,,,,,,,,,,,,,,,,,,,,,,
2020-05-12,False,100,,,,,,,,,,,,,0.0,0.0,,,,,,,0.0,0.0,,,,,,,,,,,,,,,,0.0,0.0,,,,,0.01,1000.0,100.0,100.0,1.0,0.0,,,,,,,,,,,,,,,,,,,,,,,,,,,,,,,,,,,,,,,,,,,,,,,,,0.0,,,,,,,,0.0,,,,,,,,,,,,,,,,,,,,,0.0,,,,0.0,0.0,,,,,0.0,,,,,,,,,,0.0,,,,,,,,,,,,,,,,0.0,0.0,0.0,,,,,,,,,,,,,,,,,0.0,0.0,0.0,0.0,,0.0,,,,,,,,,,,,,,,0.0,,0.0,,0.0,,,,,0.0,,,,,,,,,,,,,,,,,,,,,,,,,,,,,,,,,,1.0,,,,,,,,,,,,,,,0.0,0.0,,,,,,,,,,,,,,,,,,0.0,,,,,,,,,,,,,,,,,,,,,,100.0,,,,,,,,,,,,,,,,,,,,,,,,,,,,,,,,,,,,,,,,,,,,,,,,,,,,,,,,,,,,,,,,,,,
2020-08-12,False,100,,,,,,,,,,,,,0.0,-300000.0,,,,200000.0,,,11411800000.0,11411800000.0,,,,,,,,,,,,,,,,0.0,0.0,,,,,0.01,1000.0,100.0,100.0,0.0,-900000.0,,,,,11489500000.0,15300000.0,-104300000.0,89300000.0,,,,,,,,,,,,,,,,,,,,,,,,,,,,,,,,,,,,,,,,,,-9071.0,,,,,,,0.0,,,,,,,,,,,,3900000.0,,,,,,,,,-1200000.0,,,,-300000.0,0.0,,,,,-4900000.0,,,,,,,5300000.0,-5100000.0,200000.0,0.0,,5100000.0,163000.0,,,,,,,,,,,,,11413000000.0,11411800000.0,27800000.0,,,,1500000000.0,4000000000.0,,11385200000.0,,,,,,,,11385200000.0,,11411600000.0,-11411600000.0,0.0,-900000.0,,0.0,,,,,,,,,200000.0,,,,,,0.0,,0.0,,0.0,,27800000.0,,,-1200000.0,,,,,11411600000.0,,,66600000.0,,,,,,,,,,,,11400000000.0,,,,,,,,,,,,,,0.0,,,,,11411600000.0,,,,,,,,,,-900000.0,0.0,,,,,,,,,,,,,,,,,,-1200000.0,,,,,,,,,,,,,,,,,,,,,100.0,,,,,,,,,,,,,,,,,,,,,,,,,,,,,,,,,,,,,,,,,,,,,,,,,,,,,,,,,,,,,,,,,,,,
2020-11-10,False,100,,,,,,,,,,,,,0.0,-31000000.0,,,,3000000.0,,,11413000000.0,11413000000.0,,,,,,,,,,,,,,,,0.0,0.0,,,,,0.01,1000.0,100.0,100.0,0.0,-169000000.0,,,,,11638000000.0,15000000.0,-103000000.0,89000000.0,,-52000000.0,,,,,,,,,,,,,,,,,,,,,,,,,,,,,,,,,,,,,,,,-1689743.0,,,,,,,0.0,,,,,,,,,,,,-148000000.0,,,,,,,,,-221000000.0,,,,-52000000.0,0.0,,,,,-77000000.0,,,,,,,71000000.0,-70000000.0,1000000.0,0.0,,,300000.0,,,,,,,,,,,,,11614000000.0,11413000000.0,79000000.0,,,,1500000000.0,4000000000.0,,11535000000.0,,,,,,,,11535000000.0,,11412000000.0,-11413000000.0,1000000.0,-169000000.0,,0.0,,,,,,,,,300000.0,,,,,,0.0,,0.0,,0.0,,79000000.0,,,-221000000.0,,,,,11413000000.0,,,88000000.0,,,,,,,,,,,,11478000000.0,,21000000.0,,,,,,,,,,,,0.0,,,,,11413000000.0,,,,,,,,,,-170000000.0,0.0,,,,,,,,,,,,,,,,,,-201000000.0,,,,,,,,,,,,,,,,,,,,,100.0,,,,,,,,,,,,,,,,,,,,,,,,,,,,,,,,,,,,,,,,,,,,,,,,,,,,,,,,,,,,,,,,,,,,
2021-03-01,True,1207082624,0.0,558500000.0,1904200000.0,1345700000.0,389400000.0,4843800000.0,11600000.0,288600000.0,2262000000.0,1200000.0,26100000.0,-461500000.0,-858000000.0,18438800000.0,1688200000.0,79200000.0,-6300000.0,,1605800000.0,10300000.0,61553000000.0,12867500000.0,204400000.0,39100000.0,1600000.0,0.0,37500000.0,39100000.0,20900000.0,1900000.0,39100000.0,25000000.0,223600000.0,,70900000.0,844400000.0,900000.0,850000000.0,358800000.0,-9000000.0,,,0.01,0.01,3000000000.0,,,12100000.0,,269300000.0,8149300000.0,2256300000.0,23947000000.0,,,,,2147900000.0,-213200000.0,4197400000.0,3123700000.0,3665200000.0,1187900000.0,975800000.0,3221600000.0,396000000.0,1080400000.0,273000000.0,393700000.0,43500000.0,443600000.0,4058600000.0,22100000.0,50200000.0,3400000000.0,1020400000.0,2040000000.0,0.0,1600000.0,,0.0,1354600000.0,0.067,1500000.0,2300000.0,-200000.0,600000.0,0.045,115500000.0,289700000.0,2216100000.0,750000000.0,118600000.0,103600000.0,,-10100000.0,,-1.11,,-1.11,0.071,0.21,-0.422,0.058,33800000.0,,828200000.0,20400000.0,10801600000.0,2652000000.0,,2198000000.0,2296000000.0,2414000000.0,2578000000.0,40404100000.0,29602500000.0,,,-107800000.0,12347000000.0,12732000000.0,385000000.0,648900000.0,3796700000.0,,-721200000.0,-48400000.0,6000000.0,86700000.0,-51300000.0,324400000.0,-82700000.0,-78700000.0,3600000.0,741900000.0,,-46000000.0,80000000.0,0.0,80700000.0,40484800000.0,29683200000.0,497800000.0,,,,555400000.0,90900000.0,,3075400000.0,5471900000.0,958400000.0,353600000.0,1438100000.0,361900000.0,95100000.0,89900000.0,27700000.0,34600000.0,46600000.0,68000000.0,38598900000.0,61553000000.0,10562900000.0,327200000.0,505800000.0,469500000.0,,,362900000.0,,2308500000.0,14432000000.0,2250000000.0,1361000000.0,2138000000.0,1250000000.0,2516000000.0,22429200000.0,8900000.0,-605700000.0,-301100000.0,1231800000.0,,,4007500000.0,-210800000.0,322400000.0,92900000.0,229500000.0,323600000.0,80700000.0,0.031,1973200000.0,1236100000.0,1047500000.0,,0.0,600000.0,600000.0,912600000.0,1213000000.0,939200000.0,14000000.0,-26600000.0,,4960700000.0,2483100000.0,-366400000.0,-12600000.0,952500000.0,10727500000.0,20000000.0,438200000.0,,0.0,25700000.0,,,2000000.0,48500000.0,7900000.0,-415800000.0,104800000.0,243000000.0,0.0,1707400000.0,267800000.0,20000000.0,983300000.0,-3300000.0,,1099600000.0,153000000.0,47000000.0,,,2100000.0,,600000.0,-669900000.0,5721900000.0,3459900000.0,,3891300000.0,2484200000.0,555100000.0,5600000.0,,600000.0,45000.0,-32900000.0,50500000.0,22800000.0,149200000.0,134800000.0,8100000.0,1700000.0,5361200000.0,11819900000.0,11946000000.0,3344600000.0,79200000.0,5284858.0,38.51,422714.0,814351.0,,6711731.0,35.36,,6532172.0,35.65,21.13,25.74,17.37,1100900000.0,,22954100000.0,,27615.0,10727500000.0,8200000.0,,45800000.0,9800000.0,0.0,0.0,47800000.0,391100000.0,5200000.0,8900000.0,264000000.0,13400000.0,35700000.0,0.0,127100000.0,601200000.0,,601200000.0,0.0,,,,,,,,,,,,,,,,,,,,,,,,,,,,,,,,,,,,,,,,,,,,,,,,,,,,,,,,,,,,,,,,,,
2021-04-30,True,1208643411,0.0,,,,,,,,,,,,,,,,,,,,,,,,,,,,,,,,,,,,,,,,,,,0.01,,,,,,,,,,,,,,,,,,,,,,,,,,,,,,,,,,,,,,,,,,,,,,,,,,,,,,,,,,,,,,,,,,,,,,,,,,,,,,,,,,,,,,,,,,,,,,,,,,,,,,,,,,,,,,,,,,,,,,,,,,,,,,,,,,,,,,,,,,,,,,,,,,,,,,,,,,,,,,,,,,,,,,,,,,,,,,,,,,,,,,,,,,,,,,,,,,,,,,,,,,,,,,,,,,,,,,,,,,,,,,,,,,,,,,,,,,,,,,,,,,,,,,,,,,,,,,,,,,,,,,,,,,,,,,,,,,,,,,,,,,,,,,,,,,,,,,,,,,,,,,,,,,,,,,,,,,,,,,,,,,,,
2021-05-10,False,1208655503,,493500000.0,2043200000.0,1549700000.0,,4529000000.0,2400000.0,752000000.0,2368800000.0,200000.0,-26300000.0,-1182700000.0,-1385600000.0,18464600000.0,767800000.0,32700000.0,-6900000.0,,684400000.0,10900000.0,58979200000.0,12318500000.0,,,,,,,,,,,209200000.0,,,806900000.0,,813100000.0,-36900000.0,11000000.0,,,0.01,,3000000000.0,,,12100000.0,-1565200000.0,,3303000000.0,2255300000.0,23663000000.0,,,,,1997300000.0,288400000.0,,3014600000.0,,,,,,,,,,,,,,,999000000.0,,,,72400000.0,,,,,,,,,,,1422500000.0,,103600000.0,49000000.0,5000000.0,,,-0.86,,-0.86,,,,,,-22200000.0,675900000.0,,11239900000.0,2603000000.0,2001000000.0,,2244000000.0,2337000000.0,2442000000.0,39648800000.0,28408900000.0,,35600000.0,-22900000.0,11907300000.0,12292300000.0,385000000.0,-293100000.0,1127300000.0,83400000.0,-441300000.0,-17900000.0,,,596300000.0,,191900000.0,59800000.0,494600000.0,203400000.0,,354600000.0,,0.0,80700000.0,39729500000.0,28489600000.0,169000000.0,,,,,254600000.0,,2783500000.0,4942200000.0,935300000.0,,1223400000.0,,,,,,,,37564500000.0,58979200000.0,9978100000.0,,508700000.0,466600000.0,,,481900000.0,,2300200000.0,14293000000.0,2250000000.0,1337000000.0,2053000000.0,1250000000.0,2480000000.0,22102200000.0,,-1099800000.0,236300000.0,848800000.0,,-1037600000.0,1393500000.0,-266200000.0,,91900000.0,217200000.0,311400000.0,,,1753200000.0,1591500000.0,1019600000.0,-900000.0,,,,-490600000.0,-721200000.0,-527600000.0,-800000.0,37000000.0,263400000.0,4845800000.0,2469600000.0,-33300000.0,-6100000.0,639400000.0,,,3700000.0,,,50300000.0,,,,26000000.0,7800000.0,-277000000.0,12300000.0,49500000.0,,2040400000.0,259900000.0,,0.0,-2100000.0,,-1063900000.0,114500000.0,12300000.0,,12500000.0,,45000000.0,0.0,,5615700000.0,3246900000.0,,3889600000.0,0.0,184100000.0,6200000.0,,0.0,,151000000.0,313600000.0,376500000.0,217500000.0,154600000.0,,-3200000.0,4323600000.0,4400100000.0,4430300000.0,1186500000.0,32700000.0,5109921.0,39.41,806251.0,,,5905480.0,36.99,,5789718.0,37.28,,23.47,,36900000.0,,21414700000.0,,,,,47500000.0,,,,,46300000.0,,,,,,,,,1207500000.0,,1207500000.0,,,,,,,,,,,,,,,,,,,,,,,,,,,,,,,,,,,,,,,,,,,,,,,,,,,,,,,,,,,,,,,,,,,
2021-08-09,False,1209290460,,480700000.0,1800200000.0,1319500000.0,,4478700000.0,4800000.0,636000000.0,2491700000.0,400000.0,43600000.0,-1022000000.0,-1205000000.0,18489900000.0,681600000.0,31000000.0,-5700000.0,,681600000.0,10000000.0,57984100000.0,11749800000.0,,,,,,,,,,,213800000.0,,,673900000.0,,679100000.0,-170900000.0,5000000.0,,0.11,0.01,0.01,3000000000.0,,,12100000.0,-98600000.0,,3250100000.0,2148400000.0,22387000000.0,,,,,2183700000.0,581600000.0,,3485700000.0,,,,,,,,,,,,,,,912400000.0,,,,70100000.0,,,,,,,,,,,2739600000.0,,90300000.0,40100000.0,2600000.0,,134500000.0,-0.23,,-0.23,,,,,,-13300000.0,663200000.0,,11977600000.0,2616000000.0,1339000000.0,,2257000000.0,2350000000.0,2454000000.0,39761500000.0,27783900000.0,,-14900000.0,-23000000.0,11990400000.0,12375400000.0,385000000.0,-221900000.0,1327700000.0,0.0,-219100000.0,-16700000.0,,,60100000.0,,-53500000.0,114700000.0,-337700000.0,341000000.0,,93500000.0,,0.0,79800000.0,39841300000.0,27863700000.0,167100000.0,,,,,81500000.0,,2390800000.0,4487600000.0,948200000.0,,1148600000.0,,,,,,,,36777200000.0,57984100000.0,10132600000.0,,474300000.0,389300000.0,,,487700000.0,,2184400000.0,14330000000.0,0.0,1343000000.0,2075000000.0,2150000000.0,2489000000.0,20917000000.0,,-1785300000.0,219500000.0,1408200000.0,,-279200000.0,1375500000.0,-47800000.0,,89500000.0,208600000.0,300600000.0,,,1280800000.0,1709600000.0,1025100000.0,200000.0,,,,168400000.0,160700000.0,180600000.0,-72500000.0,-12200000.0,-49200000.0,4211500000.0,2241900000.0,-203500000.0,-4200000.0,598300000.0,,28600000.0,17300000.0,,,76800000.0,,133000000.0,200000.0,,13500000.0,-277000000.0,19500000.0,138800000.0,,2109600000.0,221600000.0,,900100000.0,-3100000.0,,199700000.0,112900000.0,19200000.0,83400000.0,,15500000.0,45000000.0,0.0,,5663100000.0,3171400000.0,,3880400000.0,2250700000.0,147700000.0,5200000.0,,0.0,,80800000.0,251900000.0,498700000.0,372900000.0,126600000.0,,1500000.0,3909900000.0,4561700000.0,4577800000.0,1204800000.0,63700000.0,5053633.0,39.38,938524.0,,0.0,5773207.0,37.09,0.0,5668426.0,37.37,,24.77,,1300500000.0,,21206900000.0,200000.0,,,,49600000.0,,,,,44700000.0,,,,,,,,,1208800000.0,,1208800000.0,,,,,,,,,,,,,,,,,,,,,,,,,,,,,,,,,,,,,,,,,,,,,,,,,,,,,,,,,,,,,,,,,,,
2021-11-08,False,1209393416,,520600000.0,1659600000.0,1139000000.0,,4345500000.0,7000000.0,198000000.0,2483800000.0,300000.0,44900000.0,-1429400000.0,-1471900000.0,18514100000.0,671500000.0,25000000.0,-800000.0,,671500000.0,11400000.0,56070400000.0,11308400000.0,,,,,,,,,,,206900000.0,-5000000.0,,756600000.0,,761700000.0,-88300000.0,15000000.0,0.11,,0.01,0.01,3000000000.0,,,12100000.0,44600000.0,,2962500000.0,1881000000.0,21085000000.0,,,,,1451900000.0,728600000.0,,2918000000.0,,,,,,,,,,,,,,,884900000.0,,,,70100000.0,,,,,,,,,,,3756700000.0,,146500000.0,47100000.0,9100000.0,,134400000.0,0.26,,0.26,,,,,,-20600000.0,712000000.0,,12445200000.0,2592000000.0,661000000.0,,2237000000.0,2335000000.0,2428000000.0,39352400000.0,26907200000.0,,37600000.0,-9400000.0,12169500000.0,12554500000.0,385000000.0,-396100000.0,1574100000.0,0.0,199900000.0,-17600000.0,,,-111600000.0,,-108400000.0,-69100000.0,-675300000.0,351100000.0,,399600000.0,,3300000.0,79800000.0,39432200000.0,26987000000.0,151900000.0,,,,,224100000.0,,2289800000.0,4081900000.0,955700000.0,,836400000.0,,,,,,,,34929100000.0,56070400000.0,10103900000.0,,311000000.0,399400000.0,,,474900000.0,,1908100000.0,14610000000.0,0.0,1329000000.0,2027000000.0,1250000000.0,1869000000.0,19854300000.0,,-2662800000.0,101300000.0,2493800000.0,,311500000.0,1216500000.0,357600000.0,,88900000.0,213700000.0,305900000.0,,,1333600000.0,1652900000.0,1039600000.0,-100000.0,,,,-226500000.0,-407400000.0,-266900000.0,-800000.0,40400000.0,145100000.0,4631300000.0,2052900000.0,-288200000.0,-5800000.0,504000000.0,,28600000.0,28200000.0,,,211000000.0,,266000000.0,6500000.0,,17100000.0,-277000000.0,26300000.0,259800000.0,,2124400000.0,237300000.0,,1710100000.0,-4100000.0,,606100000.0,35200000.0,26000000.0,96500000.0,,16100000.0,45000000.0,0.0,,5597800000.0,3114000000.0,,3841500000.0,4200700000.0,152100000.0,5100000.0,,0.0,,87300000.0,172800000.0,370600000.0,249700000.0,122000000.0,,-2600000.0,4087000000.0,4520500000.0,4536600000.0,1055000000.0,88700000.0,5071319.0,39.19,1002889.0,,0.0,5708842.0,37.14,0.0,5615521.0,37.4,,25.24,,1706900000.0,,21141300000.0,-200000.0,,,,49000000.0,,,,,43700000.0,,,,,,,,,1212600000.0,,1209300000.0,,,,,,,,,,,,,,,,,,,,,,,,,,,,,,,,,,,,,,,,,,,,,,,,,,,,,,,,,,,,,,,,,,,
2022-02-28,True,1209576280,17237737213.0,601300000.0,1657400000.0,1056100000.0,388900000.0,4266400000.0,9000000.0,236900000.0,2400500000.0,0.0,-32200000.0,-1802400000.0,-1744300000.0,18536100000.0,2805000000.0,111200000.0,-13900000.0,,2702200000.0,12700000.0,54842800000.0,10902900000.0,284700000.0,,,,,,19700000.0,1200000.0,38200000.0,,199700000.0,,62300000.0,701200000.0,50900000.0,706200000.0,-143800000.0,21000000.0,0.11,,,0.01,3000000000.0,,,12100000.0,,-2155400000.0,12310800000.0,1860300000.0,20949000000.0,,,,,1332700000.0,675700000.0,3591400000.0,2815000000.0,2889500000.0,187800000.0,,2109100000.0,327800000.0,1256000000.0,271300000.0,425900000.0,94400000.0,780400000.0,3468300000.0,39900000.0,19600000.0,3400000000.0,876400000.0,1860000000.0,3200000.0,,,0.0,1366400000.0,0.057,1500000.0,5500000.0,-200000.0,600000.0,0.045,107400000.0,509500000.0,4506500000.0,750000000.0,144600000.0,61000000.0,,,,-1.05,,-1.05,-0.91,0.21,-1.069,-0.028,-30900000.0,,741900000.0,,12918500000.0,2577000000.0,,2164000000.0,2222000000.0,2320000000.0,2414000000.0,39006200000.0,26087700000.0,,39300000.0,-329200000.0,12113700000.0,12498700000.0,385000000.0,-528900000.0,5575500000.0,,-664400000.0,-61900000.0,18500000.0,96800000.0,604700000.0,641700000.0,-70400000.0,-59300000.0,-699600000.0,427600000.0,,666500000.0,55000000.0,0.0,46500000.0,39052700000.0,26134200000.0,636200000.0,,,,684800000.0,86600000.0,,2062000000.0,3977700000.0,922400000.0,519000000.0,993300000.0,310800000.0,68200000.0,82000000.0,23900000.0,28800000.0,42900000.0,65000000.0,34350100000.0,54842800000.0,9884400000.0,260700000.0,232900000.0,426100000.0,,,715600000.0,,1877500000.0,11940000000.0,1853000000.0,2598000000.0,1318000000.0,1990000000.0,1250000000.0,19717100000.0,5500000.0,-3012000000.0,-117800000.0,3016900000.0,,,5609500000.0,-34000000.0,287600000.0,86700000.0,200900000.0,290800000.0,,0.026,1254600000.0,1467100000.0,1170700000.0,,0.0,-1100000.0,-1100000.0,-775200000.0,,-886300000.0,-73900000.0,111100000.0,,4619600000.0,1933600000.0,-411800000.0,5800000.0,492000000.0,0.0,,52200000.0,,,25700000.0,,,7000000.0,28600000.0,17400000.0,-277000000.0,30200000.0,457200000.0,399000000.0,1957600000.0,256700000.0,96700000.0,1710100000.0,-4900000.0,,392100000.0,29600000.0,29800000.0,,,18300000.0,45000000.0,0.0,-1269100000.0,5589100000.0,3188600000.0,,3774400000.0,4201300000.0,751100000.0,5000000.0,,600000.0,,-32900000.0,50500000.0,22800000.0,233500000.0,64300000.0,-8100000.0,1700000.0,3688800000.0,17813600000.0,17886300000.0,4529200000.0,111200000.0,4969602.0,39.21,1135241.0,814351.0,,5576490.0,37.19,,5487788.0,37.45,21.13,26.39,17.37,1493000000.0,,20492700000.0,,27615.0,10727500000.0,8200000.0,,,,,,42300000.0,322900000.0,9100000.0,47300000.0,264000000.0,0.0,0.0,7000000.0,230200000.0,1208800000.0,,1208800000.0,,100000.0,0.0,38100000.0,38200000.0,415800000.0,230300000.0,1482300000.0,900000000.0,51000000.0,2107500000.0,23200000.0,-1340900000.0,479000000.0,26600000.0,97600000.0,0.0,0.0,4800000.0,,,,,,,,,,,,,,,,,,,,,,,,,,,,,,,,,,,,,,,,,,,,,,,,
2022-04-29,True,1212301241,17237737213.0,,,,,,,,,,,,,,,,,,,,,,,,,,,,,,,,,,,,,,,,,,,0.01,,,,,,,,,,,,,,,,,,,,,,,,,,,,,,,,,,,,,,,,,,,,,,,,,,,,,,,,,,,,,,,,,,,,,,,,,,,,,,,,,,,,,,,,,,,,,,,,,,,,,,,,,,,,,,,,,,,,,,,,,,,,,,,,,,,,,,,,,,,,,,,,,,,,,,,,,,,,,,,,,,,,,,,,,,,,,,,,,,,,,,,,,,,,,,,,,,,,,,,,,,,,,,,,,,,,,,,,,,,,,,,,,,,,,,,,,,,,,,,,,,,,,,,,,,,,,,,,,,,,,,,,,,,,,,,,,,,,,,,,,,,,,,,,,,,,,,,,,,,,,,,,,,,,,,,,,,,,,,,,,,,,
2022-05-09,False,1212326908,,571200000.0,1499600000.0,928400000.0,,4093900000.0,1900000.0,177800000.0,1942300000.0,-1300000.0,29400000.0,-2271600000.0,-2061000000.0,18555100000.0,648100000.0,28300000.0,-9300000.0,,648100000.0,15500000.0,53466900000.0,11744300000.0,,,,,,,,,,,198400000.0,,,752400000.0,,757400000.0,51200000.0,22000000.0,0.12,,0.01,,3000000000.0,,,12100000.0,82500000.0,,2420500000.0,2595400000.0,20753000000.0,,,,,1285800000.0,-52800000.0,,2729500000.0,,,,,,,,,,,,,,,861300000.0,,,,52000000.0,,,,,,,,,,,736000000.0,,202800000.0,98900000.0,13100000.0,,,0.33,,0.33,,,,,,-11400000.0,567100000.0,,13344600000.0,2392000000.0,1916000000.0,,2141000000.0,2198000000.0,2295000000.0,38550700000.0,25206100000.0,,21700000.0,-6200000.0,10978800000.0,11363800000.0,385000000.0,-181900000.0,1771200000.0,0.0,527500000.0,100000.0,,,128300000.0,,-30200000.0,115500000.0,67000000.0,69100000.0,,-132700000.0,,2600000.0,45700000.0,38596400000.0,25251800000.0,146200000.0,,,,,228800000.0,,2161700000.0,3797300000.0,868100000.0,,767500000.0,,,,,,,,33019200000.0,53466900000.0,9642900000.0,,238200000.0,429500000.0,,,694900000.0,,2606100000.0,11854000000.0,1830000000.0,2579000000.0,1303000000.0,1937000000.0,1250000000.0,18762500000.0,,-1009000000.0,-66900000.0,1138500000.0,,399200000.0,1063800000.0,707400000.0,,89900000.0,191700000.0,281700000.0,,,1388600000.0,1208100000.0,1056000000.0,-1700000.0,,,,-272000000.0,-469200000.0,-316700000.0,2600000.0,44700000.0,,4426300000.0,1884300000.0,-37800000.0,-33700000.0,537000000.0,,,7400000.0,,,83800000.0,,,400000.0,15500000.0,9900000.0,0.0,8600000.0,64500000.0,145100000.0,1763600000.0,268100000.0,,100000.0,-200000.0,,-837900000.0,55100000.0,8500000.0,,5100000.0,,45000000.0,,,5092500000.0,3150200000.0,,3556900000.0,100000.0,142300000.0,5000000.0,,0.0,,4200000.0,16800000.0,223300000.0,171800000.0,51400000.0,,-2200000.0,3941500000.0,4178200000.0,4191700000.0,915300000.0,28300000.0,4831333.0,39.19,450161.0,,,5126329.0,38.04,,5077897.0,38.21,,27.54,,655400000.0,,20447700000.0,,,,,48000000.0,,,,,39900000.0,,,,,,,,,1213100000.0,,1210500000.0,,,,,,,,,,,,,,165100000.0,,,,,,1337100000.0,169100000.0,-953000000.0,277700000.0,1000000000.0,,,,,,,,,,,,,,,,,,,,,,,,,,,,,,,,,,,,,,,,,,,
2022-08-08,False,1212580940,,619400000.0,1670100000.0,1050700000.0,,3736200000.0,3700000.0,125700000.0,1957500000.0,-2100000.0,30100000.0,-3421500000.0,-2899200000.0,18585700000.0,634100000.0,29400000.0,500000.0,,634100000.0,9800000.0,51125100000.0,11176500000.0,,,,,,,,,,,181000000.0,,,664700000.0,,669400000.0,-36800000.0,37000000.0,0.12,0.12,0.01,,3000000000.0,,,12100000.0,-524300000.0,,2413500000.0,758600000.0,19387000000.0,,,,,1243200000.0,-157600000.0,,2617900000.0,,,,,,,,,,,,,,,832600000.0,,,,52000000.0,,,,,,,,,,,1458300000.0,,201100000.0,101900000.0,27000000.0,,,0.26,,0.26,,,,,,-40200000.0,541000000.0,,13440900000.0,2341000000.0,1250000000.0,,2098000000.0,2151000000.0,2247000000.0,37498200000.0,24057300000.0,,53100000.0,-10900000.0,10523000000.0,10908000000.0,385000000.0,-653800000.0,1703300000.0,0.0,389300000.0,0.0,,,75400000.0,,254500000.0,142300000.0,17800000.0,270100000.0,,4200000.0,,4800000.0,43800000.0,37542000000.0,24101100000.0,145900000.0,,,,,75700000.0,,1985600000.0,3612500000.0,805200000.0,,821700000.0,,,,,,,,31319700000.0,51125100000.0,7681200000.0,,219700000.0,411300000.0,,,676300000.0,,768200000.0,11688000000.0,0.0,3340000000.0,1274000000.0,1835000000.0,1250000000.0,19206400000.0,,-1788600000.0,-149000000.0,1941000000.0,,313900000.0,1154600000.0,548700000.0,,83400000.0,192200000.0,275100000.0,,,1205000000.0,1145400000.0,997400000.0,-1000000.0,,,,-748400000.0,-1149900000.0,-838200000.0,-500000.0,89800000.0,,3812400000.0,1814200000.0,-3800000.0,-13500000.0,553300000.0,,0.0,13000000.0,,,39200000.0,,,1300000.0,18900000.0,13200000.0,0.0,13200000.0,148400000.0,290600000.0,1697700000.0,274000000.0,,795400000.0,-200000.0,,-473500000.0,41900000.0,12800000.0,,,12800000.0,45000000.0,,,5041400000.0,3083900000.0,,3182900000.0,1787000000.0,162600000.0,4700000.0,,0.0,,3900000.0,9800000.0,186300000.0,136300000.0,51200000.0,,-3700000.0,4106800000.0,4105400000.0,4116800000.0,981100000.0,57700000.0,4518196.0,39.43,782735.0,,,4793755.0,38.25,,4748296.0,38.43,,30.69,,1019700000.0,,19805400000.0,,,,,41700000.0,,,,,38500000.0,,,,,,,,,1217100000.0,,1212300000.0,,,,,,,,,,,,,,330900000.0,,,700000.0,,,1465400000.0,166900000.0,-936900000.0,285100000.0,1000000000.0,-100000.0,700000.0,0.0,59682.0,,,,,,,,,,,,,,,,,,,,,,,,,,,,,,,,,,,,,,,
2022-11-07,False,1212684598,,519300000.0,1310500000.0,791200000.0,,3333900000.0,5400000.0,106700000.0,1979600000.0,-2700000.0,29200000.0,-4584500000.0,-3759100000.0,18616800000.0,615900000.0,29100000.0,,,615900000.0,14700000.0,48662600000.0,10487800000.0,,,,,,,,,,,163300000.0,,,646700000.0,,650400000.0,-55800000.0,53000000.0,0.12,0.12,0.01,,3000000000.0,,,12100000.0,-505600000.0,,2329800000.0,755000000.0,18924000000.0,,,,,1104000000.0,-179500000.0,,2489300000.0,,,,,,,,,,,,,,,805800000.0,,,,52000000.0,,,,,,,,,,,2157800000.0,,256800000.0,157300000.0,31000000.0,,,0.29,,0.29,,,,,,-54500000.0,631900000.0,,13479800000.0,2280000000.0,609000000.0,,2049000000.0,2097000000.0,2190000000.0,36450600000.0,22970800000.0,,-82700000.0,3900000.0,10054600000.0,10439600000.0,385000000.0,-1147300000.0,1748400000.0,0.0,427500000.0,0.0,,,73200000.0,,-75400000.0,-98900000.0,29500000.0,439600000.0,,134800000.0,,5600000.0,42500000.0,36493100000.0,23013300000.0,153200000.0,,,,,210200000.0,,1774000000.0,3380400000.0,781800000.0,,824600000.0,,,,,,,,29480300000.0,48662600000.0,6521400000.0,,220300000.0,396100000.0,,,397400000.0,,763800000.0,11493000000.0,0.0,3226000000.0,1240000000.0,1715000000.0,1250000000.0,18724500000.0,,-2547300000.0,-264000000.0,2810000000.0,,354300000.0,1188300000.0,560100000.0,,85200000.0,179300000.0,264200000.0,,,1001400000.0,1132200000.0,963900000.0,-800000.0,,,,-772600000.0,-1163000000.0,-859900000.0,1200000.0,87300000.0,,3504700000.0,1745100000.0,-193000000.0,20600000.0,504100000.0,,0.0,24800000.0,,,27700000.0,,,1600000.0,18900000.0,13400000.0,0.0,23300000.0,252300000.0,436100000.0,1700400000.0,237100000.0,,1875500000.0,-600000.0,,-992800000.0,42100000.0,23000000.0,,,13400000.0,45000000.0,,,5018600000.0,3039000000.0,,2829800000.0,2961900000.0,174900000.0,3700000.0,,0.0,,11100000.0,14900000.0,159100000.0,109100000.0,51000000.0,,-3300000.0,4312500000.0,4067400000.0,4078200000.0,1017300000.0,86800000.0,4340604.0,39.57,987134.0,,,4589356.0,38.44,,4547686.0,38.62,,31.37,,500400000.0,,19182300000.0,,,,,39800000.0,,,,,37100000.0,,,,,,,,,1218100000.0,,1212500000.0,,,,,,,,,,,,,,327300000.0,,,1800000.0,,,1426400000.0,185300000.0,-911800000.0,335300000.0,1000000000.0,,2500000.0,0.0,174805.0,200000.0,,,,,,,,,,,,,,,,,,,,,,,,,,,,,,,,,,,,,,
2023-02-27,True,1196813959,12662127991.0,608600000.0,1766600000.0,1158000000.0,474900000.0,3814500000.0,8200000.0,279600000.0,2059300000.0,-2300000.0,-268500000.0,-3385900000.0,-2761200000.0,18645800000.0,2678100000.0,116400000.0,,,2504600000.0,11800000.0,50022200000.0,10635400000.0,,,,,,,18400000.0,1000000.0,35300000.0,,375000000.0,,121500000.0,1259900000.0,,1262500000.0,556300000.0,-8000000.0,0.48,,,0.01,3000000000.0,,,12100000.0,,1061700000.0,9765700000.0,1250500000.0,18714000000.0,,,,,925900000.0,-25900000.0,3144600000.0,2432000000.0,2025500000.0,159300000.0,,1638500000.0,209300000.0,760300000.0,129600000.0,446200000.0,20500000.0,387000000.0,2880300000.0,151500000.0,56600000.0,2600000000.0,544600000.0,1310000000.0,0.0,,,0.0,1067100000.0,0.063,1400000.0,2900000.0,-300000.0,1200000.0,0.04,111500000.0,349500000.0,3027600000.0,,134700000.0,187000000.0,,,591800000.0,1.71,,1.71,0.261,0.21,,-0.067,,-38900000.0,746800000.0,,14923600000.0,2322000000.0,,1871000000.0,2083000000.0,2136000000.0,2230000000.0,37490500000.0,22566900000.0,,,-4400000.0,10425800000.0,,,-651200000.0,6497000000.0,,2813200000.0,0.0,21100000.0,106400000.0,734600000.0,735200000.0,170200000.0,240300000.0,25300000.0,259500000.0,,618300000.0,55000000.0,5300000.0,40200000.0,37530700000.0,22607100000.0,592400000.0,,,,642500000.0,80200000.0,,2192600000.0,3519500000.0,571500000.0,484800000.0,755400000.0,284000000.0,52300000.0,76400000.0,23100000.0,30200000.0,38600000.0,63400000.0,28949900000.0,50022200000.0,6746200000.0,,244900000.0,414600000.0,,,297200000.0,,1259100000.0,10091000000.0,1250000000.0,1660000000.0,2555000000.0,1285000000.0,1873000000.0,18015200000.0,,-3877900000.0,1520500000.0,2952600000.0,,,4882100000.0,1614900000.0,262000000.0,80600000.0,181400000.0,259300000.0,,0.03,978100000.0,1404000000.0,2403500000.0,,0.0,-2800000.0,-2800000.0,-884000000.0,,-1016900000.0,-279100000.0,132900000.0,,3440900000.0,1756500000.0,-434300000.0,1790700000.0,570700000.0,0.0,,37000000.0,,,25700000.0,,,1900000.0,18900000.0,17300000.0,0.0,30200000.0,406000000.0,581600000.0,1811200000.0,194600000.0,1950000000.0,1875600000.0,18600000.0,,-1493200000.0,34700000.0,29900000.0,,,13800000.0,45000000.0,0.0,2078600000.0,5083800000.0,3024500000.0,,3243800000.0,3662500000.0,,2600000.0,,,,-32900000.0,50500000.0,22800000.0,95300000.0,60400000.0,,1700000.0,5175600000.0,16218100000.0,16262700000.0,4179100000.0,116400000.0,4216884.0,39.65,1126848.0,814351.0,,4449642.0,38.53,,4411052.0,38.7,21.13,31.91,17.37,0.0,,21072300000.0,,27615.0,3300000.0,600000.0,,,,,,35100000.0,296700000.0,5800000.0,400000.0,264000000.0,8200000.0,1000000.0,1900000.0,210700000.0,1217400000.0,,1212100000.0,,0.0,2700000.0,38000000.0,35300000.0,415800000.0,196100000.0,1506100000.0,900000000.0,42600000.0,,22000000.0,-1583500000.0,390800000.0,,90900000.0,0.0,0.0,27300000.0,230300000.0,,-919700000.0,22500000.0,1000000000.0,,3300000.0,,,11600000.0,0.02,0.065,1754100000.0,385000000.0,117000000.0,5000000.0,6.0,-82100000.0,84700000.0,0.0,662200000.0,36400000.0,1600000.0,,,,,,,,,,,,,,,,,,,,,,,,,
2023-04-28,True,1199008181,12662127991.0,,,,,,,,,,,,,,,,,,,,,,,,,,,,,,,,,,,,,,,,,,,0.01,,,,,,,,,,,,,,,,,,,,,,,,,,,,,,,,,,,,,,,,,,,,,,,,,,,,,,,,,,,,,,,,,,,,,,,,,,,,,,,,,,,,,,,,,,,,,,,,,,,,,,,,,,,,,,,,,,,,,,,,,,,,,,,,,,,,,,,,,,,,,,,,,,,,,,,,,,,,,,,,,,,,,,,,,,,,,,,,,,,,,,,,,,,,,,,,,,,,,,,,,,,,,,,,,,,,,,,,,,,,,,,,,,,,,,,,,,,,,,,,,,,,,,,,,,,,,,,,,,,,,,,,,,,,,,,,,,,,,,,,,,,,,,,,,,,,,,,,,,,,,,,,,,,,,,,,,,,,,,,,,,,,
2023-05-08,False,1199029984,,542100000.0,1957500000.0,1415400000.0,,3497500000.0,5700000.0,244500000.0,2137300000.0,-1600000.0,269300000.0,-3340600000.0,-2764600000.0,18679600000.0,635300000.0,42600000.0,,,603300000.0,13900000.0,49290200000.0,9630300000.0,,,,,,,,,,,372500000.0,,,506600000.0,,510700000.0,-751800000.0,-14000000.0,0.12,,0.01,,3000000000.0,,,12200000.0,221300000.0,,2186900000.0,500100000.0,18029000000.0,,,,,959100000.0,-26700000.0,,2465000000.0,,,,,,,,,,,,,,,542100000.0,,,,51300000.0,,,,,,,,,,,730000000.0,,92500000.0,98500000.0,,,147800000.0,0.19,,0.19,,,,,,1200000.0,617700000.0,,15604600000.0,2274000000.0,1772000000.0,,1912000000.0,2124000000.0,2179000000.0,37975100000.0,22370500000.0,,,-600000.0,10573200000.0,,,52100000.0,1542200000.0,32000000.0,322700000.0,0.0,,,98000000.0,,183400000.0,-215000000.0,-53900000.0,151100000.0,,224800000.0,,3100000.0,331100000.0,38306200000.0,22701600000.0,147000000.0,,,,,214000000.0,,2299500000.0,3664300000.0,667400000.0,,697400000.0,,,,,,,,28362300000.0,49290200000.0,6108100000.0,,221400000.0,418000000.0,,,288800000.0,,508700000.0,10118000000.0,500000000.0,1671000000.0,2551000000.0,1292000000.0,1897000000.0,18069400000.0,,-974700000.0,-749500000.0,971200000.0,,224700000.0,1142400000.0,399800000.0,,83500000.0,173200000.0,253800000.0,,,866700000.0,1350400000.0,2418200000.0,,,900000.0,,,45300000.0,-3400000.0,-1300000.0,-12500000.0,,3192800000.0,1719800000.0,-29600000.0,69900000.0,475600000.0,,,34700000.0,,250000000.0,27600000.0,,,0.0,8400000.0,30000000.0,667700000.0,9000000.0,47800000.0,143800000.0,1763600000.0,239700000.0,,0.0,11800000.0,,204600000.0,76300000.0,9000000.0,,700000.0,,45000000.0,,,5145100000.0,3007800000.0,,3021900000.0,750100000.0,182900000.0,4100000.0,,3700000.0,,3800000.0,9700000.0,136100000.0,74600000.0,58000000.0,,300000.0,5252500000.0,3719100000.0,3729100000.0,958900000.0,42600000.0,4185316.0,38.98,242165.0,283361.0,,4485613.0,37.01,,4452279.0,37.2,5.27,31.3,7.68,204600000.0,,20927900000.0,,5225.0,,,45000000.0,,21200000.0,251800000.0,251800000.0,33900000.0,,,,,,,,,1205600000.0,,1202500000.0,,,,,,,,,,,95300000.0,,,-41700000.0,,,900000.0,,,,,,32100000.0,1000000000.0,,900000.0,,,19400000.0,,,,,,,,,7700000.0,,,,,6100000.0,198300000.0,-15900000.0,600000.0,100000.0,33400000.0,21239521.0,,,,,,,,,,,,,,,,,,
2023-08-07,False,1199532495,,652400000.0,1962000000.0,1309600000.0,,3607300000.0,11500000.0,158100000.0,2063000000.0,-1300000.0,264500000.0,-3594700000.0,-3005600000.0,18719400000.0,591200000.0,39200000.0,,,591200000.0,24200000.0,48695200000.0,9778000000.0,,,,,,,,,,,379100000.0,,,629200000.0,,631400000.0,-631100000.0,4000000.0,0.12,,0.01,,3000000000.0,,,12200000.0,23000000.0,,2310000000.0,1325600000.0,18040000000.0,,,,,966000000.0,-94900000.0,,2407800000.0,,,,,,,,,,,,,,,530500000.0,,,,51300000.0,,,,,,,,,,,1416700000.0,,94600000.0,98700000.0,,,147400000.0,0.22,,0.22,,,,,,-12900000.0,672000000.0,,16176700000.0,2271000000.0,1182000000.0,,1909000000.0,2121000000.0,2177000000.0,37929800000.0,21753100000.0,,,11000000.0,10532500000.0,,,11400000.0,1608600000.0,0.0,333000000.0,,,,69000000.0,,192700000.0,-69200000.0,-22100000.0,266500000.0,,416100000.0,,4500000.0,331300000.0,38261100000.0,22084400000.0,143700000.0,,,,,64200000.0,,2091800000.0,3641500000.0,417500000.0,,1132200000.0,,,,,,,,27851900000.0,48695200000.0,6523800000.0,,208000000.0,393100000.0,,,252100000.0,,1334400000.0,10132000000.0,500000000.0,1677000000.0,2527000000.0,1295000000.0,1909000000.0,17246000000.0,,-1278200000.0,-826100000.0,1486100000.0,,264000000.0,1239400000.0,369200000.0,,85300000.0,166900000.0,250400000.0,,,871100000.0,1177700000.0,2351100000.0,,,200000.0,,,-254100000.0,-241000000.0,6800000.0,4300000.0,,3046100000.0,1674300000.0,-42900000.0,107500000.0,483600000.0,,,55900000.0,,250000000.0,24100000.0,,,0.0,8400000.0,30000000.0,667700000.0,16600000.0,115600000.0,287700000.0,1725100000.0,205800000.0,,0.0,32900000.0,,23100000.0,188200000.0,16600000.0,,,13100000.0,45000000.0,,,5046200000.0,2983200000.0,,3123700000.0,750100000.0,208300000.0,2200000.0,,100000.0,,77300000.0,74000000.0,108700000.0,47200000.0,60400000.0,,0.0,5369100000.0,3909500000.0,3918600000.0,1031900000.0,81800000.0,4151296.0,38.72,335798.0,283361.0,,4388080.0,37.15,,4361367.0,37.31,5.67,31.42,7.68,23200000.0,,20843300000.0,,9125.0,,,46700000.0,,21200000.0,251800000.0,251800000.0,32600000.0,,,,,,,,,1217100000.0,,1212300000.0,,,,,,,,,,,95300000.0,,,21400000.0,,,800000.0,,,,,,11600000.0,1000000000.0,,1700000.0,,,300000.0,,,,,,,,,6700000.0,,,,,6100000.0,174900000.0,-236700000.0,600000.0,200000.0,33400000.0,21239521.0,0.23,0.22,270600000.0,4121500000.0,500000.0,10200000.0,10200000.0,1203500000.0,1199000000.0,,,,,,,,,
2023-11-08,False,1199671000,,770600000.0,1989100000.0,1218500000.0,,3738500000.0,17100000.0,206900000.0,2110500000.0,-2500000.0,260500000.0,-3945500000.0,-3208500000.0,18760700000.0,584000000.0,43100000.0,,,584000000.0,12200000.0,48742600000.0,10932000000.0,,,,,,,,,,,371100000.0,,,1309600000.0,,1311800000.0,49300000.0,11000000.0,0.12,,0.01,,3000000000.0,,,12200000.0,128700000.0,,2250600000.0,1298700000.0,17860000000.0,,,,,930400000.0,-179900000.0,,2319000000.0,,,,,,,,,,,,,,,520500000.0,,,,51300000.0,,,,,,,,,,,2096100000.0,,174700000.0,49200000.0,,,147700000.0,0.28,,0.27,,,,,,-15200000.0,771600000.0,,16481900000.0,2223000000.0,573000000.0,,1882000000.0,2094000000.0,2149000000.0,37442800000.0,20960900000.0,,,26100000.0,10278100000.0,,,-177100000.0,1691300000.0,0.0,402200000.0,,,,70600000.0,,236300000.0,2800000.0,-29600000.0,485700000.0,,152700000.0,,8100000.0,319600000.0,37762400000.0,21280500000.0,141500000.0,,,,,206500000.0,,1898600000.0,3671900000.0,742400000.0,,1030900000.0,,,,,,,,27877000000.0,48742600000.0,6834000000.0,,212000000.0,382100000.0,,,205500000.0,,1307400000.0,10064000000.0,500000000.0,1649000000.0,2518000000.0,1279000000.0,1850000000.0,17076900000.0,,-1375800000.0,-879900000.0,2320200000.0,,331600000.0,1239600000.0,451700000.0,,88400000.0,160500000.0,247700000.0,,,917200000.0,1195400000.0,2395000000.0,,,-1300000.0,,,-350800000.0,-202900000.0,4900000.0,41500000.0,,3316200000.0,1647100000.0,52100000.0,92000000.0,507500000.0,,,62100000.0,,250000000.0,18400000.0,,,300000.0,8400000.0,32600000.0,667700000.0,20900000.0,211500000.0,431600000.0,1784700000.0,166900000.0,,0.0,104200000.0,,200000.0,21300000.0,20900000.0,48000000.0,,13400000.0,45000000.0,,,5037100000.0,2926600000.0,,3231000000.0,750100000.0,211200000.0,2200000.0,,0.0,,6300000.0,14900000.0,98300000.0,38100000.0,60300000.0,,-600000.0,5553000000.0,3933900000.0,3941900000.0,1053500000.0,124900000.0,4113738.0,38.57,435617.0,283361.0,,4280676.0,37.43,,4261465.0,37.55,5.77,30.53,7.68,100000.0,,20865600000.0,,16710.0,,,45100000.0,,21200000.0,251800000.0,251800000.0,31400000.0,,,,,,,,,1216100000.0,,1211800000.0,,,,,,,,,,,95300000.0,,,,,,700000.0,,,427300000.0,,-65900000.0,14300000.0,1000000000.0,,2500000.0,,,2500000.0,,,,,,,,,,,,,,6100000.0,,-161400000.0,500000.0,300000.0,33400000.0,21239521.0,0.28,0.28,338300000.0,4083800000.0,200000.0,1000000.0,1000000.0,1207600000.0,1199500000.0,59100000.0,,,,,,,,
2024-02-28,True,1187569149,11936712582.0,556800000.0,1938200000.0,1381400000.0,564500000.0,3700400000.0,22700000.0,226800000.0,2010700000.0,-1200000.0,-271400000.0,-3246700000.0,-2747400000.0,18814700000.0,2349100000.0,180700000.0,,,2317100000.0,16400000.0,47685500000.0,12976100000.0,,,,,,,19600000.0,1000000.0,37000000.0,,215100000.0,,167200000.0,991900000.0,,993600000.0,-268900000.0,-21000000.0,0.48,0.12,,0.01,3000000000.0,,,12200000.0,,68500000.0,8988300000.0,1934700000.0,17614000000.0,,,,,692900000.0,-387100000.0,2777900000.0,1735700000.0,2156500000.0,143800000.0,,1735100000.0,326100000.0,758200000.0,148700000.0,413700000.0,32200000.0,421400000.0,2506200000.0,166400000.0,54000000.0,1180000000.0,504300000.0,1360000000.0,0.0,,,0.0,1109400000.0,0.069,2600000.0,6200000.0,-200000.0,3400000.0,0.04,129300000.0,362100000.0,2740500000.0,,106200000.0,124600000.0,,,590600000.0,0.05,,0.05,0.73,0.21,,0.112,,-2500000.0,844500000.0,,15316400000.0,2314000000.0,,1859000000.0,2102000000.0,2183000000.0,2235000000.0,34178100000.0,18861700000.0,,,-111600000.0,9867100000.0,,,115400000.0,6438600000.0,,202900000.0,0.0,15400000.0,115700000.0,148200000.0,570900000.0,314700000.0,-78600000.0,-76700000.0,613300000.0,,414600000.0,40000000.0,6600000.0,319400000.0,34497500000.0,19181100000.0,573100000.0,,,,611600000.0,66800000.0,,2135900000.0,3469700000.0,731700000.0,479300000.0,602100000.0,270700000.0,39500000.0,79300000.0,17300000.0,30400000.0,41500000.0,62700000.0,27218100000.0,47685500000.0,7777400000.0,,249700000.0,399300000.0,,,244000000.0,,1943400000.0,8580000000.0,1932000000.0,1578000000.0,1688000000.0,2534000000.0,1302000000.0,16188100000.0,,-2301900000.0,-764100000.0,2799600000.0,,,5672400000.0,766200000.0,248400000.0,83000000.0,165400000.0,245600000.0,,0.033,898400000.0,271000000.0,2208700000.0,,0.0,1500000.0,1500000.0,-42600000.0,,13800000.0,18700000.0,-56400000.0,,3393900000.0,1516900000.0,-595400000.0,9800000.0,876600000.0,,,97500000.0,,250000000.0,,,,500000.0,8400000.0,38200000.0,667700000.0,26300000.0,377000000.0,575600000.0,2028100000.0,155900000.0,364100000.0,300000.0,-173000000.0,,300000.0,30800000.0,26300000.0,,,14000000.0,45000000.0,,54700000.0,4770300000.0,2759600000.0,,2823800000.0,1250200000.0,,1700000.0,,,,,,,36400000.0,59200000.0,,,4639700000.0,15388400000.0,15426900000.0,4650100000.0,180700000.0,4014981.0,38.42,547213.0,283361.0,,4159333.0,37.41,,4141672.0,37.53,5.65,32.63,7.68,,,20467400000.0,,26457.0,3100000.0,,,,,251800000.0,251800000.0,29500000.0,272800000.0,4600000.0,2100000.0,,0.0,3000000.0,13000000.0,191400000.0,1208800000.0,,1208800000.0,,0.0,800000.0,37800000.0,37000000.0,,150800000.0,1042800000.0,,49300000.0,95900000.0,22300000.0,139200000.0,,,87600000.0,,,0.0,2786000000.0,,-189000000.0,275100000.0,1000000000.0,,3100000.0,,,26100000.0,0.694,0.608,-239900000.0,,581000000.0,,,58100000.0,,,805200000.0,,5200000.0,6100000.0,,,600000.0,300000.0,65100000.0,,0.08,0.08,93800000.0,16283400000.0,,105500000.0,,1206900000.0,1200300000.0,,77200000.0,0.12,-0.74,340200000.0,21200000.0,250000000.0,415700000.0,7200000.0
